rgn,ita,title,author,poem_id
“Parchè ch’un suzida piò!”.,“Perché non succeda più!”.,Gli uomini,amici,amici__0
"Quant volti ch’a l’avèm sintida,",Quante volte l’abbiamo sentita:,Gli uomini,amici,amici__0
l’è una fresa ch’la s dis sèmpar:,è una frase che si dice sempre.,Gli uomini,amici,amici__0
"giurnél, TV, internet.","Giornali, TV, Internet,",Gli uomini,amici,amici__0
"Gueri dimpartot,","guerre dappertutto,",Gli uomini,amici,amici__0
l’avidità dj’oman,l’avidità degli uomini,Gli uomini,amici,amici__0
la s porta a e’ disastar.,ci porta al disastro.,Gli uomini,amici,amici__0
"Trócval, dulor, morta.","Macerie dovunque, dolore, morte.",Gli uomini,amici,amici__0
E quaicadun us fa sgnór!,E qualcuno diventa più ricco.,Gli uomini,amici,amici__0
E’ svuit,Il vuoto,Gli uomini,amici,amici__0
"T ci zovan t’é la murosa, la t lasa","Sei giovane, hai la morosa, ti lascia",Gli uomini,amici,amici__0
"un svuit, un dulor","un vuoto, un dolore",Gli uomini,amici,amici__0
t'al rimpes cun un’eta.,lo riempi con un'altra.,Gli uomini,amici,amici__0
"T’at spus, la moj lat lasa","Ti sposi, la moglie ti lascia",Gli uomini,amici,amici__0
un svuit un dulor,"un vuoto, un dolore",Gli uomini,amici,amici__0
t’al rimpes cun un’eta.,lo riempi con un'altra.,Gli uomini,amici,amici__0
U t lasa la ma,Ti lascia la madre,Gli uomini,amici,amici__0
t’a n’e’ rimpes cun un’eta,non lo riempi con un'altra,Gli uomini,amici,amici__0
u j armenza i ricurd,rimangono i ricordi,Gli uomini,amici,amici__0
T ci néda tra al do gueri,Sei nata fra le due guerre,Donna d'altri tempi (alla mamma),amici,amici__1
"Da zovna, tra gnint e poch ad tot",da giovane fra niente e poco di tutto,Donna d'altri tempi (alla mamma),amici,amici__1
"T’at ci spuseda, te avù di fiul","Ti sei sposata, hai avuto figli",Donna d'altri tempi (alla mamma),amici,amici__1
"Poch rispet, coma tot al doni",poco rispetto come tutte le donne,Donna d'altri tempi (alla mamma),amici,amici__1
L’andeva acsé l’era chi timp,"Andava così, erano quei tempi",Donna d'altri tempi (alla mamma),amici,amici__1
"T ci guanteda nòna, t’é carsù i tu anvudin","Sei diventata nonna, hai cresciuto i tuoi nipotini",Donna d'altri tempi (alla mamma),amici,amici__1
"T’at ci fata in quatar,",ti sei fatta in quattro,Donna d'altri tempi (alla mamma),amici,amici__1
al pió dal volti t’an gn’infruntiva,il più delle volte non ci azzeccavi,Donna d'altri tempi (alla mamma),amici,amici__1
ades che la candela la s morta,adesso che la candela si spegne,Donna d'altri tempi (alla mamma),amici,amici__1
t’an vu staché la spena,non vuoi staccare la spina,Donna d'altri tempi (alla mamma),amici,amici__1
e incora patimint!,e ancora patimenti!,Donna d'altri tempi (alla mamma),amici,amici__1
Ogni de’ ch’pasa,Ogni giorno che passa,La mano armata,amici,amici__2
u i n’è sèmpar ona dal nòvi:,ce n’è sempre una nuova:,La mano armata,amici,amici__2
"A t’voi ben, t’ci la mi vita,","Ti voglio bene, sei la mia vita,",La mano armata,amici,amici__2
t’è da stê’ sèmpar cun me.,devi stare sempre con me.,La mano armata,amici,amici__2
Cma farebia senza te?,Come farei senza di te?,La mano armata,amici,amici__2
Cma faresat senza me?,come faresti senza di me?,La mano armata,amici,amici__2
E a l’impruviša la men la s’êlza,E all’improvviso la mano si alza,La mano armata,amici,amici__2
l’è un’êrma ad môrta.,è un’arma di morte.,La mano armata,amici,amici__2
E e’ su amor l’è stëš par tëra,E il suo amore è steso a terra,La mano armata,amici,amici__2
int una poza ad sângv.,in una pozza di sangue.,La mano armata,amici,amici__2
E il cièma… amór!,E lo chiamano … amore.,La mano armata,amici,amici__2
Mi fiôl l’è pröpi e mi,Mio figlio è proprio il mio,I figli,baccarini,baccarini__0
parché a j’ho dê l’ânma,perché gli ho dato l’anima,I figli,baccarini,baccarini__0
e’ côr e tot l’amór,il cuore e tutto l’amore,I figli,baccarini,baccarini__0
ch’e’ pö avé dentr’un bab,che può aver dentro un padre.,I figli,baccarini,baccarini__0
"Mo nenca s’ l’è e’ mi, u n’è e’ mi","Anche se è il mio, non è il mio",I figli,baccarini,baccarini__0
"parchè a pêrt crèsal, parparêi la ​strê",perché a parte crescerlo e preparargli la strada,I figli,baccarini,baccarini__0
dêj di cunsèi parchè u n fëga di šbëli,dargli consigli perché non faccia errori,I figli,baccarini,baccarini__0
"lò l’è lò e e’ su temp, l’è e’ su temp","lui è lui e il suo tempo, è il suo tempo",I figli,baccarini,baccarini__0
la su vita l’è la sòva e la su strê,"la sua vita è la sua, e la sua strada",I figli,baccarini,baccarini__0
l’è la su strê,è la sua strada,I figli,baccarini,baccarini__0
e me a pös sól stê’ a guardêl!,ed io posso solo restare a guardare,I figli,baccarini,baccarini__0
parchè a n sò bon d ‘lasêt,Perché non sono capace di lasciarti,La corda,baccarini,baccarini__1
andê veja da l a mi tësta,andar via dalla mia testa,La corda,baccarini,baccarini__1
e acsè nenca te da la tu…,"e così tu, dalla tua…",La corda,baccarini,baccarini__1
parchè e’ tu pinsir u m’acumpâgna e l’armësta,perché il tuo pensiero mi accompagna e rimane,La corda,baccarini,baccarini__1
parchè sta côrda che la m liga a te,perché sta corda che mi lega a te,La corda,baccarini,baccarini__1
la m ten imparšunê,mi tiene imprigionato,La corda,baccarini,baccarini__1
e un pô a la vôlta la m’impèca.,e un po’ alla volta mi impicca.,La corda,baccarini,baccarini__1
Cumpâgn a l’acva int e’ fiom,Come l’acqua nel fiume,Corrente,baccarini,baccarini__2
ch’la pasa žo e la n pö arturnê a la suržent,Che passa giù e non può tornare alla sorgente,Corrente,baccarini,baccarini__2
acsè un dè t a t’n’adé che insen cun l’acva,Così un giorno ti accorgi che insieme all’acqua,Corrente,baccarini,baccarini__2
e’ sta pasènd la tu vita…,sta passando la tua vita,Corrente,baccarini,baccarini__2
e alóra t’at bot žo a tësta basa,e allora ti butti giù a testa bassa,Corrente,baccarini,baccarini__2
par zarchê d realizê i tu pruget,per cercar di realizzare i tuoi progetti,Corrente,baccarini,baccarini__2
prèma che e’ seja tröp têrd…,prima che sia troppo tardi,Corrente,baccarini,baccarini__2
e dal vôlt l’è tröp têrd!,e delle volte è troppo tardi!,Corrente,baccarini,baccarini__2
Šghitê,Zigzagare,Corrente,baccarini,baccarini__2
A j’ò campê šghinlènd veja da i pinsir,Ho vissuto sfuggedo via dai pensieri,Corrente,baccarini,baccarini__2
curènd int la fadiga,correndo nella fatica,Corrente,baccarini,baccarini__2
e int la fadiga i pinsir i n’um zarchéva,e nella fatica i pensieri non mi cercavano,Corrente,baccarini,baccarini__2
i n truvéva e’ pöst e e’ temp par instichês…,non trovavano il posto per infilarsi…,Corrente,baccarini,baccarini__2
E pu l’ariva e’ dè che t’ fines d còrar e ta t’afirum.,E poi arriva il giorno che finisci di correre e ti fermi.,Corrente,baccarini,baccarini__2
I pinsir i m’ha truvê e a n s’éra pront…,I pensieri mi hanno trovato e non ero pronto…,Corrente,baccarini,baccarini__2
A n s’éra pront mo adës,Non ero pronto ma adesso,Corrente,baccarini,baccarini__2
u m toca d guardêj int la faza,mi tocca di guardarli in faccia,Corrente,baccarini,baccarini__2
"I m’è chéuer dri rugénd, e mè a n capéva","Mi sono corsi dietro urlando, e io non capivo,",La corsa,baldini,baldini__0
"a n so s’i avéss la s-ciòpa, mo i curtéll, ò vést al lèmi léus sòtta i lampiéun.","non so se avessero il fucile, ma i coltelli, ho visto le lame luccicare sotto i lampioni.",La corsa,baldini,baldini__0
"Andéva cmè un chèn brach e lòu tótt dri,","Andavo come un bracco e loro tutti dietro,",La corsa,baldini,baldini__0
"ò travarsè la piaza,","ho attraversato la piazza,",La corsa,baldini,baldini__0
"pu a m so bótt te Baròun,","poi mi sono buttato nel Baròun,",La corsa,baldini,baldini__0
"mo dop la pòumpa a so tòuran pr’e’ Ciód e a m so infilé ti pórtich fina Tiglio dal smanzài,","ma dopo la fontanella sono tornato per il Ciód e mi sono infilato sotto i portici fino ad Attilio delle granaglie,",La corsa,baldini,baldini__0
"ò imbòcch e’ lavadéur, ò pas la Méura,","ho imboccato il lavatoio, ho passato la Mura,",La corsa,baldini,baldini__0
"da la Zóppa a so vnù so ma la Costa, pu tla Bósca,","dalla Zóppa sono venuto giù alla Costa, poi nella Bosca,",La corsa,baldini,baldini__0
"a so sèlt dréinta un curtéil, ò fat du rèm ad schèli,","sono saltato dentro un cortile, ho fatto due rami di scale,",La corsa,baldini,baldini__0
"a so vnù fura vsina la Messèni,","sono venuto fuori vicino alla Massani,",La corsa,baldini,baldini__0
"a so chéurs vérs la Roca,","sono corso verso la Rocca,",La corsa,baldini,baldini__0
"me crusèri ò ciap d’inzò vérs e’ Pòzz Lòngh,","all’incrocio ho preso in giù verso il Pozzo Lungo,",La corsa,baldini,baldini__0
"e ò vést davènti mè tri quatar ch’i curéva e i s guardéva di dri, i m guardéa mu mè.","e ho visto davanti a me tre o quattro che correvano e guardavano indietro, mi guardavano a me.",La corsa,baldini,baldini__0
"Te préim a n’ò capéi, a i vléa di quèl,","Sul momento non ho capito, volevo dire qualcosa,",La corsa,baldini,baldini__0
"mo a n mu n so tróv la vòusa, a n’arivéva a ‘rscód e’ fiè.","ma non mi sono trovato la voce, non arrivavo a tirare il fiato.",La corsa,baldini,baldini__0
"Però mè u m pèr ch’i séa quéi ‘d préima, quéi ch’i m déva dri mu mè,","Però a me mi pare che siano quelli di prima, quelli che inseguivano me,",La corsa,baldini,baldini__0
"éune’ va un puchìn zòp, un èlt l’à un brètt ch’a m l’arcórd,","uno va un pochino zoppo, un altro ha un berretto che me lo ricordo,",La corsa,baldini,baldini__0
"mo i córr véa, i n sta a sintéi,","ma corrono via, non stanno a sentire,",La corsa,baldini,baldini__0
"e’ pèr ch’i apa paéura, e mè a i dagh dri,","pare che abbiano paura, e io li inseguo,",La corsa,baldini,baldini__0
"ò paéura ènca mè, mo cm’òi da fè?","ho paura anch’io, ma come devo fare?",La corsa,baldini,baldini__0
"a m putrébb farmè què, e se pua m sbai?","potrei fermarmi, e se poi mi sbaglio?",La corsa,baldini,baldini__0
s’a m férm e quéi di dri i m’è madòs?,se mi fermo e quelli dietro mi sono addosso?,La corsa,baldini,baldini__0
"E pu basta, a m so stóff,","E poi basta, mi sono stufato,",Basta!,baldini,baldini__1
"l’è tótt i dè cumpàgn, u n s nu n po’ piò.","è tutti i giorni uguale, non se ne può più.",Basta!,baldini,baldini__1
A m ví fè crèss i bafi!,Mi voglio far crescere i baffi!,Basta!,baldini,baldini__1
"Che pu u m suzéd da rèd, e u n sint niseun, tla cambra schéura, ad sòtta, tra i pan spórch, a céud la pórta, e a rógg.","Che poi mi succede di rado, e non sente nessuno, nella camera cieca, di sotto, tra i panni sporchi, chiudo la porta, e urlo.",La camera cieca,baldini,baldini__2
Dop a stagh mèi.,Dopo sto meglio.,La camera cieca,baldini,baldini__2
Parchè a stagh zétt?,Perché sto zitto?,Suo padre,baldini,baldini__3
"t vu ch’a n’e’ vègga che e’ mi Driano u s’ asarméa mi Panartéun? ch’ l’è Ferruccio spudéd, zò, ch’ l’è e’ su fiùl?","vuoi che non veda che il mio Adriano somiglia ai Panartéun? che è Ferruccio sputato, dai, che è suo figlio?",Suo padre,baldini,baldini__3
e alòura cs’òi da fè?,e allora cosa devo fare?,Suo padre,baldini,baldini__3
"amazè la su mà, ch’ la à quarentòt an e ch’i i è ‘ndè tla testa,","ammazzare sua madre, che ha quarantotto anni e le sono andati in testa,",Suo padre,baldini,baldini__3
"e la nòta la n dórma,","e la notte non dorme,",Suo padre,baldini,baldini__3
"e’ dè u i vén i caldéun, la s zcórda al robi,","il giorno le vengono le caldane, si dimentica le cose,",Suo padre,baldini,baldini__3
"la piànz par gnént, cs’èll, a la ciap pr’e’ còl,","piange per niente, cosa faccio, la prendo per il collo,",Suo padre,baldini,baldini__3
"a rógg, a i déggh ch’ la è stèda una putèna?","urlo, le dico che è stata una puttana?",Suo padre,baldini,baldini__3
e mè? cs’èll ch’a so stè?,e io? cosa sono stato?,Suo padre,baldini,baldini__3
E dop a i e’ déggh ènca ma Driano?,E dopo lo dico anche ad Adriano?,Suo padre,baldini,baldini__3
"e cmè ch’a i déggh? che l’è e’ mi fiùl, però mè a n so e’ su bà?","e come gli dico? che è mio figlio, però io non sono suo padre?",Suo padre,baldini,baldini__3
mo léu csa i éintral?,ma lui cosa c’entra?,Suo padre,baldini,baldini__3
"ch’u m vó un bén che mai,","che mi vuole un bene,",Suo padre,baldini,baldini__3
"u s cunféida, u m dí tótt,","si confida, mi dice tutto,",Suo padre,baldini,baldini__3
"pu l’è ligar, l’à vòia ‘d lavurè,","poi è allegro, ha voglia di lavorare,",Suo padre,baldini,baldini__3
"l’è piò ligar ch’ né mè, e mènch zucòun, mènch parmalòus,","è più allegro di me, e meno testone, meno permaloso,",Suo padre,baldini,baldini__3
"l’è par quèll che i su améigh i i vó bén tótt, e ènca se lavòur,","è per questo che i suoi amici gli vogliono tutti bene, e anche sul lavoro,",Suo padre,baldini,baldini__3
"mo cum s fal no vlí bén me mi Driano, sa chi ócc ch’u n m’à mai détt una buséa,","ma come si fa a non voler bene al mio Adriano, con quegli occhi che non m’ha mai detto una bugia,",Suo padre,baldini,baldini__3
"però mégga indurmént, al robi u li capéss, e’ fa di zchéurs ch’a n’i faz gnénca mè ch’a so e’ su bà.","però mica addormentato, le cose le capisce, fa dei discorsi che non li faccio nemmeno io che sono suo padre.",Suo padre,baldini,baldini__3
"Mètt ch’e’ vénga la féin de mònd, admèn, pasdmèn, e a murémm tótt,","Metti che venga la fine del mondo, domani, dopodomani, e moriamo tutti,",Metti,baldini,baldini__4
"mètt che la tèra la s’infràida, la s sfrangla, ch’ la s’ardéusa un purbiòun, ch’ la pérda tl’aria, e la léuna l’istèss,","metti che la terra s’infradici, si sbricioli, che si riduca un polverone, che si perda nell’aria, e la luna lo stesso,",Metti,baldini,baldini__4
"u s smórta e’ sòul, al stèli,","si spegne il sole, le stelle,",Metti,baldini,baldini__4
"e’ vén un schéur,","viene un buio,",Metti,baldini,baldini__4
"u n gn’è piò gnént, e at tótt che schéur e’ témpl’andrà ancòura avènti?","non c’è più niente, e in tutto quel buio il tempo andrà ancora avanti?",Metti,baldini,baldini__4
da par léu?,da solo?,Metti,baldini,baldini__4
E do ch’ l’andrà?,e dove andrà?,Metti,baldini,baldini__4
"La tòurna d’ogni tènt, par la su mà,","Torna ogni tanto, per sua madre,",Bella,baldini,baldini__5
"la sta póch, du tri dè, la n scapa mai,","sta poco, due tre giorni, non esce mai,",Bella,baldini,baldini__5
mè pu a so sèmpra fura.,io poi sono sempre fuori.,Bella,baldini,baldini__5
"A la ò incòuntra par chès, tla farmacéa,","L’ho incontrata per caso, in farmacia,",Bella,baldini,baldini__5
"«Mo da quant’èll ch’a n s’avdémm?»,","«Ma quant’è che non ci vediamo?»,",Bella,baldini,baldini__5
"la m’è pèrsa piò znina,","mi è sembrata più piccola,",Bella,baldini,baldini__5
"«T’è i cavéll chéurt», ch’ la i éva lóngh, sal spali,","«Hai i capelli corti», che li aveva lunghi, sulle spalle,",Bella,baldini,baldini__5
la à céus i ócc: «Ta t’arcórd di mi cavéll?».,ha chiuso gli occhi: «Ti ricordi dei miei capelli?».,Bella,baldini,baldini__5
Vinicio u i éva fat una pasiòun.,Vinicio ci aveva fatto una passione.,Bella,baldini,baldini__5
E li gnént. Sa chi ócc véird e e’ maiòun zal.,E lei niente. Con quegli occhi verdi e il maglione giallo.,Bella,baldini,baldini__5
"U i era ènca andè dri Lele Guarnieri,","Le aveva fatto la corte anche Lele Guarnieri,",Bella,baldini,baldini__5
e la dmènga l’avnéva da Ceséina a balè un biònd s’una Giulietta sprint.,e la domenica veniva da Cesena a ballare un biondo con una Giulietta sprint.,Bella,baldini,baldini__5
"Mè, la era tròpa bèla, a n m’arisghéva.","Io, era troppo bella, non m’arrischiavo.",Bella,baldini,baldini__5
"Dop a la ò cumpagnèda fina chèsa,","Dopo l’ho accompagnata fino a casa,",Bella,baldini,baldini__5
"la à vért, ò détt: «Cs’èll ch’avrébb paghè ‘lòura par no purtè i ucèl!»,","ha aperto, ho detto: «Cosa avrei pagato allora per non portare gli occhiali!»,",Bella,baldini,baldini__5
"la à ridéu: «A s’avdémm fr’agli èlt vint’an»,","ha riso: «Ci vediamo fra altri vent’anni»,",Bella,baldini,baldini__5
"pu da e’ purtòun custèd, préima da céud, la m’à guèrs: «Ta m piasévi»,","poi dal portone accostato, prima di chiudere, m’ha guardato: «Mi piacevi»,",Bella,baldini,baldini__5
"senza réid, «Quanti nòti a t ‘ò insugné!».","senza ridere, «quante notti t’ho sognato!».",Bella,baldini,baldini__5
"E par la strèda u s’è nuvlé, a San Bèrtal!","E per la strada s’è annuvolato, a San Bartolo",Bagnato,baldini,baldini__6
"L’à tach a pióv, pedèla po’,","Ha cominciato a piovere, pedala pure,",Bagnato,baldini,baldini__6
"i calzéun, ch’a n gn’éva péns, sl’untómm, ma la cadéina, a m séra sasiné,","i calzoni, che non ci avevo pensato, con l’unto, alla catena, mi ero rovinato,",Bagnato,baldini,baldini__6
"e mòl pléin, i cavéll, a la sintéva culè zò ma la còppa, e la caméisa sla pèla, giaza,","e mollo fradicio, i capelli, la sentivo colar giù alla nuca, e la camicia sulla pelle, ghiaccia,",Bagnato,baldini,baldini__6
"me Pòzz Lòngh a so smòunt, andéva so a testa basa, agrapèd me manubrio, tra ‘l piscòlli, e una mèlta,","al Pozzo Lungo sono sceso, andavo su a testa bassa, aggrappato al manubrio, tra le pozzanghere, e un fango,",Bagnato,baldini,baldini__6
mo butèi un pó ‘d brèssa d’ogni tènt!,ma buttateci un po’ di ghiaia ogni tanto!,Bagnato,baldini,baldini__6
"a biastméva, ò alzè i ócc, e ò vést se grèpp dla Nina ad Scòcia, sòtta l’acqua, al stèva alè arguglèdi, dal pigri, tl’érba, férmi, cmè di sas.","bestemmiavo, ho alzato gli occhi, e ho visto sul greppo della Nina di Scòcia, sotto l’acqua, stavano lí accoccolate, delle pecore, nell’erba, ferme, come dei sassi.",Bagnato,baldini,baldini__6
"Amo i brótt, ènca mè a séra póch bèl,","E be’, sai, i brutti, anch’io ero poco bello,",Brutto,baldini,baldini__7
"però pu si an, ch’l’avrébb da ès pézz, invìci, l’arvén, dabón,","però poi con gli anni, che dovrebbe essere peggio, invece, cambi in meglio, davvero,",Brutto,baldini,baldini__7
mè a m so ènca inamurè.,io mi sono anche innamorato.,Brutto,baldini,baldini__7
"Vintitrí an, carina, inamurèda,","Ventitre anni, carina, innamorata,",1948,baldini,baldini__8
"mo i sóvv i n vléva, e’ su bà dal scenèdi, par dal stmèni, di méis, ‘na guèra,","ma i suoi non volevano, suo padre delle scenate, per settimane, mesi, una guerra,",1948,baldini,baldini__8
"li sèmpra piò inamurèda,","lei sempre più innamorata,",1948,baldini,baldini__8
"e l’altresàira la è ‘ndè a lèt prèst, la s’è céusa tla cambra,","e l’altra sera è andata a letto presto, si è chiusa in camera,",1948,baldini,baldini__8
e la matéina la n s’è svéggia piò.,e la mattina non s’è svegliata più.,1948,baldini,baldini__8
"Che amzès u n va bén, u n s po’,","Che uccidersi non va bene, non si può,",1948,baldini,baldini__8
"però sta burdèla, adè, cm’e’ farà e’ Signòur a mandèla a l’inféran?","però ’sta bambina, adesso, come farà il Signore a mandarla all’inferno?",1948,baldini,baldini__8
"La mèstra ad Sant’Armàid dal vólti, e’ dopmezdè, la s céud tla cambra e la zènd una Giubek.","La maestra di Sant’Ermete delle volte, il pomeriggio, si chiude in camera e accende una Giubek.",1938,baldini,baldini__2__0
La n fómma.,Non fuma.,1938,baldini,baldini__2__0
Stuglèda sòura e’ lèt la guèrda ch’la s cumsómma.,Sdraiata sul letto la guarda consumarsi.,1938,baldini,baldini__2__0
U i pis l’udòur.,Le piace l’odore.,1938,baldini,baldini__2__0
Dal vólti u i vén da pianz.,Delle volte le viene da piangere.,1938,baldini,baldini__2__0
"La taiéva dal rósi,","Tagliava delle rose,",Rose,baldini,baldini__2__1
"“Al sarà bèli? sta zala l’è un spetècal, sint che udòur”, tótt da par li,","“Saranno belle? questa gialla è uno spettacolo, senti che profumo”, tutto da sola,",Rose,baldini,baldini__2__1
"mè a paséva d’alè,","io passavo di lì,",Rose,baldini,baldini__2__1
"“Sint che roba, Secondo“, “E’ sarà rósi”,","”Senti che roba, Secondo”, “Saranno rose”,",Rose,baldini,baldini__2__1
"“Mo sint!”, “Orca, però”,","”Ma senti!”, “Orca, però”",Rose,baldini,baldini__2__1
"ch’a m séra zcórd, mè, l’era di an,","che mi ero dimenticato, io, erano anni,",Rose,baldini,baldini__2__1
"“Sta zètta”,","“Sta’ zitta”,",Rose,baldini,baldini__2__1
"cmé un insógni l’è stè, a séra burdèl,","come un sogno è stato, ero bambino,",Rose,baldini,baldini__2__1
"u i era e’ vént, a curéva, e l’erba stàisa cmè la sàida,","c’era il vento, correvo, e l’erba stesa come la seta,",Rose,baldini,baldini__2__1
"pu gnént, l’è pas, un lèmp,","poi niente è passato, un lampo,",Rose,baldini,baldini__2__1
"téira pò sò, si ócc céus, gnénca l’udòur, piò gnént,","tira pur su, con gli occhi chiusi, neanche il profumo, più niente,",Rose,baldini,baldini__2__1
"“Alè, pataca, a m so furè”.","“Bravo coglione, mi sono punto”.",Rose,baldini,baldini__2__1
"L’è stè una sàira ad lói, sla léuna zala,","È stato una sera di luglio, con la luna gialla,",Il bagno di notte,baldini,baldini__2__2
"a sérmi me Pasègg, u s’è vnú vòia d’andè a fè e’ bagn.","eravamo al Passeggio, c’è venuta voglia d’andare a fare il bagno.",Il bagno di notte,baldini,baldini__2__2
"Mez’òura dop a pasémmi zà al sbari dia staziòun vècia,","Mezz’ora dopo passavamo già le sbarre della stazione vecchia,",Il bagno di notte,baldini,baldini__2__2
"a pedalémmi da zétt framèza i gréll, fintènt che un bòtal l’à travarsè la strèda ma la Lidia","pedalavamo zitti in mezzo ai grilli, finché un rospo ha attraversato la strada alla Lidia",Il bagno di notte,baldini,baldini__2__2
e li la à fat un rógg che m’una chèsa ad cuntadéin i à zais la luce.,e lei ha fatto un urlo che a una casa di contadini hanno acceso la luce.,Il bagno di notte,baldini,baldini__2__2
"A sémm pas par la Tòrra, pu a Burdòuncia, e da ‘lè drétt fina Castelabèt, dvò ch’u n gn’era niseun.","Siamo passati per la Torre, poi a Bordonchio, a da lì dritto sino a Castellabate, dove non c’era nessuno.",Il bagno di notte,baldini,baldini__2__2
"Al biciclètti agli è sguilé tla sabia si pedèl pr’aria,","Le biciclette sono scivolate nella sabbia con i pedali in aria,",Il bagno di notte,baldini,baldini__2__2
"l’aqua la era granda, lócida e nira cmè ch’e’ fóss catràm,","l’acqua era grande, lucida e nera come fosse catrame;",Il bagno di notte,baldini,baldini__2__2
"agli òndi al s’arugléva pièn, t’un susórr, e al s’arivéva tévdi fina i pi.","le onde rotolavano piano, in un sussurro, e ci arrivavano tiepide fino ai piedi.",Il bagno di notte,baldini,baldini__2__2
"Dop a s sémm sparguiè tra i tamaréisgh e al béusi par spuiès,","Dopo ci siamo sparsi fra i tamerischi e le buche per spogliarci,",Il bagno di notte,baldini,baldini__2__2
"u i è viú póch, Ghigo l’à fat un fés-ci","c’è voluto poco, Ghigo ha fatto un fischio",Il bagno di notte,baldini,baldini__2__2
"e l’è stè tott un córr,","ed è stato tutto un correre,",Il bagno di notte,baldini,baldini__2__2
"mo me léun ‘d léuna mè u m’è pèrs d’avdài, e i la à vésta ènca ch’ilt, e a s sémm férm a guardèla cumè di bucaléun, la Daria ch’ la curéva totta néuda,","ma al lume della luna a me m’è parso di vedere, e l’hanno vista anche gli altri, e ci siamo fermati a guardarla come dei boccaloni, la Daria che correva tutta nuda,",Il bagno di notte,baldini,baldini__2__2
"la pareva una mata,","pareva una matta,",Il bagno di notte,baldini,baldini__2__2
"la s’è pasa te mèz e la n s’avdéva, ènca parchè la era senza ucèl,","c’è passata in mezzo e non ci vedeva, anche perché era senza occhiali,",Il bagno di notte,baldini,baldini__2__2
"mo u n gn’impurtéva gnént,","ma non le importava niente,",Il bagno di notte,baldini,baldini__2__2
"la è éintra tl’aqua t’una tempesta ad squézz,","è entrata nell’acqua in una tempesta di spruzzi,",Il bagno di notte,baldini,baldini__2__2
"la à chéurs ancòura, pu la s’è ‘rvolta indrì,","ha corso ancora, poi s’è voltata indietro,",Il bagno di notte,baldini,baldini__2__2
la à fat un sègn sal mèni,ha fatto un segno con le mani,Il bagno di notte,baldini,baldini__2__2
"e la rideva, neun a s sémm mèss a réid ènca neun,","e rideva, ci siamo messi a ridere anche noi,",Il bagno di notte,baldini,baldini__2__2
"mo a stémmi sempra alè,","ma stavamo sempre lì,",Il bagno di notte,baldini,baldini__2__2
"e li ormai la nudéva,","e lei ormai nuotava,",Il bagno di notte,baldini,baldini__2__2
"la andéva fórt,","andava forte,",Il bagno di notte,baldini,baldini__2__2
la era bèla piò in là dia prima fosa.,era già oltre la prima fossa.,Il bagno di notte,baldini,baldini__2__2
"Quèll che sa i mórt, e i n dì gnènt, i sa tótt, ènch’ quant t si ‘d chèsa, da par tè, la nòta, pórti, finestri céusi","Quel che sanno i morti, e non dicono niente, sanno tutto, anche quando sei a casa, da solo, la notte, porte, finestre chiuse",I morti,baldini,baldini__2__3
"lòu i è lè, che t si ndè lèt, l’è tèrd, t’è smórt la luce,","loro sono lì, che sei andato a letto, è tardi, hai spento la luce,",I morti,baldini,baldini__2__3
"t si svégg, te schéur, u t vén ad chi pensir ch’i n s po’ déi, lòu i è sémpra alè, i t léz dréinta,","sei sveglio, nel buio, ti vengono certi pensieri che non si possono dire, loro sono sempre lì, ti leggono dentro,",I morti,baldini,baldini__2__3
"mo i è bón, i fa féinta da no èsi.","ma sono buoni, fanno finta di non esserci.",I morti,baldini,baldini__2__3
"E’ nóv ad lói, ‘na dmènga,","Il nove luglio, una domenica",Luglio,baldini,baldini__2__4
"e’ gév’ès vérs al zéinch de dopmezdè, a Zula, própia in zéima, ma la chèsa ad Baròus,","dovevano essere le cinque del pomeriggio, a Ciola, proprio in cima, alla casa di Baròus,",Luglio,baldini,baldini__2__4
"mo di dri, tl’òmbra, tra la siva, che adlà e’ cala zò drétt ad quèll ‘d Lasagna, e e’ méur, che l’era totta una vardéura, s’un vangín che faséva d’ogni tènt un pó ‘d smasór tra ‘l cani, m’un tavuléin i zughéva a trisétt","ma di dietro, nell’ombra, tra la siepe, che di là cala giù dritto nel fondo di Lasagna, e il muro, che era tutta una verdura, con un venticello che faceva ogni tanto un po’ di tramestio fra le canne, a un tavolino giocavano a tressette",Luglio,baldini,baldini__2__4
e i tnéva i sas sal chèrti pòsta ch’a n vuléss véa.,e tenevano i sassi sulle carte perché non volassero via.,Luglio,baldini,baldini__2__4
"E quante ma quèll ‘d mèna u i è vnú la crécca ad còppi e tri tré fal denèri, l’à gunfiè un pó, mo zétt, u n s’è fat cnòss,","E quando a quello di mano gli è venuta la cricca di coppe e tre tre senza danari, s’è gonfiato un po’ ma zitto, non s’è fatto capire,",Luglio,baldini,baldini__2__4
"u s’è cònd sla scaràna,","s’è accomodato sulla sedia,",Luglio,baldini,baldini__2__4
"pu l’è scap sl’as, e u n géva ancòura gnént,","poi è uscito con l’asso, e non diceva ancora niente,",Luglio,baldini,baldini__2__4
"mo da la cuntantèzza l’à dè una bota se lègn che ti bicir e’ véin l’à tremè tótt,","ma dalla contentezza ha dato una botta sul legno che nei bicchieri il vino ha tremato tutto,",Luglio,baldini,baldini__2__4
e la zghéla se zris la è stèda zétta ad bot da la paéura.,e la cicala sul ciliegio ha taciuto di botto dalla paura.,Luglio,baldini,baldini__2__4
"L’aria alòura la è dvénta acsè lizíra che se crusèri u s’è sintí springlé e’ campanèl ruznéid d’na biciclètta, a alazò, mo dalòngh, vulè un areoplano sòura e’ mèr.","L’aria allora è diventata cosi leggera che sul crocicchio s’è sentito pigolare il campanello arruginito di una bicicletta, e laggiù, ma lontano, volare un aeroplano sopra il mare.",Luglio,baldini,baldini__2__4
"I avrà vu quatórg an, léu quatórg, li dògg, trègg, me vièl dla Fòsa, disdài sl’éultum sedéili","Avranno avuto quattordici anni, lui quattordici, lei dodici, tredici, al viale della Fossa, seduti sull’ultima panchina",L’ultima panchina,baldini,baldini__2__5
"i n m’à sintéi, vérs sàira, pin ‘d gazótt pr’aria, un malàn,","non m’hanno sentito, verso sera, pieno d’uccelli per aria, un chiasso",L’ultima panchina,baldini,baldini__2__5
"i stéva alè, i s guardéva, da zétt, senza tuchès, i s guardéva, i s guardéva, cmè incantèd,","stavano lì, si guardavano, in silenzio, senza toccarsi, si guardavano, si guardavano, come incantati,",L’ultima panchina,baldini,baldini__2__5
"e mè pianìn, sl’érba, a so tòur’n indrì.","e io pian piano, sull’erba, sono tornato indietro.",L’ultima panchina,baldini,baldini__2__5
Mat. l’è sémpra stè mat.,"Matto, è sempre stato matto.",I capelli,baldini,baldini__2__6
Mo da quant ch’u i à ravié a caschè i cavéll,Ma da quando gli sono cominciati a cadere i capelli,I capelli,baldini,baldini__2__6
e’ pasa drétt,passa dritto,I capelli,baldini,baldini__2__6
e u n saléuta niseun,e non saluta nessuno.,I capelli,baldini,baldini__2__6
Un pô a la vôlta,A poco a poco,,bellosi,bellosi__0
U s’è pérs ignacósa.,Tutto è finito.,,bellosi,bellosi__0
E adës cvânt ch’u n’i sra,E quando ormai non ci saranno,,bellosi,bellosi__0
"piò stagli êlbar,","più questi alberi,",,bellosi,bellosi__0
"stal ca ch’u i dà e’ culór e’ sól,","e queste case che dal sole prendono colore,",,bellosi,bellosi__0
"piò ste zil,","più questo cielo,",,bellosi,bellosi__0
alóra a putren nench,allora non ci resterà che chiudere la porta,,bellosi,bellosi__0
metr e’ carnaz a l’os e fê cont d’gnint.,"e tirare il catenaccio, a tutto indifferenti.",,bellosi,bellosi__0
"Vujétar ch’a si sté còm ch’a sen nó,",Voi che siete stati come ora siamo noi,,bellosi,bellosi__1
"vó ch’a murì par sèmpar,","voi che morite per sempre,",,bellosi,bellosi__1
"d’là da la mura,","oltre il muro,",,bellosi,bellosi__1
ch’a vdi int un sòni,che in sogno,,bellosi,bellosi__1
"cal vôlt ch’a v’afarmivi int e’ cafè,",vi rivedete al caffè,,bellosi,bellosi__1
ch’a ciacarimi in piaza;,o quando eravamo insieme in piazza a chiacchierare;,,bellosi,bellosi__1
che pô ch’a sen ariv a dìs,quel poco che siamo riusciti a dirci,,bellosi,bellosi__1
adës a cve a-m l’arculd sól me.,adesso qui sono solo io a ricordarlo.,,bellosi,bellosi__1
"E pu u-s tucarà a nó,","Poi spetterà a noi,",,bellosi,bellosi__1
cvânt ch’a vniren int la ment,torneremo in mente,,bellosi,bellosi__1
"a on ch’u s’à cgnusù,","a qualcuno che ci ha conosciuto,",,bellosi,bellosi__1
"e e’ sra un pinsir o un sòni,",e sarà un pensiero o un sogno,,bellosi,bellosi__1
ch’u-s pérd int l’aria.,che si perde nell’aria.,,bellosi,bellosi__1
E cvel ch’l’è ’ndê l’è ’ndê.,E quel che è andato è andato,,bellosi,bellosi__1
Adës che e’ dè u-s fines,Nell’ultima luce del giorno,,bellosi,bellosi__2
u-s véd insèna sól ins e’ cunfen,si intravede appena il confine,,bellosi,bellosi__2
"e d’a lè in là piò gnint,","e al di là più niente,",,bellosi,bellosi__2
zenza una vóš.,non una voce.,,bellosi,bellosi__2
Lujétr i ten d’astê.,Loro sono lì che aspettano.,,bellosi,bellosi__2
"I-n brêva piò,","Non litigano più,",,bellosi,bellosi__2
"i fa boca da ridar,","tentano di sorridere,",,bellosi,bellosi__2
adës ch’u-n bat piò e’ côr.,ora che non batte più il cuore.,,bellosi,bellosi__2
D’LÀ DA LA NÖT,OLTRE LA NOTTE,,bellosi,bellosi__2
U-s fa bur d’pösta.,Si fa buio completo.,,bellosi,bellosi__2
"A cve, in dó’ che i nom e al ca","Qui, dove nomi e case",,bellosi,bellosi__2
"i muda sèmpar lugh, a faren cont","sempre mutano luogo, faremo come",,bellosi,bellosi__2
"ch’a n’i segna mai sté. O fórsi,","non fossimo mai esistiti. O forse,",,bellosi,bellosi__2
"còma al bréš avulêdi,","brace sotto la cenere,",,bellosi,bellosi__2
arivaren a pasê pu nench sta nöt.,riusciremo a superare ancora questa notte.,,bellosi,bellosi__2
U s’abura: Ste fred,Il tempo si rabbuia. Questo freddo,,bellosi,bellosi__3
u s’insteca int agli ös.,penetra nelle ossa.,,bellosi,bellosi__3
E’ tira e’ vent.,Tira vento.,,bellosi,bellosi__3
Int e’ cafè,Al caffè ci saranno,,bellosi,bellosi__3
u i sra chi cvàtar vec ch’i žuga a ‘l chêrt,"i soliti quattro vecchi che giocano a carte,",,bellosi,bellosi__3
e ch’i bacaja fôrt.,e il solito vociare.,,bellosi,bellosi__3
“Sta nöt e’ giaza.”,“Stanotte gela.”,,bellosi,bellosi__3
Dmatèna al scol al cricarà,Domattina le pozzanghere cricchieranno,,bellosi,bellosi__3
sot’al sôl.,sotto le suole.,,bellosi,bellosi__3
E’ zil cêr.,Il cielo chiaro.,,bellosi,bellosi__3
E’ camen dla Tarona e’ fumarà,Il camino della Tarona fumerà,,bellosi,bellosi__3
int l’êria seca.,nell’aria secca.,,bellosi,bellosi__3
S’u-s putes fêsan cont de’ temp.,Si potesse non sprecare il tempo.,,bellosi,bellosi__4
"Cagli ór strusiêdi a stêr a e’ mònd e basta,","Quelle ore perdute a lasciarsi vivere,",,bellosi,bellosi__4
"e chi dè pu-ch’e’-seja,","e quei giorni senza data,",,bellosi,bellosi__4
ch’u n s’i fa briša ment,in cui non si fa caso,,bellosi,bellosi__4
s’u j è e’ sól e s’l’è nùval,se è nuvolo o se c’è il sole,,bellosi,bellosi__4
-‘rivè a fê séra,- arrivare a sera,,bellosi,bellosi__4
"zenza scuson, cavês l’arloi","senza scosse, togliersi l’orologio",,bellosi,bellosi__4
prema d’andês a lët.,prima di coricarsi.,,bellosi,bellosi__4
E dì’ ch’u j è dal vôlt,E pensare che a volte,,bellosi,bellosi__4
"ch’u-s ten dri a un pasaröt,","si fa attenzione a un passero,",,bellosi,bellosi__4
"a una foja ch’la-s môv apèna apèna,",a una foglia che si muove appena appena,,bellosi,bellosi__4
"a e’ segn d’na mân,","al cenno di una mano,",,bellosi,bellosi__4
"a una bulê d’vent.,","a un alito di vento,",,bellosi,bellosi__4
a l’êria.,all’aria.,,bellosi,bellosi__4
"L’è sera,","È sera,",Faville,biguzzi,biguzzi__0
"in sdej davènti e’ fugh,","seduto davanti al fuoco,",Faville,biguzzi,biguzzi__0
"a sbat cun la palèta,","sbatto con la paletta,",Faville,biguzzi,biguzzi__0
un zöch,un ciocco di legno,Faville,biguzzi,biguzzi__0
"che brusa pièn pianin,","che brucia pian piano,",Faville,biguzzi,biguzzi__0
u s’léva,si solleva,Faville,biguzzi,biguzzi__0
una fulêda ad ludli,una folata di faville,Faville,biguzzi,biguzzi__0
sò,su,Faville,biguzzi,biguzzi__0
"vérs e’ zil,","verso il cielo,",Faville,biguzzi,biguzzi__0
al pê’,sembrano,Faville,biguzzi,biguzzi__0
ânmi de Purgatôri,anime del Purgatorio,Faville,biguzzi,biguzzi__0
ch’ al vola in Paradis.,che volano in Paradiso.,Faville,biguzzi,biguzzi__0
Che pôr sgrazjì,Quel povero disgraziato,Faville,biguzzi,biguzzi__0
"ch’a splém dmatèna,","che seppelliamo domattina,",Faville,biguzzi,biguzzi__0
ch’ l’épa bsogn,che abbia bisogno,Faville,biguzzi,biguzzi__0
d’una böta int e' zöch?,di una botta nel ciocco?,Faville,biguzzi,biguzzi__0
Me a gli’a dagh!,Io gliela do!,Faville,biguzzi,biguzzi__0
L è un pèz ch’a smalèt,È da tanto tempo che mi do da fare,Basta poco,biguzzi,biguzzi__1
in ste purgatóri.,in questo purgatorio (vita grama),Basta poco,biguzzi,biguzzi__1
Un lavór da fadiga.,Un lavoro faticoso.,Basta poco,biguzzi,biguzzi__1
Una fameja sgumbijda.,Una famiglia sottosopra.,Basta poco,biguzzi,biguzzi__1
Cla siatica int e’ galon,Quella lombaggine all’anca,Basta poco,biguzzi,biguzzi__1
ch’la m fa ‘vdé al stèli:,che mi fa vedere le stelle:,Basta poco,biguzzi,biguzzi__1
"ò pruvè tót i pastróc de mond,","ho provato tante medicine,",Basta poco,biguzzi,biguzzi__1
ma lì la n pàsa.,ma non passa.,Basta poco,biguzzi,biguzzi__1
I dint i m scrola.,I denti mi scrollano.,Basta poco,biguzzi,biguzzi__1
A scapóz int e’ giaren.,Inciampo anche nei sassolini.,Basta poco,biguzzi,biguzzi__1
A l so! A l so ch’a so vèc!,Lo so! Lo so che sono vecchio!,Basta poco,biguzzi,biguzzi__1
Però e’ mond u m pìs incóra.,Ma il mondo mi piace ancora.,Basta poco,biguzzi,biguzzi__1
"A capés e’ salè da e’ s-ciavì,","So distinguere il salato dall’insipido,",Basta poco,biguzzi,biguzzi__1
al doni bèli da cal bróti:,le donne belle da quelle brutte.,Basta poco,biguzzi,biguzzi__1
a i guèrd drìa fēna che,Le osservo fino quando,Basta poco,biguzzi,biguzzi__1
a n zira e’ canton!,girano l’angolo!,Basta poco,biguzzi,biguzzi__1
Os-cia! Se ch’u m ven int la ment.,Accidenti! Cosa mi viene in mente.,Basta poco,biguzzi,biguzzi__1
"Ò voja ad campè incóra,","Ho voglia di continuare a vivere,",Basta poco,biguzzi,biguzzi__1
u n s sa mai.,non si sa mai.,Basta poco,biguzzi,biguzzi__1
Intēnt –e’ basta póch!–,"Intanto, (basta poco!)",Basta poco,biguzzi,biguzzi__1
a m mét in boca una mentina,mi metto in bocca una mentina,Basta poco,biguzzi,biguzzi__1
e a m la cióc cun góst.,e me la succhio con gusto.,Basta poco,biguzzi,biguzzi__1
’Spridi rašêdi d’vent caval dla séra,Confuse folate di vento nella sera,Prende risalto il mare,borghi,borghi__0
al s’arduš dnânz dal cundensêdi traz,spingono innanzi condensate tracce,Prende risalto il mare,borghi,borghi__0
d’nùval sustnènd la nöt,di cirri sorreggendo la notte,Prende risalto il mare,borghi,borghi__0
ment ch’la rimpiaza,mentre soppianta,Prende risalto il mare,borghi,borghi__0
l’arlušór de’ dè.,il chiarore del giorno.,Prende risalto il mare,borghi,borghi__0
Pu u-s fa vent int e’ séri,"Poi si fa vento vero,",Prende risalto il mare,borghi,borghi__0
u s’êlza e’ mêr,"s’alza il mare,",Prende risalto il mare,borghi,borghi__0
"e pu a-n zérch gnânca piò, stramëž agli ònd",poi non cerco neppure fra le ondate,Prende risalto il mare,borghi,borghi__0
"dla burasca, un sintir ch’u-m scurta a e’ sren","della burrasca, un sentiero che scorti al sereno,",Prende risalto il mare,borghi,borghi__0
infena che la têra,finché la terra,Prende risalto il mare,borghi,borghi__0
la-s scânsa a i mi pinsir.,si scansa ai miei pensieri.,Prende risalto il mare,borghi,borghi__0
E mentar ch’a-n rinses a truvêm dentar,E mentre non riesco a scovare in me stesso,Prende risalto il mare,borghi,borghi__0
viguróši rašon par arcurdêmla,"incombenti ragioni di ricordo,",Prende risalto il mare,borghi,borghi__0
e’ ciapa spech e’ mêr.,prende risalto il mare.,Prende risalto il mare,borghi,borghi__0
Sciröch,Scirocco,Prende risalto il mare,borghi,borghi__0
"E’ šlinês de’ tramont šlumbê, int e’ flei",L’illanguidirsi del tramonto torpido,Prende risalto il mare,borghi,borghi__0
dla caldâna infughida de’ sciröch,nel cocente alitare di scirocco,Prende risalto il mare,borghi,borghi__0
"ch’l’imbazucles al fôrz e me, igna môd,",che stordisce le forze e cui d’altronde,Prende risalto il mare,borghi,borghi__0
indulent a i dagh ment. Sóra la bêrca,apatico acconsento. Sulla barca,Prende risalto il mare,borghi,borghi__0
"fiaca, insunlida ins l’âncura, la pasa","fiacca a picco sull’ancora, fluisce",Prende risalto il mare,borghi,borghi__0
indifarenta la stašon e a me svùit,inane la stagione ed a me vuoto,Prende risalto il mare,borghi,borghi__0
e’ dešidéri ad salpêr e griv,il desiderio di salpare e greve,Prende risalto il mare,borghi,borghi__0
l’ardì intrigh de’ campê’,l’ ardito impaccio del vivere.,Prende risalto il mare,borghi,borghi__0
Un strâmbal armistizi,Uno strano armistizio,Prende risalto il mare,borghi,borghi__0
Areb chêra d’avé’ l’alšir d’cuntêt,Mi piacerebbe poterti narrare,Prende risalto il mare,borghi,borghi__0
"ste mi instichêm fra lòstar sâm ad mêr,",di questo inoltrarmi fra lucidi sciami di plancton,Prende risalto il mare,borghi,borghi__0
"ad cvel ch’a sö, ad tot j’incantament","di ciò che sono, degli abbagliamenti",Prende risalto il mare,borghi,borghi__0
"ch’i-m cuima dentar,","che mi colmano dentro,",Prende risalto il mare,borghi,borghi__0
de’ praciš mument,dell’istante,Prende risalto il mare,borghi,borghi__0
quând ch’i-s ražonž i dulfen,nel quale ci raggiungono i delfini,Prende risalto il mare,borghi,borghi__0
a šgvazê’ sóra l’ònda senza temp,a sguazzare sull’onda senza tempo,Prende risalto il mare,borghi,borghi__0
int la nöt indulenta.,nella notte indolente.,Prende risalto il mare,borghi,borghi__0
Scampiet scurt ad strinžura sòbit sota,Scarti che a stento percepisco sotto,Prende risalto il mare,borghi,borghi__0
e’ mašinê’ dla pruva,il dislocarsi della prua,Prende risalto il mare,borghi,borghi__0
e ch’i m’adórna,e m’adornano,Prende risalto il mare,borghi,borghi__0
d’un strâmbal armistizi cun me stes.,di uno strambo armistizio con me stesso.,Prende risalto il mare,borghi,borghi__0
Areb nench chêra d’êsar bon d’spieghê’,Mi piacerebbe saperti anche spiegare,Prende risalto il mare,borghi,borghi__0
ad cvel che pu u m’armasta,"che cosa poi m’avanza,",Prende risalto il mare,borghi,borghi__0
"d’ségvit a e’ su cumiêt,","in seguito al loro commiato,",Prende risalto il mare,borghi,borghi__0
ad ste mi vuluntêri cunfen,di questo mio volontario confino,Prende risalto il mare,borghi,borghi__0
da un švìdar ešèstar.,da un algido esistere.,Prende risalto il mare,borghi,borghi__0
A savreb cundividli,Saprei condividerle,Prende risalto il mare,borghi,borghi__0
T’a-m cuntitia de’ mêr,Mi narravi del mare,Prende risalto il mare,borghi,borghi__0
"cumpâgn a un paragon cun l’ešistenza,",come metafora dell’esistenza,Prende risalto il mare,borghi,borghi__0
"èn d’mêra cuntintèza,","anni di amara esultanza,",Prende risalto il mare,borghi,borghi__0
t’gitia pu.,dicevi poi.,Prende risalto il mare,borghi,borghi__0
E t’scuritia de’ temp,E inoltre dicevi del tempo,Prende risalto il mare,borghi,borghi__0
"e t’intindivta incóra, a crid, dla vita:",e credo intendessi ancora della vita:,Prende risalto il mare,borghi,borghi__0
"de’ ciapê’ e’ lêrgh, de’ turnê’ a têra, spes","del salpare da terra, del tornarvi,",Prende risalto il mare,borghi,borghi__0
e’ côr gonf ad paura.,spesso col cuore grosso di sgomento.,Prende risalto il mare,borghi,borghi__0
"T’a-m cuntitia quest, vëc,","Narravi questo, vecchio,",Prende risalto il mare,borghi,borghi__0
e a li pinséva fôli strufignêdi,"e le pensavo gualcite parabole,",Prende risalto il mare,borghi,borghi__0
impasì ariut int un,"vizze rivalse, in un",Prende risalto il mare,borghi,borghi__0
scòrar sfiadê.,parlare esausto.,Prende risalto il mare,borghi,borghi__0
"Môrt, adës t’a-n mutiv, l’è pas grân temp:","Morto, oggi taci, è accaduto tempo,",Prende risalto il mare,borghi,borghi__0
"e mo a sö me, cve, spöst a scartablê’",ed ora io sono qui a scartabellare,Prende risalto il mare,borghi,borghi__0
"fra ’l tu parôl int la mimôria, incù","quelle parole nel ricordo, adesso",Prende risalto il mare,borghi,borghi__0
ch’a savreb cundividli.,che saprei condividerle.,Prende risalto il mare,borghi,borghi__0
"E spèc l’è sfazèd, l’è una spèa,","Lo specchio è sfacciato, è una spia",Lo specchio,borgini,borgini__0
u-t dói cla verità ch’l’a-t fa mèl,ti dice quella verità che ti fa male,Lo specchio,borgini,borgini__0
ad chi dè che t’a-n nè vòia,in quei giorni che non ne hai voglia,Lo specchio,borgini,borgini__0
"e te, par no dèi sodisfaziòun,","e tu, per non dargli soddisfazione,",Lo specchio,borgini,borgini__0
t’pas a chèul rét e t’a-n t zóir a guardèl.,passi indispettita e non ti giri a guardarlo.,Lo specchio,borgini,borgini__0
Ma u i è di dè che u-n t fa paèura;,Ma ci sono dei giorni che non ti fa paura;,Lo specchio,borgini,borgini__0
t’à l’affràunt fàza fàza,lo affronti faccia a faccia,Lo specchio,borgini,borgini__0
"e t’ste bén, t’a-t guèrd,","e stai bene, ti guardi,",Lo specchio,borgini,borgini__0
"t’cì tè, si tu cavél biènch,","sei tu, coi tuoi capelli bianchi,",Lo specchio,borgini,borgini__0
"si sàulch dal risédi,","coi solchi delle risate,",Lo specchio,borgini,borgini__0
"al somigliènzi si tu fiùl,","le somiglianze con i tuoi figli,",Lo specchio,borgini,borgini__0
e quèl ch’ù-t pis ad piò,e quello che ti piace di più,Lo specchio,borgini,borgini__0
"l’è e tu sguèrd,","è il tuo sguardo,",Lo specchio,borgini,borgini__0
e tu sguèrd lébar.,il tuo sguardo libero.,Lo specchio,borgini,borgini__0
BIÈNCA E RÓŠA,BIANCA E ROSA,Lo specchio,borgini,borgini__0
"Um dól agli osi, a sò straca d’aspitè,","Le mie ossa sono dolenti, sono stanca d’aspettare,",Lo specchio,borgini,borgini__0
"e pu, tót t’un bòt li m’um dól piò.","poi, tutto d’un tratto non lo sono più.",Lo specchio,borgini,borgini__0
"Adés, a sò a què incantèda,","Adesso, sono qui incantata,",Lo specchio,borgini,borgini__0
i guzlót salèd che i curòiva žò,le lacrime salate che scendevano giù,Lo specchio,borgini,borgini__0
"i sè férmi, per lasè e’ post ma quei dòulz.",si sono fermate per lasciare il posto a quelle dolci.,Lo specchio,borgini,borgini__0
"Si òc šgranèd, an gni pos cròid,","Con gli occhi sgranati, non ci posso credere,",Lo specchio,borgini,borgini__0
a vègh davènti mu mè,vedo davanti a me,Lo specchio,borgini,borgini__0
una burdlina biènca e rósa.,una bambina bianca e rosa.,Lo specchio,borgini,borgini__0
"L’è la fióla de mi fiùl,","E’ la figlia di mio figlio,",Lo specchio,borgini,borgini__0
"l’è nèda la mi anvòuda, a vrìa róg!","è nata mia nipote, vorrei gridare!",Lo specchio,borgini,borgini__0
Ò spurbiè che mi dè,"Ho rispolverato quel mio giorno,",Lo specchio,borgini,borgini__0
"acsè vóiv, acsè bel,","così vivo, così bello,",Lo specchio,borgini,borgini__0
mo quest l’è ancoura mèì!,ma questo è ancora meglio!,Lo specchio,borgini,borgini__0
Quand la mi cuntanteza,Quando questa mia felicità,Lo specchio,borgini,borgini__0
"la glia farà a scapè,","riuscirà ad uscire,",Lo specchio,borgini,borgini__0
"la farà un sòun ližir, grazièd,","farà un suono leggero, armonioso,",Lo specchio,borgini,borgini__0
e per la pròima volta non stunèd!,e per la prima volta non stonato!,Lo specchio,borgini,borgini__0
Stavólta a vàgh!,Stavolta vado!,Lo specchio,borgini,borgini__0
"L’è quànd t’cì a lè tra e vàird e sèch,","E’ quando sei ad un bivio,",Lo specchio,borgini,borgini__0
"che t’à ne sé’ se andè o arturnè,","che non sai se andare o tornare,",Lo specchio,borgini,borgini__0
"e basta un gnént,","basta un non nulla,",Lo specchio,borgini,borgini__0
"una parola tra i dint,","una parola tra i denti,",Lo specchio,borgini,borgini__0
"un’ ucèdà stórta,","un’occhiata storta,",Lo specchio,borgini,borgini__0
"un silénzi,","un silenzio,",Lo specchio,borgini,borgini__0
"un’alzèda ad spàli,","un’alzata di spalle,",Lo specchio,borgini,borgini__0
"una ziréda ad chèul tè lèt,","una posizione sbagliata a letto,",Lo specchio,borgini,borgini__0
e basta un gnént,basta un niente,Lo specchio,borgini,borgini__0
che us zènd un scròch,che si accende un tasto,Lo specchio,borgini,borgini__0
tàch,tach,Lo specchio,borgini,borgini__0
e quand l’è zàis u s’infiàma,e quando è acceso s’infiamma,Lo specchio,borgini,borgini__0
t’à ne po farmè.,non lo puoi fermare.,Lo specchio,borgini,borgini__0
"E pu basta, fa quest, fa stèlt, guasta, arfa,","Poi basta, fa questo, fa quello, guasta, rifà,",Lo specchio,borgini,borgini__0
"dè e nota, sl’arlóz mé côl!","giorno e notte, con l’orologio al collo!",Lo specchio,borgini,borgini__0
"Ò fat la valòisa per andè,","Ho fatto la valigia per andare,",Lo specchio,borgini,borgini__0
per andè duvò?,per andare dove?,Lo specchio,borgini,borgini__0
"Da longh,","Lontano,",Lo specchio,borgini,borgini__0
l’è propri necesseri,è proprio necessario,Lo specchio,borgini,borgini__0
ad fè sempra un programa?,fare sempre un programma?,Lo specchio,borgini,borgini__0
"A vagh dalòngh,","Vado lontano,",Lo specchio,borgini,borgini__0
stavólta a vàgh.,questa volta vado.,Lo specchio,borgini,borgini__0
"Quand la pgnàta la bôl,","Quando la pentola bolle,",Lo specchio,borgini,borgini__0
"dai, dai, dai,","dai, dai, dai,",Lo specchio,borgini,borgini__0
ènca la baghèna la s-ciòpa.,anche la scrofa crepa.,Lo specchio,borgini,borgini__0
"Eh, duò t’andré?","Eh, dove andrai?",Lo specchio,borgini,borgini__0
piò dalòngh pusébil,più lontano possibile,Lo specchio,borgini,borgini__0
us capés che d’alòngh ù n’è a dù pàss,si capisce che lontano non è a due passi,Lo specchio,borgini,borgini__0
dalòngh l’è dalòngh,lontano è lontano,Lo specchio,borgini,borgini__0
basta no tintinè tènt e,basta non esitare e,Lo specchio,borgini,borgini__0
tàch,"tach,",Lo specchio,borgini,borgini__0
"us va,","si va,",Lo specchio,borgini,borgini__0
"per modi ad dòi, a n putria andè sla lèuna?","per esempio, non potrei andare sulla luna?",Lo specchio,borgini,borgini__0
Cumè nà!,Come no!,Lo specchio,borgini,borgini__0
"Oz us po,","Oggi si può,",Lo specchio,borgini,borgini__0
u j è scrét ènca se giurnèl,"c’è scritto anche sul giornale,",Lo specchio,borgini,borgini__0
“e se un giorno all’improvviso,“e se un giorno all’improvviso,Lo specchio,borgini,borgini__0
tutte le donne si trasferissero sulla luna?”,tutte le donne si trasferissero sulla luna?”,Lo specchio,borgini,borgini__0
e tàch,"e tàch,",Lo specchio,borgini,borgini__0
us va!,si va!,Lo specchio,borgini,borgini__0
E dop?,E dopo?,Lo specchio,borgini,borgini__0
"Dop, us’avdirà, intènt a fàz la valoisa","Dopo, si vedrà, intanto faccio una valigia",Lo specchio,borgini,borgini__0
"s’un bèl pó ad roba,","con un bel po’ di roba,",Lo specchio,borgini,borgini__0
"se la lèuna l’a n mi pis, se a n mi tróv,","se la luna non mi piace, se non mi trovo,",Lo specchio,borgini,borgini__0
"senza programa, a pos fè quèl ch’à voi","senza programma, posso fare",Lo specchio,borgini,borgini__0
e tàch,quelo che voglio e tach,Lo specchio,borgini,borgini__0
am fermi a Scurghèda!,mi fermo a Torriana!,Lo specchio,borgini,borgini__0
Mèur,Muro,Lo specchio,borgini,borgini__0
"D’un chènt, sòtta un cartàun,","Da una parte, sotto un cartone,",Lo specchio,borgini,borgini__0
una testa ad cavél invrucéd,"una testa di capelli arruffati,",Lo specchio,borgini,borgini__0
"la fàza spigazéda,","il viso stropicciato,",Lo specchio,borgini,borgini__0
dò stràz intacunèd.,due stracci imbrattati.,Lo specchio,borgini,borgini__0
"Una tèsta,",Una testa,Lo specchio,borgini,borgini__0
senza piò,senza più,Lo specchio,borgini,borgini__0
"un nóm vèra,","un nome vero,",Lo specchio,borgini,borgini__0
"un bèus ad chèsa,","una casa,",Lo specchio,borgini,borgini__0
una famèja.,una famiglia.,Lo specchio,borgini,borgini__0
La zénta,La gente,Lo specchio,borgini,borgini__0
"La’j pasa ad quà e ad là,","passa di qua e di la,",Lo specchio,borgini,borgini__0
"da zét,","in silenzio,",Lo specchio,borgini,borgini__0
"s’la preşìa,","con gran fretta,",Lo specchio,borgini,borgini__0
cumè che fòss,come foss,Lo specchio,borgini,borgini__0
un mèur da scavidè.,un muro da evitare.,Lo specchio,borgini,borgini__0
"Un mèur sl’intònac dèur,",Un muro con l’intonaco duro,Lo specchio,borgini,borgini__0
sa drènta e côr ch’us squàia.,con dentro il cuore che si scioglie.,Lo specchio,borgini,borgini__0
Al chèsi di burdéll,Le case del bambini,Lo specchio,borgini,borgini__0
A glj’è lìgri,Sono allegre,Lo specchio,borgini,borgini__0
"cumè giòstri per la fìra,","come giostre per la fiera,",Lo specchio,borgini,borgini__0
al chèsi di burdéll,le case dei bambini,Lo specchio,borgini,borgini__0
prè culuréd,prati colorati,Lo specchio,borgini,borgini__0
"pin ad cuscòin e bumbózz,","pieni di cuscini e pupazzi,",Lo specchio,borgini,borgini__0
smanèdi,disordinate,Lo specchio,borgini,borgini__0
sa tótt chi ẓàvaj spargujèun,con tutti quei giochi sparsi,Lo specchio,borgini,borgini__0
e fój tachéd sò,e fogli appesi,Lo specchio,borgini,borgini__0
sa famèj ch’a l róid,con famiglie che ridono,Lo specchio,borgini,borgini__0
mèna tla mèna,mano nella mano,Lo specchio,borgini,borgini__0
e da t’fura,e da fuori,Lo specchio,borgini,borgini__0
quand l’è i pràim frédd,nei primi giorni freddi,Lo specchio,borgini,borgini__0
t’à gl’j arcnòs,le riconosci,Lo specchio,borgini,borgini__0
da chi sèul ch’i róid,da quei soli che ridono,Lo specchio,borgini,borgini__0
t’ì vàidar apanéd.,nei vetri appannati.,Lo specchio,borgini,borgini__0
Cumè un pèz ad chèrta stràza scarabucèda spigazéda impalutèda e butéda vèa.,Come un pezzo di carta straccia scarabocchiata stropicciata appallottolata e gettata via.,Carta straccia,borgini,borgini__2__0
E pansè che lia l’érra pràunta per dè e’ culàur me mònd.,E pensare che lei era pronta per dare il colore al mondo.,Carta straccia,borgini,borgini__2__0
Un fiàur sidbàdgh ch’lè crisèu da par lèu lònga e’ fòs fura dal strèdi sénza l’amaùr ad nisèun l’è fiuròi sa tótt la su belèzza,Un fiore selvatico che è cresciuto solo lungo il fosso fuori dalle strade senza l’amore di nessuno è fiorito con tutta la sua bellezza,Fuori dalle strade,borgini,borgini__2__1
"e u s n’è andè ad setèmbar da par lèu tla pòrbia,","e se n’è andato a settembre da solo nella polvere,",Fuori dalle strade,borgini,borgini__2__1
snò quèj ch’j è vézz a farmès e bàj e’ bèl i l’à vést.,solo quelli che sono abituati a fermarsi e bere il bello l’hanno visto.,Fuori dalle strade,borgini,borgini__2__1
Andè ‘vènti s’un gràn curàg,Andare avanti con un gran coraggio,Senza voltarsi indietro,borgini,borgini__2__2
rapè sò,arrampicarsi,Senza voltarsi indietro,borgini,borgini__2__2
duò ch’la s fa dèura,dove si fa dura,Senza voltarsi indietro,borgini,borgini__2__2
ṣgrafigné la ròcia per pasè adlà,graffiare la roccia per passare aldilà,Senza voltarsi indietro,borgini,borgini__2__2
sénza vultès indrì,senza voltarsi indietro,Senza voltarsi indietro,borgini,borgini__2__2
purtènd sal spali e’ pais d’un distóin vigliàch,portando sulle spalle il peso di un destino vigliacco,Senza voltarsi indietro,borgini,borgini__2__2
"senza dè da cnòss mi fiül,","senza far capire ai figli,",Senza voltarsi indietro,borgini,borgini__2__2
lujlt j à la vóita davènti.,loro hanno la vita davanti.,Senza voltarsi indietro,borgini,borgini__2__2
T’pàs e’ pàn se spèc ùmbrèd,Passi il panno sullo specchio appannato,E poi un giorno,borgini,borgini__2__3
e tvàid tôtt cèr.,e vedi tutto chiaro.,E poi un giorno,borgini,borgini__2__3
"Incastrèdi ti cantèun dla memória al poeṣì piò bèli, al s’afàza vérs e’ dè","Incastrate negli angoli della memoria le poesie più belle, si affacciano verso il giorno",Le poesie più belle,borgini,borgini__2__4
"e al fa dal żirovaghi, di richèm ch’l’è un spetècal.","e fanno delle giravolte, dei ricami che è uno spettacolo.",Le poesie più belle,borgini,borgini__2__4
Dispitàuṣi!,Dispettose!,Le poesie più belle,borgini,borgini__2__4
"Quand t’sté sò de lèt e t’zìrch un fòj una pènna, al sparés!","Quando ti alzi dal letto cerchi un foglio una penna, spariscono!",Le poesie più belle,borgini,borgini__2__4
"L’è quànd t’cì a lè tra e’ vàird e e’ sècch, che ta ne sé se andè o arturnè, e’ basta un gnént,","È quando sei lì fra il verde e il secco, che non sai se andare o tornare, basta poco,",Questa volta vado!,borgini,borgini__2__5
"una paróla tra i dint,","una parola tra i denti,",Questa volta vado!,borgini,borgini__2__5
"un’ucèda stórta,","un’occhiata storta,",Questa volta vado!,borgini,borgini__2__5
"una żiréda ad chèul te lèt,","una girata di sedere nel letto,",Questa volta vado!,borgini,borgini__2__5
e’ basta un gnént che u s zènd un scròch,basta poco che si accende un bottone,Questa volta vado!,borgini,borgini__2__5
tàcch,tac,Questa volta vado!,borgini,borgini__2__5
e quand l’è zàis u s’infiàma ta ne pò farmè.,quando è acceso s’infiamma non lo puoi fermare.,Questa volta vado!,borgini,borgini__2__5
"E pu basta, fa quèst, fa stèlt, guasta, arfà, dè e nòta, sl’arlóżż me’ côl!","E poi basta, fa questo, fa quest’altro, guasta, rifà, giorno e notte, con l’orologio al collo!",Questa volta vado!,borgini,borgini__2__5
"A farébb la valòiṣa per andè, per andè duvò?","Farei la valigia per andare, per andare dove?",Questa volta vado!,borgini,borgini__2__5
"U j amènca e ’su Quinto,","Le manca il suo Quinto,",Il centro sociale,borgini,borgini__2__6
"i fiùl tal su chèṣi,","i suoi figli nelle loro case,",Il centro sociale,borgini,borgini__2__6
e lìa da par sé a fè nòta l’è gnàra!,e lei da sola a fare notte è dura!,Il centro sociale,borgini,borgini__2__6
Me céntri socièl invìci la sta in cumpagnìa,Al centro sociale invece sta in compagnia,Il centro sociale,borgini,borgini__2__6
la magna e la bàj.,mangia e beve.,Il centro sociale,borgini,borgini__2__6
L’è andèda ènca a scóla ‘d bàl.,È andata anche a scuola di ballo.,Il centro sociale,borgini,borgini__2__6
La bàla? ‒ Ostà s’la bàla!,Balla? – Caspita se balla!,Il centro sociale,borgini,borgini__2__6
"Nò da par lì, sa Pasquèl che e’ bàla bén","Non da sola, con Pasquale che balla bene",Il centro sociale,borgini,borgini__2__6
ènca lèu l’è vèdvi.,anche lui è vedovo.,Il centro sociale,borgini,borgini__2__6
lèu e’ sarébb stè cuntént d’avdàila a fè un valzèr ènca se ma lèu la n gn’à mai détt che u j piaṣèva ad balè!,lui sarebbe stato contento di vederla fare un valzer anche se a lui non ha mai detto che le piaceva ballare!,Il centro sociale,borgini,borgini__2__6
"Èmm fis-cé sla piva fata se ṣgarzùl dla cana,","Abbiamo fischiato con la trombetta fatta con il germoglio della canna,",Senza niente,borgini,borgini__2__7
"èmm guèrs per òuri al furmoighi caminé sòura una paja,","abbiamo guardato per ore le formiche camminare sopra una paglia,",Senza niente,borgini,borgini__2__7
"èmm spavantè i gażótt sla sfròmbla,","abbiamo spaventato gli uccelli con la fionda,",Senza niente,borgini,borgini__2__7
"èmm fât saltè i sas sàura l’acva,","abbiamo fatto saltare i sassi sull’acqua,",Senza niente,borgini,borgini__2__7
"èmm tiràt i ruchétt ṣvóit dalòngh cumè tròtli,","abbiamo tirato rocchetti vuoti lontano come trottole,",Senza niente,borgini,borgini__2__7
"èmm fât anéll d’ôr si schèrt ad rèm,","abbiamo costruito anelli d’oro con gli scarti di rame,",Senza niente,borgini,borgini__2__7
"èmm guèrs e’ mònd grànd da sàura j èlbar,","abbiamo guardato il mondo grande da sopra gli alberi,",Senza niente,borgini,borgini__2__7
"èmm fât miéra ‘d sélt s’una córda ad stràz,","abbiamo fatto migliaia di salti con una corda di straccio,",Senza niente,borgini,borgini__2__7
"èmm pàs sal lózzlì al nòti piò nìri,","abbiamo passato con le lucciole le notti più nere,",Senza niente,borgini,borgini__2__7
"èmm fât e’ mònd sénza gnént, che gnént che j ócc incantéd di burdéll i brèma.","abbiamo fatto di tutto senza niente, quel niente che gli occhi incantati dei bambini cercano disperatamente.",Senza niente,borgini,borgini__2__7
U j è e’ silénzi dal cóṣi détti che è làpa cumè la nèspla ancàura ṣérba.,C’è il silenzio delle cose dette che è aspro come la nespola ancora acerba.,Silenzio,borgini,borgini__2__8
"U j è e’ silénzi dal còṣi non détti che e’ schèva i sòichi de rimórs cumè un teràl ch’e’ lavàura senza sosta, drènta.","C’è il silenzio delle cose non dette che scava i solchi del rimorso come un tarlo che lavora senza sosta, dentro.",Silenzio,borgini,borgini__2__8
U j è e’ silénzi ciacarèd che u s’astròza sal paróli urlédi.,C’è il silenzio chiacchierato che si strozza con le parole urlate.,Silenzio,borgini,borgini__2__8
U j è e’ silénzi ch’u t fa paèura ch’u t ciàpa t’un bòt e u t lasa senza fiè.,C’è il silenzio che ti fa paura che ti prende all’improvviso e ti lascia senza fiato.,Silenzio,borgini,borgini__2__8
"U j è e’ silénzi ròtt ad maravèja ch’u t fa s-ciupè da la cuntantèzza cumè quand che i tu fiùl, pèna néd, i piànz per la pràima vólta.","C’è il silenzio rotto di meraviglia che ti fa scoppiare di gioia come quando i tuoi figli, appena nati, piangono per la prima volta.",Silenzio,borgini,borgini__2__8
"Um pis andê, igna tânt, int un sid,","Mi piace andare, ogni tanto, in un posto",Camposanto,brasini,brasini__0
"du ch’u j’è una masa ad zenta,","in cui c’è una moltitudine di gente,",Camposanto,brasini,brasini__0
"un dria a cl’êt, tot ataché,","uno attaccato all’altro,",Camposanto,brasini,brasini__0
mo un s lamenta nisun.,ma non si lamenta nessuno.,Camposanto,brasini,brasini__0
"Un sid pin ad pêsa,",Un luogo pieno di pace,Camposanto,brasini,brasini__0
ch’u m fa stê ben.,che mi fa star bene.,Camposanto,brasini,brasini__0
E’ sràl acsè enca dop?,Sarà così anche dopo?,Camposanto,brasini,brasini__0
Quând im dis,Quando mi dicono,Morte di un ciclista,brasini,brasini__1
"cl’è môrt un, in bicicleta,",che è morto uno in bicicletta,Morte di un ciclista,brasini,brasini__1
"a prôv un cert dispiasei,","provo un certo dispiacere,",Morte di un ciclista,brasini,brasini__1
"se po' a capes chi è,",se poi capisco chi è,Morte di un ciclista,brasini,brasini__1
un pe' vera,non sembra vero,Morte di un ciclista,brasini,brasini__1
"che posa ës zuzëst un quel acsè,",che possa essere successa una cosa del genere,Morte di un ciclista,brasini,brasini__1
e u m ven da pansê’ a chi mumint,e mi viene da pensare ai momenti,Morte di un ciclista,brasini,brasini__1
pasé cun lo,passati con lui,Morte di un ciclista,brasini,brasini__1
e che all'impruvisa...,e che all’improvviso,Morte di un ciclista,brasini,brasini__1
"la streda la è finida,",la strada è finita,Morte di un ciclista,brasini,brasini__1
e... l'ha j’à tolt la vita.,e… gli ha tolto la vita.,Morte di un ciclista,brasini,brasini__1
La bicicleta,La bicicletta,Morte di un ciclista,brasini,brasini__1
"La bici, do rödi ch’al zira,","La bici, due ruote che girano",Morte di un ciclista,brasini,brasini__1
"cun un alè sora, che pedêla,",con uno lassù che pedala,Morte di un ciclista,brasini,brasini__1
"che’ chêica, che’ tira,","che calca, che tira.",Morte di un ciclista,brasini,brasini__1
"Lò e’ pedêla, e e’ spenz e e’ suda,",Lui pedala e lui spinge e lui suda,Morte di un ciclista,brasini,brasini__1
"fintent ch’l'à int la buracia,",finché ha nella borraccia,Morte di un ciclista,brasini,brasini__1
l'utma dbuda.,l’ultima bevuta.,Morte di un ciclista,brasini,brasini__1
Sa te stag ‘se ben,Con te sto così bene,Non Sono Abituato,canella,canella__0
Am sint lizìr…,Mi sento leggero…,Non Sono Abituato,canella,canella__0
E un e’ putreb dubitè,Uno potrebbe dubitare,Non Sono Abituato,canella,canella__0
S’l’è svég o s’l’è drì a insugnè,Se è sveglio o sta sognando,Non Sono Abituato,canella,canella__0
Mo me a so’ fat acsè,Ma io sono fatto così,Non Sono Abituato,canella,canella__0
Dòp tòt ste’ temp,Dopo tutto questo tempo,Non Sono Abituato,canella,canella__0
Ancòura am a’dmànd,Ancora mi chiedo,Non Sono Abituato,canella,canella__0
Do’ ch’l’è la ciavèda!,Dove sia la fregatura!,Non Sono Abituato,canella,canella__0
Quand ch'e' piòv,Quando piove,Soddisfazione,canella,canella__1
e ad fura us bòbla de' fred,e fuori si trema per il freddo,Soddisfazione,canella,canella__1
la m' vin cla voja ad gnint,mi viene quella voglia di niente,Soddisfazione,canella,canella__1
A starebb d'aspitè,Starei ad aspettare,Soddisfazione,canella,canella__1
cla faza nòta,che faccia notte,Soddisfazione,canella,canella__1
cièus ad chesa,chiuso in casa,Soddisfazione,canella,canella__1
par avòi s'no e gòst,per avere solo il gusto,Soddisfazione,canella,canella__1
d'es arvenz ssòt,ii essere rimasto asciutto,Soddisfazione,canella,canella__1
Oz am so' tróv,Oggi mi sono trovato,Sorriso,canella,canella__2
s'un suróis t'la faza,con un sorriso sulla faccia,Sorriso,canella,canella__2
senza un perché,senza un motivo,Sorriso,canella,canella__2
Am so' incórt snò pió terd,Mi sono accorto solo più tardi,Sorriso,canella,canella__2
ch’l'era ancòura e' rifless de' tu',che era ancora il riflesso del tuo,Sorriso,canella,canella__2
T’a m'è fat nutè,Mi hai fatto notare,Il Viaggio,canella,canella__3
Ch'a j ho sbajè stréda,Che ho sbagliato strada,Il Viaggio,canella,canella__3
Dl'elt!,Ancora!,Il Viaggio,canella,canella__3
Mo s'è ch'um impórta mu me,Ma cosa mi importa,Il Viaggio,canella,canella__3
Do ch'a vag,Dove vado,Il Viaggio,canella,canella__3
S'a viazèm insèn?!,Se viaggiamo insieme?!,Il Viaggio,canella,canella__3
​Magari t'at svég cuntènt,Magari ti svegli contento,Magari,canella,canella__4
La dmènga matòina,La domenica mattina,Magari,canella,canella__4
"S'e' sol, i cip-cip di gazutìn","Col sole, i cip-cip degli uccellini",Magari,canella,canella__4
Po' un sfròfli ad vent giazèd,Poi un refolo di vento gelido,Magari,canella,canella__4
U t arcòrda che t'ci,Ti rammenta che sei,Magari,canella,canella__4
Quel ad sabdi,Quello di sabato,Magari,canella,canella__4
U t tòca advantè grènd,Tocca diventare adulti,E’ Lunga!,canella,canella__5
Par capòi,Per capire,E’ Lunga!,canella,canella__5
Cum’è ch’us fa,Come si fa,E’ Lunga!,canella,canella__5
A andè avènti,Ad andare avanti,E’ Lunga!,canella,canella__5
Sempra,Sempre,E’ Lunga!,canella,canella__5
Aspinténd ch’la strèda,Aspettando che la strada,E’ Lunga!,canella,canella__5
La spièna ‘na mulòiga,Si spiani un po’,E’ Lunga!,canella,canella__5
E ch’us zòira e’ vòint,E che il vento giri,E’ Lunga!,canella,canella__5
E po’,E poi,E’ Lunga!,canella,canella__5
Magari,Magari,E’ Lunga!,canella,canella__5
Fè l’èutmi péz,Fare l’ultimo tratto,E’ Lunga!,canella,canella__5
Senza pidalè,Senza pedalare,E’ Lunga!,canella,canella__5
"Tr’al stètui de presépi d’e’ mi ba,","Tra le statue del presepe del mio babbo,",Tra le statue del presepe del mio babbo,cantarelli,cantarelli__0
tόtta la nòta e’ fa la cóccia un gat.,tutta la notte fa la cuccia un gatto.,Tra le statue del presepe del mio babbo,cantarelli,cantarelli__0
"Tònd l’ha la luminèria per curóna,","Attorno ha le luci intermittenti per corona,",Tra le statue del presepe del mio babbo,cantarelli,cantarelli__0
"sòta, un tapét ad móschi par pultróna.","sotto, un tappeto di muschio per poltrona.",Tra le statue del presepe del mio babbo,cantarelli,cantarelli__0
A éva fat in tèimp a fni’ da dé,Avevo fatto in tempo a finir di dire,Tra le statue del presepe del mio babbo,cantarelli,cantarelli__0
"che ormai u m’éva stόff ènca e’ Nadèl,","che ormai mi aveva stancato anche il Natale,",Tra le statue del presepe del mio babbo,cantarelli,cantarelli__0
"che tènt in gir un gn’è piò gnént uguèl,","che tanto in giro non c’è più niente di uguale,",Tra le statue del presepe del mio babbo,cantarelli,cantarelli__0
"ch’ l’è óra da stvighièss, e mòrta lé,","che è ora di svegliarsi, e morta lì,",Tra le statue del presepe del mio babbo,cantarelli,cantarelli__0
"che al stètui de presépi li è snò gèss,","che le statue del presepe sono solo gesso,",Tra le statue del presepe del mio babbo,cantarelli,cantarelli__0
bambòz ch’i sta tótt l’an t’un scatulòun.,bambocci che stanno tutto l’anno in uno scatolone.,Tra le statue del presepe del mio babbo,cantarelli,cantarelli__0
Mò guèrda un pò che gat du ch’u s’è mèss!,Ma guarda un po’ quel gatto dove si è cacciato!,Tra le statue del presepe del mio babbo,cantarelli,cantarelli__0
A féva e’ funerèl dla religiòun,Stavo facendo il funerale della religione,Tra le statue del presepe del mio babbo,cantarelli,cantarelli__0
"e intènt che gat um dic, dé canapè,","e intanto quel gatto mi dice, dal canapè",Tra le statue del presepe del mio babbo,cantarelli,cantarelli__0
"che t’e’ Nadèl, chicòsa ad viv u j’è.","che nel Natale, qualcosa di vivo c’è.",Tra le statue del presepe del mio babbo,cantarelli,cantarelli__0
A vria ‘na voşia,Vorrei una voce,​La voce,cantarelli,cantarelli__1
ch’la parles par me,che parlasse per me,​La voce,cantarelli,cantarelli__1
e par tot quèj ch’i n gn’è piò,e per tutti quelli che non ci sono più,​La voce,cantarelli,cantarelli__1
"o chi è andé da n’èntra pèrta,","o che sono andati da un’altra parte,",​La voce,cantarelli,cantarelli__1
ch’la urlès quant l’è ora da urlè,che urlasse quando è il caso di urlare,​La voce,cantarelli,cantarelli__1
ch’la stess zétta quant l’è ora ad stè zett,che tacesse quando è il casso di tacere,​La voce,cantarelli,cantarelli__1
ch’la racuntes ‘na fola,che raccontasse una favola,​La voce,cantarelli,cantarelli__1
ma chi l’ha bşogn da créda mal foli,a chi ha bisogno di credere alle favole,​La voce,cantarelli,cantarelli__1
ch’la spachèss agli uretcchi,che rompesse i timpani,​La voce,cantarelli,cantarelli__1
ma chi e’ fa finta da nun sintì,a chi fa finta di non sentire,​La voce,cantarelli,cantarelli__1
ch’la s’incuntress sla vòşia,che si incontrasse con la voce,​La voce,cantarelli,cantarelli__1
ad quèj chi ha ancóra voja ad cantè.,di quelli che hanno ancora voglia di cantare.,​La voce,cantarelli,cantarelli__1
A so steda batzèta du volti,Sono stata battezzata due volte,Il battesimo,cantarelli,cantarelli__2
la prèima in extremis,la prima in extremis,Il battesimo,cantarelli,cantarelli__2
per via ch’andèss in paradiş sénza fè fadiga,perché andassi in paradiso senza fatica,Il battesimo,cantarelli,cantarelli__2
vest che a l’avéva già fata per nascita.,dal momento che l’avevo già fatta per nascere.,Il battesimo,cantarelli,cantarelli__2
"Po’,",Poi,Il battesimo,cantarelli,cantarelli__2
us ved che qualcdòun u j’ha arpinsèt,forse qualcuno ci ha ripensato,Il battesimo,cantarelli,cantarelli__2
e alòra n’ènt batèzz,e allora un altro battesimo,Il battesimo,cantarelli,cantarelli__2
stavòlta fat sla grèzia,questa volta fatto come si deve,Il battesimo,cantarelli,cantarelli__2
"da ‘n prit còm un ènt,","da un prete come un altro,",Il battesimo,cantarelli,cantarelli__2
almèinch e’ paréva…,almeno pareva…,Il battesimo,cantarelli,cantarelli__2
Cért che quant i m’ha dett,Certo che quando mi hanno detto,Il battesimo,cantarelli,cantarelli__2
ch’u s’éra spuşé sla mi sòra dl’aşìl,che si era sposato con la mia suora dell’asilo,Il battesimo,cantarelli,cantarelli__2
an mi sò piò vargugnéta,non mi sono più vergognata,Il battesimo,cantarelli,cantarelli__2
perché a n’andéva a mèssa.,perché non andavo a messa.,Il battesimo,cantarelli,cantarelli__2
Signor,Signore,Voi che siete buono,cantoni,cantoni__0
a la so de sid u i n’èpar tot,lassù del posto ce n’è per tutti,Voi che siete buono,cantoni,cantoni__0
che e’ paradis l’è svérs,che il paradiso è smisurato,Voi che siete buono,cantoni,cantoni__0
"cme l’univers,","come l’universo,",Voi che siete buono,cantoni,cantoni__0
sinò vo a s l’avrèsuv det.,se no voi ce l’avreste detto.,Voi che siete buono,cantoni,cantoni__0
Sol e’ pasag l’è stret.,Solo il passaggio è stretto.,Voi che siete buono,cantoni,cantoni__0
Cma s’ fal a fê’,Come si fa a fare,Voi che siete buono,cantoni,cantoni__0
un paradis grând grând,un paradiso grande grande,Voi che siete buono,cantoni,cantoni__0
e al porti streti! E po,e le porte strette! E poi,Voi che siete buono,cantoni,cantoni__0
un architet cme vo?,un architetto come voi?,Voi che siete buono,cantoni,cantoni__0
"Signor, slarghìli,","Signore, allargatele,",Voi che siete buono,cantoni,cantoni__0
"slarghìli pu cal porti,","allargatele pure quelle porte,",Voi che siete buono,cantoni,cantoni__0
vo ch’a si bon!,voi che siete buono.,Voi che siete buono,cantoni,cantoni__0
E' mi buş ad cuşeina int la cuntreda,"Il mio buco di cucina nella contrada,",Finestra alta,cantoni,cantoni__1
e' scur sufét a castùn,soffitto scuro a cassettoni,Finestra alta,cantoni,cantoni__1
la finestra èlta cun la frèda,"la finestra alta con l'inferriata,",Finestra alta,cantoni,cantoni__1
"un s' veid al ca, no e' via vai dla strèda:",non si vedon le case né il via vai sulla strada:,Finestra alta,cantoni,cantoni__1
"e' mond e' rèsta adlà, cun i su sun.","il mondo resta di là, con i suoi suoni.",Finestra alta,cantoni,cantoni__1
La faza dla lôna şmangagnéda,La faccia della luna ammaccata,Finestra alta,cantoni,cantoni__1
"la bóta un' ucéda ad pasag,",getta un'occhiata di passaggio,Finestra alta,cantoni,cantoni__1
"a la su ora, travers a la frèda,","a la sua ora, attraverso l'inferriata",Finestra alta,cantoni,cantoni__1
"ucéda d'intesa,","occhiata d'intesa,",Finestra alta,cantoni,cantoni__1
careza giaza ch' la fa pu curaġ.,carezza gelida che fa pur coraggio.,Finestra alta,cantoni,cantoni__1
E' raż l'azend la spicira de cadein,Il raggio accende la specchiera del catino,Finestra alta,cantoni,cantoni__1
e po via via l' arluş tot quel ch’ e’ luta,e poi via via riluce tutto quel che dura,Finestra alta,cantoni,cantoni__1
"piò 'd nun: al tàtar sora l'às de camèin,",più di noi: le cianfusaglie sull'asse del camino,Finestra alta,cantoni,cantoni__1
"e' fèr da stir, i litràt mi vidar","il ferro da stiro, i ritratti",Finestra alta,cantoni,cantoni__1
"de vèč cardanzèin, calzidar,","sui vetri della vecchia credenza, secchi,",Finestra alta,cantoni,cantoni__1
brochi ad reim... e' tu tulir.,e brocche di rame... il tuo tagliere.,Finestra alta,cantoni,cantoni__1
E' zeirca cantùn d'ombra du ch' j' è pirs,Penetra angoli d'ombra dove si son persi,Finestra alta,cantoni,cantoni__1
"i tu şguird, i tu pinsir, i bel ricurd","i tuoi sguardi, i tuoi pensieri, i bei ricordi,",Finestra alta,cantoni,cantoni__1
"al pochi parol deti, dolzi e duri","le poche parole dette, dolci e dure,",Finestra alta,cantoni,cantoni__1
"dentar che nid ad trop silenzi, rot","dentro quel nido di troppi silenzi, rotti",Finestra alta,cantoni,cantoni__1
"da scricladéz ad triv, vent ad fisuri.","da scricchiolio di travi, vento di fessure.",Finestra alta,cantoni,cantoni__1
"E' pareva parfina i vles di quèl,","Sembrava perfino che volessero dir qualcosa,",Finestra alta,cantoni,cantoni__1
"dal volt, cun i su ciul, i triv,","a volte, coi loro cigolii, le travi,",Finestra alta,cantoni,cantoni__1
"cme par lamantès d' un mèl,",come per lamentarsi d'un male,Finestra alta,cantoni,cantoni__1
"d' un ché dulurèint de nost avsù, o sol","d'un sentore dolente del nostro vissuto, o solo",Finestra alta,cantoni,cantoni__1
"pr' e' chèld, e' fred, i piş trop griv.","per il caldo, il freddo, i pesi troppo gravi.",Finestra alta,cantoni,cantoni__1
La vita l’è una vulèda,La vita è una volata,I miei cento metri,casadei,casadei__0
una cursa ad zént métar.,una corsa di cento metri.,I miei cento metri,casadei,casadei__0
Un atùm e l’è finida.,Un attimo ed è finita.,I miei cento metri,casadei,casadei__0
Parché dès da fè?,Perché darsi da fare?,I miei cento metri,casadei,casadei__0
Ma pu a pens a qui chi j'era pràima,Poi penso a chi c’era prima,I miei cento metri,casadei,casadei__0
e a qui ch'j'avnirà dóp.,e a quelli che verranno.,I miei cento metri,casadei,casadei__0
E alóra a m n’adàg ch’a so int e’ mèz,Allora mi accorgo che sono parte,I miei cento metri,casadei,casadei__0
d’una gara a staféta …,di una corsa a staffetta …,I miei cento metri,casadei,casadei__0
… indù che tót e’ pò dipénd,... dove tutto può dipendere,I miei cento metri,casadei,casadei__0
da i mi zént métar.,dai miei cento metri.,I miei cento metri,casadei,casadei__0
In zíma al palèdi,In cima al molo,In cima al molo,casadei,casadei__1
a so a próra d’un batèl,sono a prora di una barca,In cima al molo,casadei,casadei__1
ch’e’ taja agl’j’óndi,che fende le onde,In cima al molo,casadei,casadei__1
intènt ch’u s’infila int e’ mèr.,mentre s’inoltra nel mare.,In cima al molo,casadei,casadei__1
E’ vent u m’ spaza la faza,Il vento mi sferza il volto,In cima al molo,casadei,casadei__1
e u m’ pórta vósi da luntèn:,e mi porta voci lontane:,In cima al molo,casadei,casadei__1
"stórji cuntèdi dagl’j’óndi,","storie narrate dalle onde,",In cima al molo,casadei,casadei__1
stórji ch’al scor ad por s-cén.,storie di povera gente.,In cima al molo,casadei,casadei__1
E a vól sóra l’acva,Volo sull’acqua,In cima al molo,casadei,casadei__1
a zarchè vàili e cuchél,a cercare vele e gabbiani,In cima al molo,casadei,casadei__1
par perdum indù che e’ zíl,fino a smarrirmi dove il cielo,In cima al molo,casadei,casadei__1
u s’ mèsa int e’ mèr.,si nasconde nel mare.,In cima al molo,casadei,casadei__1
E in mèz a tót cl’acva e che zíl,E in quell’immensità di acqua e cielo,In cima al molo,casadei,casadei__1
a m’ sint znin znin,mi sento così piccolo,In cima al molo,casadei,casadei__1
ch’u m’ ven da zarchè,che cerco,In cima al molo,casadei,casadei__1
la mèna de’ mi ba,la mano di mio padre,In cima al molo,casadei,casadei__1
cume quant u m’ purtéva a qué,come quando mi portava qui,In cima al molo,casadei,casadei__1
ad avdàj l’alvè de’ sol.,a vedere il sorgere del sole.,In cima al molo,casadei,casadei__1
Lo e’ staséva sò prèst,Lui si alzava presto,In cima al molo,casadei,casadei__1
par fè ciapè l’aria bona a e’ su fiòl.,per far respirare l’aria sana al figlio.,In cima al molo,casadei,casadei__1
A j’ò ancora int j’ócc,Ho ancora negli occhi,In cima al molo,casadei,casadei__1
"e’ són dal cá e dla maràina,","il sonno delle case e della marina,",In cima al molo,casadei,casadei__1
i culùr de’ zíl,i colori del cielo,In cima al molo,casadei,casadei__1
"intènt ch’e’ s-ciaréva,","mentre albeggiava,",In cima al molo,casadei,casadei__1
e’ mumaint che e’ sol,il sole,In cima al molo,casadei,casadei__1
e’ spuntéva da e’ mèr,che spuntava dal mare,In cima al molo,casadei,casadei__1
e la vita ch’la cminzéva.,e la vita che ricominciava.,In cima al molo,casadei,casadei__1
La prupòsta,La proposta,In cima al molo,casadei,casadei__1
"Scusim, Signor, s’a m’ parmét","Scusatemi, Signore, se mi permetto",In cima al molo,casadei,casadei__1
ma se dòp ch’a so mórt,ma se dopo la morte,In cima al molo,casadei,casadei__1
ad là u m’ stà da stè la vita etérna,nell’aldilà mi attende la vita etèrna,In cima al molo,casadei,casadei__1
…u n’è mèj ch’a tira dret ad quà?,…non è meglio se tiro dritto di qua?,In cima al molo,casadei,casadei__1
I zirasùl dla luna,I girasoli della luna,In cima al molo,casadei,casadei__1
A sò zó,Sono triste,In cima al molo,casadei,casadei__1
ma sta nòta la luna la bréla,ma questa notte brilla la luna,In cima al molo,casadei,casadei__1
e e’ pansìr e’ tórna da lia.,e il pensiero torna a lei.,In cima al molo,casadei,casadei__1
"Óna ch’a n’ò mai cnusù,","Una che non ho mai conosciuto,",In cima al molo,casadei,casadei__1
ch’ò vest sól,che ho visto solo,In cima al molo,casadei,casadei__1
int l’ultma fotografia.,nell’ultima fotografia.,In cima al molo,casadei,casadei__1
Epù…,Eppure…,In cima al molo,casadei,casadei__1
la m’à lasè dàintar,mi ha lasciato dentro,In cima al molo,casadei,casadei__1
i culùr e al vósi d’un dopmezdé.,i colori e le voci di un pomeriggio.,In cima al molo,casadei,casadei__1
"I su zirasùl,","I suoi girasoli,",In cima al molo,casadei,casadei__1
d’atónd a cla cisina,attorno alla chiesina,In cima al molo,casadei,casadei__1
da du ch’l’è vluda pasè.,dove è voluta passare.,In cima al molo,casadei,casadei__1
Un vent e’ cuntèva,Un vento raccontava,In cima al molo,casadei,casadei__1
"che int una nóta,","che in una notte,",In cima al molo,casadei,casadei__1
"calèda trop prèst,","scesa troppo presto,",In cima al molo,casadei,casadei__1
u j’era una Luna cun una lusa,c’era una Luna così luminosa,In cima al molo,casadei,casadei__1
che i zirasùl,che faceva muovere,In cima al molo,casadei,casadei__1
i s’ ziréva l’istés.,i girasoli.,In cima al molo,casadei,casadei__1
"Me, invizi,","Mentre io,",In cima al molo,casadei,casadei__1
che par gnint am bót zó,che per poco mi affliggo,In cima al molo,casadei,casadei__1
"o a téng e’ mus,","o tengo il broncio,",In cima al molo,casadei,casadei__1
a sò cum e’ nótal,sono come il pipistrello,In cima al molo,casadei,casadei__1
ch’u n’ vàid la luna,che non vede la luna,In cima al molo,casadei,casadei__1
ch’la bréla int la nóta.,che brilla nella notte.,In cima al molo,casadei,casadei__1
Agli’éra na’ masa al dòni,Erano molte le donne,A MEZZO SERVIZIO,fabbri,fabbri__0
che la matèina prest,che al mattino presto,A MEZZO SERVIZIO,fabbri,fabbri__0
al ciapéva la curiera,prendevano la corriera,A MEZZO SERVIZIO,fabbri,fabbri__0
ma la staziòun ad Ciarasul,alla stazione di Cerasolo,A MEZZO SERVIZIO,fabbri,fabbri__0
per Rèmni.,per Rimini.,A MEZZO SERVIZIO,fabbri,fabbri__0
Al lavuréva tal chesi di sgnùr,Lavoravano nelle case dei signori,A MEZZO SERVIZIO,fabbri,fabbri__0
a mez servizi,a mezzo servzio,A MEZZO SERVIZIO,fabbri,fabbri__0
fina al quatri de dòp mizdè.,fino alle quattro del pomeriggio.,A MEZZO SERVIZIO,fabbri,fabbri__0
"A pid, so per la costa","A piedi, su per il pendio",A MEZZO SERVIZIO,fabbri,fabbri__0
"e’ pas l’era strach,","il passo era stanco,",A MEZZO SERVIZIO,fabbri,fabbri__0
"ma al duveva pansè mi fiùl znin,",ma dovevano pensare ai figli piccoli,A MEZZO SERVIZIO,fabbri,fabbri__0
e mi lavur dla chèsa,ed ai lavori di casa,A MEZZO SERVIZIO,fabbri,fabbri__0
che i’èra arvenz indrì.,che erano rimasti indietro.,A MEZZO SERVIZIO,fabbri,fabbri__0
LA SBÀNZLA,L'ALTALENA,A MEZZO SERVIZIO,fabbri,fabbri__0
La corda tachèda so,La corda legata,A MEZZO SERVIZIO,fabbri,fabbri__0
"te’ rem gros de’ canadà,","al grosso ramo del pioppo,",A MEZZO SERVIZIO,fabbri,fabbri__0
l’àsa per stè da sdé.,l’asse per stare seduti.,A MEZZO SERVIZIO,fabbri,fabbri__0
A s badurlimi agli óri,Passavamo ore,A MEZZO SERVIZIO,fabbri,fabbri__0
"sora la sbànzla, in che vulè","sull’altalena, in quel volare",A MEZZO SERVIZIO,fabbri,fabbri__0
se’ vènt ti cavél,col vento nei capelli,A MEZZO SERVIZIO,fabbri,fabbri__0
e’ pareva d’arvè t’e’ cièl.,pareva d’arrivare al cielo.,A MEZZO SERVIZIO,fabbri,fabbri__0
Po bel… quand e’ sól,Che bello… quando il sole,A MEZZO SERVIZIO,fabbri,fabbri__0
e’ sparpajéva agli ùtmi maci rossi,sparpagliava le ultime screziature rosse,A MEZZO SERVIZIO,fabbri,fabbri__0
"tra ‘l novli,","fra le nuvole,",A MEZZO SERVIZIO,fabbri,fabbri__0
"i lè sora, sal gambi stesi,","là in alto, a gambe tese,",A MEZZO SERVIZIO,fabbri,fabbri__0
"e’ paréva da tuchè sla punta di pid,","sembrava di toccare con la punta dei piedi,",A MEZZO SERVIZIO,fabbri,fabbri__0
la cresta ad Sanmarèin.,la cresta di San Marino.,A MEZZO SERVIZIO,fabbri,fabbri__0
MARIÙL,MARIA,A MEZZO SERVIZIO,fabbri,fabbri__0
Al tu mèni tra i cavèl,Le tue mani tra i capelli,A MEZZO SERVIZIO,fabbri,fabbri__0
"agli è stè carezi,","sono state carezze,",A MEZZO SERVIZIO,fabbri,fabbri__0
a n santiva gnènca,non sentivo nemmeno,A MEZZO SERVIZIO,fabbri,fabbri__0
i dint de pètni.,i denti del pettine.,A MEZZO SERVIZIO,fabbri,fabbri__0
Disdè m’e’ sòl,Sedute al sole,A MEZZO SERVIZIO,fabbri,fabbri__0
t’a m fèfti la trecia.,mi facevi la treccia.,A MEZZO SERVIZIO,fabbri,fabbri__0
"A ciacarìmi daventi la porta,","Chiacchieravamo davanti alla porta,",A MEZZO SERVIZIO,fabbri,fabbri__0
intent a guardimi i nòst,mentre guardavamo i nostri familiari,A MEZZO SERVIZIO,fabbri,fabbri__0
"che i’arcuiva e’ fóin t’e’ cróin,",che raccoglievano il fieno nel cesto di vimini,A MEZZO SERVIZIO,fabbri,fabbri__0
e te,e tu,A MEZZO SERVIZIO,fabbri,fabbri__0
t’a m pitnivti…,mi pettinavi…,A MEZZO SERVIZIO,fabbri,fabbri__0
DAPARMÈ,DA SOLA,A MEZZO SERVIZIO,fabbri,fabbri__0
Al bev tot,Lo bevo tutto,A MEZZO SERVIZIO,fabbri,fabbri__0
sta zet,questo silenzio,A MEZZO SERVIZIO,fabbri,fabbri__0
"ch’u j’è ad chèsa,","dentro casa,",A MEZZO SERVIZIO,fabbri,fabbri__0
snà al lanzèti,solo le lancette,A MEZZO SERVIZIO,fabbri,fabbri__0
dl’arlòz tachèd t’e’ mur,dell’orologio appeso al muro,A MEZZO SERVIZIO,fabbri,fabbri__0
li m fa cumpagnia.,mi fanno compagnia,A MEZZO SERVIZIO,fabbri,fabbri__0
"L’è mezanòta,",È notte fonda,FANTASIE,fabbri,fabbri__1
ho las in zir,ho lasciato in giro,FANTASIE,fabbri,fabbri__1
la mi s-ciòfla,la mia ciabatta,FANTASIE,fabbri,fabbri__1
a sper che qualcun,spero che qualcuno,FANTASIE,fabbri,fabbri__1
u la trova,la troovi,FANTASIE,fabbri,fabbri__1
me intènt,io intanto,FANTASIE,fabbri,fabbri__1
a las la porta verta…,lascio la porta aperta…,FANTASIE,fabbri,fabbri__1
I tu oc,I tuoi occhi,LA PENTOLA,fabbri,fabbri__2
i guèrda ma tera,guardano in basso,LA PENTOLA,fabbri,fabbri__2
ho mes,ho messo,LA PENTOLA,fabbri,fabbri__2
la pgnata se fugh,la pentola sul fuoco,LA PENTOLA,fabbri,fabbri__2
aspet che l’aqua la bol,aspetto che l’acqua bolla,LA PENTOLA,fabbri,fabbri__2
aspet che te zcòr…,aspetto che tu parli…,LA PENTOLA,fabbri,fabbri__2
A j’ò un non so che,Ho un non so che,SMANIA,fabbri,fabbri__3
"masòs,","addosso,",SMANIA,fabbri,fabbri__3
a n so cusèl ch’l’è,non so cos’è,SMANIA,fabbri,fabbri__3
ò voia ad tot,ho voglia di tutto,SMANIA,fabbri,fabbri__3
a n’ò voia d’gnìnt.,e di niente.,SMANIA,fabbri,fabbri__3
At fura,Fuori,SMANIA,fabbri,fabbri__3
e’ ciel u n’à culór,il cielo non ha colore,SMANIA,fabbri,fabbri__3
iquè daparme,"io, qui da sola,",SMANIA,fabbri,fabbri__3
i mur,le pareti,SMANIA,fabbri,fabbri__3
a i sint trop stret,le sento troppo strette,SMANIA,fabbri,fabbri__3
Nu’ stà,Non stare,Pensieri,fabbri,fabbri__4
a tèsta basa,a testa bassa,Pensieri,fabbri,fabbri__4
si’ tu pensir,con i tuoi pensieri,Pensieri,fabbri,fabbri__4
"tènt, ma’ tera","tanto, a terra",Pensieri,fabbri,fabbri__4
t’a n tròv oz,non trovi oggi,Pensieri,fabbri,fabbri__4
quel ch’ u n gn’éra ìr.,quello che non c’era ieri.,Pensieri,fabbri,fabbri__4
La név la’n gn’éra,La neve non c’era,​Abbracciati,fabbriA,fabbriA__0
mo l’éra coma ch’la i fos.,ma era come se ci fosse.,​Abbracciati,fabbriA,fabbriA__0
"A so sól ch’a séva a e’ mònd,","So solo che ero viva,",​Abbracciati,fabbriA,fabbriA__0
"avéva dal braz lònghi,","le mie braccia erano lunghe,",​Abbracciati,fabbriA,fabbriA__0
da fê’ e’ žir de mònd e brazêl.,da fare il giro del mondo e abbracciarlo.,​Abbracciati,fabbriA,fabbriA__0
"Te t’am tniva streta,","Tu mi tenevi stretta,",​Abbracciati,fabbriA,fabbriA__0
par nö fêm invulê’ in tot che fred.,per non farmi volar via in tutto quel freddo.,​Abbracciati,fabbriA,fabbriA__0
U m’pê’ impusèbil,Mi sembra impossibile,​Abbracciati,fabbriA,fabbriA__0
"mo in cla nöt giazêda,","ma, in quella notte gelida,",​Abbracciati,fabbriA,fabbriA__0
a sen sté bon d’stê’ tot du,siamo riusciti a state tutti e due,​Abbracciati,fabbriA,fabbriA__0
sot’una cvérta.,sotto una coperta.,​Abbracciati,fabbriA,fabbriA__0
"A e’ bur, zet,","Al buio, zitti,",​Abbracciati,fabbriA,fabbriA__0
a cuntês di fët.,a raccontarci storie.,​Abbracciati,fabbriA,fabbriA__0
…Incóra adës,Persino ora,,fabbriA,fabbriA__1
a m’dmënd se t’avnires cun me,mi chiedo se verresti con me,,fabbriA,fabbriA__1
"in žir ins un lët, stanöt, int e’ zil","in giro su un letto, stanotte, nel cielo",,fabbriA,fabbriA__1
"coma agli astronaute,",come le astronaute,,fabbriA,fabbriA__1
a gvardê ignacvël d’in êlt.,a guardare tutto dall’alto,,fabbriA,fabbriA__1
E cun piò ch’a végh luntân,E più vado lontano,,fabbriA,fabbriA__2
cun piò ch’a so indo ch’a stëgh.,più so dove abito.,,fabbriA,fabbriA__2
Sól cvând ch’a so ‘riva d’cò,Solo quando sono arrivata in fondo,,fabbriA,fabbriA__2
u m’ven int la ment com ch’u s’fa a andês a ca.,mi ricordo come si fa a tornare a casa.,,fabbriA,fabbriA__2
"Da la matèina prëst, che ancóra u n gn’ ëra e’ sól, l’ ëra stéṡa la bughéda t l’ ëra.","Dalla mattina presto, ché ancora non c’era il sole, era steso il bucato nell’aia.",Il bucato,fabbri,fabbri__2__0
La mùsica la n si santìva,La musica non si sentiva,Il bucato,fabbri,fabbri__2__0
e’ mèsstri u n si vidìva.,il maestro non si vedeva.,Il bucato,fabbri,fabbri__2__0
S’ un fìl ad vënt i lanzùl i balëva l istèss.,Con un filo di vento i lenzuoli ballavano lo stesso.,Il bucato,fabbri,fabbri__2__0
"L ëra un vìa vài ad döni, s’ la sèccia, la bacinëla, sọ e żọ per la schéla s’ l’ àqua chélda de’ caldìr.","Era un viavai di donne, col secchio, la bacinella, su e giù per la scala con l’acqua calda della caldaia.",La notizia,fabbri,fabbri__2__1
"Sugamën biénc, cadèin, tìl ad lanzùl.","Asciugamani bianchi, catini, teli di lenzuolo.",La notizia,fabbri,fabbri__2__1
U i ëra un gràn sfugnẹzz quànd u s parturìva ad chéṡa.,C’era una gran confusione quando si partoriva in casa.,La notizia,fabbri,fabbri__2__1
"Pọ u s santìva pièggn e’ burdlìn,","Poi si sentiva piangere il bimbo,",La notizia,fabbri,fabbri__2__1
"i dulùr i ëra pàs, e’ vìa vài fnìd.","i dolori erano passati, il viavai finito.",La notizia,fabbri,fabbri__2__1
"U s pasëva vóṡa,","Si passava voce,",La notizia,fabbri,fabbri__2__1
"qualcdùn ad cùrsa e’ purtëva la növa m’ e’ marìd, ch’ l arëva in chéva la préṡa.","qualcuno di corsa portava la notizia al marito, che arava in fondo alla presa.",La notizia,fabbri,fabbri__2__1
"I vistìd i ëra grànd,","I vestiti erano grandi,",La fola,fabbri,fabbri__2__2
u s capìva bën quànd al döni agl’ aspitëva un burdël.,si capiva bene quando le donne aspettavano un bambino.,La fola,fabbri,fabbri__2__2
"E’ dẹ dòpp ch’ l ëra nëd i vṡèin i s gìva ‒ ma nùn burdẹll ‒ che la nöta i l avìva tröv t l ört, sòtta i chévli.",Il giorno dopo che era nato i vicini ci dicevano – a noi bambini – che la notte l’avevano trovato nell’orto sotto i cavoli.,La fola,fabbri,fabbri__2__2
"Lọ quàtri pàs davënti, lìa di drì, al spàli göbi, i ọcc’ ma tëra.","Lui quattro passi avanti, lei dietro, le spalle ingobbite, gli occhi a terra.",Lui e lei,fabbri,fabbri__2__3
Lìa la n à snò e’ péṡ dal bórsi dla spéṡa.,Lei non ha solo il peso delle borse della spesa.,Lui e lei,fabbri,fabbri__2__3
L è arvënz snò un vëṡ ad geràni sla fnëstra.,È rimasto solo un vaso di gerani sulla finestra.,Il vaso di gerani,fabbri,fabbri__2__4
"L è mëż bruṡëd d’ e’ frèdd,","È mezzo bruciato dal freddo,",Il vaso di gerani,fabbri,fabbri__2__4
ma chi dọ fiùr rọss i n vö murì.,ma quei due fiori rossi non vogliono morire.,Il vaso di gerani,fabbri,fabbri__2__4
"La s përd davënti mu mẹ cla curòuna ad mùnt,","Si perde davanti a me quella corona di monti,",Neve,fabbri,fabbri__2__5
s’ e’ vél da spóṡa l è na maravẹa.,con il velo da sposa è una meraviglia.,Neve,fabbri,fabbri__2__5
A stàg ilẹ a guardëla.,Sto lì a guardarla.,Neve,fabbri,fabbri__2__5
"Cla caparëla biénca la crùv tọtt al röbi,","Quel mantello bianco copre tutte le cose,",Neve,fabbri,fabbri__2__5
"u i è un udór particulër,","c’è un odore particolare,",Neve,fabbri,fabbri__2__5
e u m ciàpa un sentimënt ch’ u m arpörta indrì.,e mi prende un sentimento che mi riporta indietro.,Neve,fabbri,fabbri__2__5
"L invërni l ëra lònng e frèdd,","L’inverno era lungo e freddo,",Neve,fabbri,fabbri__2__5
"e’ nëṡ giàz,","il naso gelato,",Neve,fabbri,fabbri__2__5
"al mëni sënza guënt,","le mani senza guanti,",Neve,fabbri,fabbri__2__5
e i pìd instichéd drëntra la nìva fìna al ṡnöci per andë a scöla.,i piedi affondati dentro la neve fino alle ginocchia per andare a scuola.,Neve,fabbri,fabbri__2__5
E’ bufëva una màsa cla völta.,Nevicava molto quella volta.,Neve,fabbri,fabbri__2__5
"I nọsst i stëva sọ prëst per fë la ròtta s’ e’ badìl, da la pörta fìna la strëda, da la pörta fìna l’ ëra.","I nostri si alzavano presto per aprire un sentiero col badile, dalla porta fino alla strada, dalla porta fino all’aia.",Neve,fabbri,fabbri__2__5
"U n si cuntëva i dẹ, sperànd ch’ l’ andẹss vìa prëst,","Non si contavano i giorni, sperando che se ne andasse presto,",Neve,fabbri,fabbri__2__5
"u s aspitëva,","si aspettava,",Neve,fabbri,fabbri__2__5
u s aspitëva l’ ària tèvvda.,si aspettava l’aria tiepida.,Neve,fabbri,fabbri__2__5
Öż l è cumè arcurdë una vëcia fòlla.,Oggi è come ricordare una vecchia favola.,Neve,fabbri,fabbri__2__5
La vóṡa chélda fìn da matèina prëst e’ paréva da bévla drënta la tàza de’ làt.,La voce calda fin dalla mattina presto sembrava di berla dentro la tazza del latte.,La porta aperta,fabbri,fabbri__2__6
Al strisëva al pìghi dla tu sutëna tra al röbi dla cuṡèina.,Strisciavano le pieghe della tua sottana fra le cose della cucina.,La porta aperta,fabbri,fabbri__2__6
"A t guardëva s’ la mi muṡaröla,","Ti guardavo col mio musetto sporco,",La porta aperta,fabbri,fabbri__2__6
a t guardëva la dmènnga s’ e’ vistìd növ.,ti guardavo la domenica col vestito nuovo.,La porta aperta,fabbri,fabbri__2__6
"La s è sbiavì d afàt l’ infẹżżna t e’ spëc’ de’ cumò,","Si è sbiadita del tutto l’immagine nello specchio del comò,",La porta aperta,fabbri,fabbri__2__6
la s è lugrë la paranënza.,si è logorato il grembiule.,La porta aperta,fabbri,fabbri__2__6
T e’ scùr dla chéṡa e’ mi pàs e’ trambàla,Nel buio della casa il mio passo traballa,La porta aperta,fabbri,fabbri__2__6
e t l insọggne la tu mëna l’ arcuclëva i mi cavẹll.,e nel sogno la tua mano accarezzava i miei capelli.,La porta aperta,fabbri,fabbri__2__6
"L è stë un ṡgònnd,","È stato un secondo,",La porta aperta,fabbri,fabbri__2__6
u i ëra d arnöv la tu infẹżżna t e’ spëc’ e al pẹddghi t la pòllvra.,c’era di nuovo la tua immagine nello specchio e le impronte nella polvere.,La porta aperta,fabbri,fabbri__2__6
L ëra pàs l ëla d un ànżli,Era passata l’ala di un angelo,La porta aperta,fabbri,fabbri__2__6
e u m à làs la pörta vërta.,e mi ha lasciato la porta aperta.,La porta aperta,fabbri,fabbri__2__6
"L è ilażọ se’ mër,","È laggiù sul mare,",Il vento,fabbri,fabbri__2__7
"nọvvli ciachédi e nìri,","nuvole schiacciate e nere,",Il vento,fabbri,fabbri__2__7
"e’ dà d mörs m’ i scọi,","morde gli scogli,",Il vento,fabbri,fabbri__2__7
la s arùgla la sàbia.,si arrotola la sabbia.,Il vento,fabbri,fabbri__2__7
"La su galöpa sọ tla culèina la ṡmàna, la ṡbàt","Il suo galoppo su per la collina scompiglia, sbatte",Il vento,fabbri,fabbri__2__7
i rëm i gratùṡa e’ cél.,i rami grattugiano il cielo.,Il vento,fabbri,fabbri__2__7
"E’ spàza e u s gòunfia,","Spazza e si gonfia,",Il vento,fabbri,fabbri__2__7
"e’ mastìga e u s mëṡa t i cantùn,",mastica e si nasconde negli angoli,Il vento,fabbri,fabbri__2__7
"e’ scapọzza t i scalèin,","inciampa negli scalini,",Il vento,fabbri,fabbri__2__7
"e’ mëṡna e e’ sòffia t i camèin,","macina e soffia nei camini,",Il vento,fabbri,fabbri__2__7
"e’ dàndla sla cìma de’ tètt,","oscilla sulla cima dei tetti,",Il vento,fabbri,fabbri__2__7
e’ càla e e’ biàsa spèssa la tènnda.,cala e biascica dietro la tenda.,Il vento,fabbri,fabbri__2__7
"La su cantëda l’ è una cantëda lònnga,","Il suo canto è un canto lungo,",Il vento,fabbri,fabbri__2__7
"mẹ a sìnt frèdd,","io sento freddo,",Il vento,fabbri,fabbri__2__7
"che’ dùl u m dà dàn,","quel lamento mi infastidisce,",Il vento,fabbri,fabbri__2__7
"a l ciùd ad fùra e’ vënt,","lo chiudo di fuori il vento,",Il vento,fabbri,fabbri__2__7
ma al sìnt da tònnda l istèss.,ma lo sento attorno lo stesso.,Il vento,fabbri,fabbri__2__7
"L udór che t ë làs u i è ancóra t i pàn dl armëri, e’ sudór dal fadìghi tla cuërta che la n s è mài sughé.","L’odore che hai lasciato c’è ancora nei panni dell’armadio, il sudore delle fatiche nella coperta che non si è mai asciugata.",L’odore delle cose,fabbri,fabbri__2__8
"Sọ e żọ per la schéla,","Su e giù per la scala,",L’odore delle cose,fabbri,fabbri__2__8
"i fiùl tla brazëda,","i figli in braccio,",L’odore delle cose,fabbri,fabbri__2__8
"stë sọ s’ e’ sól,","alzarsi col sole,",L’odore delle cose,fabbri,fabbri__2__8
"e’ pën fàt ad chéṡa,","il pane fatto in casa,",L’odore delle cose,fabbri,fabbri__2__8
ögni röba u i ëra la tu mëna.,in ogni cosa c’era la tua mano.,L’odore delle cose,fabbri,fabbri__2__8
"Li s mucéva al staṡòun,","Si ammucchiavano le stagioni,",L’odore delle cose,fabbri,fabbri__2__8
"i zọccli t i pìd,","gli zoccoli ai piedi,",L’odore delle cose,fabbri,fabbri__2__8
"la sutëna bagnéda,","la sottana bagnata,",L’odore delle cose,fabbri,fabbri__2__8
"e’ ruṡëri la séra,","il rosario la sera,",L’odore delle cose,fabbri,fabbri__2__8
un sprài t i ọcc’ mai ṡmörz.,una luce negli occhi mai spenta.,L’odore delle cose,fabbri,fabbri__2__8
"E s’ e’ bastòun chi dọ pàs, a modapèina u t aiutëva a stë in pìd.","E col bastone quei due passi, a malapena ti aiutava a stare in piedi.",L’odore delle cose,fabbri,fabbri__2__8
"La tësta biénca,","La testa bianca,",L’odore delle cose,fabbri,fabbri__2__8
"la schìna pighéda,","la schiena piegata,",L’odore delle cose,fabbri,fabbri__2__8
isẹ znìna,così piccola,L’odore delle cose,fabbri,fabbri__2__8
t cìrti artórna burdëla.,eri tornata bambina.,L’odore delle cose,fabbri,fabbri__2__8
E’ sól l ëra żà ëlt:,Il sole era già alto:,L’odore delle cose,fabbri,fabbri__2__8
t e’ zẹtt ad cla matèina la n s è vërta la tènnda dla tu fnëstra.,nel silenzio di quella mattina non si è aperta la tenda della tua finestra.,L’odore delle cose,fabbri,fabbri__2__8
An me cardéva,Non avrei mai creduto,L’intelligenza artificiale,fabi,fabi__0
mai a e’ mònd,mai al mondo,L’intelligenza artificiale,fabi,fabi__0
"che l’òman d’incù,","che l’uomo d’oggi,",L’intelligenza artificiale,fabi,fabi__0
ch’ e’ ciòta e’zil ad fòm e pôrbia,che copre il cielo di fumo e polvere,L’intelligenza artificiale,fabi,fabi__0
ch’ l’invlèna i fiù e e’ mêr,che avvelena i fiumi e il mare,L’intelligenza artificiale,fabi,fabi__0
"ch’ e’ taja e brusa j’élbur di bosch,","che taglia e brucia gli alberi dei boschi,",L’intelligenza artificiale,fabi,fabi__0
"par fê’ sèmpar piò bajòch,","per arricchirsi sempre di più,",L’intelligenza artificiale,fabi,fabi__0
"e’ pinsès ad stugê’, ad dè e ad nöta","pensasse di studiare, giorno e notte,",L’intelligenza artificiale,fabi,fabi__0
"par fê’ un òman ad lata còma lò,","per fare un uomo di metallo come lui,",L’intelligenza artificiale,fabi,fabi__0
mitèndi una masa ad fil int e’ zarvël,mettendogli un mucchio di fili nel cervello,L’intelligenza artificiale,fabi,fabi__0
e… fêl scòrar.,e… farlo parlare.,L’intelligenza artificiale,fabi,fabi__0
"E’ pê’ ch’u j’épa za arspòst, un pô instizì:","Sembra che gli abbia già risposto, un po’ arrabbiato:",L’intelligenza artificiale,fabi,fabi__0
“S’a sit dvintê mat?,“Ma sei diventato matto?,L’intelligenza artificiale,fabi,fabi__0
T’a n’avré mìga che me,Non vorrai mica che io,L’intelligenza artificiale,fabi,fabi__0
a pensa còma te!”,pensi come te!”,L’intelligenza artificiale,fabi,fabi__0
A sêma a têvla tøtt déṡ insêm:,Eravamo a tavola tutti e dieci insieme:,Il puntiglio,facciani,facciani__0
"mè a féva e’ bẹcc’, parchè i m éva dêt, ṡgoenda mè, mênc faṡól ch’ nè ma chi élt.","io tenevo il puntiglio, perché mi avevano dato, secondo me, meno fagioli rispetto agli altri.",Il puntiglio,facciani,facciani__0
"Alóra e’ mi bà, støff, coemm u s fà cérti vólti par imbrujê i burdèll, u impoezza e’ ramajól int la pgnatìna ṡvùita e,","Allora mio babbo, stufo, come si fa certe volte per imbrogliare i bambini, affonda il ramaiolo nella pentola vuota e,",Il puntiglio,facciani,facciani__0
"ṡvélt ṡvélt, u m fà créd ad mẹtt di élt faṡól int e’ mi piàt.","svelto svelto, mi fa credere di mettere altri fagioli nel mio piatto.",Il puntiglio,facciani,facciani__0
"«I t bàsta adës, gnurglöna che tu n cé êlt?!».","«Ti bastano ora, piagnucolona che non sei altro?!».",Il puntiglio,facciani,facciani__0
"E mè, gnẹnca tênta cuntênta, parchè pù i faṡól i n mi piaṡéva gnẹnca, a murmugnètt: «Adësa sẹ ch’ i è sà!».","Ed io, neanche tanto contenta, perché poi i fagioli non mi piacevano neppure, mormorai: «Ora sì che sono abbastanza!».",Il puntiglio,facciani,facciani__0
"E i mi fradèll piø grènd, chi s n éra dét dl imbroei, i schjupètt giø d’ e’ rìd.","E i miei fratelli più grandi, che si erano accorti dell’imbroglio, scoppiarono a ridere.",Il puntiglio,facciani,facciani__0
"Par mè, d acórd: i faṡól l éra sênpra quì,","Per me, d’accordo: i fagioli erano sempre quelli,",Il puntiglio,facciani,facciani__0
"mö intênt i s n éra dét ad mè, ch’ a séra la piø scurdêta ad tøtt.","ma intanto si erano accorti di me, che ero la più dimenticata di tutti.",Il puntiglio,facciani,facciani__0
L éra e’ tênp ad méd:,Era il tempo di mietere:,Il tempo di mietere,facciani,facciani__1
e’ bà u batìva al fêlci nênz tênp.,il babbo batteva le falci per tempo.,Il tempo di mietere,facciani,facciani__1
"L’ êja, raspêta, la i éra lẹssa cmè un piàt.","L’aia, ripulita, era liscia come un piatto.",Il tempo di mietere,facciani,facciani__1
"I partìva prêma de’ dẹ, un brênc: al döni s’ la capëla e i oemni s’ e’ brètt da rvérs.","Partivano prima che facesse giorno, in gruppo: le donne con il cappello di paglia, gli uomini col berretto all’indietro.",Il tempo di mietere,facciani,facciani__1
"E i znìn i i andéva incöntra piø têrd, s’ la ligàcia dla claziön.","E i piccoli andavano loro incontro più tardi, con la “legaccia” della colazione.",Il tempo di mietere,facciani,facciani__1
"A l’ ópra, ognùn la su amnêta: un grànd e un ragaztìn, un grànd e un znìn, da dré.","Una volta all’opera, ognuno la sua banda da mietere: un adulto e un bambino, un adulto e un bambino, vicino.",Il tempo di mietere,facciani,facciani__1
"E’ grànd, ögni tênt, u déva una falcêta int l’ amnêta de’ znìn par tirél sø fìn in chêv.","L’adulto, ogni tanto, dava una falciata nella banda del piccolo, per tirarlo su fino in cima.",Il tempo di mietere,facciani,facciani__1
"«Avênti burdèll, ramajênci: fnìt e’ cantér, tøtta gabanëla!».","«Avanti ragazzi, fatevi coraggio: finito il campo, tutta baldoria!».",Il tempo di mietere,facciani,facciani__1
"La séra, strècc ṡlambét, u i éra ancóra un crẹi d voejja par al previṡiön de’ grên:","La sera, stanchi da non poterne più, c’era ancora la voglia per stimare il raccolto:",Il tempo di mietere,facciani,facciani__1
"«St’ àn l è garnêt, l è spighét bên.",«Quest’anno la spiga è ben tosta.,Il tempo di mietere,facciani,facciani__1
Par mè a n avrên piø d àn…».,Per me ne avremo più dell’anno scorso…».,Il tempo di mietere,facciani,facciani__1
«Mè a dẹgg ch’ a n avrên tàc i nuvênta…».,«Io dico che ne avremo intorno ai novanta quintali…».,Il tempo di mietere,facciani,facciani__1
"«Oh, càla, càla: ch’ a n eṡagerêna!».","«Oh, cala, cala: non esageriamo!».",Il tempo di mietere,facciani,facciani__1
E l éra sênpr e’ bà ch’ u i andéva piø da dré.,E era sempre il babbo che ci andava più vicino.,Il tempo di mietere,facciani,facciani__1
"Bà, a t ö da dì un quël:","Babbo, ti devo dire una cosa:",Il bicchiere di mio babbo,facciani,facciani__2
"int la cardênza, int un cantön, u i è ancóra e’ tu bichjér","nella credenza, in un angolo, c’è ancora il tuo bicchiere",Il bicchiere di mio babbo,facciani,facciani__2
(la màma la l à tnùt da cönt!).,(la mamma lo ha tenuto da conto!).,Il bicchiere di mio babbo,facciani,facciani__2
"S’ e’ cùl strètt, la boecca lêrga… ênca la tu mêna, cla purètta, la glia la féva a chjapêl sø.","Col fondo stretto, la bocca larga… anche la tua mano, quella colpita in guerra, riusciva ad afferrarlo.",Il bicchiere di mio babbo,facciani,facciani__2
"Ah, a m arcùrd coemm tu gìva:","Ah, mi ricordo come dicevi:",Il bicchiere di mio babbo,facciani,facciani__2
"«U sarà un’ idéa, mö mu mè u m piéṡ ad bé int e’ mi bichjér!","«Sarà una mia idea, ma a me piace bere nel mio bicchiere!",Il bicchiere di mio babbo,facciani,facciani__2
"Cardìl, ênc un pó ad sanżvéṡ, ad che’ mênc bön, mu mè u m pêr piø bön int e’ mi bichjér!","Credetelo, anche un po’ di sangiovese, di quello meno buono, a me sembra più buono nel mio bicchiere!",Il bicchiere di mio babbo,facciani,facciani__2
E pù l è inøttli: e’ bé nér u bṡoeggna bél int e’ vétri chjêr!».,E poi è inutile: il vino rosso bisogna berlo nel vetro chiaro!».,Il bicchiere di mio babbo,facciani,facciani__2
"Mö dìm, dìm piø-töst bà:","Ma dimmi, dimmi babbo piuttosto:",Il bicchiere di mio babbo,facciani,facciani__2
coemm tu sté a lẹ doe t cé?,come stai lì dove ti trovi?,Il bicchiere di mio babbo,facciani,facciani__2
U t piéṡ ancóra acsẹ tênt ad burlé?,Ti piace ancora così tanto burlare?,Il bicchiere di mio babbo,facciani,facciani__2
"Ah, a m arcùrd e’ tu utimìṡmi ‒ oh Dìo ac parulöna!","Ah, me lo ricordo il tuo ottimismo – oh Dio che parolona!",Il bicchiere di mio babbo,facciani,facciani__2
"Tu gìva: «Chẹi t vó ch’ u sìa pr una mêna toecca, par vé fàt la guëra de’ Quarênta?","Tu dicevi: «Cosa vuoi che sia avere una mano appena lesa, per avere fatto la guerra del Quaranta?",Il bicchiere di mio babbo,facciani,facciani__2
Mè a i sö: e quì ch’ i n gn’ è piø da un pëz?!».,Io ci sono: e chi non c’è da un bel pezzo?!».,Il bicchiere di mio babbo,facciani,facciani__2
Mè a l ö dẹtt iarséra sa la màma: «U i vrẹbb e’ bà adës a vdé coemm a c’ cêm ardøtt: un viavài ch’ u n s capẹss gnẹnt.,Io l’ho detto con la mamma: «Ci vorrebbe il babbo ora per vedere come ci siamo ridotti: un viavai che non si capisce nulla.,Il bicchiere di mio babbo,facciani,facciani__2
A n-n ên gnẹnca e’ tênp ad arfiadê».,Non abbiamo il tempo nemmeno di fiatare».,Il bicchiere di mio babbo,facciani,facciani__2
Lù u c’ girẹbb da dlẹ doevv l è:,Lui ci direbbe da lì dove si trova:,Il bicchiere di mio babbo,facciani,facciani__2
"«Par rivé doevv a sö mè, a pudì andê ênca piø piên…».","«Per arrivare dove sono io, potete andare anche più piano…».",Il bicchiere di mio babbo,facciani,facciani__2
Adëş ch’a j'ò la babina,Adesso che ho la bambina,Adesso,fiori,fiori__0
a pâs dal nòt şguicend,passo delle notti controllando,Adesso,fiori,fiori__0
se i su òcc is sëra,se i suoi occhi si chiudono,Adesso,fiori,fiori__0
méntar che i mi,mentre i miei,Adesso,fiori,fiori__0
incôra i n’a capì,ancora non hanno capito,Adesso,fiori,fiori__0
che adës j’à na padrôna,che adesso hanno una padrona,Adesso,fiori,fiori__0
ch'la i fa córar só e zó,che li fa correre su e giù,Adesso,fiori,fiori__0
parchè a li un gn’impôrta,perché a lei non importa,Adesso,fiori,fiori__0
se lô un pô i ziga e un pô i stamèȥa.,se loro un po’ urlano e un po’ scalpitano.,Adesso,fiori,fiori__0
Un dè cóma cvèst a duvrèb mètal da pêrt,Un giorno come questo dovrei metterlo da parte,Sono perle,fiori,fiori__1
e fé cônt ch'un fòss mai nêd,e far finta non fosse mai nato,Sono perle,fiori,fiori__1
parché al mi vój al nj’ etra,perché le mie voglie non ci entrano,Sono perle,fiori,fiori__1
e la mi ca la m ciapa,e la mia casa mi prende,Sono perle,fiori,fiori__1
cóma ch’la fòss la prèma völta.,come fosse la prima volta.,Sono perle,fiori,fiori__1
A gli’é pēral i mi sógn,Sono perle i miei sogni,Sono perle,fiori,fiori__1
cun e’ fil rót in piò pônt.,con il filo rotto in più punti.,Sono perle,fiori,fiori__1
Stanòt,Stanotte,Sono perle,fiori,fiori__1
"Stanòt un’s dorma, alôra a m’êlz","Stanotte non si dorme, allora mi alzo",Sono perle,fiori,fiori__1
e a guêrd fura tra lôm e scùr,e guardo fuori tra la luce e il buio,Sono perle,fiori,fiori__1
"la luş ch’l’ariva, côma tót i dè.","la luce che arriva, come tutti i giorni.",Sono perle,fiori,fiori__1
"Um vé in faza e’ frèd, e' zirlè","Mi arriva in faccia il freddo, il canto",Sono perle,fiori,fiori__1
​di’uşël e i silénzi.,degli uccelli e il silenzio.,Sono perle,fiori,fiori__1
A stêg cvè d’asté un bôn pinşir,Sto qui ad aspettare un pensiero buono,Sono perle,fiori,fiori__1
ch’um toja par mân e um dêga na careza.,che mi prenda per mano e mi faccia una carezza.,Sono perle,fiori,fiori__1
9 giugno 2020,9 giugno 2020,Sono perle,fiori,fiori__1
Incù a ciumpes stânt’ân,Oggi compio settant’anni,Sono perle,fiori,fiori__1
e um pè impuşèbil.,e mi sembra impossibile.,Sono perle,fiori,fiori__1
J’ân dla zuvantó im paşa davânti,Gli anni dell’infanzia e della gioventù,Sono perle,fiori,fiori__1
côma ch’a fos a e ‘cino,mi passano davanti come fossi al cinema,Sono perle,fiori,fiori__1
"e j’è luntân, incastré int un sas","e sono lontani, incastonati in un cameo",Sono perle,fiori,fiori__1
"mo dai zinquanta in só, j’è vulé",ma dai cinquanta son volati come un lampo,Sono perle,fiori,fiori__1
Cóma us fa prëst a invcés,Come si fa presto ad invecchiare,Sono perle,fiori,fiori__1
cóma us fa prëst arivè a la fén.,come si fa presto giungere alla fine.,Sono perle,fiori,fiori__1
"Da zovna am dgiéva, u j’é témp","Da giovane dici, c’è tempo",Sono perle,fiori,fiori__1
adëş am cmènd quânt’ a j'in sral incôra.,"adesso ti chiedi, quanto ce ne sarà ancora",Sono perle,fiori,fiori__1
E a viv atachêda ad un fil gròs,E vivo attaccata a un fil di ferro,Sono perle,fiori,fiori__1
"e ogni tânt a cuntról se, par chêş","e ogni tanto guardo se, per caso",Sono perle,fiori,fiori__1
us sta cminzénd a sfilazê.,si potrebbe staccare.,Sono perle,fiori,fiori__1
Dal vôlt,Delle volte,Sono perle,fiori,fiori__1
"Dal vôlt, quând incôra a sò","Delle volte, quando ancora sono",Sono perle,fiori,fiori__1
tra i sógn e la végia,tra il sogno e la sveglia,Sono perle,fiori,fiori__1
um vè a truvè un sentimênt,mi viene a trovare un sentimento,Sono perle,fiori,fiori__1
"na sensaziòn, caicvël","una sensazione, qualcosa",Sono perle,fiori,fiori__1
"ch’al sènt me, mò magàri nénc di étar","che sento io, ma magari anche degli altri",Sono perle,fiori,fiori__1
parchè déntar a s’asarmien un pò tót.,perché dentro ci assomigliamo un po’ tutti.,Sono perle,fiori,fiori__1
"La zént, nénc quèla ch’la pè insensèbila","La gente, anche quella che sembra insensibile",Sono perle,fiori,fiori__1
se t’ vè a scavê l’è pina ad frid,se vai a scavare è piena di ferite,Sono perle,fiori,fiori__1
"e ad puişea, nénc s’la n sa d’avéla.","e di poesia, anche se non sa di averla.",Sono perle,fiori,fiori__1
Spiré int i zuvan,Sperare nei giovani,Sono perle,fiori,fiori__1
Um ven da pinsê’ che magàri in sti dé,Mi viene da pensare che magari in queste giornate,Sono perle,fiori,fiori__1
a staşen imparènd a fês cont,stiamo imparando a tener conto,Sono perle,fiori,fiori__1
dla ròba ch’aven a cà nòstra,delle cose di casa nostra,Sono perle,fiori,fiori__1
senza tròpi maravèj e puch caprèzi.,senza troppe smancerie e pochi capricci.,Sono perle,fiori,fiori__1
Mo pu am vult indrì,Poi mi volto indietro,Sono perle,fiori,fiori__1
e am cménd se l’avânzarà caicvël d’bon,e mi chiedo se rimarrà qualcosa di buono,Sono perle,fiori,fiori__1
cvând la malatèa de mónd la srà fnida.,quando la malattia del mondo sarà finita.,Sono perle,fiori,fiori__1
"Spirê’ int i zuvan, i diş","Speriamo nei giovani, dicono",Sono perle,fiori,fiori__1
"spirê’ ch’i sea mej ad nó, a dégh","speriamo siano meglio di noi, io dico",Sono perle,fiori,fiori__1
"e ch’i véga avânti, a m’êvgur","e che vadano avanti, mi auguro",Sono perle,fiori,fiori__1
senza purtês drì e’ nòstr’eşempi.,senza portar con loro il nostro esempio.,Sono perle,fiori,fiori__1
No t'murtê...,Non spegnerti...,Per te,fusignani,fusignani__0
No murtèm.,non spegnermi.,Per te,fusignani,fusignani__0
Lësm'incôra,Lasciami ancora,Per te,fusignani,fusignani__0
l'ingãn d'un sogn.,l'illusione del sogno.,Per te,fusignani,fusignani__0
'che fulèt,Di quel folletto,Per te,fusignani,fusignani__0
sufié sra 'e fùgh.,soffiato sul fuoco.,Per te,fusignani,fusignani__0
Che sgònd mai fnì,Quell’attimo d'infinito,Per te,fusignani,fusignani__0
rispirê insen a te.,respirato con te.,Per te,fusignani,fusignani__0
Trop curt par piãnzal,Troppo breve per piangerlo,Per te,fusignani,fusignani__0
trop fôrt par sminghël.,troppo intenso per dimenticarlo.,Per te,fusignani,fusignani__0
No murtèm,Non spegnermi,Per te,fusignani,fusignani__0
No t’ murtê...,non spegnerti...,Per te,fusignani,fusignani__0
U i è mièra d’an ad vol,Ci sono migliaia di anni di volo,POCO VERDE,gabellini,gabellini__0
ti schért dal rundanèine ch’li s dà drì.,negli scarti delle rondini che si inseguono.,POCO VERDE,gabellini,gabellini__0
Lôi che già e’ mèsa tla faldèda,Luglio che già nasconde nel ventre,POCO VERDE,gabellini,gabellini__0
dal bàle ad paia l’arcord de vird.,delle balle di paglia il ricordo del verde.,POCO VERDE,gabellini,gabellini__0
Isé tal sere ‘d lòuna tropa grosa,Così nelle sere di luna troppo piena,POCO VERDE,gabellini,gabellini__0
la s fa tèndra la vosa ch’la ragna,si fa tenera la voce che grida,POCO VERDE,gabellini,gabellini__0
m’un chén ch’e’ baia tótt’la nòta,"a un cane che abbaia tutta la notte,",POCO VERDE,gabellini,gabellini__0
sènza truvé e’ curag mai ad invlinèl.,senza trovare mai il coraggio di avvelenarlo.,POCO VERDE,gabellini,gabellini__0
LA GITA,LA GITA,POCO VERDE,gabellini,gabellini__0
A’ sémm quéi che tal foto dal gite,Siamo quelli che nelle foto delle gite,POCO VERDE,gabellini,gabellini__0
"se sfònd, a guardàmie pugéd ma la cana","guardavamo sullo sfondo, appoggiati alla canna,",POCO VERDE,gabellini,gabellini__0
"ch’i pèsca da la palèda dri mizdè,","chi pesca dal molo verso mezzogiorno,",POCO VERDE,gabellini,gabellini__0
par fès travarsè de tèmp dal matèine.,per farsi traversare dal tempo delle mattine.,POCO VERDE,gabellini,gabellini__0
A sémm al stanghe dal bandiere ch’a l guèrda,Siamo le aste delle bandiere che guardano,POCO VERDE,gabellini,gabellini__0
e’ mèr e li s gira t’un scòs,il mare e d’un tratto si girano,POCO VERDE,gabellini,gabellini__0
"e u c pèr che un pensier e’ vòia travarsè,","e ci sembra che un pensiero voglia traversare,",POCO VERDE,gabellini,gabellini__0
mò u l lega un nud ch’l’è trop vèc.,ma lo lega un nodo che è troppo vecchio.,POCO VERDE,gabellini,gabellini__0
Marinèr da tèra ch’i cnôss i nom,Marinai di terra che conoscono i nomi,POCO VERDE,gabellini,gabellini__0
"de pèss sal bènche de marchè, i spera","del pesce sulle banchine del mercato, sperano",POCO VERDE,gabellini,gabellini__0
‘na burasca da dis per an e un nòmre,una burrasca da dirsi negli anni e un numero,POCO VERDE,gabellini,gabellini__0
"l’è un nom d’un bagnìn, de su ba, de su non.","è il nome di un bagnino, di suo padre, di suo nonno.",POCO VERDE,gabellini,gabellini__0
Ch’u s ciaparà l’impègn da vnìs a ciarchì,Chi vorrà mai prendersi l’impegno di venirci a cercare,POCO VERDE,gabellini,gabellini__0
"te fond d’un casètt d’un palàz, t’na cità,","nel fondo di un cassetto di un palazzo, in una città,",POCO VERDE,gabellini,gabellini__0
"te sfònd d’na primavera già zcòrda,",sullo sfondo di una primavera dimenticata,POCO VERDE,gabellini,gabellini__0
a farémm e’ gir de mônd fèrme ch’pèr un pèl.,faremo il giro del mondo fermi come pali.,POCO VERDE,gabellini,gabellini__0
L’utma foia,L’ultima foglia,POCO VERDE,gabellini,gabellini__0
O spitè cent’an te’ mez dla pianura,Ho aspettato cent’anni in mezzo alla pianura,POCO VERDE,gabellini,gabellini__0
s’un arsùra che bé un bastava,con una sete che bere non bastava,POCO VERDE,gabellini,gabellini__0
desdé sot’un ébre purchésia,seduto sotto un albero qualsiasi,POCO VERDE,gabellini,gabellini__0
senza prèg e né difèt,senza pregi né difetti,POCO VERDE,gabellini,gabellini__0
che e’ pasàs cl’umèt biénch,che passasse quell’ometto bianco,POCO VERDE,gabellini,gabellini__0
che un om u n’è e un ang-le gnènca.,che un uomo non è e neppure un angelo.,POCO VERDE,gabellini,gabellini__0
Cu m’insegnés la rèta via,Che mi indicasse la retta via,POCO VERDE,gabellini,gabellini__0
tramèza sti santìr in tla burasca.,in mezzo a questi sentieri nella burrasca.,POCO VERDE,gabellini,gabellini__0
Pó l’ùtma fóia l’è casca,Poi l’ultima foglia è caduta,POCO VERDE,gabellini,gabellini__0
e mé sa lia.,ed io con lei.,POCO VERDE,gabellini,gabellini__0
Ormai l’è un pëz,ormai è un pezzo,ASPETTO,gagliardi,gagliardi__0
ch’a tegn d’asté,che aspetto,ASPETTO,gagliardi,gagliardi__0
cun j oc par aria’,con gli occhi per aria,ASPETTO,gagliardi,gagliardi__0
A j ò bsögn d’un segn!,ho bisogno d’un segno!,ASPETTO,gagliardi,gagliardi__0
E’ fisich,Il corpo,IL MIO CASTIGO,gagliardi,gagliardi__1
u s’straca,si stanca,IL MIO CASTIGO,gagliardi,gagliardi__1
"tot i dè d’piò,",ogni giorno di più,IL MIO CASTIGO,gagliardi,gagliardi__1
la tësta invézi,la mente invece,IL MIO CASTIGO,gagliardi,gagliardi__1
la funziouna,funziona,IL MIO CASTIGO,gagliardi,gagliardi__1
piò che prema,più di prima,IL MIO CASTIGO,gagliardi,gagliardi__1
Cvest,Questo,IL MIO CASTIGO,gagliardi,gagliardi__1
l’è e’ mi castigh!,è il mio castigo,IL MIO CASTIGO,gagliardi,gagliardi__1
S’a m’vult indrì,Se mi volto indietro,PER UN VERSO O PER L’ALTRO,gagliardi,gagliardi__2
a gvardé la nebia,a fissare la nebbia,PER UN VERSO O PER L’ALTRO,gagliardi,gagliardi__2
a m’inucares,m’incanto,PER UN VERSO O PER L’ALTRO,gagliardi,gagliardi__2
"e cun la boca avérta,",ed a bocca aperta,PER UN VERSO O PER L’ALTRO,gagliardi,gagliardi__2
a seint che e’ cor,sento che il cuore,PER UN VERSO O PER L’ALTRO,gagliardi,gagliardi__2
u m’dà una böta’,sussulta,PER UN VERSO O PER L’ALTRO,gagliardi,gagliardi__2
Pr un vérs o pr un étar,Per un verso o per l’altro,PER UN VERSO O PER L’ALTRO,gagliardi,gagliardi__2
a fëg una gràn fadiga,faccio una gran fatica,PER UN VERSO O PER L’ALTRO,gagliardi,gagliardi__2
a distém toti al matèn,a destarmi ogni mattina,PER UN VERSO O PER L’ALTRO,gagliardi,gagliardi__2
cun la voja,con la voglia,PER UN VERSO O PER L’ALTRO,gagliardi,gagliardi__2
d’ridar e d’scarzé’,di ridere e scherzare,PER UN VERSO O PER L’ALTRO,gagliardi,gagliardi__2
S’a fos boun,Se fossi capace,SE,gagliardi,gagliardi__3
‘d tiré a fé séra’,di tirar sera,SE,gagliardi,gagliardi__3
S’a putes,Se potessi,SE,gagliardi,gagliardi__3
campé seinza doi,vivere senza dolori,SE,gagliardi,gagliardi__3
e seinza pinsir’,e senza pensieri,SE,gagliardi,gagliardi__3
turné indrì,tornare indietro,SE,gagliardi,gagliardi__3
e fé count d’gnit’,e far conto di niente,SE,gagliardi,gagliardi__3
J èn i pasa,Gli anni passano,CI SONO VOLTE,gagliardi,gagliardi__4
e i dè seinza mutìv,ed i giorni senza un motivo,CI SONO VOLTE,gagliardi,gagliardi__4
j è tot precis’,sono tutti uguali,CI SONO VOLTE,gagliardi,gagliardi__4
U j è dal vólt,Ci sono volte,CI SONO VOLTE,gagliardi,gagliardi__4
ch’a m’avreb lasé,che vorrei lasciarmi,CI SONO VOLTE,gagliardi,gagliardi__4
dri dal spal e’ mi svut,alle spalle questo vuoto,CI SONO VOLTE,gagliardi,gagliardi__4
e tnì d’asté,e attendere,CI SONO VOLTE,gagliardi,gagliardi__4
ch’u s’fëga séra,che si faccia sera,CI SONO VOLTE,gagliardi,gagliardi__4
par fé ciapér e’ vol,per lasciar prendere il volo,CI SONO VOLTE,gagliardi,gagliardi__4
a la mi enma’,alla mia anima,CI SONO VOLTE,gagliardi,gagliardi__4
L’è un pëz ormai,È un pezzo ormai,CI SONO VOLTE,gagliardi,gagliardi__4
ch’a m’in so ‘dé,che mi sono accorto,CI SONO VOLTE,gagliardi,gagliardi__4
che stér a e’ mond,che stare al mondo,CI SONO VOLTE,gagliardi,gagliardi__4
sól par campé,solo per campare,CI SONO VOLTE,gagliardi,gagliardi__4
u n’um basta piò!,non mi è più sufficiente!,CI SONO VOLTE,gagliardi,gagliardi__4
"U-n s’vô fê’ dè,",Non vuol far giorno,FRA LUCE E OSCURITÀ,gagliardi,gagliardi__5
e a-n sö piò bon ‘d ciapê’ sön.,e non sono più capace di prender sonno.,FRA LUCE E OSCURITÀ,gagliardi,gagliardi__5
A ‘rmëst a cve,Resto quì,FRA LUCE E OSCURITÀ,gagliardi,gagliardi__5
cun i mi pinsir,coi miei pensieri,FRA LUCE E OSCURITÀ,gagliardi,gagliardi__5
a gvardê’ e’ culór dal stël.,a guardare il colore delle stelle.,FRA LUCE E OSCURITÀ,gagliardi,gagliardi__5
"Pu ‘d böta u-s liva e’ sól,","Poi d’un tratto sorge il sole,",FRA LUCE E OSCURITÀ,gagliardi,gagliardi__5
una luš acsè forta,una luce così forte,FRA LUCE E OSCURITÀ,gagliardi,gagliardi__5
ch’la-t chêva j oc!,che abbaglia!,FRA LUCE E OSCURITÀ,gagliardi,gagliardi__5
Int l’aria,Nell’aria,FRA LUCE E OSCURITÀ,gagliardi,gagliardi__5
u s’è turnê a fê’ sintì,è tornato a farsi sentire,FRA LUCE E OSCURITÀ,gagliardi,gagliardi__5
"l’udór dla tëra,",l’odore della terra,FRA LUCE E OSCURITÀ,gagliardi,gagliardi__5
un rispir ch’l’è la vóš dla vita.,un respiro che è la voce della vita,FRA LUCE E OSCURITÀ,gagliardi,gagliardi__5
Burdell l’è j ùltum sprazz.,Ragazzi sono gli ultimi sprazzi.,Il mestiere,galli,galli__0
"U s’ fa qualch quèl cun i camion dop mezanòta, spessa e’ cavalcavia,","Si fa qualcosa coi camion dopo mezzanotte, dietro il cavalcavia,",Il mestiere,galli,galli__0
quell ch’ven ven.,quel che viene viene.,Il mestiere,galli,galli__0
E’ lun a fagh e’ marchè a Furlé in ca’ d’un’amiga.,Il lunedì faccio il mercato a Forlì in casa di un’amica.,Il mestiere,galli,galli__0
"Cióu, l’è fadiga;","Eh sì, è dura;",Il mestiere,galli,galli__0
"a n’ ò pió vent an, ch’ a fasi vi la fila…","non ho più vent’anni, che facevate la fila…",Il mestiere,galli,galli__0
"Che dé ch’a m’ truvarì mórta amazèda da quèlca pèrta cun la bursetta svùita, avrò pu’ finì.","Il giorno che mi troverete morta ammazzata da qualche parte con la borsetta vuota, avrò pure finito.",Il mestiere,galli,galli__0
E’ pió e’ sarà pr’e’ mi Gigin ch’u n’ saveva gnint.,Il peggio sarà per il mio Gigino che non sapeva niente.,Il mestiere,galli,galli__0
"Una sciàbula ad lata, una cumetta,","Una sciabola di latta, un aquilone,","E poi, la vita",galli,galli__1
"un gatìn truvè par la strèda,","un gattino trovato per la strada,","E poi, la vita",galli,galli__1
"un cumpagn da zughì insen,","un amico da giocarci assieme,","E poi, la vita",galli,galli__1
impalughis sora la tvaja.,appisolarsi sulla tovaglia.,"E poi, la vita",galli,galli__1
E’ ba’ ch’e’ ven a ca’,Il babbo che rincasa,"E poi, la vita",galli,galli__1
e t’sint d’int e’ lèt ch’l’à méss e’ cadnaz:,e senti dal letto che ha messo il catenaccio:,"E poi, la vita",galli,galli__1
e’ papon u n’ pò pió antrè.,l’orco non può più entrare.,"E poi, la vita",galli,galli__1
"S’e’ tira e’ vent, s’e’ touna, slonga la manina int e’ scur,","Se tira vento, se tuona, tendi la manina nel buio,","E poi, la vita",galli,galli__1
la mama la j è alé:,la tua mamma è lì:,"E poi, la vita",galli,galli__1
"«No’ avé pavura, dorma só».","«Non aver paura, su, dormi».","E poi, la vita",galli,galli__1
E pó la vita.,"E poi, la vita.","E poi, la vita",galli,galli__1
Agli évi ch’a l’ s’ fa la ca’ mei d’un inzgnir,Le api che si fanno la casa meglio di un ingegnere,Vai poi a capire,galli,galli__2
"i nótal ch’j à int la testa una spezi ad ràdar par no’ cuzé int e’ mur,","i pipistrelli che hanno nella testa una specie di radar per non sbattere contro il muro,",Vai poi a capire,galli,galli__2
"la tèra ch’la frólla pr‘èria, da par lia, cme una pirócca…","la terra che frulla per aria, da sola, come una trottola…",Vai poi a capire,galli,galli__2
"E pó un taramòt e’ spiena una zità,","E poi un terremoto spiana una città,",Vai poi a capire,galli,galli__2
e’ babìn ‘d Filiberto ch’l’è nasù zigh.,il bambino di Filiberto che è nato cieco.,Vai poi a capire,galli,galli__2
Va’ pu’ a capì…,Vai poi a capire…,Vai poi a capire,galli,galli__2
Amilcare ch’u s’ lamènta de’ su fiól,Amilcare che si lamenta di suo figlio,I figli,galli,galli__3
"ch’u n’ n’à vója ad s-ciantèn, tótt’ la nota vajun, a trent’an senza un amstir, ch’u i tócca dèi da magné lo ch’l’è vèc","quello sfaticato, tutta la notte in giro, a trent’anni senza un mestiere, che gli tocca mantenerlo lui che è vecchio",I figli,galli,galli__3
"u m’ dmanda sempra cun un po’ d’invigia de’ mia ch’l’è professor a Milèn, una zima, ch’i l’ cema par di cunsult da tótt’ al pèrti d’Italia,","mi chiede sempre con un po’ d’invidia del mio che è professore a Milano, una cima, che lo chiamano per dei consulti da tutte le parti d’Italia,",I figli,galli,galli__3
e u m’ dis: «Quii j è fiùl! Quelli agl’j è sudisfazion!»,e mi dice: «Quelli sono figli! Quelle sono soddisfazioni!»,I figli,galli,galli__3
(A vut ch’a i vaga a dì che in quendg an a l’ò vést dó vólti:,(Vuoi che gli dica che in quindici anni l’ho visto due volte:,I figli,galli,galli__3
"quant u s’ spuset e quant e’ muret la su ma’, ch’ l’arivét ch’la j era zà sottatèra).","quando si sposò e quando morì la sua mamma, che arrivò ch’era già sottoterra).",I figli,galli,galli__3
"Un chèn un gat un sórgh, du dé dop ch’l’è scapè fóra d’int la pènza dla su ma’, e’ sa fè tótt l’à imparè tótt.","Un cane un gatto un topo, due giorni dopo che è uscito dalla pancia di sua madre, sa fare tutto ha imparato tutto.",Gli animali,galli,galli__4
"A nun u n’z’ basta una vita, a z’ n’andam sottatèra senza avé capì gnint.","A noi non basta una vita, ce n’andiamo sottoterra senza aver capito niente.",Gli animali,galli,galli__4
Pr’e’ mi fiól,A mio figlio,Il tuo vecchio,galli,galli__5
S’t’a t’avéss d’imbat’ int e’ tu vèc lassa un mumantin j amigh,Se ti dovessi imbattere nel tuo vecchio lascia un momentino gli amici,Il tuo vecchio,galli,galli__5
vinm’ incontra,vienimi incontro,Il tuo vecchio,galli,galli__5
dmàndum cm’a stagh s’a j ò bsogn ’d gnint,chiedimi come sto se ho bisogno di niente,Il tuo vecchio,galli,galli__5
ciàpum sottabraz,prendimi a braccetto,Il tuo vecchio,galli,galli__5
fam fè du pass cun te fin a ca’,fammi fare due passi con te fino a casa,Il tuo vecchio,galli,galli__5
"e no’ farmèt int la porta,","e non fermarti sulla soglia,",Il tuo vecchio,galli,galli__5
"entra, mett’ insdé.","entra, siediti.",Il tuo vecchio,galli,galli__5
A l’avessi fat me cun e’ mi ba’.,L’avessi fatto io con mio padre.,Il tuo vecchio,galli,galli__5
"Se t’ pens che un fiór tr’al pagini d’un lìbar, un indirez, e’ bigliet de’ treno cla vólta che t’andest a Roma, e’ védar d’un bicìr dentra la cardenza, i luta pió d’un s-cén.","Se pensi che un fiore tra le pagine di un libro, un indirizzo, il biglietto del treno quella volta che andasti a Roma, il vetro di un bicchiere dentro la credenza, durano più di un uomo.",Se pensi…,galli,galli__6
S’ t’a t’ vólt indria ch’u n’ s’ u n’ vega un di segn che t’é fat quant t’ ci passè.,Se ti volti indietro nemmeno uno dei segni che hai fatto quando sei passato.,I segni,galli,galli__7
Cme se t’ a n’ fós mai passè.,Come se tu non fossi mai passato.,I segni,galli,galli__7
"A l’Iris, la strolga, ch’la tireva avènti a spesi di balusa, u i scapet det, una sera ch’ a i s’era nenca me, ch’la sareb mórta la viziglia ad Pasqua.","A Iris, l’astrologa, che viveva a spese dei minchioni, scappò detto, una sera che c’ero anch’io, che sarebbe morta la vigilia di Pasqua.","Lucilio (XI, 164)",galli,galli__8
E adès: zughis la clientela o lassè avért e’ rubinet de’ gas.,E adesso: perdere la clientela o lasciare aperto il rubinetto del gas.,"Lucilio (XI, 164)",galli,galli__8
"La paróca, la dantira, al zei finti,","La parrucca, la dentiera, le ciglia finte,","Lucilio (XI, 310)",galli,galli__9
"la pumèda pr’al grinzi, e’ nès arfat:","la crema per le rughe, il naso rifatto:","Lucilio (XI, 310)",galli,galli__9
"tàjat la testa, t’ sparagn e t’ fé prema.","tàgliati la testa, risparmi e fai prima.","Lucilio (XI, 310)",galli,galli__9
In ca’ tua u n’ s’ passa pió da i gran lìbar;,In casa tua non ci si muove più per i molti libri;,La biblioteca del poeta,galli,galli__10
"t’ é pin j armèri, i bavól;","ne sono pieni gli armadi, i bauli;",La biblioteca del poeta,galli,galli__10
"u i n’è dal grézi int e’ tinèl, int la cambra da lèt, só int e’ sulèr;","ce ne sono cataste nel tinello, nella camera da letto, su in soffitta;",La biblioteca del poeta,galli,galli__10
e u s’ dis t’a n’é parsina int e’ lucómad: che acsé l’è tót un punzè…,e si dice che ne tieni perfino nel cesso: che così è tutto un ponzare…,La biblioteca del poeta,galli,galli__10
"Prova ad met’ e’ nès fóra dla porta,","Metti il naso fuori dell’uscio,",La biblioteca del poeta,galli,galli__10
"zira par la cuntrèda,","gira per la contrada,",La biblioteca del poeta,galli,galli__10
fat racuntè da Vito i su nuventòt’an:,fatti raccontare da Vito i suoi novantott’anni:,La biblioteca del poeta,galli,galli__10
"u j è da divertis, poeta.","c’è da divertirsi, poeta.",La biblioteca del poeta,galli,galli__10
"Se dadbón adlà i fa dó mocci da un chènt i bun e da cl’èt’ i lazarun, me sin d’adès a pregh e’ nost’ Signor ch’u m’ metta pu’ du’ che vó lo, un bus purcsia,","Se davvero nell’aldilà fanno due mucchi, da una parte i buoni e dall’altra i lazzaroni, io sin d’ora prego Nostro Signore che mi metta pure dove vuole, un buco qualsiasi,",Se davvero nell’aldilà,galli,galli__11
basta che d’ ógna tènt a possa avdèim cun quaicadun di mia par dii tót quél ch’a n’ sò’ stè bón ad dì quant a sami insen.,purché ogni tanto possa vedermi con qualcuno dei miei per dir loro tutto quello che non sono stato capace di dire quando eravamo insieme.,Se davvero nell’aldilà,galli,galli__11
"Vers la fin d j ann '20 divers calzuler, oltre a vend li scherpie chi cumpreva già fatie, pri arutundé al mégre bilénc i s'arangieva a fe li arsuladurie e i soratach e, a richiesta, anche li scherpie novie su amsura, come i sartur i vistid.","Verso la fine degli anni '20 diversi calzolai, oltre che a vendere scarpe che compravano già fatte, per arrotondare il magro bilancio si arrangiavano a fare le risolature i sopratacchi e, a richiesta, anche le scarpe nuove su misura, come i sarti con i vestiti.",,galluzzi,galluzzi__0
"L'era genta esperta in materia, j amniva da la gaveta quindi di brev artigien e se in feva dli scherpie eleghentie come quelie fatie a machina li era sigurament più solide, più robustie; scherpie che t'pudev camné tla fanga e tla neva senza bagnet i pid in quant lavuredie e cusidie a mén e sal vantag cli calzeva ben mal pìd dal client, anche se qualche volta cert pidùn i feva mnì fora dli scherpie cal pareva dli baténie ciusotie.","Era gente esperta in materia, venivano dalla gavetta quindi dei bravi artigiani, e se non facevano scarpe eleganti come quelle fatte a macchina erano sicuramente più solide, più robuste; scarpe con le quali si poteva camminare nel fango e nella neve senza bagnarti i piedi in quanto lavorate e cucite a mano e col vantaggio che calzavano bene al piede del cliente, anche se qualche volta certi piedoni facevano uscir fuori scarpe che somigliavano alle barche Chioggiotte.",,galluzzi,galluzzi__0
"Una volta un calzuler l'ha fat un péra d scherpie che al mument dal colaude li aveva al difet che piegand al pid, anche da ferme, la scherpa la scricheva, i si, e più rumurosament ancora, ogni volta cal feva al pasa quant al camneva.","Una volta un calzolaio ha fatto un paio di scarpe che al momento del collaudo avevano il difetto che piegando il piede, anche da fermi, la scarpa scricchiolava, e si, e ancor più rumorosamente, ogni volta che si faceva il passo camminando.",,galluzzi,galluzzi__0
"L'inconvenient, se i si u spo ciamé, u sverificheva sno ma la scherpa dal pìd destre,e la cosa l'ha deva un pò tal nés mal client, anche parchè camnand pla streda l'era un cuntinue: creeec-creeec-creeec fastidios, e la genta l'al guardeva suridind maliziosament.","L'inconveniente, se così si può chiamare, si verificava solo alla scarpa del piede destro, e la cosa dava un po' al naso al cliente, anche perché camminando per la strada era un continuo: creeec - creeec - creeec fastidioso, e la gente lo guardava sorridendo maliziosamente.",,galluzzi,galluzzi__0
"Al calzuler, in verità, l'ha supte capì da che cosa al deriveva al difet, se ad difet u spudeva parlé, che cioé al dipindiva parché la sola ad cla scherpa la n'era sté lavureda a regola d'arte e quindi l'han spianeva uniformement e, di front al client cun li vleva asolutament, al cerca d mnì ad un acumudament d gindie cu j avria fat un bòn scont, come in efetti l'è suces.","Il calzolaio, in verità, aveva subito capito da che cosa derivava il difetto, se di difetto si può parlare, che cioè dipendeva dal fatto che la suola della scarpa non era stata lavorata a regola d'arte e quindi non spianava in modo uniforme e, di fronte al cliente che non le voleva assolutamente, cerca un accordo dicendo che avrebbe fatto un buono sconto, come in effetti è successo.",,galluzzi,galluzzi__0
"Comunque sia, dop d'un pò cu li purteva al cminceva abitues ma cal scricadic e, contrariament a li prim voltie cui deva fastidie ades ui ciapeva gust, e se qualch curios ul guardeva suridind, uifeva piaser.","Comunque sia, dopo un po' che le portava cominciava ad abituarsi a quello scricchiolio e, contrariamente alle prime volte in cui gli dava fastidio ora ci prende gusto, e se qualche curioso lo guarda sorridendo, gli fa piacere.",,galluzzi,galluzzi__0
"In più qualche amich invidios che ti prim temp il purteva in gir, ades zit zit i sfeva fé anche lor li scherpie sal scrich.","In più qualche amico invidioso che i primi tempi lo portava in giro, adesso zitto zitto, si faceva fare, le scarpe con lo ""scricco"".",,galluzzi,galluzzi__0
"In poch temp la scherpa sal scrich l'è dventa ad moda e al calzuler l'ha duvù lavuré nòta e dì pri fé front ma li richiestie, e sicom l'era na persona spiritosa, quant al capiteva qualche client cal mniva da la campagna o un paesen poch furb, ui deve d'intend che pri fé li scherpie sal scrich bsugneva metie drenta li cozle d j òv, e che più òvie i purteva più li scherpie li scricheva, se pu i vleva al scrich ma tut dò li scherpie d j òv in duveva purté al dopie.","In poco tempo la scarpa con lo ""scricco"" è diventata di moda e il calzolaio ha dovuto lavorare notte e giorno per far fronte alle richieste, e siccome era una persona spiritosa, quando capitava qualche cliente che veniva dalla campagna o un paesano poco furbo, lo convinceva che per fare le scarpe con lo ""scricco"" bisognava metterci dentro il guscio delle uova, e che più uova portavano più le scarpe avrebbero scricchiolato, e se poi volevano lo ""scricco"" a tutte e due le scarpe avrebbero dovuto portare il doppio delle uova.",,galluzzi,galluzzi__0
"A möl int e’ temp,",Immersi nel tempo,Birilli,ghini,ghini__0
fantêsma ch’in scuren,fantasma di cui parliamo,Birilli,ghini,ghini__0
"mo ch’an vlen’avdé’,","ma che non vogliamo vedere,",Birilli,ghini,ghini__0
nó a caminen,noi camminiamo,Birilli,ghini,ghini__0
fasènd cont d’gnint,facendo finta di niente,Birilli,ghini,ghini__0
e d’an sintìr’e’ vent,e di non sentire il vento,Birilli,ghini,ghini__0
"ch’us scriv adös i dè,","che ci scrive addosso i giorni,",Birilli,ghini,ghini__0
e caichèndas t’e’ cul,e spingendoci nel sedere,Birilli,ghini,ghini__0
"us travolz e u s’arbôta,","ci travolge e ci ribalta,",Birilli,ghini,ghini__0
nó ch’a sgranfignen,"noi, che graffiamo",Birilli,ghini,ghini__0
"la tëra gnara par tirês so,","la terra dura per sollevarci,",Birilli,ghini,ghini__0
"nó, cla macia negra,","noi, quella macchia nera",Birilli,ghini,ghini__0
"cla mosca férma ins e’ foi biânch,",quella mosca ferma sul foglio bianco,Birilli,ghini,ghini__0
che na mân pësa la tô d’alè,"che una mano pesante spazza via,",Birilli,ghini,ghini__0
senza tent snament.,senza tante storie.,Birilli,ghini,ghini__0
Nôv e vecc,Nuovo e vecchio,Birilli,ghini,ghini__0
L’ân nôv l’insaca e’ vecc,L’anno nuovo insacca il vecchio,Birilli,ghini,ghini__0
int i lom e’ cioch ‘d zirândul,nelle luci e scoppi di fuochi,Birilli,ghini,ghini__0
cun al bol de spumânt,con le bollicine dello spumante,Birilli,ghini,ghini__0
ch’al dura un toch de pèndul.,che durano un toch del pendolo.,Birilli,ghini,ghini__0
Una not ‘d bèl e ‘d cânt,Una notte di balli e canti,Birilli,ghini,ghini__0
mo cun purasé rimpiânt,ma con parecchio rimpianto,Birilli,ghini,ghini__0
pr’un ân ch’u s’ha dê tânt,per un anno che ci ha dato tanto,Birilli,ghini,ghini__0
pérs int e’ val de temp,perduto nel setaccio del tempo,Birilli,ghini,ghini__0
ch’ e’ spola nânch senza vent.,che spula anche senza vento.,Birilli,ghini,ghini__0
T'e' cér dla léuna e gat e miòula s'e' tèt ad Pazàja.,Nel chiaro di luna il gatto miagola sul tetto di Pazzaglia.,Canzonetta,giovagnoli,giovagnoli__0
"M'a la finèstra vérta la Claudia, mèza néuda, la s' pètna i cavéll longh m'un spicìn ròt.","Alla finestra aperta la Claudia, mezza nuda, si pettina i capelli lunghi a uno specchietto rotto.",Canzonetta,giovagnoli,giovagnoli__0
S'e' piòp de zardoin dal Sori l'usignùl u s'spaca e pèt par cantè la su bèla serenèda d'amour c'la vòula sòura al chèsi de paòis.,"Sul pioppo del giardino delle Suore l'usignolo si spacca il petto per cantare la sua bella serenata d'amore che vola, sulle case del paese.",Canzonetta,giovagnoli,giovagnoli__0
D'ògni tènt a òinter tla mi chèsa vècia.,Ogni tanto entro nella mia casa vecchia.,Voci,giovagnoli,giovagnoli__1
"Disdòj s'una scaràna ad paja a vègh e sòul che trapéja dal persièni,","Seduto su una sedia di paglia vedo il sole che traspare dalle persiane,",Voci,giovagnoli,giovagnoli__1
"a guêrd i méur, al porti, i mobil impurbiì.","e guardo i muri, le porte, i mobili polverosi.",Voci,giovagnoli,giovagnoli__1
A sint dal vòusi d'una volta c'al pasa t'al cambri...,Sento delle voci d'una volta che passano nelle camere.,Voci,giovagnoli,giovagnoli__1
A m'arcórd: l'è una zurnèda ad zogn.,Mi ricordo: è una giornata di giugno.,Voci,giovagnoli,giovagnoli__1
A m'arvegh burdlìn ad quàtr'an.,Mi rivedo bambino di quattro anni.,Voci,giovagnoli,giovagnoli__1
"E mi ba u m'pórta t'e lèt grand,","Il mio babbo mi porta nel letto grande,",Voci,giovagnoli,giovagnoli__1
"u m'ten la su faza tachèda,","mi tiene la sua faccia attaccata,",Voci,giovagnoli,giovagnoli__1
u m'mostra s'e' sufét al fighéuri d'arvérs dla zenta c'la pasa s'la strèda.,mi mostra sul soffitto le figure rovesciate della gente che passa sulla strada.,Voci,giovagnoli,giovagnoli__1
"S'e' scalòin dla porta acciòta Màluz, Scvinzio e Pèval, tri canzulér dla mi butòiga, i zcor ad Binda e ad Girardengo.","Sullo scalino della porta di sotto Màluz, Scvinzio e Paolo, tre calzolai della mia bottega, parlano di Binda e di Girardengo.",Voci,giovagnoli,giovagnoli__1
"E mè a m'indurmòint tra cla fighéuri s'e' sufét, tra al ciacri ad chi lavurént.","E io m'addormento in mezzo a quelle figure sul soffitto, in mezzo alle chiacchiere di quei lavoranti.",Voci,giovagnoli,giovagnoli__1
Quant c'a m'svégg a n'sint piò la faza de mi ba,"Quando mi sveglio, non sento più la faccia del mio babbo,",Voci,giovagnoli,giovagnoli__1
"a vègh agli ombri c'al bala d'in èlt,","vedo solo le ombre in alto,",Voci,giovagnoli,giovagnoli__1
"a sint a finisàg che frola,","sento il finisaggìo che frulla,",Voci,giovagnoli,giovagnoli__1
a sint chi raghéz chi lavòura e i chênta.,sento quei giovanotti che lavorano e cantano.,Voci,giovagnoli,giovagnoli__1
"Mò cmè che pò esést la morta sa sint ancòura adèss la bèrba de mi ba c'la m'fòura la faza, sà sint chi raghéz chi zcòr dal chéursi in biciclèta ad che gran zir d'Italia, s'a sint ancòura l'udòur ad che bèl dopmezdè?","Ma come può esistere la morte se sento ancora adesso la barba del mio babbo che mi fora la faccia, se sento quei giovanotti che parlano delle corse in bicicletta del grande giro d'Italia, se sento ancora il profumo di quel pomeriggio?",Voci,giovagnoli,giovagnoli__1
"La mi chèsa la cunserva tot al vòusi,","La mia casa conserva tutte le voci,",Voci,giovagnoli,giovagnoli__1
"la li mét tla léusa d'or c' la trapéja dal persièni,","le mette nella luce d'oro che traspare dalle persiane,",Voci,giovagnoli,giovagnoli__1
la li protèz de tèral de temp.,le protegge dal tarlo del tempo.,Voci,giovagnoli,giovagnoli__1
"Quant che murét la mòj ad Tagliavini, léu e ziréiva d'atònd ma la casa,","Quando morì la moglie di Tagliavini, lui girava attorno alla cassa,",none,giovagnoli,giovagnoli__2
"us farmèva, ui guardèva e e féva tott i minéut:","si fermava, la guardava e diceva tutti i momenti:",none,giovagnoli,giovagnoli__2
"«La mi znina, la mi znina! ... »","«La mia piccina, la mia piccina! ... »",none,giovagnoli,giovagnoli__2
"Cal vèci al giòiva e patèr, cl'éra una fòila lónga ad 'scatinòra' sòta l'udòur dal candòili.","Quelle vecchie recitavano le preghiere, che erano una fila lunga di 'scatinora' sotto,I'odore delle candele.",none,giovagnoli,giovagnoli__2
"Mè a stéva zétt, strètt m'al sutèni dla mi mà.","Io stavo zitto, stretto alle sottane della mia mamma.",none,giovagnoli,giovagnoli__2
"La morta la paròiva una bumbòza s'i gambiréll e al sutanìni curti, e al manìni cal j éra ad zira biènca.","La morta sembrava una bambola con le gambe sottili e le sottanine corte, e le manine che erano di cera bianca.",none,giovagnoli,giovagnoli__2
"La matòina dòp avdòiva la morta tl'aqua de cadòin, si cristàl dal finèstri, se légn de tulìr.","La mattina dopo vedevo la morta nell'acqua del catino, sui vetri delle finestre, sul legno del tagliere.",none,giovagnoli,giovagnoli__2
"E a rugiòiva: «Mà, a la vèggh sla porta,","E urlavo: «Mamma, la vedo sulla porta,",none,giovagnoli,giovagnoli__2
"a la vèggh disdòj sla scaràna,","la vedo seduta sulla sedia,",none,giovagnoli,giovagnoli__2
"a veggh la su faza t' e piatt, dròinta la bòcia dl'aqua!»","vedo la sua faccia nel piatto, dentro la bottiglia dell'acqua! »",none,giovagnoli,giovagnoli__2
"E la mi mà la ridóiva, la ridóiva, parchè un po' a la avdòiva da bon,","E mia madre rideva, rideva, perchè un po' la vedevo davvero,",none,giovagnoli,giovagnoli__2
un po' a féva a pòsta.,un po' facevo apposta.,none,giovagnoli,giovagnoli__2
Par la fèsta ad Santantóni la piaza la s'impinóiva ad bes ci.,Per la festa di Sant'Antonio la piazza si riempiva di bestie.,La festa di S. Antonio Abate,giovagnoli,giovagnoli__3
"Chén ad tótt al razi,","Cani di tutte le razze,",La festa di S. Antonio Abate,giovagnoli,giovagnoli__3
"pigri, chèvri, galòini e prinféna i gat.","pecore, capre e perfino gatti.",La festa di S. Antonio Abate,giovagnoli,giovagnoli__3
"Mè a purtèva du pizéun t'un gavagnìn, s'un nàstar ròss.","Io portavo due piccioni in un cestino, con un nastro rosso.",La festa di S. Antonio Abate,giovagnoli,giovagnoli__3
Ricco un canèstar ad pulsinìn.,Ricco un canestro di pulcinini.,La festa di S. Antonio Abate,giovagnoli,giovagnoli__3
"Finfo e bagòin Pasqualino, cl'éra cmè un cris-cèn.","Finfo il maiale Pasqualino, che era come un cristiano.",La festa di S. Antonio Abate,giovagnoli,giovagnoli__3
Puci tótt i su méul e i su sumàr.,Puci tutti i suoi muli e i suoi somari.,La festa di S. Antonio Abate,giovagnoli,giovagnoli__3
Da la Tòra l'avnòiva piò ad zént staléun!,Dalla Torre venivano più di cento stalloni!,La festa di S. Antonio Abate,giovagnoli,giovagnoli__3
"E t'e piò bèll dla fèsta quand Don Claudio u s'afazèva sla pórta dla cisa par benedój tótt chi animéli s'i scvézz dl'aqua sènta, l'arivéva ad galòp Fausto d'Augusto sla su cavàla biènca, stì da cavalerézz e la mantèla zala m'e vént, par mustrè m'al ragàzi i su baféun lóngh e j ócc s'e 'nir de dièval.","E nel più bello della festa quando Don Claudio s'affacciava alla porta della chiesa per benedire tutti quegli animali con gli spruzzi dell'acqua santa, arrivava di galoppo Fausto d'Augusto sulla sua cavalla bianca, vestito da cavallerizzo e la mantella gialla al vento, per mostrare alle ragazze i suoi baffoni lunghi e gli occhi col nero del diavolo.",La festa di S. Antonio Abate,giovagnoli,giovagnoli__3
Cundanè tra la mundeza int la varnìa fréda de' curtilaz,Condannato tra l'immondizia nell'uggia fradicia del cortilaccio,L'albero,giovagnoli,giovagnoli__4
"nissun ch' u j épa fat un ben a e' mond ch' u i daga una radanèda d'ógna tènt,","nessuno che gli abbia fatto un bene al mondo che gli dia una rassettata ogni tanto,",L'albero,giovagnoli,giovagnoli__4
"l'è lé ch' e' fa spezi a guardèl un quèl tót struvliné, splóch, ingranzgnì.","è lí che fa pena guardarlo un coso tutto contorto, spoglio, rattrappito.",L'albero,giovagnoli,giovagnoli__4
Mo s'l'à vita a campè se forza ad dèi un bèl dè l'ariva a slunghì un braz adlà de' mur du' ch' u i bat un fil 'd sol e u s' véid e' zil,Ma se ha vita a campare se a furia di darci un bel giorno riesce ad allungare un braccio di là dal muro dove batte un filo di sole e si vede il cielo,L'albero,giovagnoli,giovagnoli__4
u t' e' farà avdè lo ach straza ad culur i à i su fiur.,te lo farà vedere lui che razza di colori hanno i suoi fiori.,L'albero,giovagnoli,giovagnoli__4
Pazìnzia pr'i tuzun,Pazienza per gli scapaccioni,none,giovagnoli,giovagnoli__5
(quant t' a m' ciamivta cun un fes c),(quando mi chiamavi con un fischio),none,giovagnoli,giovagnoli__5
"i cichet, al seri che par castigh","i cicchetti, le sere che per castigo",none,giovagnoli,giovagnoli__5
t' a m' mandivta a lèt senza magné,mi mandavi a letto senza mangiare,none,giovagnoli,giovagnoli__5
e me alé int e' scur cun un magon ch'a t' avreb amazè.,e io lì al buio con un magone che ti avrei ammazzato.,none,giovagnoli,giovagnoli__5
"Mo quél ad fèm truvè, adès, int e' fónd d'un caset i tu fer: la machineta da tusè, al giuri, i rasur, cme s' t' a j aves punsè jirsera prema ad tiré zó la seranda, ba' l'è un scherz che t' a n' m'e' duvivta fè.","Ma farmi trovare, ora, nel fondo di un cassetto i tuoi ferri: la macchinetta per tosare, le forbici, i rasoi, come se tu li avessi riposti ieri sera prima di abbassare la serranda, babbo, è uno scherzo che non me lo dovevi fare.",none,giovagnoli,giovagnoli__5
"Eh, sé!",Certo!,none,giovagnoli,giovagnoli__6
s' t' a t' las incantè da un zil pin ad stèli,Se ti lasci incantare dal cielo stellato,none,giovagnoli,giovagnoli__6
s' t' a t' imbadarèl dria al prem víóli ch' a l' fa cutcutin int l'urèl de' fòs,se ti perdi dietro le prime viole che giocano a nascondino sul ciglio del fosso,none,giovagnoli,giovagnoli__6
se t' dé rèta al serenèdi de' rusignól,se dài retta alle serenate dell'usignolo,none,giovagnoli,giovagnoli__6
t' zurarest che e' mond l'è un spetècul e la vita una pasqua.,giureresti che il mondo è uno spettacolo e la vita una pasqua.,none,giovagnoli,giovagnoli__6
Mo te no' fèt imbrùji,Ma tu non farti raggirare,none,giovagnoli,giovagnoli__6
vóltat da un'ènta pèrta.,vòltati da un'altra parte.,none,giovagnoli,giovagnoli__6
E adès paróli cme aglj últum fói 'd una pienta ch'la strimules a i prem fred.,E adesso parole come le ultime foglie di una pianta che rabbrividisce ai primi freddi.,none,giovagnoli,giovagnoli__7
Ad che gran verd dla premavera ad tót cl'ór dl'instèda: gnenca l'ombra.,Di quel gran verde della primavera di tutto l'oro dell'estate: neanche l'ombra.,none,giovagnoli,giovagnoli__7
"Brusedi, malèdi, al' speca l'ùltum vol piò adlà che 'd qua.","Bruciate, malate, spiccano l'ultimo volo più di là che di qua.",none,giovagnoli,giovagnoli__7
E' sarà fadiga parsina a capì quèl ch'al' vója dì.,Sarà difficile persino capire cosa vogliono dire.,none,giovagnoli,giovagnoli__7
L'ha du ènn e tri mis e' babin de mi fiôl:,Ha due anni e tre mesi il bimbo di mio figlio:,Quel piccolo pugno d'aria,giovagnoli,giovagnoli__8
"du ucin nir, nir ch'i ténz.","due occhietti neri, neri che tingono.",Quel piccolo pugno d'aria,giovagnoli,giovagnoli__8
"S'una grezia, s'avdéssuv, l'ariva, l'arvéss e' pugnin sora e' libar cumè ch' l'épa dla roba da dem.","Quanta grazia, vedeste: arriva, apre il piccolo pugno sul libro quasi per darti qualcosa.",Quel piccolo pugno d'aria,giovagnoli,giovagnoli__8
"Mé, pór scioch, a stag a e' su zógh,","Eterno sprovveduto, sto al suo gioco,",Quel piccolo pugno d'aria,giovagnoli,giovagnoli__8
a fèz cònt ad tó so che pógn d'aria ch' um dà;,fingo di raccogliere quel poco d'illusione;,Quel piccolo pugno d'aria,giovagnoli,giovagnoli__8
"e lò, d'ignascost e' rid ch'u s'amazza, cuntent.","e lui, di soppiatto sorride felice.",Quel piccolo pugno d'aria,giovagnoli,giovagnoli__8
S'ul savéss che da grand u ni cred piò nussun a e' su zógh,"Se sapesse che, adulto, nessuno crederà più al suo gioco",Quel piccolo pugno d'aria,giovagnoli,giovagnoli__8
"e u ni còn,ta piò gnint, pór ciuflin, che pógn d'aria ch' um dà.","e nulla gli varrà più, piccino, quel suo niente che mi porge.",Quel piccolo pugno d'aria,giovagnoli,giovagnoli__8
"Fazulétt ad tèra, sta tèra, stasuné int la zèmna de temp, ch'i ciapa la gvazza dla nòta; uj carèzza e uj suga e' garben.","Riquadri di terra, questa nostra terra, temprati nel crogiuolo del tempo, che la brina bagna la notte, accarezza ed asciuga il libeccio.",Questa nostra terra,giovagnoli,giovagnoli__9
"D'int la piena insunlida la calandra imbariéga ch'la frola,",Dal piano assonnato calandre ubriache si tuffano in cielo,Questa nostra terra,giovagnoli,giovagnoli__9
la s'invida int e' sol ch' l'imbarbaja;,e s'avvitano nel sole abbagliante.,Questa nostra terra,giovagnoli,giovagnoli__9
"a lassò int i nost' grépp, tra 'l vidéibi dla spònda de fiun, al turtureni al grola e al va' in amor.","Lassù nei calanchi, tra pendule vitalbe sul fiume, tubando, le tortore vanno in amore.",Questa nostra terra,giovagnoli,giovagnoli__9
"L'è men sgrozi di vèc,","Sono mani ruvide di vecchi,",Questa nostra terra,giovagnoli,giovagnoli__9
l'é rulédi 'd sgadur,sono canti rauchi di falciatori,Questa nostra terra,giovagnoli,giovagnoli__9
"e dalongh, dalongh una dòna ch' la tèss.","e lontano, lontano, una donna che tesse.",Questa nostra terra,giovagnoli,giovagnoli__9
"Ossi s centi ad fadiga, Rumagna, d'una zenta ch' la dis 'na biastèma e alè dria, un patèr pr'i su Murt.","Ossa rotte dalla fatica, Romagna, di gente che impreca e prega ad un tempo per i suoi Morti.",Questa nostra terra,giovagnoli,giovagnoli__9
"J era 'vnù da Campièn, pr' e' sinter, tra cal sgaj, spôrta e scherpi int al men.","Erano giunti da Campiano attraverso un sentiero, fra greppi brulli, sporta e scarpe in mano.",Finaja e la Betta,giovagnoli,giovagnoli__10
"Ló' j andeva a Cisena, ch' l'ariveva Pirin da i suldé.",Andavano a Cesena chè giungeva Pirin dai soldati.,Finaja e la Betta,giovagnoli,giovagnoli__10
Ló' e' treno i n' l'aveva mai vést;,Loro il treno non l'avevano mai veduto;,Finaja e la Betta,giovagnoli,giovagnoli__10
"e Finaja ch'e' geva a la Bèta: ""Cum l'è longh e' vapor!","e Finaja che diceva alla Betta: ""Com'è lungo il treno!",Finaja e la Betta,giovagnoli,giovagnoli__10
Sint emu fés cia! Com u spuda!,Come fischia! e come sputa!,Finaja e la Betta,giovagnoli,giovagnoli__10
"Vut' scumét, ció, ch'u l' gvida Pirin…",vuoi scommettere che lo pilota Pirin ... ?,Finaja e la Betta,giovagnoli,giovagnoli__10
"i l'aveva da fè' capurel!""","Dovevano promuoverlo caporale!"".",Finaja e la Betta,giovagnoli,giovagnoli__10
"S'e' brèt ròss, tot tiré e' chep stazion drid' a lô'","Col berretto rosso, tutto attillato il capostazione si avvicina",Finaja e la Betta,giovagnoli,giovagnoli__10
s'una punt' ad malizia e' dà so:,e con una punta d'ironia incomincia:,Finaja e la Betta,giovagnoli,giovagnoli__10
"""Mo, gi' so, e' mi òman, a n' l'avivi mai vést!?"".","""Ma dite un po', bravuomo, non l'avevate mai veduto?"".",Finaja e la Betta,giovagnoli,giovagnoli__10
"S' la gabena 't la spala, Finaja u s'arvôlta","Con la giubba sulla spalla, Finaja si gira",Finaja e la Betta,giovagnoli,giovagnoli__10
"e, int e' vdè sté brèt ròss, uj spuda la cica tra i pia,","e nello scorgere questo berretto rosso, gli sputa la cicca tra i piedi",Finaja e la Betta,giovagnoli,giovagnoli__10
po' uj fa:,poi risponde:,Finaja e la Betta,giovagnoli,giovagnoli__10
"""Nenca té, e' mi pataca, sa che brèt da biren, ta n' e' vést mai Campien!","""Anche tu, il mio citrullo con quel berretto da tacchino non hai mai visto Campiano!"".",Finaja e la Betta,giovagnoli,giovagnoli__10
E po' ch' l'avdèt un pustarin dalongh,E come scorse un luogo lontano,Il Signore creò la Romagna,giovagnoli,giovagnoli__11
"sòta e' sol, in pianura e un po' int e' grep...","sotto il sole, in pianura e un po' in collina...",Il Signore creò la Romagna,giovagnoli,giovagnoli__11
"indò' ch'e' nass al frèvli,","dove crescono fragole,",Il Signore creò la Romagna,giovagnoli,giovagnoli__11
"al môri ad spen, gambòzz ad lupinèla,","more di rovo, steli di lupinella,",Il Signore creò la Romagna,giovagnoli,giovagnoli__11
"i ragazul e l'erba dla Madona,","radicchi primaticci, l'erba della Madonna,",Il Signore creò la Romagna,giovagnoli,giovagnoli__11
e' mlôri pr' i castègn;,l'alloro per le castagne;,Il Signore creò la Romagna,giovagnoli,giovagnoli__11
"burdlèti sbrazulèdi,","giovinette sbracciate,",Il Signore creò la Romagna,giovagnoli,giovagnoli__11
"zrési muròni, zézli, muscatèl,","ciliegie morone, giuggiole, moscato,",Il Signore creò la Romagna,giovagnoli,giovagnoli__11
"sévi fiuridi e un zil ch'u ni nè piò,","siepi fiorite e un cielo che non ha l'uguale,",Il Signore creò la Romagna,giovagnoli,giovagnoli__11
alà int al vidi bassi,là sulle viti basse,Il Signore creò la Romagna,giovagnoli,giovagnoli__11
"uj tachè e' sanzvés e po' l'ajbena,","appese grappoli di sangiovese e d'albana,",Il Signore creò la Romagna,giovagnoli,giovagnoli__11
indò' ch' l'arlus la gvazza la matena,dove al mattino brilla la rugiada,Il Signore creò la Romagna,giovagnoli,giovagnoli__11
"sora la pempna e sora la tlaragna,","su pampini e ragnatele,",Il Signore creò la Romagna,giovagnoli,giovagnoli__11
e' ciudét j oc,socchiuse gli occhi,Il Signore creò la Romagna,giovagnoli,giovagnoli__11
"e u la cíamè ""Rumagna""!","e la chiamò ""Romagna""!",Il Signore creò la Romagna,giovagnoli,giovagnoli__11
"I sgnéur i s céma ‘csè,","I ricchi si chiamano così,",SOPRANNOMI,gori,gori__0
Filiberto Ricci par dòi,"Filiberto Ricci per dire,",SOPRANNOMI,gori,gori__0
sénza sòranùm. Ma tè,senza soprannome. A te,SOPRANNOMI,gori,gori__0
i sòranùm i t s’ataca,i soprannomi si attaccano,SOPRANNOMI,gori,gori__0
cmè’ ‘l mignati.,come le mignatte.,SOPRANNOMI,gori,gori__0
"I sgnéur i séia ‘csè,","I ricchi girano così,",SOPRANNOMI,gori,gori__0
sa dal gran fighi. Ma tè,con delle belle donne. A te,SOPRANNOMI,gori,gori__0
u t toca tù so quèli,ti tocca raccogliere quelle,SOPRANNOMI,gori,gori__0
ch’u n vó niséun (acsè,che non vuole nessuno (così,SOPRANNOMI,gori,gori__0
t a n t buscaré l’aids).,non buscherai l’aids),SOPRANNOMI,gori,gori__0
I sgnéur ià ‘na pavéura,I ricchi hanno una paura,SOPRANNOMI,gori,gori__0
Ch’u l sa l’òs-cia:,Che la sa l’ostia:,SOPRANNOMI,gori,gori__0
"ch’e’ vénga un arburtòun,","che venga un ribaltone,",SOPRANNOMI,gori,gori__0
ch’iapa da pasè d là.,che debbano passare di là.,SOPRANNOMI,gori,gori__0
Tè t a t n infróigh.,Tu te ne freghi.,SOPRANNOMI,gori,gori__0
"E chi ch’u t zòirca,","E chi ti cerca,",SOPRANNOMI,gori,gori__0
u t po’ truvè te’ bar.,ti può trovare nel bar.,SOPRANNOMI,gori,gori__0
"Altradè,","Giorni fa,",LA TUA MORTE,gori,gori__1
"stuglè sla tumèna,",disteso sul divano,LA TUA MORTE,gori,gori__1
t è campè la tu morta.,hai vissuto la tua morte.,LA TUA MORTE,gori,gori__1
"E’ tu gat,","Il tuo gatto,",LA TUA MORTE,gori,gori__1
"šbandunè lè d schènt,",abbandonato lì di fianco,LA TUA MORTE,gori,gori__1
u n s né gnénca infat.,non se n’è nemmeno accorto.,LA TUA MORTE,gori,gori__1
"Da pu ch’t ci naséu,","Da quando sei nato,",NIENTE,gori,gori__2
u t dà dri qualcósa.,ti insegue qualcosa.,NIENTE,gori,gori__2
"Cór péu,","Corri pure,",NIENTE,gori,gori__2
lènsa,ansima,NIENTE,gori,gori__2
dè e nòta,giorno e notte,NIENTE,gori,gori__2
"(sé ènca d nòta ti insógni),","(sì anche di notte nei sogni),",NIENTE,gori,gori__2
"séuda, fadóiga.","suda, fatica.",NIENTE,gori,gori__2
Bazóila. E róid.,Preoccupati. E ridi.,NIENTE,gori,gori__2
E adès che tót rasaié,E adesso che tutto trafelato,NIENTE,gori,gori__2
"T ci ‘rivat in chèva,","Sei arrivato alla fine,",NIENTE,gori,gori__2
t a t pu ènca vultè:,ti puoi anche girare:,NIENTE,gori,gori__2
didrì t a n è gnént,dietro non hai niente,NIENTE,gori,gori__2
mó gnénca davènti.,ma neanche davanti.,NIENTE,gori,gori__2
"Te’ pacéugh, tla porbia,","Nel fango, nella polvere,","NEL CIELO, A TERRA",gori,gori__3
t cóich par lasè,spingi per lasciare,"NEL CIELO, A TERRA",gori,gori__3
e’ ségn dal pinèdi.,il segno delle pedate.,"NEL CIELO, A TERRA",gori,gori__3
L’aqua la impinés,L’acqua riempie,"NEL CIELO, A TERRA",gori,gori__3
"al scarvai, e’ vént","le fessure, il vento","NEL CIELO, A TERRA",gori,gori__3
e’ ciócia al garnèli.,risucchia i granelli.,"NEL CIELO, A TERRA",gori,gori__3
Al ròbi andèdi,Le cose andate,"NEL CIELO, A TERRA",gori,gori__3
"agli è andèdi, quéli","sono andate, quelle","NEL CIELO, A TERRA",gori,gori__3
"ch’agli avnirà,",che verranno,"NEL CIELO, A TERRA",gori,gori__3
ancòura a n gn’è.,ancora non ci sono.,"NEL CIELO, A TERRA",gori,gori__3
E tè t arvénz,E tu rimani,"NEL CIELO, A TERRA",gori,gori__3
instèch ti tu pi.,infilato nei tuoi piedi.,"NEL CIELO, A TERRA",gori,gori__3
A la Scurghêda,Alla Scorticata,La bandiera,graziani,graziani__0
"ònda d’vẽt i cavẹll, int e’vstì ross","onda di vento i capelli, nel suo vestito rosso",La bandiera,graziani,graziani__0
"li la m paréva,",lei mi sembrava,La bandiera,graziani,graziani__0
"int la vẹtta dla tor, una bangera:",in cima alla torre una bandiera.,La bandiera,graziani,graziani__0
“A so aquè!,“Sono qui!,La bandiera,graziani,graziani__0
-paréva ch’la dgẹss-,– pareva dire-,La bandiera,graziani,graziani__0
a stêgh in pêt a e’mond:,e sto davanti al mondo:,La bandiera,graziani,graziani__0
la vita l’è la mì,"la vita è mia,",La bandiera,graziani,graziani__0
"e mè scẹtta am la zugh, sẽza pavura.”","e schietta me la gioco, senza paura.”",La bandiera,graziani,graziani__0
Pr’avdéla,Per vederla,La bandiera,graziani,graziani__0
a pês dal vôlt drì ca su,"io passo a volte, vicino a casa sua",La bandiera,graziani,graziani__0
dopp a tãnt ãnn.,dopo tanti anni,La bandiera,graziani,graziani__0
Mo an so piò côsa dì:,Ma non so più che dire:,La bandiera,graziani,graziani__0
a salut cun la mã sóra la spala,"saluto, con la mano sulla spalla",La bandiera,graziani,graziani__0
e pu a tir drẹtt.,e tiro dritto.,La bandiera,graziani,graziani__0
"Li la s’asbasa,","Lei sta curva,",La bandiera,graziani,graziani__0
la pẽsa a la su artrita e la s’ingosa.,"pensa alla sua artrite,in silenzio, commossa.",La bandiera,graziani,graziani__0
Elt sóra la strê,Alto sulla strada,La bandiera,graziani,graziani__0
vérd ingalì int’e’sól,verde impettito nel sole,La bandiera,graziani,graziani__0
e’ svẹttla e’ mél garnê.,svetta il melograno.,La bandiera,graziani,graziani__0
"Dal vôlt ai păs par dnẽz com’int i sògn,",Le passo innanzi a volte come in sogno,La mia casa,graziani,graziani__1
"che e’ pê ch’in sẹia mai sté, quã-t j’è finì.","un sogno che è finito, forse ho inventato.",La mia casa,graziani,graziani__1
Ai guérd coma dint l’êria ch’trẹma d’zògn:,La guardo come nell’aria tremula di giugno:,La mia casa,graziani,graziani__1
“ êl e vera? Sta ca l’era la mì?”,"“E' vero? questa casa era la mia…""",La mia casa,graziani,graziani__1
"S’a m’arisg a sguicê da stra la šìv,",Se mi arrischio a spiare dalla siepe,La mia casa,graziani,graziani__1
"um ciapa al brẹss d’è frẹdd, am vult indrì,","mi viene addosso un brivido, mi volto,",La mia casa,graziani,graziani__1
"cun un sghẹtt d’sintìm dì: “Vò, cus avlìv?”",col timore di udir: “cosa volete?”,La mia casa,graziani,graziani__1
E pu dop par no piãz a strẹcc i pògn.,e dopo per non pianger stringo un pugno.,La mia casa,graziani,graziani__1
Vëc com ch’a so,Vecchio come sono,​Vecchio come sono,graziani,graziani__2
a i ho ‘na cunfusió int la tësta,mi va la testa in confusione,​Vecchio come sono,graziani,graziani__2
cun cal si sëtt donn,con quelle sei sette donne,​Vecchio come sono,graziani,graziani__2
ch’al zira int’e zarvël;,che mi girano in testa;,​Vecchio come sono,graziani,graziani__2
donn ch’a j ho vlu bẽ,donne che ho amato,​Vecchio come sono,graziani,graziani__2
ch’a j ho fât quël,e ho avuto una storia,​Vecchio come sono,graziani,graziani__2
e quẹla ch’a m’avleva maridë,e quella che mi volevo sposare,​Vecchio come sono,graziani,graziani__2
e an l’ho mai ciapa.,e non è stata mia.,​Vecchio come sono,graziani,graziani__2
Am guérd datoran s’a camẽn,Mi guardo intorno se cammino,​Vecchio come sono,graziani,graziani__2
in sta zitë,in questa città,​Vecchio come sono,graziani,graziani__2
sẽza zarchë caicvêl ch’avrẹbb avdé;,senza cercar qualcosa da vedere;,​Vecchio come sono,graziani,graziani__2
"mo a corr sẽmpr’int un cantõ,","ma incontro sempre un angolo,",​Vecchio come sono,graziani,graziani__2
"int una strë, una ca","una strada, una casa",​Vecchio come sono,graziani,graziani__2
"ch’a gli um dis quël, ????","che mi dicono qualcosa,",​Vecchio come sono,graziani,graziani__2
"parchè una fâza, du occ","perché un volto, due occhi",​Vecchio come sono,graziani,graziani__2
"un môd ed ridar,","il muoversi in un riso,",​Vecchio come sono,graziani,graziani__2
"una dona la da fura dal muraj,","una donna esce dai muri,",​Vecchio come sono,graziani,graziani__2
"la sguẹccia da un purtõ,","mi spia da un portone,",​Vecchio come sono,graziani,graziani__2
la m sta da stë pët un semafor.,lì a un semaforo mi aspetta.,​Vecchio come sono,graziani,graziani__2
Acsè me a barandẹll d’un cãt,Così mi trovo a brancolar da un posto,​Vecchio come sono,graziani,graziani__2
"a clëtar, par no avdé insó","all’altro, per non veder nessuno",​Vecchio come sono,graziani,graziani__2
e am truv insẹma a ló,e mi trovo insieme a loro,​Vecchio come sono,graziani,graziani__2
tott i mumẽt.,ogni momento.,​Vecchio come sono,graziani,graziani__2
Tótt' al vólti che da la Pènna,Tutte le volte che da Pennabilli,Un goccio d'acqua,guerra,guerra__0
"a vagh a Santarcànzal sla curira,","vado a Santarcangelo in corriera,",Un goccio d'acqua,guerra,guerra__0
éulta Petraghéuda u i è una staziòun,dopo Pietracuta c'è una stazione,Un goccio d'acqua,guerra,guerra__0
abandunèda da zinquènt'an,abbandonata da cinquant'anni,Un goccio d'acqua,guerra,guerra__0
senza piò al rudài davènti,senza più le rotaie davanti,Un goccio d'acqua,guerra,guerra__0
indò ch'e' pasèva e' treno a scartamént ridótt,dove passava il treno a scartamento ridotto,Un goccio d'acqua,guerra,guerra__0
ch'l'avnéva sò da Rémin sla pózza de pèss,che veniva su da Rimini con il puzzo del pesce,Un goccio d'acqua,guerra,guerra__0
e pu e' turnèva sl'udòur dla móffa di furmai.,e poi tornava con l'odore della muffa dei formaggi.,Un goccio d'acqua,guerra,guerra__0
Ènca e' mi ba l'andéva sò e zò par la muntagna,Anche mio padre andava su e giù per la montagna,Un goccio d'acqua,guerra,guerra__0
próima se caval e dop s'un camiòun,prima col cavallo e dopo col camion,Un goccio d'acqua,guerra,guerra__0
ch'e' saltèva lòngh a la strèda pina ad béusi;,che saltava lungo la strada piena di buche;,Un goccio d'acqua,guerra,guerra__0
però s'e' féva la naiva e' muntèva se trenóin,però se nevicava allora prendeva il trenino,Un goccio d'acqua,guerra,guerra__0
e da chèsa nòsta Friz u i curéva incòuntra.,e da casa nostra Friz gli correva incontro.,Un goccio d'acqua,guerra,guerra__0
Mo piò di tótt da la curira a guèrd e' gabinòt,Ma piu di tutto dalla corriera guardavo il gabinotto,Un goccio d'acqua,guerra,guerra__0
dri la staziòun cuért da una vóida americhèna,vicino alla stazione coperto da una vite americana,Un goccio d'acqua,guerra,guerra__0
indò che i viazadéur i s ferméva a fè un gòzzal d'aqua.,dove i viaggiatori si fermavano a fare un goccio d'acqua.,Un goccio d'acqua,guerra,guerra__0
I racòunta che un dopmezdè l'è smòunt un òm,Raccontano che un pomeriggio è sceso un uomo,Un goccio d'acqua,guerra,guerra__0
nir comè e' carbòun e l'à dmand me chepstaziòun,nero come carbone e ha domandato al capostazione,Un goccio d'acqua,guerra,guerra__0
un sgònd ad témp ch'l'eva bsògn da fè qualcósa alà,un secondo di tempo che aveva bisogno di far qualcosa là,Un goccio d'acqua,guerra,guerra__0
[dróinta.,[dentro.,Un goccio d'acqua,guerra,guerra__0
Dop u s'è savéu ch'l'era e' poeta Pound,Poi si è saputo che era il poeta Pound,Un goccio d'acqua,guerra,guerra__0
ch'l'era stè a Santa Maria d'Antóigh,che era stato a Santa Maria d'Antico,Un goccio d'acqua,guerra,guerra__0
una matóina intira tla cisa a guardè,una mattina intera nella chiesa a guardare,Un goccio d'acqua,guerra,guerra__0
"la stètua ad Luca da la Robbia, da par léu.","la statua di Luca della Robbia, da solo.",Un goccio d'acqua,guerra,guerra__0
L'èlbar d'aqua,L'albero dell'acqua,Un goccio d'acqua,guerra,guerra__0
S'e' va un'instèda chèlda,Se va un'estate calda,Un goccio d'acqua,guerra,guerra__0
"ch'la póiga al fòi a testa d'inzò,","che piega le foglie a testa in giù,",Un goccio d'acqua,guerra,guerra__0
e' Marèccia l'è un èlbar d'aqua,il Marecchia è un albero d'acqua,Un goccio d'acqua,guerra,guerra__0
si rèm ch'i sguélla tra la sasèra.,coi rami che scivolano tra la sassaia.,Un goccio d'acqua,guerra,guerra__0
U n'éva tórt e' poeta se da d'in èlt,Non aveva torto il poeta,Un goccio d'acqua,guerra,guerra__0
u i pareva che dróinta la vala,se gli pareva che dentro la valle,Un goccio d'acqua,guerra,guerra__0
u i fóss agli òsi biènchi d'animèli mórt.,ci fossero gli ossi bianchi d'animali morti.,Un goccio d'acqua,guerra,guerra__0
"Agli era dòg al cisi biènchi ch'al spichéva dróinta la vala. Próima u s'è ròt i vóidar mal finèstri, pu tótt al pórti agli è dvénti fròli e i ciód i dindléva tra la chèrna fràida dagli asi crociféssi ch'agli era pini 'd béus.","Erano dodici le chiese bianche che spiccavano dentro la valle. Prima si sono rotti i vetri delle finestre, poi tutte le porte si sono infradiciate e i chiodi si muovevano tra la carne marcia delle assi crocefisse che erano piene di buchi.",La valle delle chiese bianche,guerra,guerra__2__0
"Al s'è sfàti cl'an ch'l'à piuvéu tótta l'instèda fina a la próima fira 'd utòubar. U s'avdéva l'impalcadéura di ciód ch'i tnéva sò di pézz ad lègn e i féva una ròba trasparénta che paréva una telaragna. T'una zurnèda che e' vént e' féva se séri, l'à tach a vulè véa i ciód e u n è rèst gnénca l'òmbra dal pórti.","Si sono sfatte quell'anno che è piovuto tutta l'estate fino alla prima fiera d'ottobre. L 'impalcatura dei chiodi sosteneva pezzi di legno che formavano una trasparenza di ragnatela. Un giorno di gran vento, i chiodi hanno cominciato a volare e non è restata neppure l'ombra delle porte.",La valle delle chiese bianche,guerra,guerra__2__0
"Quant che i gazótt i s'è mèss a fè gazàra alà dróinta, l'aria la era pina ad piumini ch'al caléva zò fina e' sulèr cme s'al cascnes dagli eli di anzal ch'i vuleva te sufétt.","Quando gli uccelli si sono messi a fare gazzarra là dentro, l'aria era piena di piume che calavano sul pavimento quasi cadessero dalle ali degli angeli in volo sul soffitto.",La valle delle chiese bianche,guerra,guerra__2__0
E una nòta da sèch al cisi al s'è squaiè ma tèra tótti insén.,"D'improvviso una notte, le chiese sono crollate tutte insieme.",La valle delle chiese bianche,guerra,guerra__2__0
Un muntanèr che sta sòtta Badia l'èlza la mèna drétta se bastòun e u t'insègna zò tla vala di móc ad sas e calzinàz ch'i léus cmè la bèva dal luméghi.,Un montanaro che sta sotto Badia alza la mano destra col bastone e ti indica giù nella valle dei mucchi di sassi e calcinacci luccicanti come bava di lumache.,La valle delle chiese bianche,guerra,guerra__2__0
La próima vólta ch'a l'ò vést,La prima volta che l'ho visto,Ottobre,guerra,guerra__3__0
e' ziréva dal pàiri,rivoltava delle pere,Ottobre,guerra,guerra__3__0
par mèttli sla pènza vólta me sòul,per metterle con la pancia al sole,Ottobre,guerra,guerra__3__0
indò ch'al s'era infràidi.,nel punto dov'erano ammaccate.,Ottobre,guerra,guerra__3__0
Pu l'avéva stugié dal sménti biènchi,Poi aveva disteso dei semi bianchi di zucca,Ottobre,guerra,guerra__3__0
sòura una lata ruznóida,sopra una latta arrugginita,Ottobre,guerra,guerra__3__0
par tói cla sudarèla ch'agli avéva madòs.,per togliergli quell'umidore che avevano addosso.,Ottobre,guerra,guerra__3__0
Al màili agli era mézzi,Le mele erano mollicce,Ottobre,guerra,guerra__3__0
ènca s'u li éva guplé sa dla paia,anche se le aveva avvolte nella paglia,Ottobre,guerra,guerra__3__0
sòura la spònda d'érba,sulla sponda d'erba,Ottobre,guerra,guerra__3__0
che la sguiléva fina l'aqua de fiómm.,che scivolava fino all'acqua del fiume.,Ottobre,guerra,guerra__3__0
I grapal d'óvva e' paérva di mucétt,I grappoli d'uva parevano dei mucchietti,Ottobre,guerra,guerra__3__0
"ad palóin da caza,",di pallini da caccia,Ottobre,guerra,guerra__3__0
e i chèval i era inciudèd ma tèra,e i cavoli stavano inchiodati a terra,Ottobre,guerra,guerra__3__0
sl'urèl cumè che fóss ad fèr e léu,con gli orli come fossero di ferro e lui,Ottobre,guerra,guerra__3__0
u i butéva madòs dla zèndra s'un cucèr.,gli buttava addosso della cenere con un cucchiaio.,Ottobre,guerra,guerra__3__0
Insòmma l'órt l'éra un ospedèl,Insomma l'orto era un ospedale,Ottobre,guerra,guerra__3__0
e léu e' féva da dutòur dato ch'u i era stè,"e lui faceva da dottore, dato che dalla Russia",Ottobre,guerra,guerra__3__0
che purbiòun da la Róssia,era arrivato quel polverone,Ottobre,guerra,guerra__3__0
ch'l'avéva ròtt e' zil che stéva mal finèstri,che aveva rotto il cielo che stava alle finestre,Ottobre,guerra,guerra__3__0
e l'à scanzlè i gazott; al fòi di èlbar,e cancellato gli uccelli; le foglie degli alberi,Ottobre,guerra,guerra__3__0
e la faza dla zénta e' paréva di scartózz.,e la faccia della gente parevano dei cartocci.,Ottobre,guerra,guerra__3__0
U s ciaméva Liséo e l'éva utènt'an e piò.,Si chiamava Eliseo e aveva ottant'anni e più.,Ottobre,guerra,guerra__3__0
L'era rèst daparléu a campè se su ort,Era restato solo a vivere col suo orto,Ottobre,guerra,guerra__3__0
"a Ranco, un ghètt ad chèsi abandunèdi","a Ranco, una borgata di case abbandonate",Ottobre,guerra,guerra__3__0
"indò che d'utòubar se tóira e' vént,",dove in ottobre se tira vento,Ottobre,guerra,guerra__3__0
e' pióv agli anéusi sòura i cópp,piovono le noci sui coppi,Ottobre,guerra,guerra__3__0
e dróinta al cambri svóiti,e dentro le camere vuote,Ottobre,guerra,guerra__3__0
i capita par sbai di bugaréun,capitano per sbaglio i calabroni,Ottobre,guerra,guerra__3__0
che dòp i n'è piu bón 'd truvè,che poi non sono più capaci di trovare,Ottobre,guerra,guerra__3__0
al nóvvli e i sprai de sòul.,le nuvole e i raggi del sole.,Ottobre,guerra,guerra__3__0
"E’ temp: sgònd, minèud, àuri, dè, ànn,","Il tempo: secondi, minuti, ore, giorni, anni",Il tempo,lepri,lepri__0
"tèmp ch’u s’ne va cmè un sbress,","tempo che sfugge in un batter d’occhio,",Il tempo,lepri,lepri__0
temp ch’ut dà mòdi ad cuntè,tempo che ti permette di contare,Il tempo,lepri,lepri__0
i tu pass e ad mett,i tuoi passi e di mettere,Il tempo,lepri,lepri__0
"insèn i tu pensìr,","assieme i tuoi pensieri,",Il tempo,lepri,lepri__0
temp ch’e’ corr e temp,tempo che corre e tempo,Il tempo,lepri,lepri__0
"ch’e’ pèr ch’un pasa mai,","che sembra non passare mai,",Il tempo,lepri,lepri__0
temp che t’po’,tempo che puoi,Il tempo,lepri,lepri__0
avdài bèn ogni vòlta che t’at met,ben vedere ogni volta che ti soffermi,Il tempo,lepri,lepri__0
davènti un specc,davanti a uno specchio,Il tempo,lepri,lepri__0
e t’vaid i segn ch’e’ làsa,e cogli i segni che lascia,Il tempo,lepri,lepri__0
dè par dè alè sàura la tu faza.,giorno per giorno lì sul tuo volto.,Il tempo,lepri,lepri__0
E’ sàul ad fura e’ spaca i sass,Il sole fuori spezza le pietre,Nell’incavo delle mani,lepri,lepri__1
mo dròinta me un fred,ma dentro di me un freddo,Nell’incavo delle mani,lepri,lepri__1
"ch’um fa santoi tott giaz,",che mi fa sentire come di gelo,Nell’incavo delle mani,lepri,lepri__1
i pensir i è ormai acsè lizir,i pensieri ormai sono così leggeri,Nell’incavo delle mani,lepri,lepri__1
e pòch sichèur ch’is spaca,e poco solidi che si spezzano,Nell’incavo delle mani,lepri,lepri__1
e i dvènta znin cmè tint giarùl,e divengono piccoli come pietruzze,Nell’incavo delle mani,lepri,lepri__1
e i dvènta quési porbia,divengono quasi polvere,Nell’incavo delle mani,lepri,lepri__1
ch’an riès piò a tratnì’,che non riesco più a trattenere,Nell’incavo delle mani,lepri,lepri__1
te’ cov dal mi do mèni.,nell’incavo delle mie due mani,Nell’incavo delle mani,lepri,lepri__1
A zirch d’avnoi a bichè’,Cerco di venire a beccare,Cerco,lepri,lepri__2
garnèli ad furmantaun,chicchi di granturco,Cerco,lepri,lepri__2
tla tu faldèda,nel tuo grembo,Cerco,lepri,lepri__2
mo pèna t’zoir vèrs me,ma appena volgi verso di me,Cerco,lepri,lepri__2
òna dal tu ucèdi,uno dei tuoi sguardi,Cerco,lepri,lepri__2
a scap cmè un pasarot,fuggo come un passero,Cerco,lepri,lepri__2
tott spavantèd,tutto spaventato,Cerco,lepri,lepri__2
e arvenz acsè,e resto così,Cerco,lepri,lepri__2
tott a boca sòta.,del tutto a bocca asciutta.,Cerco,lepri,lepri__2
A sem pròpria,Siamo proprio,Come due uccelli,lepri,lepri__3
cmè chi du gazòtt,come quei due uccelli,Come due uccelli,lepri,lepri__3
puzed si rèmm,appollaiati sui rami,Come due uccelli,lepri,lepri__3
ormai sech ad cl’èlbar,ormai rinsecchiti di quell’albero,Come due uccelli,lepri,lepri__3
"senza piò foj,","senza più foglie,",Come due uccelli,lepri,lepri__3
ogni tènt as pizghèm,ogni tanto ci becchiamo,Come due uccelli,lepri,lepri__3
sota l’èla e a butèmn,sotto l’ala e volgiamo,Come due uccelli,lepri,lepri__3
e’ bech in qua,il becco qua,Come due uccelli,lepri,lepri__3
e in là fintènt,e la fintanto,Come due uccelli,lepri,lepri__3
che un po’ ad sfunèz,che qualche rumore,Come due uccelli,lepri,lepri__3
da tònda un s porta,vicino non ci induce,Come due uccelli,lepri,lepri__3
a vulè’ vèja.,a volar via.,Come due uccelli,lepri,lepri__3
Occ spalanchéd,Occhi spalancati,Come due uccelli,lepri,lepri__3
a guardè al novli,a guardare le nuvole,Come due uccelli,lepri,lepri__3
che in èlt al s dà drì,che in alto si rincorrono,Come due uccelli,lepri,lepri__3
tra ad làu,tra loro,Come due uccelli,lepri,lepri__3
s’na gràn voja ad żughè,con una gran voglia di giocare,Come due uccelli,lepri,lepri__3
a ciapès,a prendersi,Come due uccelli,lepri,lepri__3
intènt che un rumàur,intanto che un rumore,Come due uccelli,lepri,lepri__3
liżir liżir,leggero leggero,Come due uccelli,lepri,lepri__3
u m’aroiva tagl’urèci,m'arriva alle orecchie,Come due uccelli,lepri,lepri__3
l’è al foj,sono le foglie,Come due uccelli,lepri,lepri__3
ch’al s’è mèsi a racuntès,che si sono messe a raccontarsi,Come due uccelli,lepri,lepri__3
tra ad lau,tra loro,Come due uccelli,lepri,lepri__3
ròbi ch’al n’à nisòna voja,cose che non hanno alcuna voglia,Come due uccelli,lepri,lepri__3
ad fèm capòi.,di farmi capire.,Come due uccelli,lepri,lepri__3
Tòtt dèu culghèd,Entrambi coricati,,lepri,lepri__4
e un stret ma cl’èlta,stretti uno all'altra,,lepri,lepri__4
senza ch’al vàula tl’aria tènti paroli,senza che volino nell'aria tante parole,,lepri,lepri__4
"pu, tòtt d’un bòt,","poi, d'un botto,",,lepri,lepri__4
lì ch’la m fà,lei che mi fa:,,lepri,lepri__4
“Parché tott ste mond?,"""Perchè tutto questo mondo?",,lepri,lepri__4
Par fè pu còsa?”,"Per farne poi cosa?""",,lepri,lepri__4
"E me? Me, tott zet, a lè","Ed io? Io tutto zitto, lì",,lepri,lepri__4
cmè un patàca.,come un patacca.,,lepri,lepri__4
Dal vòlti u m’è tuchè,A volte m'è toccato,,lepri,lepri__4
ad żirè e’ mònd,di girare il mondo,,lepri,lepri__4
"pr’avdài, santòi, capòi.","per vedere, sentire, capire.",,lepri,lepri__4
"Aparècc, machini, treni","Aerei, macchine, treni",,lepri,lepri__4
"nèvi, autostrèdi, zità","navi, autostrade, città",,lepri,lepri__4
"palaz ad vaidar, chèsi","palazzi di vetro, case",,lepri,lepri__4
"ch’al tuchéva e’ zil, muntàgni","che toccavano il cielo, montagne",,lepri,lepri__4
"pini ad nàiva e giàz,",piene di neve e ghiaccio,,lepri,lepri__4
aqua de mer ch’la n finéva mai.,acqua di mare che non finiva mai.,,lepri,lepri__4
Pu a m so incòrt che tott,Poi mi sono accorto che tutto,,lepri,lepri__4
l’éra ża dròinta at cla pala ‘d straz,era già dentro a quella palla di stracci,,lepri,lepri__4
che la mi nòna da zin,"che mia nonna, da piccolo",,lepri,lepri__4
la m’avéva fat parchè a putès żughè.,mi aveva fatto perché potessi giocare.,,lepri,lepri__4
Da vec u s pérd la memoria.,Da anziani si perde la memoria.,Fare la cernita,magalotti,magalotti__0
E’ srà par quel che,Sarà per quello che,Fare la cernita,magalotti,magalotti__0
che po’ ch’u m’è ‘rstè dla mi,quel poco che mi resta della mia,Fare la cernita,magalotti,magalotti__0
u m bsogna tot pr’arcurdèm,mi serve tutto per ricordare,Fare la cernita,magalotti,magalotti__0
i bis e al brazèdi ch’as sem fèt,i baci e gli abbracci che ci siamo scambiati,Fare la cernita,magalotti,magalotti__0
in tot sti’èn insem.,in tutti questi anni insieme.,Fare la cernita,magalotti,magalotti__0
Tot cagli’et robi,Tutte le altre cose,Fare la cernita,magalotti,magalotti__0
"a li pos enca pérd,","le posso anche perdere,",Fare la cernita,magalotti,magalotti__0
a m li pos enca scurdè.,"me le posso anche dimenticare,",Fare la cernita,magalotti,magalotti__0
"Quel ch’conta,","Quello che conta,",Fare la cernita,magalotti,magalotti__0
"a t l’ho det,","te l’ho detto,",Fare la cernita,magalotti,magalotti__0
l’è ch’a murema da viv.,è che moriamo da vivi.,Fare la cernita,magalotti,magalotti__0
I va int e’ bar,Vanno nel bar,Nel bar,magalotti,magalotti__1
par tò un amaro.,per prendere un amaro.,Nel bar,magalotti,magalotti__1
Me a m’e’ pos enca sparagnè:,Me lo posso anche risparmiare:,Nel bar,magalotti,magalotti__1
de mèr in boca,dell’amaro in bocca,Nel bar,magalotti,magalotti__1
a i n’ò piò d’una volta.,ne ho più di una volta.,Nel bar,magalotti,magalotti__1
"E a dì’ la verità,","E a dire la verita,",Nel bar,magalotti,magalotti__1
gnench sol a lè.,nemmeno solo lì.,Nel bar,magalotti,magalotti__1
A m’sint int la schìna j an ch’i pàisa ad piò e che j à fat poch malàn cume i fiuchét d’nàiva int l’acva de’ canèl,Sento sulle spalle gli anni che pesano di più e che hanno fatto poco rumore come i fiocchi di neve nell’acqua del canale,Gli anni,maltoni,maltoni__0
mo d’atónd a m’ n’adàgh che u s’é stradè e’ rispìr ad quij che i m’vléva ben.,ma attorno mi accorgo che si è diradato il respiro di quelli che mi volevano bene.,Gli anni,maltoni,maltoni__0
Un fos tra i spiùn ch’i strenz l’acva int e’ col ch’la s’ strabìga lansùn incontra a e’ mèr ch’l’è a lé.,Un fosso tra spine che stringono al collo l’acqua che si trascina ansimando incontro al mare vicino.,Gli anni,maltoni,maltoni__0
"Me quand ch’ò vert j occ, la faza dla mi ma l’udòr dla maràina e’ dialét de’ mi ba, i m’à tuchè e’ cor.","Io quando ho aperto gli occhi la faccia di mia madre l’odore della marina il dialetto di mio padre, mi hanno toccato il cuore.",Gli anni,maltoni,maltoni__0
Adès da spes a vreb avaj i mia viv par stè da stè a la sàira che bès che sbrìsla e’ cor cume un giamàin d’tèra ch’e’ casca da l’aróla.,Adesso spesso vorrei avere i miei cari in vita per aspettare la sera quel bacio che sbriciola il cuore come un tegamino di terracotta che cade dall’aròla.,Gli anni,maltoni,maltoni__0
La porta dla mi ca la n’à e’ carnàz da un pèz,La porta della mia casa non ha il catenaccio da tempo,Gli anni,maltoni,maltoni__0
ma ormai u n gnè piò un chèn ch’e’ venga a fè do ciàcri.,ma ormai non c’è più un cane che venga a fare due chiacchiere.,Gli anni,maltoni,maltoni__0
D’ in ca a scap da rèd,Da casa esco di rado,Gli anni,maltoni,maltoni__0
e a vag zò pr e’ canèl parché a lé a m’arcnòs énca se al bèrchi al n’à i culùr d’una vólta e j arcùrd j è scumpagn a quel che u m’è d’atónd.,e vado lungo il porto perché lì mi ritrovo anche se le barche non hanno i colori di un tempo e i ricordi sono diversi da ciò che mi è intorno.,Gli anni,maltoni,maltoni__0
Soltènt aglj ombri d’jir aglj è queli d’incùa.,Solamente le ombre di ieri sono quelle di oggi.,Gli anni,maltoni,maltoni__0
I dé d’invéran a m‘ fagh cumpagnia da par me,I giorni d’inverno mi faccio compagnia da solo,Gli anni,maltoni,maltoni__0
"e se la voja d’campè la m’fa d’ucié e’ sol che e’ nas in du ch’e’ pè che possa murì e’ mond e se e’ zil l’è pin ad pènzi d’nùval gris che i s’incavàla stret cume par fè l’amor, a m’ n’adàgh che int e’ cor a j ò ancora un cantunzìn pin d’ fantasia.","e se la voglia di vivere mi fa dare un’occhiata al sole che nasce dove sembra che possa morire il mondo, e se il cielo è pieno di ventri di nubi grigie che si attorcigliano strette come per fare l’amore, mi accorgo che nel cuore ho ancora un piccolo angolo ricolmo di fantasia.",Gli anni,maltoni,maltoni__0
Al nòti d’un culòr senza e’ spraj zal dla luna,Notti di un solo colore senza il giallo della luna,Gli anni,maltoni,maltoni__0
e me da svegg a m’ trov tra pansìr ch’i sdondla int la testa d’nebia.,e io da sveglio mi trovo fra pensieri che dondolano in una testa di nebbia.,Gli anni,maltoni,maltoni__0
Pu u sbròja l’alvèda,Poi si dipana l’alba,Gli anni,maltoni,maltoni__0
e’ sgvéla via e’ scur,scivola via il buio,Gli anni,maltoni,maltoni__0
"e e’ sol e’ bèsa int e’ curtìl e’ lèns di pas, che me al so, in po avnì da me.","e il sole bacia nel cortile l’ansia di passi, che io lo so, non possono venire da me.",Gli anni,maltoni,maltoni__0
La faza ch’la ven ólta ad nòta int la mi cambra la n’à e’ surìs vigliach ad quij ch’i t’vo tó in zir,Il viso che mi viene incontro di notte nella mia camera non ha il sorriso vile di quelli che vogliono prenderti in giro,Gli anni,maltoni,maltoni__0
e me a slongh un braz par strénzla drìa a me,e io allungo un braccio per stringerlo vicino a me,Gli anni,maltoni,maltoni__0
ma lia la tira dret par mets dàintra a un ritràt.,ma lui tira diritto per nascondersi dentro una foto.,Gli anni,maltoni,maltoni__0
Enca s’ò i cavél bjinch a vréb voja la sàira de’ calòr d’una mèna ch’la m’strisés i cavél pràima d’indurmantèm.,Anche se ho i capelli bianchi avrei voglia la sera del calore di una mano che mi accarezzasse i capelli prima di addormentarmi.,Gli anni,maltoni,maltoni__0
Mo l’è da un pèz ormai ch’l’armàna tot giazé e’ lanzól de’ lèt grand cumpagn dal mi nòti.,Ma è da tempo ormai che rimane freddo il lenzuolo del letto grande compagno delle mie notti.,Gli anni,maltoni,maltoni__0
L’è tot incùa ch’e’ piov.,È tutt’oggi che piove.,Gli anni,maltoni,maltoni__0
"Momàinti, cun e’ scur e’ cminzarà e’ patì.","Tra poco, col buio ricomincerà il patire.",Gli anni,maltoni,maltoni__0
Mirà ch’a cambia e’ lèt che a n’tója un èlt piò znìn par mod ch’a n’sinta piò e’ giaz ch’a j ò da chènt.,"Bisogna che cambi letto, che ne compri uno più piccolo in modo che non senta più il freddo che ho accanto.",Gli anni,maltoni,maltoni__0
"A n’vréb mai pansé quand ch’a sera in fórzi d’ès malardót acsé cun la vciàia par lai, da par me int una ca int e’ mèz de’ mi borgh in du che tot al ca al dis a tot qualquèl e tot j arcùrd ad jìr i s’amócia ad dulùr.","Non avrei mai pensato quando ero in forze di ridurmi così malridotto con la vecchiaia al mio fianco, da solo in una casa in mezzo al mio borgo dove tutte le case un significato per tutti e ogni ricordo di ieri si ammassa di dolore.",Gli anni,maltoni,maltoni__0
"E’ mor j amìgh piò bun, quij di zugh, dla scola.","Muoiono gli amici più veri, quelli dei giochi, quelli della scuola.",Gli anni,maltoni,maltoni__0
"Int e’ zir ad poch mis i s’n’è andè Beppe Tambòs, Rinèld parché l’è casch, Papòn a ne so e’ parché, Clod che u j è avnù un colp, Tojo pr un malàz.","Nel giro di pochi mesi se ne sono andati Beppe Tambòs, Rinèld perché è caduto, Papòn perché non so, Clod che gli è venuto un colpo, Tojo per un malaccio.",Gli anni,maltoni,maltoni__0
"Par Bubùja, sgrazì, j à fat una culetta par splil cun la banda.","Per Bubùja, infelice, hanno fatto una colletta per seppellirlo con la banda.",Gli anni,maltoni,maltoni__0
"Zenta cume fradél, tot amigh da baràchi ch’ ai scurèva in dialet.","Persone come fratelli, tutti amici di baldorie coi quali parlavo in dialetto.",Gli anni,maltoni,maltoni__0
Vaint an i fa malàn mo dop i sènta ad mènch,Venti anni fanno rumore ma dopo i sessanta di meno,Gli anni,maltoni,maltoni__0
e la pèla ingranznìda dal ganàsci di vécc la fa j òman cumpagn.,e la pelle rattrappita delle guance degli anziani rende gli uomini tutti uguali.,Gli anni,maltoni,maltoni__0
Ma i sentimìnt i n’po ès mesi nt un armèri dla suféta o de’ sulèr cume pan lis e smes énca se j à alzè al vàili int e’ mèr de’ silenzi.,Ma i sentimenti non possono essere messi in un armadio del soffitto e del solaio come vestiti lisi e smessi anche se hanno alzato le vele nel mare del silenzio.,Gli anni,maltoni,maltoni__0
"A vreb avàj la forza d’ès lébar come e’ fom, andè int la cisa znìna ch’la mor drìa la Vàina","Vorrei avere la forza di essere libero come il fumo, andare nella chiesa piccola che muore vicino la Vena dove non c’è anima viva",Gli anni,maltoni,maltoni__0
in du che u n gn’è anma viva in dov che bdól e ulìv sbatù da e’ vent d’ scriròc i m’spatàsa contra sol e’ suspìr di ànzul per fè che al mi urazión al crìda d’cuntè un pó.,dove betulle e ulivi sbalottati dal vento di scirocco spingono verso di me solo il sospiro degli angeli per far in modo che le mie preghiere si illudano di contare qualcosa.,Gli anni,maltoni,maltoni__0
"A j ò j occ ch’i m’brusa,","Ho gli occhi che mi bruciano,",Gli anni,maltoni,maltoni__0
un lévar fri int e’ quacc ch’ e’ s-ciàza e’ su dulór int un silénzi scur.,una lepre ferita nella tana che comprime il suo dolore in un silenzio scuro.,Gli anni,maltoni,maltoni__0
L’è la paura d’murì ch’la m’fa sintì la nòta e’ cor cume un martèl?,È la paura di morire che mi fa sentire la notte il cuore come un martello?,Gli anni,maltoni,maltoni__0
Pu i mi pansìr i s’ pérd int un son vàird e turchìn in du ch’ e’ mèr e e’ zil e’ pè che par dispèt in t’ fàza mai incuntrè tot i cunfàin de’ gnint.,Poi i miei pensieri si perdono in un sonno verde e azzurro dove il mare e il cielo sembra che per dispetto non ti facciano incontrare mai tutti i confini del nulla.,Gli anni,maltoni,maltoni__0
E’ dopmezdé da e’ tèrd quand che da fóra u m’ ven par ca l’udór dla pìda e e’ fom de’ pes aròst a cmìnz a fè un po d’lom par stè da stè e’ tramont,Il pomeriggio verso il tardi quando da fuori mi vengono per casa il profumo della piada e il fumo del pesce arrosto comincio a fare un po’ di luce per aspettare il tramonto,Gli anni,maltoni,maltoni__0
e a fagh cont d’ no savài che e’ tramont piò gris l’à fat busgnól da un pèz in che cantòn de’ cór trop pin ad fantasia.,e faccio finta di non sapere che il tramonto più grigio ha fatto capolino da un pezzo in quell’angolo del mio cuore troppo pieno di fantasia.,Gli anni,maltoni,maltoni__0
"Dal sàiri u m’ ven da scor cun l’aria, e’ vent, la pióva e al foj tra i paciùgh par capì parché j an j à ciapè la cursa d’bot","Certe sere mi viene di parlare con l’aria, il vento, la pioggia e le foglie nelle pozzanghere per capire perché gli anni hanno preso a correre d’improvviso",Gli anni,maltoni,maltoni__0
"e me a m’ n’adaséva soltènt pr i fiùl grénd senza tnì cont intènt che e’ mond da près a me u m’batzéva al magàgni cun i vut dla scóla, nómar che parécc vólti j à tiré d’piò int e’ bas.","e io me ne accorgevo solamente dai figli che crescevano senza tener conto intanto che il mondo che mi circondava giudicava le mie mancanze con i voti della scuola, numeri che parecchie volte tendevano verso il basso.",Gli anni,maltoni,maltoni__0
I mi fiul j è a un tir ad s-ciòp,I miei figli sono a un tiro di schioppo,Gli anni,maltoni,maltoni__0
ma u m’sa ch’i venga sol quand che j à di gat da plè,ma ho l’impressione che vengano quando hanno gatte da pelare,Gli anni,maltoni,maltoni__0
pr e’ rèst i n’pensa mai a una telefonèda,per il resto non pensano mai a una telefonata,Gli anni,maltoni,maltoni__0
"che me a saréb cuntént énca d’ sintì al su vósi, spèzi quela dla femna.","che io sarei contento anche solamente di sentire le loro voci, specialmente quella della ragazza.",Gli anni,maltoni,maltoni__0
"A n’so mai se i staga ben, se j à e’ lavor o i s’vid tra d’lor","Non so mai se stiano bene, se hanno il lavoro o se si vedono tra di loro",Gli anni,maltoni,maltoni__0
e am met int i pansìr.,e io mi metto nei pensieri.,Gli anni,maltoni,maltoni__0
A vreb es int i Valùn tra e’ vàird ch’e’ ferma e’ temp e e’ scanzèla i magùn.,Avrei voglia di essere nei Valloni fra il verde che ferma il tempo e cancella le preoccupazioni.,Gli anni,maltoni,maltoni__0
E’ temp l’è e’ fiol d’nisùn,Il tempo è figlio di nessuno,Gli anni,maltoni,maltoni__0
"e’ sgvéla cume la pióva pr i vìdar dla finèstra cume al gozli di occ, queli sempra piò chèldi, queli ch’al cor piò fort senza bagné al ganàsci e al casca zo int e’ pèt, queli ch’al fa piò mèl.","scivola come la pioggia lungo i vetri della finestra come le lacrime degli occhi, quelle sempre più calde, quelle che corrono più forte senza bagnare le guance e cadono sul petto, quelle che fan più male.",Gli anni,maltoni,maltoni__0
Tra e’ vàird me a fagh cont che e’ tempo l’épa finì ad stèm pr ‘un po da chènt e pu andè via d’cursa.,In mezzo al verde faccio finta che il tempo abbia finito di starmi accanto per un po’ per poi fuggire di corsa.,Gli anni,maltoni,maltoni__0
A n’ò pers gnint dla vita fintènt ch’ò vu qualquèl da cuntè a qualcadùn che u m’daséva urécia,Non ho perso niente della vita finché ho avuto qualcosa da raccontare a qualcuno che mi prestava orecchio,Gli anni,maltoni,maltoni__0
ma ormai d’intónd a me u n’ s’ mov piò foja viva,ma ormai intorno a me non si muove più foglia viva,Gli anni,maltoni,maltoni__0
e enca al stèli a l’ pè inciudèdi a un zil s-ciavì.,e anche le stelle sembrano inchiodate a un cielo insipido.,Gli anni,maltoni,maltoni__0
E pansè che da burdèl a vléva ciapèn óna cun do manìni biénchi.,E pensare che da ragazzo volevo prenderne una con due manine bianche.,Gli anni,maltoni,maltoni__0
E i mia chi ridéva.,E i miei genitori sorridevano.,Gli anni,maltoni,maltoni__0
"Quand ch’avrò lasè e’ post a quij che j avnirà nissùn e’ savrà mai tot e’ ben ch’ò vlu, tot quel ch’ò gudù e tot quel ch’ò patì.","Quando avrò lasciato il posto a quelli che verranno nessuno saprà mai tutto il bene che ho voluto, tutto quello che ho goduto e tutto quello che ho sofferto.",Gli anni,maltoni,maltoni__0
L’è cume se avés fat du pas int e’ batént cun l’onda a la posta par afughè al pinèdi lasèdi int e’ sabiòn.,È come se avessi fatto due passi lungo la spiaggia con l’onda in agguato per annegare le impronte lasciate sulla sabbia.,Gli anni,maltoni,maltoni__0
"Me, cume tot j òman.",Io come tutti gli uomini.,Gli anni,maltoni,maltoni__0
E’ temp e i an da un pèz i cor zo pr una strèda ch’la va sempra in calèda,Il tempo e gli anni da tempo corrono giù per una strada che va sempre in discesa,Gli anni,maltoni,maltoni__0
"mo quand ch’i sarà in chèv i putrà dì la sua ad quel ch’avrò fat d’bon par quij ch’avéva drìa, i vecc, i fradél, i fiul, la dòna ch’la m’à vlu ben, pr e’ mi dvàir e pr j amigh.","ma quando arriveranno in fondo potranno dare un giudizio su quello che avrò fatto di buono per quelli che avevo vicino, i genitori, i fratelli, i figli, per la donna che mi ha voluto bene, per il mio dovere e per gli amici.",Gli anni,maltoni,maltoni__0
"Pr e’ mi canèl e e’ borgh che, ènca se ò vést e’ mond, sol quest l’è stè e’ mi mond.","Per il mio canale e il borgo che, anche se ho girato il mondo, solamente questo è stato il mio mondo.",Gli anni,maltoni,maltoni__0
"Clèt mond e’ sarà ólta tot i cunfàin de’ gnìnt tra e’ vàird e e’ turchìn in du che tot du insém, e’ mi ba e la mi ma, i m’ciaparà par mèna e i m’dmandarà: “cume l’è andèda ad là?”","Quell’altro mondo sarà oltre tutti i confini del nulla tra il verde e l’azzurro dove tutti e due insieme, mio padre e mia madre, mi prenderanno per mano e mi chiederanno: “Com’è andata di là?”",Gli anni,maltoni,maltoni__0
Me a j’ho una vèita pina.,Io ho una vita piena.,La vita piena,marchi,marchi__0
Pina ad pavóuri,Piena di paure,La vita piena,marchi,marchi__0
pina ad dulóur,piena di dolori,La vita piena,marchi,marchi__0
pina ad sperènzi.,piena di speranze.,La vita piena,marchi,marchi__0
des a j’ho pin ènca i quajóun.,Adesso ho pieni anche i coglioni.,La vita piena,marchi,marchi__0
La cuntantèza - e’ gèt clòu -,La felicità - disse qualcuno-,La felicità,marchi,marchi__1
l’è n’avòe delusiòun.,è non avere delusioni.,La felicità,marchi,marchi__1
Alòura u t tòca sperè,Allora devi sperare,La felicità,marchi,marchi__1
ch’la t’vaga sèmpra mèl.,che ti vada sempre male.,La felicità,marchi,marchi__1
Sèmpra mei paghe’,Sempre meglio pagare,La felicità,marchi,marchi__1
Una dona l’è mèi paghéla,Una donna è meglio pagarla,La felicità,marchi,marchi__1
si no la dventa una muròusa,se no diventa una morosa,La felicità,marchi,marchi__1
e alòura la cméinza a déit,e allora comincia a dirti,La felicità,marchi,marchi__1
quèl ch’ t’è da fè.,cosa devi fare.,La felicità,marchi,marchi__1
Pianóura,Pianura,La felicità,marchi,marchi__1
Ò caminè tot la véita,Ho camminato tutta la vita,La felicità,marchi,marchi__1
s’ l’urèl d’un buròun.,sull'orlo di un burrone.,La felicità,marchi,marchi__1
"Da sèch, da vèc’,","Improvvisamente, da vecchio,",La felicità,marchi,marchi__1
a m tróv davènti,mi trovo davanti,La felicità,marchi,marchi__1
una pianóura,una pianura,La felicità,marchi,marchi__1
in du ch’u n s vèd la fòen,in cui non si vede la fine.,La felicità,marchi,marchi__1
E’ schèltar int l’armèri,Lo scheletro nell’armadio,La felicità,marchi,marchi__1
Tótt o quési,Tutti o quasi,La felicità,marchi,marchi__1
avèm un schèltar int l’armèri,abbiamo uno scheletro nell’armadio,La felicità,marchi,marchi__1
ch’u n t ‘fa durméi,che non ti fa dormire,La felicità,marchi,marchi__1
o durméi mèl la nota.,o ti fa dormire male la notte,La felicità,marchi,marchi__1
"Par lóu, i spurtél de stès armèri",Per lui gli sportelli dello stesso armadio,La felicità,marchi,marchi__1
e i móur dla chésa j’è fat ad vòedar.,e i muri della casa sono fatti di vetro.,La felicità,marchi,marchi__1
U t véd quand t vè me lavòur,Ti vede quando vai al lavoro,La felicità,marchi,marchi__1
quand t scòr si améigh,quando parli con gli amici,La felicità,marchi,marchi__1
parfina quand t ci sla moi.,perfino quando sei con la moglie.,La felicità,marchi,marchi__1
E u t fa cróed che quel t fé o t faré,E ti fa credere che quello che fai o farai,La felicità,marchi,marchi__1
l’è tot fat mèl.,è tutto fatto male.,La felicità,marchi,marchi__1
"“La và ben per te che t’ si dvent un sgnour!” u m’ha dét un dè, un adulatour.","“Va bene per te che sei diventato un signore!” m’ha detto un giorno, un adulatore.",Un signore sono sempre stato,mazzotti,mazzotti__0
“Dó sbaj fundamentel e’ mi umaroin!,“Due errori fondamentali il mio omarino!,Un signore sono sempre stato,mazzotti,mazzotti__0
"E’ proim, perché te t’ croid ch’épa i quatroin,","Il primo perché tu credi che io sia diventato ricco,",Un signore sono sempre stato,mazzotti,mazzotti__0
"e e’ sgond, perché acsè génd t a n’é pansæ che un sgnour, te mi mond, me a sò sempra staæ!”","e il secondo perché così dicendo non hai pensato che un signore, nel mio mondo, io lo son sempre stato!”",Un signore sono sempre stato,mazzotti,mazzotti__0
"Un casp ‘d radèc ch’e’ nass da sòta tera,","Un caspo di radicchio che nasce da sotto terra,",Credo in nostro Signore,mazzotti,mazzotti__1
"la spóiga ad græn ch’ la s’ fà da una garnela,","la spiga di grano che si fa da un chicco,",Credo in nostro Signore,mazzotti,mazzotti__1
"un fiour se su prufóm, se su culour:","un fiore col suo profumo, col suo colore:",Credo in nostro Signore,mazzotti,mazzotti__1
ecco perché a cròid te’ nost Signour.,ecco perché credo in nostro Signore.,Credo in nostro Signore,mazzotti,mazzotti__1
"Soura una banchina, tè mez di zardoin póblich, un vèc’ e’ guærda fés davænti a sè.","Sopra una panchina, nel mezzo dei giardini pubblici, un vecchio guarda fisso davanti a sé.",È ora d’andar sù,mazzotti,mazzotti__2
"J ócc’ spalanchid, punted m’un curnisoun, senza vultæi vers tót e viavai ch’u j è sla stræda.","Gli occhi spalancati puntati a un cornicione, senza voltarli verso tutto il viavai che c’è sulla strada.",È ora d’andar sù,mazzotti,mazzotti__2
"La pala d’un burdel la i bat ti pì,","La palla d’un bambino gli batte nei piedi,",È ora d’andar sù,mazzotti,mazzotti__2
mo lu u n la void la pala a d che burdel ch’e’ zuga.,ma lui non la vede la palla di quel bambino che gioca.,È ora d’andar sù,mazzotti,mazzotti__2
Un void e u n sint la zenta ch’la s’afana…,Non vede e non sente la gente che s’affanna…,È ora d’andar sù,mazzotti,mazzotti__2
Un void e un sint al machini ch’a l và.,Non vede e non sente le auto che vanno.,È ora d’andar sù,mazzotti,mazzotti__2
"E pær ch’e’ guærda féss e’ curnisoun,","Sembra che guardi fisso il cornicione,",È ora d’andar sù,mazzotti,mazzotti__2
"invici e’ tò al misuri, sò me zil, ch’ l’ha d’andæ sò!","invece prende le misure, su al cielo, che ha d’andar su!",È ora d’andar sù,mazzotti,mazzotti__2
"Lassa ch’a m’imbariega ad soul, ch’a m’imbariega ad luna…","Lascia che mi ubriachi di sole, che mi ubriachi di luna…",Lascia che mi ubriachi,mazzotti,mazzotti__3
lassa ch’a munta sal j eli d’un gazot,lascia che io salga sulle ali di un uccello,Lascia che mi ubriachi,mazzotti,mazzotti__3
e fam vulæ te mond ch’a vréb ch’e’ fóss: un mond ad tóta zenta bona.,e fammi volare nel mondo che vorrei: un mondo di tutta gente buona.,Lascia che mi ubriachi,mazzotti,mazzotti__3
"Lassa ch’a ôintra tla nóvla dl’illusioun in zirca d’un puntêl dla mi sperænza, ch’a l vréb truvæ cumè ch’e’ vréb truvæ una funtæna, un om instèch tal sabii de’ desert!","Lasciami entrare nella nuvola dell’illusione in cerca di un puntello per la mia speranza, che vorrei trovare come vorrebbe trovare una fontana un uomo perso nelle sabbie del deserto!",Lascia che mi ubriachi,mazzotti,mazzotti__3
"Nu vlòi, per forza, ch’epa da ristæ, s’un s-ciop a pala in cana, tla guera ad tót i dè.","Non volere, per forza, che io resti, con un fucile a colpo in canna, nella guerra di tutti i giorni.",Lascia che mi ubriachi,mazzotti,mazzotti__3
Ho bsogn ’d scapæ un mument da la trincea!,Ho bisogno di uscire un momento dalla trincea!,Lascia che mi ubriachi,mazzotti,mazzotti__3
"Ho bsogn da fæ la sborgna, per zcurdæ,","Ho bisogno di una sbornia, per dimenticare,",Lascia che mi ubriachi,mazzotti,mazzotti__3
"che me a n sarò mai bon da fæ la guera, gnenca s’e’ vléss mazæm un preputent.","che non sarò mai bravo a far la guerra, neanche se volesse ammazzarmi un prepotente.",Lascia che mi ubriachi,mazzotti,mazzotti__3
Lassa ch’a m’imbariega ad soul…ch’a m’imbariega ad luna…ch’a m’imbariega te’ prufóm d’un fiour…,Lascia che mi ubriachi di sole… che mi ubriachi di luna…che mi ubriachi nel profumo di un fiore…,Lascia che mi ubriachi,mazzotti,mazzotti__3
"U j è sempra, tla vóita, un minud per l’insógni!","C’è sempre, nella vita, un minuto per il sogno!",Lascia che mi ubriachi,mazzotti,mazzotti__3
"Fam insugné che tót cal mæni tôisi, ch’a l j ôintra tla mi nóvla dl’ilusioun, a l n’è arvati fin’a lè per vloim struzæ, mo a l vò che me a li strenza ôna a ôna, in sègn ad pæsa!","Fammi sognare che tutte quelle mani tese, che entrano nella mia nuvola d’illusione, non sono arrivate fin lì per volermi strozzare, ma vogliono che io le stringa una a una, in segno di pace!",Lascia che mi ubriachi,mazzotti,mazzotti__3
Tinmi la mæna e nu m la lassa mai.,Tienmi la mano e non lasciarla mai.,Non mi lasciare solo,mazzotti,mazzotti__4
Ém bsogn da ès insen te caruzoun dla vóita te viaz countra la morta.,Abbiamo bisogno di essere assieme nel carrozzone della vita nel viaggio contro la morte.,Non mi lasciare solo,mazzotti,mazzotti__4
"Ém bsogn da ès insen tra la furesta paurousa e nira, a tnóis per mæna tra chi trabuchét.","Abbiamo bisogno di essere assieme nella foresta paurosa e nera, e tenerci per mano tra quei trabocchetti.",Non mi lasciare solo,mazzotti,mazzotti__4
"Ém bsogn da ès insen soura i stradél, tra i calancun de mond, a trés o a chiches drì, per no ruzlé te fond.","Abbiamo bisogno di essere assieme sopra il viottolo, tra i calanchi del mondo, a tirarci o a spingerci per non scivolare nel fondo.",Non mi lasciare solo,mazzotti,mazzotti__4
"Ém bsogn, mæna tla mæna, a d’arscaldæs e’ cor e zfæ e’ giaz ch’u s fourma soura l’anma, a d chi mumint che la disperazioun la s’ bóta zò spuntun drointa e’ buroun.","Abbiamo bisogno, mano nella mano, di riscaldarci il cuore e disfare il ghiaccio che si forma sull’anima in quei momenti che la disperazione ci getta giù a capofitto dentro il burrone.",Non mi lasciare solo,mazzotti,mazzotti__4
"Ém bsogn da ès insen perché, un da per lu, l’è cmè ‘na pióma ciuceda sò d’e’ vent e anchè parchè mè, senza tè, ti mumint ch’a m sò ruzlé, a n’avréb vù, te’ mond, la voja da campæ!","Abbiamo bisogno di essere assieme perché uno da solo è come una piuma succhiata su dal vento e anche perché io, senza te, quella volta che son scivolato, non avrei avuto, nel mondo, la voglia di tornare a vivere!",Non mi lasciare solo,mazzotti,mazzotti__4
No! Nu fiaza!,No! Non fiatare!,Il tempo,mazzotti,mazzotti__5
"Resta a lè duvè t’ sì, ferma e móta!","Resta lì dove sei, ferma e muta!",Il tempo,mazzotti,mazzotti__5
Ta n mi diréb piò al paroli che ta m givi sempra;,Non mi diresti più le parole che mi dicevi sempre;,Il tempo,mazzotti,mazzotti__5
"ta n’avréb piò t j ócc’, ch’i era bun ad cantæ, cl’armunì ad steli.","non avresti più negli occhi, che sapevano cantare, quell’armonia di stelle.",Il tempo,mazzotti,mazzotti__5
"Ta n savréb piò pasæm soura i cavéll, cla pióma ch’ l’era la tu mæna.","Non sapresti più passarmi sui capelli, quella piuma che era la tua mano.",Il tempo,mazzotti,mazzotti__5
Resta a lè duvè t’ sì!,Resta lì dove sei!,Il tempo,mazzotti,mazzotti__5
A rest fermi anche mè.,Resto fermo anch’io.,Il tempo,mazzotti,mazzotti__5
"Ristéma senza movsi, ognun si su ricurd, per arsantói zil ad viuloin…carèzzi ad anzli…scaramaz ad baticor…","Restiamo immobili, ognuno coi propri ricordi, per risentire cieli di violini…carezze d’angeli…rumore di batticuori…",Il tempo,mazzotti,mazzotti__5
E’ temp l’è un criminæl!,Il tempo è un criminale!,Il tempo,mazzotti,mazzotti__5
Nu s’ féma mazæ da e’ temp!,Non facciamoci uccidere dal tempo!,Il tempo,mazzotti,mazzotti__5
Ristéma cumè aloura!,Restiamo come allora!,Il tempo,mazzotti,mazzotti__5
"La chémpa per quèst, l’ilusioun!","Vive per questo, l’illusione!",Il tempo,mazzotti,mazzotti__5
L’è un sôffi ad vent ch’u m cóica e u m’acumpagna,È un soffio di vento che mi spinge e m’accompagna,È un soffio di vento,mazzotti,mazzotti__6
"e l’è una bæva ad mær ch’ la m fà sdindlé sla bærca, ch’ la m porta zirandlun in zirca d’un qualcosa ch’ a n sò gnenca quèl ch’ l’è.","ed è una bava di mare che mi fa dondolare sulla barca, che mi porta a vagare in cerca di qualcosa che non so neanche cos’è.",È un soffio di vento,mazzotti,mazzotti__6
"S’u s ferma e’ vent e e’ mær e’ dventa léss, u m tòcca ristæ a lè duvè ch’ a sò","Se si ferma il vento e il mare diventa liscio, mi tocca restare lì dove sono",È un soffio di vento,mazzotti,mazzotti__6
e… a n sò invéll!,e… non sono in nessun dove!,È un soffio di vento,mazzotti,mazzotti__6
"L’andeva avænti pien e trabalénd, cumè una bærca drointa una marèta, sla testa piò tal nóvli cnè sal spali, cumè ch’e’ stés zarchénd qualcosa, che u n savoiva gnenca quèl ch’e’ fóss.","Andava avanti piano e traballando, come una barca dentro una maretta, con la testa più fra le nuvole che sulle spalle, come se stesse cercando qualcosa, che non sapeva neanche ciò che fosse.",Lo svanito,mazzotti,mazzotti__7
"L’è arvat in fond dla stræda,","È arrivato in fondo alla strada,",Lo svanito,mazzotti,mazzotti__7
pù l’è svolt,poi ha svoltato,Lo svanito,mazzotti,mazzotti__7
"e l’è sparói cumè ch’e’ fóss voul vì, cumè ch’u s fóss instèch drointa una nèbbia féta, piò féta ad quèla ch’ l’eva te zarvel.","ed è sparito come se fosse volato via, come si fosse infilato dentro una nebbia fitta, più fitta di quella che aveva nel cervello.",Lo svanito,mazzotti,mazzotti__7
Un fiour l’è cmè un mument dla nosta vóita:,Un fiore è come un attimo della nostra vita:,Il fiore,mazzotti,mazzotti__8
"e’ bóta,","sboccia,",Il fiore,mazzotti,mazzotti__8
"e’ slærga al fòj,","allarga le foglie,",Il fiore,mazzotti,mazzotti__8
"e’ ciapa i su culur,","prende i suoi colori,",Il fiore,mazzotti,mazzotti__8
"e’ spargóia udour,","spande profumo,",Il fiore,mazzotti,mazzotti__8
"u s’ingubés,","s’incurva,",Il fiore,mazzotti,mazzotti__8
e’ fnés in gnent.,finisce in niente.,Il fiore,mazzotti,mazzotti__8
"E’ resta snò un ricord, cumè chi sprai ad cuntantèzza ch’u s’ capita mados:","Resta solo un ricordo, come quegli sprazzi di felicità che ci capitano addosso:",Il fiore,mazzotti,mazzotti__8
"i nas,","nascono,",Il fiore,mazzotti,mazzotti__8
"i slonga al brazi,","allungano le braccia,",Il fiore,mazzotti,mazzotti__8
"i tènz tot quant ad rosa,","tingono tutto quanto di rosa,",Il fiore,mazzotti,mazzotti__8
"i’ indulzés l’aria,","addolciscono l’aria,",Il fiore,mazzotti,mazzotti__8
"i taca a pènd,","cominciano a pendere,",Il fiore,mazzotti,mazzotti__8
i fnés in gnent cumè che fiour.,finiscono in niente come quel fiore.,Il fiore,mazzotti,mazzotti__8
Te soura la tèsta un zil,Hai sopra la testa un cielo,Rosa selvatica,molari,molari__0
cut lasa senza paroli.,che ti lascia senza parole.,Rosa selvatica,molari,molari__0
Tl’aqua dla poza,Nell’acqua della pozza,Rosa selvatica,molari,molari__0
al ranoci al guerda.,le rane guardano.,Rosa selvatica,molari,molari__0
"Admen at avnirò a zarcae,","Domani ti verrò a cercare,",Rosa selvatica,molari,molari__0
at purtarò dal moeli zneini,ti porterò mele piccole,Rosa selvatica,molari,molari__0
di fiour ad zinestra,fiori di ginestra,Rosa selvatica,molari,molari__0
e dal pireini ad rôsa saibadga.,e perine di rosa selvatica.,Rosa selvatica,molari,molari__0
Sssh! Zet stasèma zet masì tra l’erba,"Sssh! Zitti, stiamo zitti nascosti tra l’erba",Cucù,molari,molari__1
che nisoun e fèza cucù... sssh!,che nessuno faccia cucù... sssh!,Cucù,molari,molari__1
Bèla sta tèra cla caenta,Bella questa terra che canta,Cucù,molari,molari__1
"sla tu vousa, si tu pansir.","con la tua voce, coi tuoi pensieri.",Cucù,molari,molari__1
Bèli stal maèni e sti pì schelz,Belle queste mani e questi piedi scalzi,Cucù,molari,molari__1
chi viaza pre mond.,che viaggiano per il mondo.,Cucù,molari,molari__1
I occ i è dò gozli ad zil,Gli occhi sono due gocce di cielo,Cucù,molari,molari__1
"t’reid, t’am dei:","sorridi, mi dici:",Cucù,molari,molari__1
"“Dalonga, guardèma dalonga!”.","“Lontano, guardiamo lontano!”.",Cucù,molari,molari__1
Din sò din zò,Su giù,Incrocio,molari,molari__2
par tot al straedi,per le strade,Incrocio,molari,molari__2
la zenta la viaza.,la gente viaggia.,Incrocio,molari,molari__2
E quand las trova t’un incrous,E quando si trova in un incrocio,Incrocio,molari,molari__2
la guerda ad quà,guarda di qua,Incrocio,molari,molari__2
la guerda ad là,guarda di là,Incrocio,molari,molari__2
a pò la và.,e poi va.,Incrocio,molari,molari__2
Tci mort,Sei morto,Sei morto,molari,molari__3
ta ni si piò,non ci sei più,Sei morto,molari,molari__3
i ta za splei...,ti han già sepolto...,Sei morto,molari,molari__3
i pienz,piangono,Sei morto,molari,molari__3
i reid,ridono,Sei morto,molari,molari__3
ta n'areiv a capei quèl chi spaciouga.,non riesci a capire cosa pasticciano.,Sei morto,molari,molari__3
Tci turnae alè,Sei tornato lì,Sei morto,molari,molari__3
da du tci avnou...,da dove sei venuto...,Sei morto,molari,molari__3
Turnae duvò?,Sei tornato dove?,Sei morto,molari,molari__3
Un pès e voula,Un pesce vola,Alla rovescia,molari,molari__2__0
un gazòt e nouda,un uccello nuota,Alla rovescia,molari,molari__2__0
… fantasia de mond,… fantasia del mondo,Alla rovescia,molari,molari__2__0
"al ròbi al và,","le cose vanno,",Alla rovescia,molari,molari__2__0
al và al’arversa,vanno alla rovescia,Alla rovescia,molari,molari__2__0
e quèst l’è e su bèl.,e questo è il suo bello.,Alla rovescia,molari,molari__2__0
Poesia puréta dal robi tondi,Poesia poveretta delle cose rotonde,Poesia poveretta,molari,molari__2__1
"i fioc dla neva, e cor","i fiocchi della neve, il cuore",Poesia poveretta,molari,molari__2__1
"e soul, la louna","il sole, la luna",Poesia poveretta,molari,molari__2__1
l’iride di occ,l’iride degli occhi,Poesia poveretta,molari,molari__2__1
al rodi dla biciclèta,le ruote della bicicletta,Poesia poveretta,molari,molari__2__1
"noun, tla paenza dla nòsta mà.","noi, nella pancia della nostra mamma.",Poesia poveretta,molari,molari__2__1
che nisoun e fèza cucù… sssh!,che nessuno faccia cucù… sssh!,Cucù,molari,molari__2__2
"Bèla sta tèra cla caenta, sla tu vousa, si tu pansir.","Bella questa terra che canta con la tua voce, coi tuoi pensieri.",Cucù,molari,molari__2__2
Bèli stal maèni e sti pì schelz chi viaza pre mond.,Belle queste mani e questi piedi scalzi che viaggiano per il mondo.,Cucù,molari,molari__2__2
"“Dalonga, guardèma dalonga!”.","“Lontano, guardiamo lontano!”",Cucù,molari,molari__2__2
Muntae e smuntae al paroli.,Montare e smontare le parole.,Il dialetto,molari,molari__2__3
"L’è bèl e nost dialèt, lengua ad tot i dè.","È bello il nostro dialetto, lingua di tutti i giorni.",Il dialetto,molari,molari__2__3
Lat ven incountra nouda,Ti viene incontro nuda,Il dialetto,molari,molari__2__3
la t fa boca da reid.,ti sorride.,Il dialetto,molari,molari__2__3
"L’è la lengua di nost vec, analfabeti in italien, dutour in dialèt.","È la lingua dei nostri vecchi, analfabeti in italiano, dottori in dialetto.",Il dialetto,molari,molari__2__3
Montae e smuntae al paroli,Montare e smontare le parole,Il dialetto,molari,molari__2__3
l’è bel e nost dialèt.,è bello il nostro dialetto.,Il dialetto,molari,molari__2__3
"Vincenzo, e fiol de por Pacalin, quel che lavureva cmè un sumar, e quand l’andet te sdael, e durmet par una smaena intira, l’è mort…","Vincenzo, il figlio del povero Pacalin, quello che lavorava come un somaro e quando andò all’ospedale, dormì per una settimana intera, è morto…",Mi raccomando,molari,molari__2__4
"Mi su tri fiul u i à lasè un miliaerd e mez in baenca, la caesa granda se fond, tri apartamint a Cesoena tla zona ad Cernobil, un fundarein al Flonghi cumprae da Ivo ad Mota e se cumudoen un bigliet s’una parola: “amaracmand”.","Ai suoi tre figli ha lasciato un miliardo e mezzo in banca, la casa grande col fondo, tre appartamenti a Cesena nella zona di Cernobil, un piccolo terreno a Felloniche acquistato da Ivo di Motta e sul comodino un biglietto con una parola: “mi raccomando”.",Mi raccomando,molari,molari__2__4
Quand am imbariig a sogn,Quando mi ubriaco sogno,Comunista,molari,molari__2__5
… um pae ad vulae,… mi sembra di volare,Comunista,molari,molari__2__5
am sent un comunesta!,mi sento un comunista!,Comunista,molari,molari__2__5
Al scor a vousa basa quand al và te zil.,Parlano a voce bassa quando vanno nel cielo.,Nuvole,molari,molari__2__6
Al fà piruèti,Fanno piroette,Nuvole,molari,molari__2__6
al s’abasa.,si abbassano.,Nuvole,molari,molari__2__6
Storia longa quèla dl’amiceizia tra oman e novli.,Storia lunga quella dell’amicizia tra uomini e nuvole.,Nuvole,molari,molari__2__6
"Sèmpra ad coursa a zarcae chisà chè da longa, ad là, ancoura piò in là.","Sempre di corsa a cercare chissà cosa lontano, di là ancora più in là.",Qui,molari,molari__2__7
Inveici la veita la i è aquè tal tu scaerpi tal tu deidi tla tu tèsta te tu cor che e bat.,Invece la vita è qui nelle tue scarpe nelle tue dita nella tua testa nel tuo cuore che batte.,Qui,molari,molari__2__7
"Singulaer, plurael","Singolare, plurale",La domanda,molari,molari__2__8
"femna, mas-ci","femmina, maschio",La domanda,molari,molari__2__8
"piaenta, animaeli","pianta, animale",La domanda,molari,molari__2__8
"vent, aqua","vento, acqua",La domanda,molari,molari__2__8
"lousa, ombra…","luce, ombra…",La domanda,molari,molari__2__8
a vreb avdoe cum l’è fat e Signour.,vorrei vedere come è fatto Dio.,La domanda,molari,molari__2__8
Avoe la caesa caelda se gat che e fa e ghefal soura la tumaena.,Avere la casa calda col gatto che fa il gomitolo sopra al divano.,La vita,molari,molari__2__9
"Avoe Pierino che ut regaela zvola, nespli e moelingarnaedi.","Avere Pierino che ti regala cipolla, nespole e melagrane.",La vita,molari,molari__2__9
Avoe datonda al robi giosti.,Avere attorno le cose giuste.,La vita,molari,molari__2__9
Caminè par la tu straeda senza paura.,"Camminare per la tua strada, senza paura.",La vita,molari,molari__2__9
L’è la veita.,È la vita.,La vita,molari,molari__2__9
I nomar in fines mai,I numeri non finiscono mai,I numeri,molari,molari__2__10
"tè tcount, tcount e tci sèmpra alè.","tu conti, conti e sei sempre lì.",I numeri,molari,molari__2__10
I nomar i è farabot,I numeri sono farabutti,I numeri,molari,molari__2__10
ogni volta l’è cmè tacae da zero.,ogni volta è come ricontare da zero.,I numeri,molari,molari__2__10
"No, l’inveran l’è difarent","No, l’inverno è diverso",Lettera dall’inverno,molari,molari__2__11
cagli aelti stasoun ta li aspet…,le altre stagioni le aspetti…,Lettera dall’inverno,molari,molari__2__11
"l’inveran l’areiva acsè, zet, zet","l’inverno arriva così, zitto, zitto",Lettera dall’inverno,molari,molari__2__11
ut fa l’impruvisaeda.,ti sorprende.,Lettera dall’inverno,molari,molari__2__11
"La matoena, lousa ad porbia",La mattina luce di polvere,Lettera dall’inverno,molari,molari__2__11
zil slà tèra e la noeva,cielo sulla terra e la neve,Lettera dall’inverno,molari,molari__2__11
"ti fos, tla straeda, ti mount.","nei fossi, nella strada, nei monti.",Lettera dall’inverno,molari,molari__2__11
Cameina piaen,Cammina piano,Lettera dall’inverno,molari,molari__2__11
l’inveran ut s’infeila tal scaerpi.,l’inverno s’infila nelle scarpe.,Lettera dall’inverno,molari,molari__2__11
Una zvèta la slaerga agli eli,Una civetta allarga le ali,Lettera dall’inverno,molari,molari__2__11
e la và.,e va.,Lettera dall’inverno,molari,molari__2__11
"La noeva l’è e mond che us arpaunsa, e sogna.","La neve è il mondo che si riposa, sogna.",Lettera dall’inverno,molari,molari__2__11
"Ecco, at sta lètra, at vloeva dei che l’inveran l’è difarent.","Ecco, in questa lettera, ti volevo dire che l’inverno è diverso.",Lettera dall’inverno,molari,molari__2__11
Te soura la tèsta un zil cut lasa senza paroli.,Hai sopra la testa un cielo che ti lascia senza parole.,Rosa selvatica,molari,molari__2__12
Tl’aqua dla poza al ranoci al guerda.,Nell’acqua della pozza le rane guardano.,Rosa selvatica,molari,molari__2__12
at purtarò dal moeli zneini di fiour ad zinestra e dal pireini ad rôsa saibadga.,ti porterò mele piccole fiori di ginestra e perine di rosa selvatica.,Rosa selvatica,molari,molari__2__12
Quent che la nôt,Quando la notte,Notte,monti,monti__0
la cala sora al spal,cala sulle spalle,Notte,monti,monti__0
e la m’vstès de su culor,e mi veste del suo colore,Notte,monti,monti__0
u s’sent cl’udor fresch,si sente quell’odore di fresco,Notte,monti,monti__0
che e’ chesca sora la tera,che si adagia sulla terra,Notte,monti,monti__0
"scartuzeda int la guaza,","accartocciata nella rugiada,",Notte,monti,monti__0
e in che vuit dla calera,e nel vuoto della carraia,Notte,monti,monti__0
u s’arponsa dagl’ombri,si riposano le ombre,Notte,monti,monti__0
coma pinsir intrugnì,come pensieri malati,Notte,monti,monti__0
che d’int la testa,che dalla testa,Notte,monti,monti__0
i n’ s’ mov,non si muovono,Notte,monti,monti__0
e in cl’eria basa,e in quell’aria bassa,Notte,monti,monti__0
sota a che zil senza una stela,sotto in cielo senza stelle,Notte,monti,monti__0
una lus l’ars-cera una finestra,una luce rischiara una finestra,Notte,monti,monti__0
d’una ca luntân,di una casa lontano,Notte,monti,monti__0
splida int un’ombra,sepolta nell’ombra,Notte,monti,monti__0
d’una nôt za paseda.,di una notte già passata.,Notte,monti,monti__0
Insen,Insieme,,monti,monti__1
Cvand che al stasón,Quando le stagioni,,monti,monti__2
agl’arâfa l’istê,rapiscono l’estate,,monti,monti__2
a s’incaminé pr una strê nova.,ci si avvia verso nuovi orizzonti.,,monti,monti__2
Cla lus la j ha parol dolzi,Quella luce ha parole dolci,,monti,monti__2
ch’al s’infila int e’ cor.,che penetrano nel cuore.,,monti,monti__2
Una pês d’un dman,Una quiete di un domani,,monti,monti__2
zà pinsè.,già pensato.,,monti,monti__2
In cal seri,In quelle sere,,monti,monti__2
"indò che tot u s’svuita,","in cui si svuota tutto,",,monti,monti__2
cvand ch’e’ perd vigor la vita,quando perde vigore la vita,,monti,monti__2
e u s’aramasa e’ bser dal nuval,e si accumula il peso delle nuvole,,monti,monti__2
"sora la ca,","sulla casa,",,monti,monti__2
"una lus incrispêda la bat ai vidar,","una luce increspata batte ai vetri,",,monti,monti__2
coma gózal d’acva ch’al sgvela,come gocce di acqua che scivolano,,monti,monti__2
int la faza.,sul volto.,,monti,monti__2
I dé srè int e’ cör,I giorni chiusi nel cuore,,monti,monti__2
i ferma la vos d’j arcurd.,fermano la voce dei ricordi.,,monti,monti__2
Tot du insén,Tutti e due insieme,,monti,monti__2
a la finestra,alla finestra,,monti,monti__2
cuntent dla fadiga fata,contenti della fatica fatta,,monti,monti__2
guardé la lona,guardare la luna,,monti,monti__2
spicés int l’èra.,specchiarsi nell’aia.,,monti,monti__2
"Parôl sminghêdi,","​Parole dimenticate,",Parole dimenticate,monti,monti__3
ch’ al fiurés,che fioriscono,Parole dimenticate,monti,monti__3
coma rósi,come rose,Parole dimenticate,monti,monti__3
"a maz,","a maggio,",Parole dimenticate,monti,monti__3
int un zét,in un silenzio,Parole dimenticate,monti,monti__3
che pianì pianì,che piano piano,Parole dimenticate,monti,monti__3
e’ va,va,Parole dimenticate,monti,monti__3
a murì.,a morire.,Parole dimenticate,monti,monti__3
"In che vuit,",In quel vuoto,,monti,monti__4
par dla dal parol,al di là delle parole,,monti,monti__4
"za splidi,","già sepolte,",,monti,monti__4
u j’è un sintir,c’è un sentiero,,monti,monti__4
ad pinsir furt,di pensieri forti,,monti,monti__4
par srê che zerc,per chiudere il cerchio,,monti,monti__4
dla mi vita.,della mia vita.,,monti,monti__4
E’ savôr dla vita,Il sapore della vita,,monti,monti__4
A m’afònd int e’ salut,Affondo nel saluto,,monti,monti__4
"a la mi tëra,","alla mia terra,",,monti,monti__4
indò che i mi véc,dove i vecchi,,monti,monti__4
i m’ha insigné,mi hanno insegnato,,monti,monti__4
a caminé tra i cùdal,a camminare tra le zolle,,monti,monti__4
ad arvultéi int e’ sóich,a rivoltarle nel solco,,monti,monti__4
dal stasón.,delle stagioni.,,monti,monti__4
Arturnarò a la mi ca,Ritornerò alla mia casa,,monti,monti__4
sóich dop a sóich.,solco dopo solco.,,monti,monti__4
In che zét,In quel silenzio,,monti,monti__4
dl’ónda di chémp,dell’onda dei campi,,monti,monti__4
par sintì e’ savôr dla vita,per sentire il sapore della vita,,monti,monti__4
Viazé,Viaggiare,,monti,monti__4
int la memôria,"nella memoria,",,monti,monti__4
spustés,spostarsi,,monti,monti__4
int un bàtar d'óc,in un batter d'occhi,,monti,monti__4
par dé e stmân.,per giorni e settimane.,,monti,monti__4
Al fa pavura,Spaventano,,monti,monti__4
al robi ch'al muda,le cose che cambiano,,monti,monti__4
che t'a n'i ten drì,velocemente la vita,,monti,monti__4
pó...,poi...,,monti,monti__4
piò gnit,più nulla,,monti,monti__4
p r'avé pers la memôria.,in quel non ricordarsi.,,monti,monti__4
Tót u t'sócia,Tutto ti sottrae qualcosa,,monti,monti__4
u t'arvèna,ti porta alla fine,,monti,monti__4
Quatar 'd mêrz,Quattro marzo,,monti,monti__4
A j ho mes,Ho messo,,monti,monti__4
al mi radis,le mie radici,,monti,monti__4
in cla tëra,in quella terra,,monti,monti__4
dura e soda,"argillosa e soda,",,monti,monti__4
carpêda da e' vent,crepata dal vento,,monti,monti__4
indò che e' parghé,dove l'aratro,,monti,monti__4
l'ha la gmira riznida.,ha il vomere arrugginito.,,monti,monti__4
A j ho scriché,Ho stretto,,monti,monti__4
i dent da e' fred,i denti dal freddo,,monti,monti__4
sota la bura,sotto la tramontana,,monti,monti__4
ch'l'ha insticlì al pscól.,che ha gelato le pozzanghere.,,monti,monti__4
Adës,Ora,,monti,monti__4
in che zet,in quel silenzio,,monti,monti__4
"padron dla câmbra,",padrone della stranza,,monti,monti__4
a brus la mi fasena,brucio la mia fascina,,monti,monti__4
e a scardaz la scrâna,e scuoto la sedia,,monti,monti__4
par no sintì,per non sentire,,monti,monti__4
a sbartucé int la rameta.,il rumore del saliscendi.,,monti,monti__4
Da tot ste bur,Da tutto questo buio,RINASCERE,montini,montini__0
da tot st’ingavâgn,da tutto questo groviglio,RINASCERE,montini,montini__0
da tot ste mêrz,da tutta questa putredine,RINASCERE,montini,montini__0
a voi dê' fura.,voglio uscire,RINASCERE,montini,montini__0
Còma che dal carvai di sës,Come che dalle fenditure dei sassi,RINASCERE,montini,montini__0
tarlé da e’ temp,tarlati dal tempo,RINASCERE,montini,montini__0
e’ sgvecia un fil d’érba,spunti un filo d’erba,RINASCERE,montini,montini__0
ch’e’ tréma,che trema,RINASCERE,montini,montini__0
a la breza dl’êlba,alla brezza dell’alba.,RINASCERE,montini,montini__0
Int e’ bos-ch,Nel bosco,IL SILENZIO DEL BOSCO,montini,montini__1
ascult e’ su silenzi,ascolto il suo silenzi,IL SILENZIO DEL BOSCO,montini,montini__1
ch' l’è fat d’e’ frol d’êl,che è fatto del frullo d’ali,IL SILENZIO DEL BOSCO,montini,montini__1
d’un pasaröt,d’un passerotto,IL SILENZIO DEL BOSCO,montini,montini__1
de’ runzê’ d’un muscon,dal ronzare di un moscone,IL SILENZIO DEL BOSCO,montini,montini__1
e d’foj mösi da e’ vent,e di foglie mosse dal vento.,IL SILENZIO DEL BOSCO,montini,montini__1
Par me u-n gn’è piò sól,Per me non c’è più sole,NON HO PIÚ NIENTE,montini,montini__2
u-n gn’è piò lóna,non c’è più luna,NON HO PIÚ NIENTE,montini,montini__2
"u-n gn’è piò stël,",non più stelle,NON HO PIÚ NIENTE,montini,montini__2
mo sól un grând vent,ma solo in gran vento,NON HO PIÚ NIENTE,montini,montini__2
ch’e’ pôrta vèja,che porta via,NON HO PIÚ NIENTE,montini,montini__2
toti al mi sperânz.,tutte le mie speranze.,NON HO PIÚ NIENTE,montini,montini__2
A n’ho piò gnint,Non ho più niente,NON HO PIÚ NIENTE,montini,montini__2
sól i tu oc,Solo i tuoi occhi,NON HO PIÚ NIENTE,montini,montini__2
ch' i-m gvêrda da luntân,che mi guardano da lontano,NON HO PIÚ NIENTE,montini,montini__2
ultma lòm môrta in avton.,ultima luce morta in autunno.,NON HO PIÚ NIENTE,montini,montini__2
E in ste cuscen,Ed in questo cuscino,NON HO PIÚ NIENTE,montini,montini__2
ch’l’ascólta i mi sogn,che ascolta i miei sogn,NON HO PIÚ NIENTE,montini,montini__2
a j’ò apugè,ho appoggiato,NON HO PIÚ NIENTE,montini,montini__2
la mi malincunèja,la mia malinconia,NON HO PIÚ NIENTE,montini,montini__2
I pinsìr i viùga ins l’êria,I pensieri vagano sull’aria,I pensieri,muratori,muratori__0
cun agli êl stéşi ins la curent di ​dè.,con le ali spiegate sulla corrente dei giorni.,I pensieri,muratori,muratori__0
"I pinsìr is ingavâgna stra i rèm dal pavùr,","I pensieri s’aggrovigliano fra i rami delle paure,",I pensieri,muratori,muratori__0
is ingambarëla stra i lëz,incespicano fra i lacci,I pensieri,muratori,muratori__0
che la vita la spargója a tarşàch,che la vita sparge a caso,I pensieri,muratori,muratori__0
sal strê bùri di s-cèn.,sulle strade buie degli uomini.,I pensieri,muratori,muratori__0
I pinsìr cme di uşél ciùş in ghéba,I pensieri come uccelli rinchiusi in gabbia,I pensieri,muratori,muratori__0
i bat in sal şbar cun e’ bëch,battono sulle sbarre col becco,I pensieri,muratori,muratori__0
séna a s-ciantêsal.,fino a romperselo.,I pensieri,muratori,muratori__0
Padlôn,Bilancione,I pensieri,muratori,muratori__0
Un rófal d’êria,​Un refolo d’aria,I pensieri,muratori,muratori__0
l’à rufê i cavél,ha arruffato i capelli,I pensieri,muratori,muratori__0
ómid dla vala.,umidi della valle.,I pensieri,muratori,muratori__0
Vut e’ padlôn e’ dindòla,Vuoto il bilancione dondola,I pensieri,muratori,muratori__0
sl’acva tórda,sull’acqua torbida,I pensieri,muratori,muratori__0
indó us spëcia agli òmbar,dove si specchiano le ombre,I pensieri,muratori,muratori__0
di cuchél.,dei gabbiani.,I pensieri,muratori,muratori__0
Una granzëla la rimpès,Un granchio riempie,I pensieri,muratori,muratori__0
la ré,la rete,I pensieri,muratori,muratori__0
dla su agunèja.,con la sua agonia.,I pensieri,muratori,muratori__0
Quânti Baröşli?,Quanti Rosolacci?,I pensieri,muratori,muratori__0
’Na bulê ad baröşli,Una chiazza di rosolacci,I pensieri,muratori,muratori__0
’t la luş dla maténa,nella luce del mattino,I pensieri,muratori,muratori__0
la m'à scaldê e’ côr,mi ha riscaldato il cuore,I pensieri,muratori,muratori__0
cmè al carèz ad parôl,come le carezze di parole,I pensieri,muratori,muratori__0
’t i mi dè ad burdël,nei miei giorni infantili,I pensieri,muratori,muratori__0
ch’im mitéva int e’ piàt,che mi mettevano nel piatto,I pensieri,muratori,muratori__0
s’a pianźéva .,se piangevo.,I pensieri,muratori,muratori__0
Quânti baröşli,Quanti rosolacci,I pensieri,muratori,muratori__0
am vrébal adës,mi occorrerebbero ora,I pensieri,muratori,muratori__0
ch’a j’ò fni al lêgrum?,che ho esaurito le lacrime?,I pensieri,muratori,muratori__0
E' mi paéš,Il mio paese,I pensieri,muratori,muratori__0
Strach a sö avnù a gvardêt:,Stanco sono venuto a guardarti:,I pensieri,muratori,muratori__0
un vél ‘d porbia biancuša,un velo di polvere biancastra,I pensieri,muratori,muratori__0
l’éra ins al foi di bdol;,era sulle foglie dei pioppi;,I pensieri,muratori,muratori__0
‘t la lêrga seca e’ vent,nella larga arida il vento,I pensieri,muratori,muratori__0
e’ vnéva so da e’ mêr cun un suspir.,veniva su dal mare con un sospiro.,I pensieri,muratori,muratori__0
"Dnenz a e’ bar, cvatar vec","Dinanzi al bar, quattro vecchi",I pensieri,muratori,muratori__0
i dvanéva i su dè.,dipanavano i loro giorni.,I pensieri,muratori,muratori__0
"Sgänd mè l’apéricèna, la fà una bèla séna,","Secondo me l’apericena è una cosa che fa scena,",Altro che l’apericena,muratoriIA,muratoriIA__0
"un gne pròpi gnint da dì,","non c’è proprio niente da dire,",Altro che l’apericena,muratoriIA,muratoriIA__0
tóta roba ch’la fà inluvì.,tutta roba che fa ingolosire.,Altro che l’apericena,muratoriIA,muratoriIA__0
"Al tartini, un scról ad pléc,","L’è tartine, un sacco di cosine,",Altro che l’apericena,muratoriIA,muratoriIA__0
"e’ riš ch’us magna si batèc,","il riso che si mangia coi bastoncini,",Altro che l’apericena,muratoriIA,muratoriIA__0
"e’ cous cous, e’ pès crud,","il cous cous, il pesce crudo,",Altro che l’apericena,muratoriIA,muratoriIA__0
al fritèli s’ jòmne nud.,le frittelle con gli uomini nudi.,Altro che l’apericena,muratoriIA,muratoriIA__0
"E’ cavièl, e’ salmòun,","Il caviale, il salmone,",Altro che l’apericena,muratoriIA,muratoriIA__0
"agl’jòstrichi se limòun,","le ostriche col limone,",Altro che l’apericena,muratoriIA,muratoriIA__0
"i gambarun, e’ becalà,","i gamberoni, il baccalà,",Altro che l’apericena,muratoriIA,muratoriIA__0
tóta ròba ad qualità,tutta roba di qualità.,Altro che l’apericena,muratoriIA,muratoriIA__0
"Mè a sò pjó a la mèna,","Io sono più alla mano,",Altro che l’apericena,muratoriIA,muratoriIA__0
"an sò per l’apericèna, ch’l’à pòca sustènza e u n’ impnès la pènza.","non sono per l’apericena, che ha poca sostanza e non riempie la pancia.",Altro che l’apericena,muratoriIA,muratoriIA__0
"L’apèritiv l’è un vizièt, che mè an mi permèt,","L’aperitivo è un vizietto, che io non me lo permetto,",Altro che l’apericena,muratoriIA,muratoriIA__0
"us cminza s’un gin fizz,","si comincia con un gin fizz,",Altro che l’apericena,muratoriIA,muratoriIA__0
e us fnès sa dó tré spritz.,e si finisce con due tre spritz.,Altro che l’apericena,muratoriIA,muratoriIA__0
"Ròba ch’la imbrièga e l’arvèina la magnèda,","Roba che ubriaca e rovina la mangiata,",Altro che l’apericena,muratoriIA,muratoriIA__0
"dòp ad tótt chi bivarun, un magna pjó nisun.","dopo tutti quei beveroni, non mangia più nessuno.",Altro che l’apericena,muratoriIA,muratoriIA__0
"Mo quèsta l’è la mòda,","Ma questa è la moda,",Altro che l’apericena,muratoriIA,muratoriIA__0
"e i zóvni las chi gòda,","e i giovani lascia che godano,",Altro che l’apericena,muratoriIA,muratoriIA__0
lór i n’à nisun prubléma,"loro non hanno nessun problema,",Altro che l’apericena,muratoriIA,muratoriIA__0
ch’i se tènga l’apèricèna.,che se lo tengano l’apericena.,Altro che l’apericena,muratoriIA,muratoriIA__0
"Mè an faz tènt cumplimèint,","Io non faccio tanti complimenti,",Altro che l’apericena,muratoriIA,muratoriIA__0
"a vòj qualcosa ad cunsistèint,","voglio qualcosa di consistente,",Altro che l’apericena,muratoriIA,muratoriIA__0
"a vag a pièda e parsót,","vado a piada e prosciutto,",Altro che l’apericena,muratoriIA,muratoriIA__0
a bév e’ vèin e faz dó rót.,bevo il vino e faccio due rotti.,Altro che l’apericena,muratoriIA,muratoriIA__0
"L’e una zèina béin fata,","È una cena ben fatta,",Altro che l’apericena,muratoriIA,muratoriIA__0
"e an faz gnènca la gata,","e non faccio neanche la sbornia,",Altro che l’apericena,muratoriIA,muratoriIA__0
"a ne sò cum ch’las cèma,","non lo so come si chiama,",Altro che l’apericena,muratoriIA,muratoriIA__0
mo èltre che l’apricèna.,ma altro che l’apericena.,Altro che l’apericena,muratoriIA,muratoriIA__0
"Quand la tèvula la cèma, u jè chi ch’u n’à féma, sa ch’jèltre ch’i và dré, per dì: listès ènca mè!","Quando la tavola chiama, c’è chi non ha fame, con gli altri che gli vanno dietro, per dire: lo stesso anch’io.",L’antipasto mezza fregata,muratoriIA,muratoriIA__2__0
"Dimpèt m’una rustida, j’arvènza sèinza aptida,","Davanti ad una arrostita, rimangono senza appetito,",L’antipasto mezza fregata,muratoriIA,muratoriIA__2__0
j fà sègn ch’lan gni va,fanno segno che non gli va,L’antipasto mezza fregata,muratoriIA,muratoriIA__2__0
mè ch’a pèins cum ch’us fà.,io che penso come si fa?,L’antipasto mezza fregata,muratoriIA,muratoriIA__2__0
"Per cavèm da l’imbaraz, e nu madèi a che de caz, ai faz l’aperitiv, sa cal buvandi ch’al fà schiv!","Per togliermi dall’imbarazzo, e non mandarli a ca del diavolo, faccio loro l’aperitivo, con quelle bevande che fanno schifo.",L’antipasto mezza fregata,muratoriIA,muratoriIA__2__0
"E dòp ai dag l’antipast, du ch’ai mèt per fè cuntrast, i furmaj sl’afètéd, e’ tón sl’aj marinèd.","È dopo do loro l’antipasto, dove ci metto per far contrasto, i formaggi con l’affettato, il tonno con l’aglio marinato.",L’antipasto mezza fregata,muratoriIA,muratoriIA__2__0
"Se maj i n’avès ‘sà, ai dag un tòc ad bècalà sal zvulini e patati, sal piedi pèina fati.","Se mai non ne avessero abbastanza, do loro un tocco di baccalà, con le cipolline e le patate, con le piade appena fatte.",L’antipasto mezza fregata,muratoriIA,muratoriIA__2__0
"Se la fèma lan gni vèin, ai pòrt du tré sipulèin, al canoci, i sardunzin,","Se la fame non viene, porto loro due tre seppiolini, le canocchie e i sardoncini,",L’antipasto mezza fregata,muratoriIA,muratoriIA__2__0
ai ne dag fin ch’jè pin.,gliene dò fin che son pieni.,L’antipasto mezza fregata,muratoriIA,muratoriIA__2__0
"S’ un antipast cmè quèst, un s’lè un pò mudèst, e’ diš basta, per carità! che tót e’ rèst un mi va.","Con un antipasto come questo, uno se è un po’ modesto, dice basta per carità! che tutto il resto non mi va.",L’antipasto mezza fregata,muratoriIA,muratoriIA__2__0
"L’è la dimustraziòun, che l’antipast l’è bòn, d’arvinè la magnèda, insäma mèza frighèda!","È la dimostrazione che l’antipasto è buono di rovinare la mangiata, insomma mezza fregata.",L’antipasto mezza fregata,muratoriIA,muratoriIA__2__0
"Sèimpre bèl e’ Nadèl, ènca sla butèva mèl, ènca quand per i purétt u jéra sna i caplét.","Sempre bello il Natale, anche se buttava male, anche quando per i poveri c’erano solo i cappelletti.",La gara dei cappelletti,muratoriIA,muratoriIA__3__0
"Mo la géva la mi ma’, us fà sa quèl ch’u s’à,","Ma diceva mia mamma, si fa con quello che si ha,",La gara dei cappelletti,muratoriIA,muratoriIA__3__0
"ringraziand e’ Signuréin, i caplét jéra un straséin.","ringraziando il Signore, i cappelletti erano tanti.",La gara dei cappelletti,muratoriIA,muratoriIA__3__0
"Us magnèva tla cušèina,","Mangiavamo in cucina,",La gara dei cappelletti,muratoriIA,muratoriIA__3__0
"a sérmie una vintèina, fra ba’, ma’, nòn, zi, cušèin,","eravamo una ventina, fra babbo, mamma, nonni, zii, cugini,",La gara dei cappelletti,muratoriIA,muratoriIA__3__0
"un po’ strét, mo a stémie béin.",un po’ stretti ma stavamo bene.,La gara dei cappelletti,muratoriIA,muratoriIA__3__0
"E tót quant a sérmie iscrèt, ma la gara di caplét, per fè chi un magnèva ad pjó, ringraziand e’ bòn Gišó.","Tutti quanti eravamo iscritti alla gara dei cappelletti per fare a chi ne mangiava di più, ringraziando il buon Gesù.",La gara dei cappelletti,muratoriIA,muratoriIA__3__0
"I piat ui impiniva e’ nòn, sa vintidó caplèt pròn,","I piatti li riempiva il nonno, con ventidue cappelletti per uno,",La gara dei cappelletti,muratoriIA,muratoriIA__3__0
"la nòna lai cuntèva,","la nonna li contava,",La gara dei cappelletti,muratoriIA,muratoriIA__3__0
quii ad pjó lai cavèva.,e quelli in più li toglieva.,La gara dei cappelletti,muratoriIA,muratoriIA__3__0
"A mastighémie a la granda e i caplèt a tóta randa,","Masticavano alla grande i cappelletti a tutta randa,",La gara dei cappelletti,muratoriIA,muratoriIA__3__0
"tla bäca jandéva só,m sè cucèr a dó per dó.","nella bocca andavano su, nel cucchiaio a due per due.",La gara dei cappelletti,muratoriIA,muratoriIA__3__0
"Mè a fèva t un lèmp,","Io facevo in un lampo,",La gara dei cappelletti,muratoriIA,muratoriIA__3__0
"e per bat ma tót se tèimp, an stéva ilé a biasè,","e per battere tutti sul tempo, non stavo lì a masticare,",La gara dei cappelletti,muratoriIA,muratoriIA__3__0
ai mandèva zó isé.,li mandavo giù così.,La gara dei cappelletti,muratoriIA,muratoriIA__3__0
"Dògnitènt ma qualchedun, ui ne capitéva un, pin ad spòja e impivarèd, un pcòun invlinèd.","Ogni tanto a qualcuno ne capitava uno pieno di sfoglia e impepato, un boccone avvelenato.",La gara dei cappelletti,muratoriIA,muratoriIA__3__0
"Us ciamèva e’ caplèt mat, un schèrz ch’l’éra fat, per fè rid grand e burdèll e stè aligri per Nadèl.","Si chiamava il cappelletto matto, uno scherzo che era fatto, per far ridere grandi e bambini, e stare allegri per Natale.",La gara dei cappelletti,muratoriIA,muratoriIA__3__0
"E’ sfurtunèd ch’ul pischéva, série e zét e u se magnèva","Lo sfortunato che lo pescava, serio e zitto se lo mangiava",La gara dei cappelletti,muratoriIA,muratoriIA__3__0
"ch’jèlt d’spuntun te piat, i ridèva cum i mat.","quegl’altri chini sul piatto, ridevano come i matti.",La gara dei cappelletti,muratoriIA,muratoriIA__3__0
"I pjó dèbul in gne la fèva,","I più deboli non ce la facevano,",La gara dei cappelletti,muratoriIA,muratoriIA__3__0
"e drèinta e’ piat il spudèva,","e dentro al piatto lo sputavano,",La gara dei cappelletti,muratoriIA,muratoriIA__3__0
"la nòna, lai gév alóra, da la gàra tè t ci fóra!","e la nonna gli diceva allora, tu dalla gara sei fuori.",La gara dei cappelletti,muratoriIA,muratoriIA__3__0
"U s’andèva òlta isé, si piat pin e da svuitè,","Si andava avanti così, col piatto pieno da vuotare,",La gara dei cappelletti,muratoriIA,muratoriIA__3__0
"a pgnata tóta svida, us ciudèva la partida.","a pentola tutta vuota, si chiudeva la partita.",La gara dei cappelletti,muratoriIA,muratoriIA__3__0
"La nòna sè còunt ešat, di caplét e d’ tótt i piat, la pruclamèva e’ vinzitòr, sa tótt ch’jèlt a fèj unòr.","La nonna col conto esatto dei cappelletti e di tutti i piatti proclamava il vincitore, e tutti gli altri a rendergli onore.",La gara dei cappelletti,muratoriIA,muratoriIA__3__0
"Per prémie me campiòun, una stèca ad turòun, ch’as ciucèmie tót insèn, dop ch’avèmie magnè bèin.","Per premio al campione, una stecca di torrone, che ciucciavamo tutti assieme, dopo che avevamo mangiato bene.",La gara dei cappelletti,muratoriIA,muratoriIA__3__0
"Us cantèva, us ridéva,","Si cantava, si rideva,",La gara dei cappelletti,muratoriIA,muratoriIA__3__0
"us guardèva ma la néva, tót cuntèint de Nadèl, tènimòdi sèimpre bèl.","si guardava alla neve, tutti contenti del Natale, in ogni caso sempre bello.",La gara dei cappelletti,muratoriIA,muratoriIA__3__0
"Me a n’ò mai capì e’ parchè, mo e’ puret de’ mi bab u m’dgéva sèmpar: «Brota ligéra! Cs’éla adës tota sta prisia! U n’s’pö pasê dnenz a e’ lavór, bsögna livês prema!».","Io non ho mai capito il perché ma il mio povero babbo mi diceva sempre: «Brutto svarnazza! Cos’è adesso tutta ‘sta fretta! Non si può passar sopra al lavoro, bisogna alzarsi prima!».",Leader/ladri,nadiani,nadiani__0
"Ció, livês prema? Nó a fasegna i furnir… Praticament nö andês mai a lët…","Ció, alzarsi prima? Noi facevamo i fornai… Praticamente non andare mai a letto…",Leader/ladri,nadiani,nadiani__0
"Mo l’avéva rason lo, parchè… cs’a vliv… me ins e’ lavór a séra coma i carabinieri… ch’j ariva sèmpar dop a e’ fat… de’ rëst se e’ fat, e’ lavór u l’fa chj ìtar, l’è mei, nö?","Ma aveva ragione lui, perché… cosa volete mai… io sul lavoro ero come i carabinieri… che arrivano sempre dopo il fatto… del resto se il fatto, cioè se il lavoro lo fanno gli altri, è meglio no?",Leader/ladri,nadiani,nadiani__0
"Ecco, me a j ò srazê: c’è chi è un puledro di razza, io sono un fuori-razza…","Ecco, io ho rovinato la specie: c’è chi è un puledro di razza, io sono un fuori-razza…",Leader/ladri,nadiani,nadiani__0
"Me a n’so mai stê coma chi rumagnul di prima generazione ch’i lavuréva, e che, s’j è incóra a e’ mònd, j è a lè ch’i lavóra incóra da s-ciantês, ch’i n’è bon d’cavêsan la voia…","Io non sono mai stato come quei romagnoli di prima generazione che lavoravano, e che se sono ancora vivi, sono sempre lì a lavorare da rompersi la schiena, che ancora non gli è passata la voglia…",Leader/ladri,nadiani,nadiani__0
"ecco, me a n’a’ so s’u s’seia capì? Me, la voia, a n’l’ò mai avuda… e la schina a n’um la voi brisa s-ciantê… a n’ò sól òna…","ecco, non so se si è capito, ma io, la voglia, non l’ho mai avuta… e la schiena non me la voglio rovinare per niente… ne ho solo una…",Leader/ladri,nadiani,nadiani__0
"Me a so piotöst un romagnolo di seconda generazione, o meglio ancora, di terza generazione, coma chi fiul dj albergadur a e’ mêr, che hanno vissuto e provano ancora a vivere di rendita, ch’i n’à mai imparê a fê gnît – ah-mo la colpa l’è di su genitori, ch’i gli à dêdi sèmpar toti venti!","Io sono piuttosto, diciamo, un romagnolo di seconda generazione, o meglio ancora, di terza generazione, come i figli di quegli albergatori al mare, che hanno vissuto e provano ancora a vivere di rendita, che non hanno mai imparato a fare niente – che poi la colpa è dei loro genitori, che gliele hanno sempre perdonate tutte!",Leader/ladri,nadiani,nadiani__0
"– sempre solo a spendere e a spandere, a fêr i sburon, a andêr in zir cun al svedési, intânt che i vec i s’s-ciantéva la schina e nench i maron…","– sempre solo a spendere e a spandere, a fare i signori, ad andare in giro con delle svedesi, intanto che i loro vecchi si rompevano la schiena e anche i maroni…",Leader/ladri,nadiani,nadiani__0
"«E te vat a lët têrd, fai le ore piccole sulla spiaggia, e stà so piò têrd, tânt un pataca ch’e’ fa e’ lavór u s’atrôva sèmpar…» E pu i vec j è murt, l’è arivê la crisi, i vitelloni non si sono rinnovati, e i turesta i va in Grecia e Spagna… Ös-cia bsögna ch’i s’svegia ló…","«E tu vai pure a letto tardi, fai le ore piccole sulla spiaggia, e alzati ancora più tardi, tanto un povero cretino che fa il lavoro si trova sempre…». E poi i genitori sono morti, è arrivata la crisi, i vitelloni non si sono rinnovati, e i turisti vanno in Grecia e in Spagna… Ös-cia, bisogna che si sveglino loro…",Leader/ladri,nadiani,nadiani__0
"E nenca me a m’so svigê tot ’t una vôlta… senza un baiöch da sbàtar in cl’êtar, e alóra a j ò cmenz a dêm d’atórna a cvè cun e’ cumuden vsen a e’ lët, ch’l’è pî d’lìvar, e’ cumuden,","E anch’io mi son svegliato tutto in una volta… senza un soldo in tasca, e allora ho cominciato a darmi da fare qui col comodino di fianco al letto, che è pieno di libri, il comodino,",Leader/ladri,nadiani,nadiani__0
"lìvar ch’i m’arà d’aiutê a stê so, a livêm, a raddrizzarmi, o ins e’ cumò, par tëra sóra la pedâna: indipartot a j ò di lìvar, di cd, di dvd ch’i fa par me, che pu i dis nenca d’andêr a visitêr il loro sito per ulteriori consigli, eh sì…","libri che mi devono aiutare a tirarmi su, ad alzarmi, a raddrizzarmi, oppure sul comò, per terra sulla pedana: dappertutto ho dei libri, dei cd, dei dvd proprio adatti a me, che poi dicono anche di andare a visitare il loro sito per ulteriori consigli, eh sì…",Leader/ladri,nadiani,nadiani__0
"Adës, pr esempi, a so dri a lèzar – oh, piân, ânh, do, tre pàgin a e’ dè, parchè, burdel, ció a lèzar u s’fa fadiga…","Adesso, per esempio, sto leggendo – oi, piano, eh? due, tre pagine al giorno, perché, cari miei, ció a leggere si fa fatica…",Leader/ladri,nadiani,nadiani__0
"a so dri a lèzar un livron dal titolo Essere leader, e prema aveva sfuiê Il leader vincente, e pu Essere il capo: il codice del successo, e nenca L’anima del vero leader; I valori e le capacità del leader di successo, e via andare…. Oh tota röba inteligenta, ch’la t’insegna coma fê","sto leggendo un librone dal titolo Essere leader, e prima avevo sfogliato Il leader vincente, e poi Essere il capo: il codice del successo, e anche L’anima del vero leader; I valori e le capacità del leader di successo, e via andare… Oh, tutta roba da intelligentoni, che ti insegna come fare…",Leader/ladri,nadiani,nadiani__0
"Parò me a n’capes: a stug a stug da la matèna a la séra, mo a so sèmpr a cvè int e’ lët, ch’a n’um liv, ch’a n’so bon d’stê so… A n’so cum ch’u s’seia…","Però io non capisco: studio e studio dalla mattina alla sera ma sono sempre qui sul letto, che non mi alzo, che non sono proprio capace di star su… Non so come sia…",Leader/ladri,nadiani,nadiani__0
"E u m’l’à spieghê e’ mi amigh Pirî, che lo l’à un’azienda ch’la va, ch’la tira: «Pôr pataca! Par fêr e’ leader, la guida, u i vô dla zent sota a te, brisa e’ mataraz, dla zent ch’i lavura par te… a cvè t’faré e’ leader di bagaron…","E poi me l’ha spiegato il mio amico Pirî, che lui ha un’azienda che funziona, che va alla grande: «Povero cretino! Per fare il leader, la guida, devi avere qualcuno sotto di te, ma non il materasso, della gente che lavori per te… qui farai il leader degli scarafaggi…",Leader/ladri,nadiani,nadiani__0
"parò prema on bsögna ch’u s’meta so da par lò, ch’u s’argòmbla… leggi questi, va’ là, piuttosto: Il coraggio di rischiare, Mi metto in gioco, Realizza i tuoi sogni, Come fare i soldi nei periodi di crisi eccetera, eccetera, dàt ’na mösa, ció!».","però prima bisogna che uno si dia da fare da solo, che si tiri su le maniche… leggi questi, va’ là, piuttosto: Il coraggio di rischiare, Mi metto in gioco, Realizza i tuoi sogni, Come fare i soldi nei periodi di crisi eccetera, eccetera, datti una mossa, ció!».",Leader/ladri,nadiani,nadiani__0
"E me a j ò dê ment a Pirî: a m’séra mes in pröpi, ero sul mio…","E allora ho seguito il consiglio di Pirî: mi ero messo in proprio, ero nel mio…",Leader/ladri,nadiani,nadiani__0
"Ero nel settore del rame, che adës e’ tira e’ râm, ch’e’ gosta l’ânma di cvatren, e in cvatr e cvatr öt a j avéva za dj uparéri sota a me, dj uparéri ch’i s’argumbléva d’nöt e d’dè, a dì la varitê cvasi sèmpar d’nöt: dj uparéri albanis, rumagnul, maruchî, rumeni… ero un leader di un’azienda floridissima…","Ero nel settore del rame, che adesso tira il rame, che costa una fortuna, e in quattro e quattr’otto avevo già degli operai sotto di me, degli operai che si davano da fare notte e giorno, a dir la verità quasi sempre di notte: degli operai albanesi, romagnoli, marocchini, rumeni… ero un leader di un’azienda floridissima…",Leader/ladri,nadiani,nadiani__0
"Parò, ció, cl’êtra nöt i carabinir i m’à ciap ins e’ fat int e’ campsânt d’Velafrânca… che da la surprésa a so avânz atach cun i puls a una doza, ch’a m’so taiê tot da murì dsangvê… tentato suicidio…","Però, ció, quell’altra notte i carabinieri mi hanno colto sul fatto nel cimitero di Villafranca… che dalla sorpresa sono rimasto attaccato con i polsi a una grondaia, che mi sono tutto tagliato da morir dissanguato… tentato suicidio.",Leader/ladri,nadiani,nadiani__0
"E Pirî int e’ bar a scòrum dri: «Che pataca de’ furnér, i l’à ciap! Puren, a l’ò pu sèmpar det me: a e’ mònd u j… i leader e i lédar!».","E Pirî nel bar a dirmene di tutti i colori: «Quel cretino del fornaio, si è fatto prendere! Poverino, l’ho sempre detto io: nel mondo ci sono… i leader e i ladri!».",Leader/ladri,nadiani,nadiani__0
"E cvâ-nd che Pirî u m’ven a truvêr a cvà in galéra u m’fa de’ côr: «Va ’ là, furnér, ten böta, ch’e’ pasarà nench cvesta… imbacont a fôrza d’dêi, t’si gvent un leader! Adës t’at si sistimê: a parte l’ora d’aria, t’pu stê stés d’nöt e d’dè ins e’ mataraz cun i bagaron ch’u n’t’dis gnît incion, e a dêt da magnê u j apensa chj étar patëca, coma me, lavurènd e paghènd dal tas par te!».","E quando Pirî è venuto a trovarmi qua in galera mi ha fatto coraggio: «Va’ là, fornaio, tieni duro, che passerà anche questa… a forza di darci, sei diventato un leader! Adesso ti sei sistemato: a parte l’ora d’aria, puoi startene steso notte e giorno sul materasso con gli scarafaggi che nessuno ti dice niente, e a darti da mangiare ci pensano quegli altri minchioni, come me, lavorando e pagando le tasse per te!».",Leader/ladri,nadiani,nadiani__0
"Nö, a v’degh ch’l’avéva rason lo, cl’ex minèstar dl’ecunumeia, cvel ch’e’ faséva sèmpar e’ zugh dal tre chêrt, ch’e’ vinzéva sèmpar lo o e’ su padron, Giulio Trecarte: «Con la cultura non si mangia!».","No, vi dico che aveva ragione lui, quell’ex ministro dell’economia, quello che faceva sempre il gioco delle tre carte, che vinceva sempre lui e il suo padrone, Giulio Trecarte: «Con la cultura non si mangia!».",,nadiani,nadiani__1
"L’avéva rason lo, parchè me da cvând ch’a fëgh l’asesór a la cultura senza portafoglio a e’ mi paés, a n’ò gnânch piò e’ temp d’fêm un panî: sèmpar sól in zir d’dè e d’nöt, d’nöt e d’dè a zarchê du schèmbi per le attività culturali, a zarchê di sponsor privati, che coma ch’j impêra chi ch’a so, i cmenza a piânzar miséria nenca ló ch’u m’tucareb d’dêian me…","Aveva ragione lui, perché da quando faccio l’assessore alla cultura senza portafoglio nel mio paese, non ho più neanche il tempo di farmi un panino: sempre e solo in giro, giorno e notte, notte e giorno per cercare due lire per le attività culturali, per cercare degli sponsor privati, che appena sanno chi sono, cominciano a piangere miseria anche loro che dovrei dargliene io…",,nadiani,nadiani__1
"E par furtona che i m’à elet me, ch’a so sèmpar stê un creativo di natura, che coma ch’a m’liv la matèna a cmenz a strulghê coma cavêm d’atórna tot sti postulanti, toti stagli asuciazion cun al su ativitê, ch’i vô tot di baioch da me, gnânch ch’a j aves la zecca parsunêla…","E per fortuna che hanno eletto me, che sono sempre stato un creativo di natura, che appena mi alzo la mattina comincio a strologare di come togliermi dai maroni tutti questi postulanti, tutte queste associazioni con le loro attività, che vogliono tutti dei soldi da me, neanche avessi una mia zecca personale…",,nadiani,nadiani__1
"Mo a v’l’òia det me d’stugê mùsica, d’imparê a sunêr e’ viulen, d’gvintê di musicesta disucupé?","Ma ve l’ho detto io di studiare musica, di imparare a suonare il violino, di diventare un musicista disoccupato?",,nadiani,nadiani__1
Ch’u j è dla mùsica di sottofondo a l’outlet che t’at stof d’ascultêla.,Che c’è tanta di quella musica di sottofondo all’outlet che ti stufi di ascoltarla.,,nadiani,nadiani__1
"Invézi d’avnì da me, andì piotöst a zughêr a tòmbula da i Feroviéri o a e bingo a e’ Bet Center, che me i mirëcul a n’i fëgh miga… ânzi a fëgh sól d’cvi a dì la varitê…","Invece di venire da me, andate piuttosto a giocare a tombola dai Ferrovieri o a bingo al Bet Center, che io i miracoli non li faccio mica… anzi faccio solo di quelli a dire la verità…",,nadiani,nadiani__1
"Donca, da cvând ch’l’è andê in pinsion e’ custôdi de’ museo, me a l’ò srê par sèmpar. Solo visite a richiesta: «Si prega di contattare il numero verde…» che pu l’arspònd sól una segreteria automatica:","Dunque, da quando è andato in pensione il custode del museo, io l’ho chiuso per sempre. Solo visite a richiesta: «Si prega di contattare il numero verde…» che poi risponde solo una segreteria automatica:",,nadiani,nadiani__1
«Si prega di lasciare un messaggio dopo il segnale acustico»… Lasa pu di mesëg… Va ’ là che dop un pô i s’stofa e e’ museo l’armasta asrê! Bene culturale a costo zero! I m’areb da dê una mudaia…,«Si prega di lasciare un messaggio dopo il segnale acustico»… E lascia pure dei messaggi… vai vai che dopo un po’ si stufano e il museo resta chiuso! Bene culturale a costo zero! Dovrebbero darmi una medaglia…,,nadiani,nadiani__1
La biblioteca? Ch’a n’in scuregna! Basta cumprê di lìvar nuv pr ingrasê j editur!,La biblioteca? Ma non ne parliamo proprio! E basta comprare libri nuovi per ingrassare gli editori!,,nadiani,nadiani__1
"S’avì voia d’lèzar, a lè u j è i classici, ch’i n’pasa mai d’môda e ch’a n’arì incóra let tot Tolstoi o Balzac ch’a sì za vec,","Se avete bisogno di leggere, lì ci sono i classici, che non passano mai di moda che non avrete ancora letto tutto Tolstoj o Balzac che siete già vecchi,",,nadiani,nadiani__1
"e s’u s’j è cunsumê la cupartena a fôrza d’druvêi da la Gvëra in cvà, i va ben listes, tânt a n’uv n’adasì gnânca ch’u j amânca dal pàgin… e se una bona vôlta u s’dà a cavê da i maron e’ bibliutechêri, ch’e’ véga in pinsion, alóra a ser nench cvela","e se si è consumata la copertina a furia di usarli dalla Guerra in qua, van bene lo stesso, tanto non vi accorgete nemmeno che mancano delle pagine… e se una buona volta si toglierà dai maroni, che vada in pensione il bibliotecario, allora chiudo anche quella",,nadiani,nadiani__1
"e magari, ció, ch’i ch’al sa, a e’ mònd e’ suzéd dal sgrëzi… tota cla cartaza sfarinêda la putreb nench ciapêr e’ fugh… e acsè e’ cumon e’ ciapa cvi dl’asicurazion antincendio… e chisà ch’u n’i seia chijcvël da tu so nench per il mio assessorato…","e magari, chi lo sa, nella vita succedono delle disgrazie… tutta quella cartaccia polverosa potrebbe anche prendere fuoco… e così il Comune prende anche i soldi dell’assicurazione antincendio… e chissà che non avanzi qualcosa anche per il mio assessorato…",,nadiani,nadiani__1
"E pu a j ò da pinsê a la stason musichêla: i cunzirt a i fëgh fê tot a la Bâ-nda cun i s-ciucaren, ch’i n’gosta gnît, ânzi i pagareb ló par sunê piò spes!","E poi devo pensare anche alla stagione musicale: i concerti li faccio fare tutti alla Banda con le fruste, che non costano niente, anzi pagherebbero loro per suonare più spesso!",,nadiani,nadiani__1
Com a dgiv? I n’à brisa e’ pianofôrt o e’ clavicembalo barocco? La n’bat miga d’a lè! Coma se Georg Friedrich Händel u n’aves mai scret la Musica per i fuochi d’artificio per tromba e grancassa! Si tratta di scegliere il repertorio giusto!,Come dite? Che non hanno il pianoforte o il clavicembalo barocco? Non è un problema! Come se Georg Friedrich Händel non avesse mai scritto Musica per i fuochi d’artificio per tromba e grancassa! Si tratta di scegliere il repertorio giusto!,,nadiani,nadiani__1
"E s’i vô sintì l’ôpra, ch’i véga a e’ cino, al multiplex ch’i la trasmet in dirëta da New York!","E se vogliono sentire l’Opera, che vadano al cinema, al multiplex che la trasmettono in diretta da New York!",,nadiani,nadiani__1
"E la stason teatrêla ch’la n’um faséva durmì la nöt? Dop avé fat dal cumégi in dialet, ch’an al gosta cvasi gnît acsè broti cum ch’agli è, st’ân- a m’l’asparmei.","E la stagione teatrale che mi aveva tolto il sonno? Dopo aver fatto un po’ di commedie in dialetto, che non costano quasi niente brutte come sono, quest’anno mi risparmio anche quelle.",,nadiani,nadiani__1
"E cvérc de’ teàtar l’è sfònd, u i piôv in dentar e poi non è più a norma, bisogna fare dei lavori… j à incóra da fê l’apêlt, t’é voia, par sta legislatura u n’s’in scor gnânca: tot baioch asparmié!","Il tetto del teatro è sfondato, ci piove dentro e poi non è più a norma, bisogna fare dei lavori… devono ancora fare l’appalto, hai voglia, per questa legislatura non se ne parla proprio: tutti soldi risparmiati!",,nadiani,nadiani__1
"S’i vô andêr a teàtar ch’i véga a lè in là, tânt i spetëcul j è sèmpar cvi, a Bagnacavallo coma a Fenza o a Furlè, tot pracis…","Se proprio vogliono andare a teatro che facciano un po’ di strada, tanto gli spettacoli sono sempre quelli, a Bagnacavallo come a Faenza o a Forlì, tutti uguali…",,nadiani,nadiani__1
"Imbacont parò me a j ò spunsurizê – a costo zero, si capisce – solo col patrocinio, una rassegna letteraria ch’i m’l’invigia tot pr e’ sucës ch’l’à:","Nonostante tutto ho sponsorizzato – a costo zero, si capisce – solo col patrocinio, una rassegna letteraria che mi invidiano tutti per il successo che ha:",,nadiani,nadiani__1
"a j ò ingagê gratis tot chi poeti, poetesse, poetastri, scrittori della domenica, cvi ch’i pêga un öc dla tësta par fês publichêr i lìvar, ch’u i n’i lez incion gnânch sota tortura, ch’i compra al cop, al targh e i trofei di cuncurs dla paruchieta:","ho ingaggiato gratis tutti quei poeti, poetesse, poetastri, scrittori della domenica, quelli che pagano un occhio della testa per farsi pubblicare un libro, che non li legge nessuno neanche sotto tortura, che comprano le coppe, le targhe e i trofei dei concorsi della parrocchietta:",,nadiani,nadiani__1
"ben, i n’è cvasi piò ló che n’è tot’ la pupulazion de’ paés? L’in dà fura sèmpar tot i dè da tot i chent, zent che t’an ares gnânch mai cardù ch’i fos bon d’lèzar o d’scrìvar e’ su nom…","beh, sono quasi di più loro che non l’intera popolazione del paese, ne saltano sempre fuori tutti i giorni da tutti i buchi, gente che non immaginavi sapesse neanche leggere o scrivere il proprio nome…",,nadiani,nadiani__1
"Ben, hanno creato un salotto letterario int la cisa scunsacrêda, tânt u ngn’andéva piò incion: tot al sér letture fiume dalle opere omnia d’Zvanî de’ Furnér o dla Céncia d’Raflon e alla fine tot al sér gara di magion con braciolata o sinö una marunêda!","Beh, hanno creato un salotto letterario nella chiesa sconsacrata, tanto non ci andava più nessuno: tutte le sere letture fiume dalla opera omnia di Zvanî de’ Furner o della Céncia d’Raflon e alla fine tutte le sere gara di magione con braciolata o altrimenti una castagnata!",,nadiani,nadiani__1
"Ös-cia che con la cultura si mangia! E pu nench ben: zuzeza di mora romagnola biologica! E e’ salotto l’è sèmpar pî balunê d’scritur, puetesi, ch’i m’darà e’ vóti nench st’êtra vôlta.","Ös-cia che con la cultura si mangia! E poi anche bene: salsiccia di mora romagnola biologica! E il salotto è sempre pieno che scoppia di scrittori, poetesse, che mi daranno il voto anche quest’altra volta.",,nadiani,nadiani__1
"Viva l’inventiva, viva la creatività, viva la coltura di base: patêt, pom e zizarnel! La cultura è crescita! Che da cvând ch’a j ò lanzê il salotto letterario a so za carsù d’dis chilo, me!","Viva l’inventiva, viva la creatività, viva la coltura di base: patate, pomodori e cetrioli! La cultura è crescita! Che da quando ho lanciato il salotto letterario, io, sono ingrassato di dieci chili!",,nadiani,nadiani__1
T’a m saghët ad böt tot i dè,Mi rovini di botte ogni giorno,Falla finita,neri,neri__0
t’ prumet ch’ t’a n’ e’ faré mai piò,prometti di non farlo mai più,Falla finita,neri,neri__0
e me at pardón.,io ti perdono.,Falla finita,neri,neri__0
T’ dì che t’a n pu stê senza ‘d me,Dici che non puoi stare senza me,Falla finita,neri,neri__0
e d’arnôv a sò tota murlêda.,e di nuovo sono tutta un livido.,Falla finita,neri,neri__0
"Mo incù l’è un êtar dè,","Ma oggi è un altro giorno,",Falla finita,neri,neri__0
a n’ho piò paura,non ho più paura,Falla finita,neri,neri__0
e arciàp int al mân la mi vita.,e riprendo in mano la mia vita.,Falla finita,neri,neri__0
Và da e’ dutòr! Té e’ zarvël malè.,Vai dal dottore! Hai il cervello malato.,Falla finita,neri,neri__0
E’ corr al novli,Corrono le nuvole,,paganelli,paganelli__0
Incù l'è grand e’ zil,oggi il cielo è grande,,paganelli,paganelli__0
E’ mor l'instèda.,se ne va l'estate.,,paganelli,paganelli__0
E pou d'inveran,Come nevica,,paganelli,paganelli__1
Coi la moela sla vèta,E’ neve dappertutto,,paganelli,paganelli__1
Cum l’è doulza.,Coperta bianca.,,paganelli,paganelli__1
Ui dà che bufa,E poi d'inverno,,paganelli,paganelli__2
L’è noeva dimpartot,raccogliere la mela sulla vetta,,paganelli,paganelli__2
Na cverta bienca,è così dolce.,,paganelli,paganelli__2
Tra loun e scour,Tra buio e luce,,paganelli,paganelli__3
L'eiba droenta la soera,c'è l'alba dentro la sera,,paganelli,paganelli__3
Aspèt l'undlouna,attendo il lume della luna.,,paganelli,paganelli__3
U s'èlza e vent,Si alza il vento,,paganelli,paganelli__4
Chi sa da du che dvén,chi sa da dove viene,,paganelli,paganelli__4
Du che 'va réss,dove va a parare.,,paganelli,paganelli__4
Mè a sò Pazzini quel ch’fa al zirudèli,Io son Pazzini quello che fa le zirudelle.,,pazzini,pazzini__0
"ò quatri fiul, fradel pittour, surèli.","Ho quattro figli, fratello pittore, sorelle.",,pazzini,pazzini__0
Son nato nel paese di Verrucchio,Sono nato nel paese di Verucchio,,pazzini,pazzini__0
"«là dove soglion, fan de’ denti succhio».","«Là dove soglion, fan de’ denti succhio».",,pazzini,pazzini__0
Tra parentesi a-n so cus che vò di’,"Tra parentesi, non so che voglia dire,",,pazzini,pazzini__0
"mo ad ogni mud l’è Dante, a-s sém capi’.","ma a ogni modo è Dante, ci siam capiti.",,pazzini,pazzini__0
E’ mi mestïr l’è quel de’ stampadour,Il mio mestiere è quello dello stampatore,,pazzini,pazzini__0
"a-n sò un purèt del tótt, mo gnenca un sgnour.","non sono un povero del tutto, ma neanche un signore.",,pazzini,pazzini__0
A viv acsé fasénd al zirudèli fra i stréll di mi burdìl e fra al cambièli.,Vivo così facendo le zirudelle fra gli strilli dei miei bimbi e le cambiali.,,pazzini,pazzini__0
Un sach d’pensïr i-m rend un om distrat,Un sacco di pensieri fan di me un uomo distratto,,pazzini,pazzini__0
"pensïr rubost, pensïr da dvantè mat.","pensieri robusti, pensieri da diventar matto.",,pazzini,pazzini__0
"Però quand che sa-l brazi ò la mi znina ch’la fa tata ma tótt s’la su manina cridil burdéll, cridil, a-n v’e nascänd u-m per d’es l’om e’ più felice a st’mänd.","Però quando in braccio ho la mia piccina che fa ciao a tutti con la sua manina credetelo gente, credetelo, non ve lo nascondo, mi pare d’essere l’uomo più felice a questo mondo.",,pazzini,pazzini__0
"Quèst l’è Pazzini d’Vrócc, quèst a sò mè fat a mi mud, mo però fat acsé.","Questo è Pazzini di Verucchio, questo sono io fatto così, ma fatto a modo mio.",,pazzini,pazzini__0
"Un zirt Hutckins, scienziato americano, nativo di Cicàgo, oltre oceàno, l’atomica, l’à dét ch’i l’à invantè per fes murì, mo ench per fes campè.","Un certo Hutckins, scienziato americano, nativo di Chicago, oltre oceano, ha detto che l’atomica l’avevan da inventare per farci morire, ma anche per farci campare.",,pazzini,pazzini__1
"Per fes murì, l’à dét la verità:","Per farci morire, ha detto la verità:",,pazzini,pazzini__1
"per fes campè, a-n so s’la attacarà.","per farci vivere, non so se azzeccherà.",,pazzini,pazzini__1
"Ma l’om, sgand ste scienzied ch’u-n scar s’l’ingan dis ch’i-l farà campè piò d’novzint an;","L’uomo, a sentir questo scienziato senza inganni, dice che lo farà vivere più di novecento anni;",,pazzini,pazzini__1
"e e starà acsé tent bin, questo mortale, che non vedrà le ore di star male.","e starà talmente bene, questo mortale, che non vedrà l’ora di stare male.",,pazzini,pazzini__1
"Mo i mel, per sgrezia, i-s guarirà t’un sbréss ancà i pió gruss, quei propri ch’i-n s’capéss.","Ma i mali, per disgrazia, guariranno in un lampo, anche i più grossi, quelli che non dan scampo.",,pazzini,pazzini__1
"La polmonite, i bógn, la scarlatina i-s guarirà s’la cherta d’na pastina.","La polmonite, i brufoli, la scarlattina si guariranno con una semplice pastiglina.",,pazzini,pazzini__1
"Dla dona u n’à dét gnint ’d’fela campè perché, purètt, u-s veid ch’u s’è spusè.","Sulla donna, invero, non s’è pronunciato perché, poverino, si vede che è sposato.",,pazzini,pazzini__1
"E pu, fra tent elt robi, ancà al stasoun al cambierà sistema e variazioun.","E poi, tra l’altro, anche le stagioni cambieranno sistema e variazioni.",,pazzini,pazzini__1
L’invirni e sparirà cumpletamint,L’inverno sparirà via in un baleno,,pazzini,pazzini__1
e i mis d’insteda l’è tott un gudimint.,e d’estate sarà sempre sereno.,,pazzini,pazzini__1
"Tl’indôstria e nassarà un stramazadézz che al machin a gli andrà sa gnint, s’un squézz;",Nell’industria ci sarà un tale cambiamento che le macchine andranno senza un movimento;,,pazzini,pazzini__1
"i treni, al nevi, al berch, tótt i tranvai dop mèss in moto, i-n s’firmarà pió mai;","treni, navi, barche e tutti i tranvai messi in moto, non si fermeranno mai;",,pazzini,pazzini__1
e s’na pastina grosa cmè un butoun da que t’ariv benessum t e’ Giapoun.,e con una pillola grossa come un bottone da qui arriverai benissimo in Giappone.,,pazzini,pazzini__1
"Per veida lôm u-i srà ’na lampadina, o in vetta un mount o in mez a una culina,","Per fare luce ci sarà una lampadina, in vetta a un monte o in mezzo a una collina,",,pazzini,pazzini__1
ch’l’ a-t buttarà di sprai d’luce acsé putint che t’avdrè lôm sebin che t’ci indurmint.,e manderà raggi di luce così potenti che vedrai tutto anche se t’addormenti.,,pazzini,pazzini__1
"La i darà dan ma quei ch’và fè l’amour,","Darà fastidio a quelli che fanno l’amore,",,pazzini,pazzini__1
mo in tótt i bus u-i srà l’interrutour.,ma in ogni angolo ci sarà un interruttore.,,pazzini,pazzini__1
"Però ste attint bin, ragazz bustézz,","Però, ragazzi, stateci attenti:",,pazzini,pazzini__1
nu fè che seja tótt un smurtadézz!,non fate solo spegni e accendi!,,pazzini,pazzini__1
"La legna, e’ gas, e’ sperit, e’ carboun","Legna, gas, alcool e pure carbone",,pazzini,pazzini__1
"t’putrè s-ciafei sinz’elt a t’un cantoun perché i fasul, la cherna e i bun caplétt a-i truvarém za cut deintra i casétt.","potrai buttarli senz’altro in un cantone,perché fagioli, carne e buoni cappelletti li troveremo già cotti nei cassetti.",,pazzini,pazzini__1
"La pgnata, s’t’la mètt só prest la matina, s’t’i s-ciaf un plin e dvinta una galina.","Nella pentola, se la metti su alla mattina, butti dentro un pulcino e diventa una gallina.",,pazzini,pazzini__1
"At zinq minut per mezi d’un cunzégn, se t’ci un tistoun, dvint sôpti un om d’inzégn;","In cinque minuti grazie a un congegno, se sei un testone, diventi uomo d’ingegno;",,pazzini,pazzini__1
però bsegna stè atinti a manuvrèl ch’u-n t’eintra trop giudizi a t e’ zarvèl e ch’u-n t’s’ataca e’ mel a dl’ambizioun,"però a manovrarlo occorre attenzione, perché se esageri diventi un cervellone e ti si attacca il male dell’ambizione,",,pazzini,pazzini__1
si nà l’è mei t’arvenza un por tistoun.,ma allora è meglio restare testone.,,pazzini,pazzini__1
Ognun ad nun l’avrà un aeroplano,"Ognuno di noi avrà un aeroplano,",,pazzini,pazzini__1
"ch’u-l putrà tni dri e’ lett, sopra un divano",potrà tenerlo vicino al letto o sul divano,,pazzini,pazzini__1
"e quand l’avrà d’andè a cumprè la mnestra e scaparà, sa quel, da la finestra.","e quando dovrà andare a comprar la minestra, uscirà, con quello, fuori dalla finestra.",,pazzini,pazzini__1
"Se pu a passém t e’ rem dl’agricoltura, sa crillo cus ch’l’è bun da scapè fura!","Se poi passiamo agli agricoltori, lo sa dio cosa può venir fuori!",,pazzini,pazzini__1
"I radisein, i fnucc e l’insalèda i-t nassarà persina tla faldèda.","I ravanelli, i finocchi e l’insalata nasceranno come fare una risata.",,pazzini,pazzini__1
Se t’pient ’na vida bona d’muscatèl quand ch’l’è e’ dé dop prepera pu e’ vascèl,"Se pianti una buona vite di moscato, il dì dopo con la botte stai preparato",,pazzini,pazzini__1
ch’a-t garantés che l’òva l’è za fata,e t’assicuro che l’uva è già matura,,pazzini,pazzini__1
e tè quand ch’l’è la seira t’è la gata.,così la sera la sbornia è sicura.,,pazzini,pazzini__1
"Quattrini a volontà, tasi piò gnint","Quattrini a volontà, tasse più niente",,pazzini,pazzini__1
e quand a cridarém che finalmint at st’mänd u-s starà bin propri dabun nun tótt a-s truvarém at chi’elt calzun.,e quando crederemo che finalmente si sta bene davvero a questo mondo ci ritroveremo tutti quanti all’altro mondo.,,pazzini,pazzini__1
"Scapand da la prisòun dop vei scuntè quattr’an d’galira per avei rubì, Michil e gét me su cumpagn Andrè: «Andema a tò qualcosa?».","Uscendo di prigione, dopo aver scontato quattro anni di galera per aver rubato, Michele disse al suo compagno Andrea: «Andiamo a prendere qualcosa?».",I due ladri,pazzini,pazzini__2
E Andrè: «Ma chi?».,E Andrea: «Ma a chi?».,I due ladri,pazzini,pazzini__2
U l’à racounta e’ mi Pitrin sla piaza:,L’ha raccontata mio cugino Pietro in piazza:,Pietro l’innamorato,pazzini,pazzini__3
l’ira innamured còt ad cla ragaza!,era innamorato cotto di quella ragazza!,Pietro l’innamorato,pazzini,pazzini__3
"Ma li la-n l’à vlu pió, li, la Cilesta,","Ma lei non l’ha voluto più, lei, la Celesta,",Pietro l’innamorato,pazzini,pazzini__3
lu da la tegna u s’è dè d’mors tla testa.,e lui dalla rabbia si è preso a morsi in testa.,Pietro l’innamorato,pazzini,pazzini__3
"«Dasìm un chel ad cherna, cla pió bona, cmé quella ch’avì dè me sgnour Camél;","«Datemi un chilo di carne, la migliore, come quella che avete dato al signor Camillo;",Dal macellaio,pazzini,pazzini__4
"u-m sta poch bin, purètta, la mi nona","mia nonna, poverina, sta poco bene",Dal macellaio,pazzini,pazzini__4
"ò bsogn da fè e’ brud bun: un chél, un chél!","ho bisogno di farle un buon brodo: un chilo, un chilo!",Dal macellaio,pazzini,pazzini__4
Ades a-m fè un piaseir? A m’la vli sgnì?,Ora me lo fate un favore? Me la volete segnare?,Dal macellaio,pazzini,pazzini__4
U-n segna a sta butèiga? A n’ò capì:,Non si segna in questo negozio? Non ho capito:,Dal macellaio,pazzini,pazzini__4
"gi só, gi só, nu fè di cumplimint!","dite, dite pure, non fate complimenti!",Dal macellaio,pazzini,pazzini__4
"Ah beh! s’a-n la vli sgnì, tnìv in amint!».","Ah beh! se non la volete segnare, tenetevela a mente!».",Dal macellaio,pazzini,pazzini__4
"«Mo schirzarè, Pazzini, schirzarè?","«Scherzerai, Pazzini, scherzerai?",La televisione,pazzini,pazzini__5
"Mo la televisioun l’è un’invenzioun mundiela, schirzarè?",La televisione è un’invenzione mondiale! Scherzerai?,La televisione,pazzini,pazzini__5
Mo mè a m’la god t’un mud ch’fa paura e’ mänd,Io me la godo in un modo da far paura,La televisione,pazzini,pazzini__5
"fina in fänd,","fino in fondo,",La televisione,pazzini,pazzini__5
"dal telegiornale alla buona notte,","dal telegiornale alla buona notte,",La televisione,pazzini,pazzini__5
"sdraiato sopra una poltrona come una matrona,","sdraiato sopra una poltrona come una matrona,",La televisione,pazzini,pazzini__5
tutte le sere davanti alla TV in pieno godimento!,tutte le sere davanti alla TV in pieno godimento!,La televisione,pazzini,pazzini__5
U-n m’era mai succès;,Non mi era mai successo;,La televisione,pazzini,pazzini__5
quèst sé ch’l’è e’ prugrès.,questo sì che è progresso.,La televisione,pazzini,pazzini__5
"Pazzini, che raza d’invenzioun l’è la televisioun!».","Pazzini, che razza d’invenzione è la televisione!».",La televisione,pazzini,pazzini__5
"«U-i vo’ la tu custenza Zvan,","«Ci vuol la tua costanza, Giovanni,",La televisione,pazzini,pazzini__5
u-i vo’ la tu custenza!,ci vuol la tua costanza!,La televisione,pazzini,pazzini__5
"Mo cum fet a supurtela, fina in fänd?».",Ma come fai a sopportarla fino in fondo?».,La televisione,pazzini,pazzini__5
"«L’è sobit dét, è subito detto:",«È presto detto:,La televisione,pazzini,pazzini__5
a m’andurmint a gli ot,mi addormento alle otto,La televisione,pazzini,pazzini__5
a-m sveg a mezzanot».,e mi sveglio a mezzanotte».,La televisione,pazzini,pazzini__5
Ho visitè una mästra poch timp fa,Ho visitato una mostra poco tempo fa,,pazzini,pazzini__6
che me a ne so zirtun cumè chi fa a suppurtè zirt quedri mo acsé brótt che mè a j’avrea scartè quasi ma tótt!,che io non so come qualcuno faccia a sopportare certi quadri ma così brutti che io li avrei scartati quasi tutti!,,pazzini,pazzini__6
"L’ira urienteda tótta s’l’astrattismo,","Era una mostra sull’astrattismo,",,pazzini,pazzini__6
"sul neorealismo, s e’ cubismo,","sul neorealismo, sul cubismo,",,pazzini,pazzini__6
"sull’arte chi la cièma l’informale,","sull’arte che chiamano “informale”,",,pazzini,pazzini__6
"sull’era, insomma, atomica spaziale!","sull’èra, insomma, atomica spaziale!",,pazzini,pazzini__6
"A m’un pittour ò dmand: «Scusi, in quel legno, che cosa rappresenta quel disegno?».","A un pittore ho domandato: «Scusi, in quel legno, che cosa rappresenta quel disegno?».",,pazzini,pazzini__6
"«Perbacco! u m’arspond sopti, una fontana!».",«Perbacco! ‒ dice subito ‒ è un fontanile!».,,pazzini,pazzini__6
Mè invici a l’eiva ciap per ’na scarana!,Io invece ci vedevo un sedile!,,pazzini,pazzini__6
"O vést un quedri, mo acsé un fat pastrócc:","Ho visto un quadro, ma un tale pastrocchio:",,pazzini,pazzini__6
"du gambi dri dla schina, un nes t’un znócc,","due gambe dietro la schiena, il naso in un ginocchio,",,pazzini,pazzini__6
na meza ureccia armesta fra un zarvèl;,mezz’orecchio mescolato col cervello;,,pazzini,pazzini__6
e un l’avu e’ curag da di’: «Pu bèl!!!».,e uno ha avuto il coraggio di dire: «Che bello!!!».,,pazzini,pazzini__6
"S’u n’i fós stè a lì drì quel ch’l’eiva fat, a j’avrì dét: «Mo vò, a si stè ti mat?».","Se non fosse stato presente chi l’aveva fatto, gli avrei detto: «Ma voi per caso siete matto?».",,pazzini,pazzini__6
"U-s veid dal fat Madon, di pori Crést da fè pietà: tótt sgaranghed, tótt pést!","Si vedono delle tali Madonne, dei poveri Cristi da far pietà: tutti sgangherati, tutti pesti!",,pazzini,pazzini__6
"Mo insomma zó, cum fala una burdlina prighè e’ Signour, prighè la Madunina indurmantes sa-l brazi dla su mama guardand sti quedri acsé! andama, andama;","Ma insomma, via, come fa una bambina a pregar il Signore, a pregar la Madonnina, ad addormentarsi tra le braccia della mamma guardando dei quadri così! Andiamo, andiamo;",,pazzini,pazzini__6
"a-n vui dem l’eria d’es un cumpetint,","non voglio darmi l’aria d’essere un professore,",,pazzini,pazzini__6
mo a sbat al men ma st’arte a-n me la sint!,ma di batter le mani a quest’arte non ho cuore!,,pazzini,pazzini__6
"Nissun u s’à da uffend, per carità;","Nessuno deve offendersi, per carità;",,pazzini,pazzini__6
s’a-n sint st’ispirazioun furs e sarà per quel motivo noto in mille parti:,se non sento quest’ispirazione forse sarà per quel motivo noto in mille parti:,,pazzini,pazzini__6
"«Non ho l’età, ancora, per amarti!».","«Non ho l’età, ancora, per amarti!».",,pazzini,pazzini__6
La casca da e’ zil sóra un fil.,Casca dal cielo sopra un filo.,La goccia,pazzini,pazzini__7
La s’firma un mumint per fè testamint;,Si ferma un momento per far testamento;,La goccia,pazzini,pazzini__7
"la sguélla, la spécca, la squaia.","scivola, si stacca, si scioglie.",La goccia,pazzini,pazzini__7
Pu prima ad sparì la dis ma la tèra:,"Poi, prima di sparire, dice alla terra:",La goccia,pazzini,pazzini__7
"«T’è tenta supirbia,","«Hai tanta superbia,",La goccia,pazzini,pazzini__7
"t’ a-t fè tenta granda,","ti credi tanto grande,",La goccia,pazzini,pazzini__7
"ma vésta da in elt, t’ci znina cmé mè!».","ma vista dall’alto, sei piccola come me!».",La goccia,pazzini,pazzini__7
Quand ch’una parôla,Quando una parola,La lingua dimenticata,pieri,pieri__0
dla lengua di mi véc,del dialetto dei miei vecchi,La lingua dimenticata,pieri,pieri__0
la m’ bol int e’ gargòz,mi gorgoglia in gola,La lingua dimenticata,pieri,pieri__0
e i grèfi dla memôria,e i graffi della memoria,La lingua dimenticata,pieri,pieri__0
i n’è piò bun,non riescono,La lingua dimenticata,pieri,pieri__0
‘d tirèla sò,a tirarla su,La lingua dimenticata,pieri,pieri__0
a m’ sent un papagal,mi sento un pappagallo,La lingua dimenticata,pieri,pieri__0
ch’ e’ dis do tre parôli,che spiccica qualche partol,La lingua dimenticata,pieri,pieri__0
mo u n’è bon ad cantê’.,ma non è capace di cantare.,La lingua dimenticata,pieri,pieri__0
Chi l’avreb mai det che chi tri burdel is sareb invcè sainza spuses.,Chi l’avrebbe mai detto che quei tre ragazzi sarebbero invecchiati senza sposarsi.,,polini,polini__0
"J’aveva la cà, e lavor, la saluta, un pù ad bajoch da perta.","Avevano la casa, il lavoro, la salute, un po’ di soldi da parte.",,polini,polini__0
J’aveva tot.,Avevano tutto.,,polini,polini__0
Che sia propi par quel ch’in c’è fet i spus?,Che sia proprio per quello che non si sono sposati?,,polini,polini__0
Una volta la su passion l’era i cavel lungh e rez.,"Un tempo, la sua passione erano i capelli lunghi e ricci.",,polini,polini__1
Una testa ad cavel nir che ta la avdiva dalungh un chilometro.,Una gran testa di capelli neri che si notavano da un chilometro di distanza.,,polini,polini__1
Un dè la scapet fora cun una tistina ad cavel curt e biond.,Un giorno si presentò con una testina di capelli corti e biondi.,,polini,polini__1
Lan’c arcnuseiva piò.,Era irriconoscibile.,,polini,polini__1
"Da cla volta che lè, ogni taint, la cambiva tinta e pitnadura.","Da quella volta, ogni tanto, cambiava tinta e pettinatura.",,polini,polini__1
L’è stè da quand cl’à spusè che carabinir cla và pitneda sempra pracisa,È stato da quando si è sposata con quel carabiniere che si pettina sempre alla stessa maniera,,polini,polini__1
e l’à smes ad fes e culor.,e ha smesso di farsi il colore.,,polini,polini__1
"L’era una vita c’an l’avdeiva,","Non lo vedevo da una vita,",,polini,polini__2
l’è arturnè da poch.,è ritornato da poco.,,polini,polini__2
A m’l’arcord da ragaz,Me lo ricordo da ragazzo,,polini,polini__2
poca voia ad studì e poca voia ad lavurè.,poca voglia di studiare e poca voglia di lavorare.,,polini,polini__2
L’andet a stè cun una zia cl’a n’aveiva gnainca un fiol.,Andò ad abitare con una zia che non aveva figli.,,polini,polini__2
– Po’ cs’al fat? – Ho dmandè a e su cusain.,– Poi cos’ha fatto? – Ho chiesto a suo cugino.,,polini,polini__2
– Praticamaint us po’ dì c’u n’à mai fat gnint – u m’à det.,– Praticamente si può dire che non ha mai fatto nulla – mi ha detto.,,polini,polini__2
– E ades csa fal?,– E adesso cosa fa?,,polini,polini__2
– Ades l’è in pension.,– Adesso è in pensione.,,polini,polini__2
Cla sera c’u i’andèt in ca u n’arivet a spalutè una parola.,La sera del fidanzamento non riuscì ad articolare una parola.,,polini,polini__3
Stà chelum – ui get e ba ad lia –,Stai calmo – disse il babbo di lei –,,polini,polini__3
fa du tri bel rispir e po arciapa d’arnov.,fa due tre bei respiri e poi ricomincia da capo.,,polini,polini__3
"E fasèt di bel rispir,","Fece dei bei respiri,",,polini,polini__3
ma la situazion l’an migliurèt.,ma la situazione non migliorò.,,polini,polini__3
E purain – e get la mama ad lia –,Poverino – disse la mamma di lei –,,polini,polini__3
l’è emozionè.,è emozionato.,,polini,polini__3
"Mo che rispir, che emozioun, lo l’è acsè","Ma che respiri, che emozione, lui è così",,polini,polini__3
a n’avì capì cl’è un tartaion,non avete capito che è balbuziente,,polini,polini__3
e get e fiol znin praima c’u i’arives un sc-iafòn in tla copa.,disse il figlio prima che gli arrivasse un ceffone nella nuca.,,polini,polini__3
"L’è partì da gnint,","È partito da niente,",,polini,polini__4
l’aveiva al pezi in te cul.,aveva le toppe nei pantaloni.,,polini,polini__4
"Pianin pianin u s’è cumprè una casina,","Piano piano s’è comprato una casina,",,polini,polini__4
"po’, vest che j’aferi i funzioneva, us né tolt ona piò granda.","poi, visto che gli affari funzionavano, se n’è presa una più grande.",,polini,polini__4
"Ades l’à una bela cà du che stà, du apartamint e un negozi afitì e una cà in campagna da sistemè.","Adesso ha una bella casa dove abita, due appartamenti e un negozio affittati e una casa in campagna da sistemare.",,polini,polini__4
"Lò, che una volta l’andeva par al piazi a rugì che la proprietà l’era un furt.","Lui, che una volta andava per le piazze a gridare che la proprietà era un furto.",,polini,polini__4
"No, u n’è mot.","No, non è muto.",,polini,polini__5
"Un scor, ma u n’è mot.","Non parla, ma non è muto.",,polini,polini__5
"O Dio, un scor,","O Dio, non parla,",,polini,polini__5
"a dì la verità a l’ò santì emainch tre volti a dì “sei”, agliet do o tre volti a dì “ciao”,","a dire la verità l’ho sentito almeno tre volte dire “sì”, altre due o tre volte dire “ciao”,",,polini,polini__5
e una volta a l’ò santì parfena a dì “os-cia”.,e una volta l’ho sentito perfino dire “ostia”.,,polini,polini__5
"E fil dl’amour l’è lungh, delichet, tot ingruvì","Il filo dell’amore è lungo, delicato, tutto attorcigliato",Il filo dell’amore,polini,polini__6
"ui vò pazinzia a radanèl, un bisinin tot quant i dè fena che t’è fat un ghefal.","ci vuole pazienza per raccoglierlo, un po’ tutti i giorni fino a che hai fatto un gomitolo.",Il filo dell’amore,polini,polini__6
E ghefal mia e e ghefal tua Par fè un maion da stei in du.,Il mio gomitolo e il tuo gomitolo per fare un maglione da starci in due.,Il filo dell’amore,polini,polini__6
"J’enzùl j’ariva pianin pianin,","Gli angeli arrivano piano piano,",Gli angeli,polini,polini__7
ta ni sint.,non li senti.,Gli angeli,polini,polini__7
"In scor guasi mai,","Non parlano quasi mai,",Gli angeli,polini,polini__7
i n’è invadint,non sono invadenti,Gli angeli,polini,polini__7
e quand i va via in saluta gnainca par no les ringrazié.,e quando vanno via non salutano neanche per non essere ringraziati.,Gli angeli,polini,polini__7
U j’è dal seri c’a m’incaint A guardè e zil cun al su steli.,Ci sono delle sere che mi incanto a guardare il cielo e le sue stelle.,La mia stella,polini,polini__8
A me um pè ad viv in che momaint L’eternità dal robi beli.,In quel momento mi sembra di vivere l’eternità delle cose belle.,La mia stella,polini,polini__8
E po a m’arcord la praima volta Ch’ò vest cla stela alà in te mez.,E poi mi ricordo la prima volta che ho visto quella stella là in mezzo.,La mia stella,polini,polini__8
Ho guardè taint c’l’as né incorta Ca l’aspiteva zà da un pez.,Ho guardato tanto che se ne è accorta che l’aspettavo già da un pezzo.,La mia stella,polini,polini__8
Al ni è piò al noni d’una volta cun la cioca di cavél tota racolta cun e stì nir e e fazulét in testa purtè i dé ad lavor e ainca qui ad festa.,Non ci sono più le nonne di una volta con la ciocca dei capelli tutta raccolta con il vestito nero e il fazzoletto in testa portato ai dì feriali e anche ai dì di festa.,I nonni,polini,polini__9
"Al ni è piò al noni d’una volta insdei in tla scarana dria a la porta cal guciva cun i fer par fè i caztain cun dla laina rimigida, ad sgonda main.",Non ci sono più le nonne di una volta sedute nelle sedie vicino alla porta che lavoravano ai ferri per fare dei calzini con lana rimediata di seconda mano.,I nonni,polini,polini__9
"Al ni è piò al noni d’una volta ca gl’i’andeva e fè la speisa cun la sporta, cal faseva la spoia tot i dè",Non ci sono più le nonne di una volta che andavano a far la spesa con la sporta che facevano la sfoglia giornalmente,I nonni,polini,polini__9
e che cun poch al prapareva da magnè.,e preparavano da mangiare quasi con niente.,I nonni,polini,polini__9
"Ades al noni al và da l’estetesta,","Adesso le nonne vanno dalle estetiste,",I nonni,polini,polini__9
"al fa ginastica, al viaza da turesta,","fanno ginnastica, viaggiano da turiste",I nonni,polini,polini__9
"al guida l’automobila, al và a balè","guidano l’automobile, vanno a ballare",I nonni,polini,polini__9
e piò d’un taint in cà al ni po’ stè.,e più di un tanto in casa non possono più stare.,I nonni,polini,polini__9
"U gnè piò gnainca i nonn cu j’era alora ch’is dbeiva un quartìn ad bei ogni mez’ora, ch’i mastighiva la ceca de tuscain","Non ci sono più neanche i nonni di allora che bevevano un quartino ogni mezz’ora, che masticavano la cicca del toscano",I nonni,polini,polini__9
e po i spudeva in tla fiamba de camain.,e sputavano nella fiamma del camino.,I nonni,polini,polini__9
"Chi nonn bardè ad capèl e ad caparela che lai faseva da capot e da umbrela, ch’i racunteva al foli a chi burdell","Quei nonni vestiti col cappello e col mantello che gli faceva da cappotto e da ombrello, che raccontavano le favole ai bambini",I nonni,polini,polini__9
e po’ i i costruiva i badarell.,e poi gli costruivano i giochini.,I nonni,polini,polini__9
"Chi nonn che a e marchè i scureva fort, ch’i racunteva ad quel ch’j’aveva in tl’ort, ch’i cuntrateva ainca una zoca d’ai, un pogn ad fasul, una feta ad furmai.","Quei nonni che parlavano forte nel mercato, e raccontavano quel che avevano nell’orto, che contrattavano anche un bulbo d’aglio, un pugno di fagioli, una fetta di formaggio.",I nonni,polini,polini__9
"Ades i nonn i tò j’integratur,","I nonni adesso prendono gli integratori,",I nonni,polini,polini__9
"i fa de sport, j’à i moscual dur,","fanno dello sport, hanno i muscoli duri,",I nonni,polini,polini__9
"i n’à guasi piò e stoungh, is manten snell,","non hanno più lo stomaco, sono snelli",I nonni,polini,polini__9
is dà e profum e e gel in ti cavell.,si profumano e usano il gel per i capelli.,I nonni,polini,polini__9
Ui n’è ch’i dis che par la vita Ad tre robi un’c po’ fè ad’mainch:,C’è che dice che per la vita di tre cose non si può fare a meno:,La vita,polini,polini__10
L’aria l’acva e e fugh.,"l’aria, l’acqua e il fuoco.",La vita,polini,polini__10
E po i dis che par campè Ui vò furtona baioch e saluta.,"E poi dicono che per campare ci vogliono fortuna, soldi e salute.",La vita,polini,polini__10
Alora avdei a vulè una farfala,Allora vedere volare una farfalla,La vita,polini,polini__10
Guardè i culur dla natura,guardare i colori della natura,La vita,polini,polini__10
I tramunt dal seri d’insteda,i tramonti delle sere d’estate,La vita,polini,polini__10
J’occ d’una ragaza,gli occhi di una ragazza,La vita,polini,polini__10
L’abraz d’un amigh,l’abbraccio di un amico,La vita,polini,polini__10
In conta gnint?,non contano niente?,La vita,polini,polini__10
ch’a n’épa da tribulê’ tânt,che non debba tribolare tanto,Buona notte,rosetti,rosetti__0
s’u-n vêl la péna,se non vale la pena,Buona notte,rosetti,rosetti__0
par murìr’un ân döp,per morire un anno dopo,Buona notte,rosetti,rosetti__0
ch’a fàž ‘na firma sòbit,che faccio una firma subito,Buona notte,rosetti,rosetti__0
ch’a-n voi fê’ gnint,che non voglio fare niente,Buona notte,rosetti,rosetti__0
a-n voi miga immatì’,non voglio mica diventare matta,Buona notte,rosetti,rosetti__0
a spér d’indurmintêm,spero di addormentarmi,Buona notte,rosetti,rosetti__0
e nö-m švigê’ piò,e non svegliarmi più,Buona notte,rosetti,rosetti__0
e bóna nöta sunadur!,e buona notte suonatori!,Buona notte,rosetti,rosetti__0
T’a-n sent agli ös,Non senti le ossa,Ride,rosetti,rosetti__1
"ch’al scröca, al-s môv cn’e’ fiê?","che scricchiolano, si muovono col fiato?",Ride,rosetti,rosetti__1
Ció la dà fura,Salta fuori,Ride,rosetti,rosetti__1
"mo cs’ël , la n’è miga li","ma cos’è, non è mica lei",Ride,rosetti,rosetti__1
staséra la j’è un’êtra.,stasera è un'altra.,Ride,rosetti,rosetti__1
"A mo dabon,","Sul serio,",Ride,rosetti,rosetti__1
‘na tësta ad cavel biònd usigené,una testa di capelli biondi ossigenati,Ride,rosetti,rosetti__1
‘na sgregna cun ‘na ciacareňa,una sgrigna con una chiacchiera,Ride,rosetti,rosetti__1
accè tota piturêda dal mân a i pi,così tutta pitturata dalle mani ai piedi,Ride,rosetti,rosetti__1
dagli òng rosi ch’al speca,delle unghie rosse che spiccano,Ride,rosetti,rosetti__1
mo uéi burdel cvând ch’la rid,ma guarda quando ride,Ride,rosetti,rosetti__1
"cun chi šgagnul, chi strid","con quei lamenti, quegli strilli",Ride,rosetti,rosetti__1
accè a ganas pini uëi alòura,così a ganasce piene allora,Ride,rosetti,rosetti__1
u-s capes ben,si capisce bene,Ride,rosetti,rosetti__1
"tla vid, la rid par piânžar!","la vedi, ride per piangere!",Ride,rosetti,rosetti__1
U jè un’uférta burdel,C’è un’offerta ragazzi,L‘occasione,rosetti,rosetti__2
ch’a’ no-i ciapê indrenta,che a non prenderla in botta,L‘occasione,rosetti,rosetti__2
l’è pröpi da incanté,è proprio da stupidi,L‘occasione,rosetti,rosetti__2
òna ad cal röbi,una di quelle cose,L‘occasione,rosetti,rosetti__2
che se t’a i pens un pô’ ‘d piò,che se ci pensi un pò,L‘occasione,rosetti,rosetti__2
s-t’a i rašón so tci farghê.,se ci ragioni sei fregato,L‘occasione,rosetti,rosetti__2
Me degh i-t zérca a cà,Io dico ti cercano a casa,L‘occasione,rosetti,rosetti__2
t’a n’é da fêr’un pas,non devi fare un passo,L‘occasione,rosetti,rosetti__2
i fa gnacôša ló,fanno tutto loro,L‘occasione,rosetti,rosetti__2
sól la cumuditê,solo la comodità,L‘occasione,rosetti,rosetti__2
t’sté alè a ca tu,stai lì a casa tua,L‘occasione,rosetti,rosetti__2
mo me degh… sól i cino,ma io dico.... solo i film,L‘occasione,rosetti,rosetti__2
e’ bastareb sól quel par fês paghê’,basterebbero solo quelli per farsi pagare,L‘occasione,rosetti,rosetti__2
e invèci nench al partidi,e invece anche le partite,L‘occasione,rosetti,rosetti__2
"mo cs’êl, i righêla dl’ôr?","ma cos’è, regalano dell’oro?",L‘occasione,rosetti,rosetti__2
T’sté sèmpar alè atachê,Stai sempre lì attaccato,L‘occasione,rosetti,rosetti__2
"tot agli ór, nöta e dè","tutte le ore, notte e giorno",L‘occasione,rosetti,rosetti__2
ža t’ci invurnì ad tu,già che sei stordito di tuo,L‘occasione,rosetti,rosetti__2
cma-s fal a dì’ ‘d nö a un quël accè!,come si fa a rifiutare una cosa così!,L‘occasione,rosetti,rosetti__2
Be-mo gnench i comunichét ?,Neanche i telegiornali?,L‘occasione,rosetti,rosetti__2
Mo quânt’ël….ch’a n’i guérd piò!,Ma quant’è…..che non ci guardo più!,L‘occasione,rosetti,rosetti__2
"Mo stan bon, a la mi etê,","Ma sta zitto, alla mia età,",L‘occasione,rosetti,rosetti__2
"mo me... a j’ò e’ côr,","ma io….. ho il cuore,",L‘occasione,rosetti,rosetti__2
"u-m dà di trapaton, ch’il ten piò!","mi dà delle palpitazioni, chi lo tiene più!",L‘occasione,rosetti,rosetti__2
Adës a žugh cun al zanzêl,Adesso gioco con le zanzare,L‘occasione,rosetti,rosetti__2
ch’al m’à rimpì la ca!,che mi hanno riempito la casa!,L‘occasione,rosetti,rosetti__2
"U s’arugléva, sla spiagia biænca ad Igea, sla vèsta nira tôta sporca, tla sabia ch’l a j’antræva dimpartótt, s a di rogg... chi t’andéva drétt t e’ côr.","Si rotolava, sulla spiaggia bianca di Igea, con la veste nera tutta sporca, tra la sabbia che gli entrava dappertutto, con dei lamenti che ti andavano dritti al cuore.",Giovannino,salvi,salvi__0
"Sòta e’ blô slavæd dé zil, u s’arugléva e’ Vicæri ad Satarcànzli parchè i zdòt an ad Giovanino, e’ su fradèl, j’éra murt, fughéd drointa cl’aqua ciæra, pina ad zénta ch'la féva e’ bagn; si su amôig datònda chi n’avòiva putù fæ gnént parchè la curénta maledèta la j’avoiva ciàp ma tôtt e inguplé ti su zoir.","Sotto il blu slavato del cielo, si rotolava il Vicario di Santarcangelo perchè i diciotto anni di Giovannino, suo fratello, erano morti, affogati dentro quell’acqua chiara, piena di gente che faceva il bagno; coi suoi amici attorno che non avevano potuto far niente perchè la corrente maledetta li aveva presi tutti, e avvolti nelle sue spire.",Giovannino,salvi,salvi__0
"Luìlt, s ’na gran fadôiga, i s’éra svrucé e j’éra scapp, léu nò, l'éra stae ciàp e tiràt zò.","Loro, con gran fatica, si sono liberati e d erano scappati, lui no, era stato preso e tirato giù.",Giovannino,salvi,salvi__0
"“Aiuto!” a rugìmi ma quei sla spiagia, du tré i s’è ziràt cmè per doi “S'a vut!?”","“Aiuto!” urlavamo a quelli sulla spiaggia, due tre si sono girati come a dire “cosa vuoi?”",Giovannino,salvi,salvi__0
Éun u s’è mèss a rôid “J’à sémpra vòia ad scarzé sti burdlàzz”.,Uno si è messo a ridere “Hanno sempre voglia di scherzare questi ragazzacci”.,Giovannino,salvi,salvi__0
"Quant che i mi pi j’à tòch e’ fònd, a m sò ziràt, ò vést la testa ad Giovanino andæ sò e zò dò volti e pu piò gnent.","Quando i miei piedi hanno toccato il fondo, mi sono girato, ho visto la testa di Giovannino andare su e giù due volte e poi più niente.",Giovannino,salvi,salvi__0
"E’ vuléva e’ muscaun ròss dé bagnoin che finalmént l’avoiva capôi, e pu dagl’ilt e dagl’ilt ancàura, una gara generàusa té biænch di rifléss chi féva ancàura piò bèl e catôiv, tla su indiferénza, e mær.","Volava il moscone rosso del bagnino che finalmente se n’era accorto, e poi degli altri e degli altri ancora, una gara generosa nel biancore dei riflessi che facevano ancora più bello e cattivo, nella sua iondifferenza, il mare.",Giovannino,salvi,salvi__0
Ma Giovanino u n gn’éra piò.,Ma Giovannino non c’era più.,Giovannino,salvi,salvi__0
- Zdòt an...e pu i dois ch’u j’è e’ Signaur! -,- Diciotto anni...e poi dicono che c’è Dio! -,Giovannino,salvi,salvi__0
"E biascèva qualcadéun dri mè, m e’ funeræl.","Brontolava qualcuno vicino a me, al funerale.",Giovannino,salvi,salvi__0
Da che dè e nòst Vicæri u n’è stæ piò léu: pérs dròinta un pansìr ch'u n s'è piò s-ciólt.,Da quel giorno il nostro Vicario non è stato più lui: perso dentro un pensiero che non si è più sciolto.,Giovannino,salvi,salvi__0
I bomboloni,I bomboloni,Giovannino,salvi,salvi__0
"“Riminii, stazione di Rimini!”","“Riminiii, stazione di Rimini!”",Giovannino,salvi,salvi__0
"L’éra la proima roba ch’a sintìmi intænt che i freni i finóiva ad fis-cé, al porti di vaghéun li s’arvóiva e e’ marciapì de “terzo binario” u s’impóiva dal vausi di raghézz ch’jannóiva a scóla a Rémni.","Era la prima cosa che sentivamo intanto che i freni finivano di fischiare, le porte dei vagoni si aprivano e il marciapiede del “terzo binario” si riempiva delle voci dei giovani che venivano a scuola a Rimini.",Giovannino,salvi,salvi__0
Néun a i lascìmi andæ e a s farmìmi at chi gabinótt sàura e sotpasàg.,Noi li lasciavamo andare e ci fermavamo nelle cabine sopra il sottopassaggio.,Giovannino,salvi,salvi__0
L’éra ancàura prèst per andæ a scóla e a stimi a lè a dôi dò patacædi intænt che Italo e cantéva “La donna è mobile”.,Era ancora presto per andare a scuola e restavamo lì a dir due stupidaggini intanto che Italo cantava “ La donna è mobile”.,Giovannino,salvi,salvi__0
"Pu, lutéun lutéun, a s strasnìmi dri al nòsti bàursi sla via Dante.","Poi, molto lentamente, ci trascinavamo dietro le nostre borse sulla via Dante.",Giovannino,salvi,salvi__0
"Sóbti pròima de Dóm, néun a zirìmi a dèstra e a s farmìmi té piazæl du che òz u j’è i zardinétt.","Subito prima del Duomo, noi giravamo a destra e ci fermavamo nel piazzale dove oggi ci sono i giardinetti.",Giovannino,salvi,salvi__0
"A simi in quàtri ch’a fìmi al magistræli: Cece, Charli, Walter e mè.","Eravamo in quattro a far le magistrali: Cece, Charli, Walter e io.",Giovannino,salvi,salvi__0
Intænt ch’aspitìmi la campanèla Walter e cumpréva du bomboloni e u j’infiléva tla bàursa.,Intanto che aspettavamo la campanella Walter comprava due bomboloni e li infilava nella borsa.,Giovannino,salvi,salvi__0
Cla matòina avìmi la Bracconi ch’l’a s féva italién.,Quella mattina avevamo la Bracconi che ci faceva italiano.,Giovannino,salvi,salvi__0
"Sò e zò s’j’ócc ma che rigéstri, sò e zò al testi ti bénch ch’li paroiva la “ola” te stadio.","Su e giù con gli occhi su quel registro, su e giù le teste nei banchi che parevano la “ola” allo stadio.",Giovannino,salvi,salvi__0
« Viene... oggi voglio sentire...» e i’ócc dla pròf j’andéva dinsò vérs la “bi” e pu la “ci” e pu...zò ad scapæda vérta fin’incæva: «Oggi viene Vaselli Walter».,«Viene... oggi voglio sentire...» e gli occhi della prof. andavano dinsù verso la “bi” e poi la “ci” e poi... giù velocissimi fino in fondo: « Oggi viene Vaselli Walter ».,Giovannino,salvi,salvi__0
«Porca putæna! » e fa Vasèli baténd e’ pógn sla bàursa e sàura chi dó pôri bomboloni ch’i n’à vu gnenca e’ témp ad squansæss.,«Porca puttana! » fa Vaselli battendo il pugno sulla borsa e sopra quei due poveri bomboloni che non hanno avuto neanche il tempo di scansarsi.,Giovannino,salvi,salvi__0
«Uuuu...». «Vaselli cosa fai il lupo?».,«Uuuu...». «Vaselli cosa fai il lupo?».,Giovannino,salvi,salvi__0
«Non posso venire prof.».,«Non posso venire prof».,Giovannino,salvi,salvi__0
«Come sarebbe non puoi venire?!».,«Come sarebbe non puoi venire?!».,Giovannino,salvi,salvi__0
« No perchè...».,« No perchè...».,Giovannino,salvi,salvi__0
"Walter l’éra dvént ròss cmè un pivaràun, sna mæna u s lisséva i cavéll e sa cl’ælta e stéva tasténd dròinta la bàursa, l’à trat fùra un lôibar tótt spatacæd ad crema.","Walter era diventato rosso come un peperone, con una mano si lisciava i capelli e con quell’altra stava tastando dentro la borsa, ha tirato fuori un libro tutto impiastricciato di crema.",Giovannino,salvi,salvi__0
"Nisséun e fiatéva, snò j’occ i ridóiva e j’andéva da la bàursa ad Vasèli ma la fàza dla prof., pu la sbacaræda dla Bracconi che finalmént la avoiva capói.","Nessuno fiatava, solo gli occhi ridevano e andavano dalla borsa di Vaselli alla faccia della prof., poi la risata della Bracconi che finalmente aveva capito.",Giovannino,salvi,salvi__0
"Dò àuri te bagn, per dæ una ripuloida ma tótt che taca tach.","Due ore nel bagno, per dare una ripulita a tutto quell’attaccaticcio.",Giovannino,salvi,salvi__0
"Mò l’udaur tla bàursa e mi loibri ad Walter l’è arvænz, l’udaur dla crema e dla nòsta gioventó.","Ma l’odore nella borsa e nei libri di Walter è rimasto, l’odore della crema e della nostra gioventù.",Giovannino,salvi,salvi__0
E’ micòt,“E’ micòt”,Giovannino,salvi,salvi__0
"La n gn’é la scôla sta zôbia matòina, parchè l’è cmôinz al vacænzi ’d Pasqua e mè a sò lébri da gódmi la mi ma cla fa la zambèla.",Non c’è la scuola questo giovedì mattina perchè sono cominciate le vacanze di Pasqua e io sono libero di godermi la mia mamma che fa la ciambella.,Giovannino,salvi,salvi__0
"«Rino, n u stam sémpra t i pì!» l’a m dóis intænt ch’la tìra zò e’ tulìr.","«Rino, non starmi sempre tra i piedi!» mi dice intanto che tira giù il tagliere.",Giovannino,salvi,salvi__0
"Mè a faz un pasitìn indrì, giôst per cuntantæla, pu a j’artàurni sòta per avdòi mèi.","Io faccio un passettino indietro, giusto per accontentarla, poi le ritorno sotto per vedere meglio.",Giovannino,salvi,salvi__0
"La sdàza la faròina, pu la fa la mócia s’e’ béus t e’ mèz: un pó ad strót, trè quàtri ôvi, e’ zócri, la dósa, un bisinìn ’d lat e la cmóinza a mis-ciæ, a mucié, a sminé.","Setaccia la farina, poi fa il mucchietto col buco nel mezzo: un po’ di strutto, tre o quattro uova, lo zucchero, la dose e un pochino di latte e comincia a mischiare, ad ammucchiare, a impastare.",Giovannino,salvi,salvi__0
"La fa i filéun, l’a i stènd t e’ padlàun, la sbatt un tùrli d’uv e, s’un pnilìn, l’a j’é stènd sàura.","Fa i filoni, li stende nel padellone, sbatte un tuorlo d’uovo e con un pennellino glielo stende sopra.",Giovannino,salvi,salvi__0
"Dòp, sla curtèla, la ràs-cia bén, bén e’ tulìr e, sa che pó ad pasta ch’la armìdia la fa e’ micòt, un filunzìn znin, znin, mò... znin!","Dopo, col coltello, raschia ben bene il tagliere e con quel po’ di pasta che ha rimediato fa “e’ micòt”, un filoncino piccolo, piccolo, ma... piccolo!",Giovannino,salvi,salvi__0
"S e’ padlàun sla testa la Giordana la va, trè cæsi piò in zò, m e’ faurni ad Bas-cén e mè dri atènti ch’l’a n perda e’ micòt ma la stræda.","Col padellone sulla testa la Giordana va, tre case più in giù, al forno di “Bas-cén” e io dietro attento che non perda il “micòt” per la strada.",Giovannino,salvi,salvi__0
"U j’è un via vai ad dòni te faurni ch’l’i n sta fermi un minéud, l’i s dà vausa, al prèla, al ciàcra, a l s môv lizìri, e pær ch’l i bàla tra e’ nir di padlèun e e’ zal dal zambèli ancàura créudi.","C’è un via vai di donne nel forno che non stanno ferme un minuto, si danno voce, volteggiano, chiacchierano, si muovono leggere, pare che ballino tra il nero dei padelloni e il giallo delle ciambelle ancora crude.",Giovannino,salvi,salvi__0
"Incæv a t cla cunfusiàun u i sta Bas-cén, se panciòt biænch e e’ brètt tla testa, che dà l’éutma puloida me faurni zà cæld per mètt a cus i proim filéun.","In fondo a quella confusione sta Bas-cén, con la canottiera bianca ed il berretto in testa, che dà l’ultima pulita al forno già caldo per mettere a cuocere i primi filoni.",Giovannino,salvi,salvi__0
"Intænt la su moi la s mov, tra mez ad tot cla zénta cmè un’anàdra ch’l’a à pers i su anadrìn, Elvira ad qua Elvira ad là, la è dimpartot e la n gn’è da nisòna paerta.","Intanto sua moglie si muove, in mezzo a tutta quella gente, come un’anatra che ha perso i suoi anatrini, Elvira di qua, Elvira di là, è dappertutto e non c’è da nessuna parte.",Giovannino,salvi,salvi__0
«Rino va mé fàurni avdòi se la zambèla la è pràunta» l’a m dois ta gl’ông la mi ma.,«Rino va al forno a vedere se la ciambella è pronta» mi dice verso le undici la mia mamma.,Giovannino,salvi,salvi__0
A vagh zò ad chéursa e a dmand ma l’Elvira se la zambèla la è côta.,Vado giù di corsa nel forno e chiedo all’Elvira se la ciambella è cotta.,Giovannino,salvi,salvi__0
"«Vin a vdé vèrs mizdé» l’a m’arspònd sa cla vusìna ad mél, zcurénd cmè quéi ad là de fiéun.",«Vieni verso mezzogiorno» mi risponde con quella vo cina di miele e parlando come quelli di là del fiume.,Giovannino,salvi,salvi__0
«E’ micòt a l’i mèss sò?» ai dmand un pó precupæd.,«Il “micòt” l’avete messo su?» le chiedo un pò preoccupato.,Giovannino,salvi,salvi__0
«Sé sé» la m’arspònd ridénd «ém mèss só ènca e’ tu micòt!».,«Sì sì» mi risponde ridendo l’Elvira «abbiamo messo su anche il tuo “micòt”».,Giovannino,salvi,salvi__0
"Vers mezdè andém a tô la zambèla, u j’è un udàur t e’ faurni, mò un udaur ch’u t vén vòia da magnæla sôbti, e mænch ’na fèta, e mænch e’ micòt!","Verso mezzogiorno andiamo a prendere la ciambella cotta, c’è un odore nel forno, ma un odore che ti viene voglia di mangiarla subito, almeno una fetta, almeno “e’ micòt”!",Giovannino,salvi,salvi__0
"Mò u n gn’è gnént da fæ, «Oz la è tropa cælda, u n s pò fæ al fèti, la s sgardèla tôta, véndri la n s pò magnæ parchè l’è vzóiglia e dròinta u j’è e’ strôt.","Ma non c’è niente da fare: «Oggi è troppo calda, non si possono far le fette, si rompe tutta, venerdì non si può mangiare perchè è vigilia e dentro c’è lo strutto.",Giovannino,salvi,salvi__0
Sàbdi.,Sabato.,Giovannino,salvi,salvi__0
"Sàbdi t magn e’ micòt e dmènga matòina, ch’l’è Pasqua, u s màgna la zambèla s l’uv benedètt.» l’a m dóis la mi ma sa ch’l’aria da generæl.",Sabato mangi “e’ micòt” e domenica mattina che è Pasqua si mangia la ciambella con l’uovo benedetto.» mi dice con quell’aria da generale.,Giovannino,salvi,salvi__0
"Spéta pò Rino, fin’a sàbdi gnént da fæ.","Aspetta pure Rino, fino a sabato niente da fare.",Giovannino,salvi,salvi__0
"Quant ch’a vagh tla cambra a vègh i filéun sàura e’ cumò cvìrt s’un tòil biænch, a l’ælz un bisinìn, u s sint un udàur!","Quando vado nella camera vedo i filoni sopra il comò coperti da un telo bianco, lo alzo un pochino, si sente un profumo!",Giovannino,salvi,salvi__0
"Masèd t e’ cantunzìn u j’é ænca e’ micòt ch’u m guærda, e pær che róida... che patàca!","Nascosto nell’angolino c’è anche “e’ micòt” che mi guarda e pare che rida... quel ""patacca""!",Giovannino,salvi,salvi__0
E’ Landìni,Il Landini,Giovannino,salvi,salvi__0
"T’al quàtri dla matòina, pr’é frèsch, quant che la pròima luce de sàul, tra i cantir ancàura zal dé græn midéud da pôch, la spazæva vi l’òmbra dla nòta, e’ cuntadòin e tacæva e’ pargæ ma Rò e Bunì e u s mitoiva aræ e’ grèp de Pôz.","Verso le quattro della mattina, con l’aria più fresca, e la prima luce del sole che volava radente sui campi ancora gialli del grano mietuto da poco, il contadino attaccava l’aratro a Ro e Bunì e si metteva ad arare la collina del Poggio.",Giovannino,salvi,salvi__0
"U s sintòiva, ogni tænt, la su vàusa, «va là Roo!» mò la éra dalòng, l’a n déva fastôidi, l’éra cmè ’na cantilena ch’l’a t dindléva e’ sòn e, un dè dop ch’l’ælt, e’ zal e lasæva e’ pòst m e’ schéur dla tèra péna arvultaeda.","Si sentiva, ogni tanto, la sua voce, ma era lontana, non dava fastidio, e un giorno dopo l’altro, il giallo lasciava il posto al bruno intenso e profumato della terra appena arata.",Giovannino,salvi,salvi__0
Pu Ro e Bunì j’è ’ndæ in pensiàun e t e’ su pòst u si è mèss un tratàur.,Poi Ro e Bunì sono andati in pensione e al loro posto ci si è messo un trattore: il Landini.,Giovannino,salvi,salvi__0
E cminzéva tra léun e schéur e l’andéva avænti tôt la nôta “pum....pum.... pum pum pum pum...”,Cominciava al crepuscolo e andava avanti tutta la notte: pum....pum.... pum pum pum pum pum...,Giovannino,salvi,salvi__0
"«Ch’u j’annéss un azidént!» e’ mi ba l’us-céva rugléndsi t e’ lèt, circhénd ad durmòi a la svélta, parchè al trè e mèz e duvòiva stæ sò pèr andæ a lavuræ me fabréch.","«Che gli venga un accidente!» il mio babbo sacramentava rigirandosi nel letto, tentando di dormire alla svelta, perchè alle tre e mezzo doveva alzarsi per andare a lavorare alla fabbrica.",Giovannino,salvi,salvi__0
"Mò u n s’durmôiva, péna t’ciudìvi j’ôcc “pum... pum... pum pum pum pum...” ch’al s-ciuptædi li t s’infiléva t e’ zarvèl.","Ma non si dormiva, appena chiudevi gli occhi: pum....pum.... pum pum pum pum pum... quelle schioppettate ti si infilavano nel cervello.",Giovannino,salvi,salvi__0
"St’an la va mèi parchè, t e’ pòst d e’ Landini, u j’è un Catarpiller che é fa snò e’ rumàur d’un càmio: un “brrrrrrr” tòt cumpàgn, mai un scat, sempra e’ stèss tàun, oddìo, qualche sgasæda sè, mò snò ogni tænt, comunque éducæda, senza narvàus guasi ch’u i dispiasèss, t vu mètt sa “pum... pum... pum pum pum pum?”","Quest’anno va meglio perchè, al posto del Landini, c’è un Caterpiller che fa solo il rumore di un camion: brrrrr... vuoi mettere con pum... pum... pum pum pum?",Giovannino,salvi,salvi__0
Gnénca a zcòrni!,Neanche a parlarne!,Giovannino,salvi,salvi__0
A sém carsù...,Siamo cresciuti...,Bloz,scarponi,scarponi__0
cunténd i vagun dè' tréno,contando i vagoni del treno,Bloz,scarponi,scarponi__0
curéndsi dri,correndoci dietro,Bloz,scarponi,scarponi__0
tra i pajr.,in mezzo ai pagliai.,Bloz,scarponi,scarponi__0
U n gnè piò...,Non c'è più...,Bloz,scarponi,scarponi__0
un gnè piò un paièr.,non c'è più un pagliaio.,Bloz,scarponi,scarponi__0
Bloz!,Bloz!,Bloz,scarponi,scarponi__0
Parchè?,Perchè?,Bloz,scarponi,scarponi__0
Ai vagh a la sòira,Ci vado alla sera,Il cinema,scarponi,scarponi__1
a la calèd dè sòul.,al calare del sole.,Il cinema,scarponi,scarponi__1
In pròima foila: disdòi sè cavdél.,In prima fila: seduto sul cavedale.,Il cinema,scarponi,scarponi__1
A ciud j oc,Chiudo gli occhi,Il cinema,scarponi,scarponi__1
... é a zoirch t l'aria,... e cerco nell'aria,Il cinema,scarponi,scarponi__1
è prufoum di fiur d'maréuga,il profumo dei fiori d'acacia,Il cinema,scarponi,scarponi__1
par fèm imbariaghé.,per farmi ubriacare.,Il cinema,scarponi,scarponi__1
... E' fasèn masèd tra l'érba aèlta,... Il fagiano nascosto tra l'erba alta,Il cinema,scarponi,scarponi__1
è cèma la su cumpagna.,chiama la sua compagna.,Il cinema,scarponi,scarponi__1
... La gatina saibàdga ché,...La gattina selvatica che,Il cinema,scarponi,scarponi__1
par un p còun,per un boccone,Il cinema,scarponi,scarponi__1
la s lasa gratè la tèsta.,si lascia grattare la testa.,Il cinema,scarponi,scarponi__1
... Du livar i zuga a coùrsi dri,... Due lepri giocano a corrersi dietro,Il cinema,scarponi,scarponi__1
"t'un cantir a d'érba, taiéda da poch","in un campo d'erba, tagliata da poco",Il cinema,scarponi,scarponi__1
u n la ciapa,non la prende,Il cinema,scarponi,scarponi__1
u la vo fè s trachè.,la vuole fare stancare.,Il cinema,scarponi,scarponi__1
E' soul è và zò tè sach,"Il sole cala dentro al sacco,",Il cinema,scarponi,scarponi__1
è và 'durmoi tra dò nòvli niri.,và a dormire in mezzo a due nuvole nere.,Il cinema,scarponi,scarponi__1
"... E' vént a forza ad dèi, u j la a fata","... Il vento a forza di darci, ce l'ha fatta",Il cinema,scarponi,scarponi__1
"pianin, pianin, a farmès.","piano, piano, a fermarsi.",Il cinema,scarponi,scarponi__1
... Da lòngh u' sint a cantè è coch.,... Lontano si sente cantare il cuculo.,Il cinema,scarponi,scarponi__1
La lusa la vén a maènc,La luce viene meno,Il cinema,scarponi,scarponi__1
è vén sò è scur,arriva il buio,Il cinema,scarponi,scarponi__1
ch'è mèsa tot.,che nasconde tutto.,Il cinema,scarponi,scarponi__1
La voita,La vita,Il cinema,scarponi,scarponi__1
Agl'éli d'na pavaiòta.,Le ali di una farfalla.,Il cinema,scarponi,scarponi__1
E' prufoum d' na rosa.,Il profumo di una rosa.,Il cinema,scarponi,scarponi__1
E' dulòur dal spòini.,Il dolore delle spine.,Il cinema,scarponi,scarponi__1
L'è 'na puésì?,E' una poesia?,Il cinema,scarponi,scarponi__1
L'è tot 'na cumédia?,E' tutta una commedia?,Il cinema,scarponi,scarponi__1
Vèra? Finta?,Vera? Irreale?,Il cinema,scarponi,scarponi__1
L'onich fiòur ch'an ò mai s fiurè...,L'unico fiore che non ho mai sfiorato...,Il cinema,scarponi,scarponi__1
par pavura da fèl apasoi?,per paura di farlo appassire?,Il cinema,scarponi,scarponi__1
A nà fè gnént,A non far niente,Il cinema,scarponi,scarponi__1
u n'j vo nisun curag.,non ci vuole nessun coraggio.,Il cinema,scarponi,scarponi__1
Un bèl arcourd u n s parés.,Un bèl ricordo non sparisce.,Mi ricordo,scarponi,scarponi__2
T'al mét t'un cantòun,Lo metti in un angolo.,Mi ricordo,scarponi,scarponi__2
t'al toir fura quant t'vù.,lo tiri fuori quando vuoi.,Mi ricordo,scarponi,scarponi__2
La zéngia ch'la sbat ma tèra,La cintura che sbatte a terra,Mi ricordo,scarponi,scarponi__2
mi pì dè lèt...,ai piedi del letto...,Mi ricordo,scarponi,scarponi__2
è' mi bà.,il mio babbo.,Mi ricordo,scarponi,scarponi__2
Nòra,Nora,Mi ricordo,scarponi,scarponi__2
Quant ch'a péns ma li,Quando penso a lei,Mi ricordo,scarponi,scarponi__2
a sò cumè un maèr in burasca:,sono come un mare in burrasca:,Mi ricordo,scarponi,scarponi__2
òndi ch'agl'aroiva fina mè zil,onde che arrivano fino al cielo,Mi ricordo,scarponi,scarponi__2
é pèr ch'al faza a gara tra 'd lòuv,sembra che facciano a gara tra di loro,Mi ricordo,scarponi,scarponi__2
par avdòi chi ch'l'aroiva piò d'inèlt.,per vedere chi arriva più in alto.,Mi ricordo,scarponi,scarponi__2
"Li s coica, al s'incavala, al sbofa","Si spingono, si accavallano, sbuffano",Mi ricordo,scarponi,scarponi__2
cumè ché... s'al s'aragnés.,come se... si sgridassero.,Mi ricordo,scarponi,scarponi__2
"O chi sà, forsé a gl'impréca","O chissà, forse imprecano",Mi ricordo,scarponi,scarponi__2
ma Bélaria é ma la sù maròina,a Bellaria e alla sua marina,Mi ricordo,scarponi,scarponi__2
ch'la s'à fat incuntrè.,che ci ha fatto incontrare.,Mi ricordo,scarponi,scarponi__2
"E pu pién pién, la caèlma","E poi piano piano, la calma",Mi ricordo,scarponi,scarponi__2
'na caèlma piata cumè 'na taèvla,una calma piatta come una tavola,Mi ricordo,scarponi,scarponi__2
da fèi sòura... a nè sò quanta s traèda,da farci sopra... non sò quanta strada,Mi ricordo,scarponi,scarponi__2
par un sguèrd e un surois.,per una sguardo e un sorriso.,Mi ricordo,scarponi,scarponi__2
E cvânt ch’avdèsum la puiâna in ẓir e di fugh ch’i ṣgrafignéva l’êria a lasèsum còrar i sogn.,E quando vedemmo la poiana in giro e i fuochi che graffiavano l’aria lasciammo correre i sogni.,Aggrapparsi,spadoni,spadoni__0
Al s’apeia al voi cun la séra,Si accendono le voglie con la sera,Le voglie,spadoni,spadoni__1
e i n’ẓova i sintir ẓa batù.,e non giovano i sentieri già battuti.,Le voglie,spadoni,spadoni__1
Al ẓuga a gnascundëla agli òmbar,Giocano a nascondino le ombre,Le voglie,spadoni,spadoni__1
e i lampion i fora l’ânma dagli ór strusiêdi.,e i lampioni forano l’anima delle ore buttate.,Le voglie,spadoni,spadoni__1
E i m’ven a dì che j èn i n’pasa in prisia s’i s’armes-cia i lens dal nöt biânchi cun i tu gnech a e’ dè.,E mi vengono a dire che gli anni non passano in fretta se si mescolano gli ansiti delle notti bianche con i tuoi gemiti al giorno.,E rideremo del tempo,spadoni,spadoni__2
L’acva e e’ sol j à ariznì e’ curnison,L’acqua e il sole hanno arrugginito il cornicione,E rideremo del tempo,spadoni,spadoni__2
e l’è za óra che te t’chembia ca.,ed è già ora che tu cambi casa.,E rideremo del tempo,spadoni,spadoni__2
"E’ pò dês nench che zo par cl’êtra strê t’senta l’udór de’ pân apèna fat, ch’e’ pësa un car e la röda ch’la dëga du vulton.","Può darsi anche che giù per l’altra strada tu senta l’odore del pane appena fatto, che passi un carro e la ruota dia due giri.",E rideremo del tempo,spadoni,spadoni__2
E alóra e’ srà coma turnê tabach:,E allora sarà come ritornare ragazzo:,E rideremo del tempo,spadoni,spadoni__2
t’at mitiva la bêrba d’furminton,ti mettevi la barba di granoturco,E rideremo del tempo,spadoni,spadoni__2
e t’saltiva int al scol coma un mat.,e saltavi sulle pozzanghere come un matto.,E rideremo del tempo,spadoni,spadoni__2
Int un pirôl d’na schêla longa a inciudaren i pës,In un piolo di una lunga scala inchioderemo i passi,E rideremo del tempo,spadoni,spadoni__2
e a lè fìrum coma stêtui d’zez a ridaren de’ temp ch’u s’à futì.,e lì fermi come statue di gesso rideremo del tempo che ci ha fottuti.,E rideremo del tempo,spadoni,spadoni__2
Insèna da tabach a t’ò zarchê,Fin da ragazzo ti ho cercato,Eri nel vento,spadoni,spadoni__3
tcira int e’ vent ch’e’ smêsa e’ tamarés,eri nel vento che smuove il tamerisco,Eri nel vento,spadoni,spadoni__3
un gazulê d’usël ch’i spiâna e’ zil par al cumet dla séra,un cinguettare sommesso di uccelli che preparano il cielo per gli aquiloni della sera,Eri nel vento,spadoni,spadoni__3
cla vós che sóra toti la s’alzéva,quella voce che su tutte si levava,Eri nel vento,spadoni,spadoni__3
la fësta d’un paés.,la festa di un paese.,Eri nel vento,spadoni,spadoni__3
Tcira la crós dla mi famì s-ciunclêda,Eri la croce della mia famiglia schiantata,Eri nel vento,spadoni,spadoni__3
i rog so pr e’ camen al sér d’invéran,le urla su per il camino le sere d’inverno,Eri nel vento,spadoni,spadoni__3
la név là fura cun al pédgh alziri.,la neve là fuori con orme leggere.,Eri nel vento,spadoni,spadoni__3
Vós de’ silenzi che t’am strenz e’ pët,Voce del silenzio che mi stringi il petto,Eri nel vento,spadoni,spadoni__3
baston pr i mi scapoz funtâna cêra,bastone per i miei inciampi fontana chiara,Eri nel vento,spadoni,spadoni__3
"tci ’na parôla un segn, fradël ch’e’ ciâma","sei una parola un segno, fratello che chiama",Eri nel vento,spadoni,spadoni__3
e me ch’m’agrap a te coma ch’a pos.,ed io mi aggrappo a te come posso.,Eri nel vento,spadoni,spadoni__3
La n’à mai vest e’ mêr la nòna biṣa,Non ha mai visto il mare la nonna bisa,Il mare della bisnonna,spadoni,spadoni__4
e la m’dmandéva sèmpra: com’ël grând?,e mi chiedeva sempre: com’è grande?,Il mare della bisnonna,spadoni,spadoni__4
"Mo biṣa, me a i dgéva, zènt vôlt e’ nöst paéṣ!","Ma bisa, le dicevo, cento volte il nostro paese!",Il mare della bisnonna,spadoni,spadoni__4
"Se la saves adës ch’l’argheta, u n’in pö piò ch’l’è strach d’avdé dal braz a spinduclon, j oc d’chi babì che j à armis-cê al lêgrum a i cavalon!","Se ora sapesse che rigetta, non ne può più, che è stanco di vedere braccia penzoloni, occhi di bambini che hanno mescolato le lacrime ai cavalloni!",Il mare della bisnonna,spadoni,spadoni__4
Coma un vidël ṣmarì int una nöt d’busâna e’ mogia e’ mogia fôrt.,"Come un vitello smarrito in una notte di burrasca mugghia, mugghia forte.",Il mare della bisnonna,spadoni,spadoni__4
’Na vôlta e’ mêr o biṣa l’avéva un chè da fôla:,Una volta il mare o bisa aveva quel che da favola:,Il mare della bisnonna,spadoni,spadoni__4
"l’éra l’istê cun i su zènt culur, dal córs in bicicleta,","era l’estate coi suoi cento colori, corse in bicicletta,",Il mare della bisnonna,spadoni,spadoni__4
"l’éra e’ ṣgrafegn di spen arvid dal mór, di biṣ ad sparaguai.","era il graffio degli spini delle more, e baci di nascosto.",Il mare della bisnonna,spadoni,spadoni__4
"Sminghìv l’invéran, ch’l’è stê lòngh asé, pr i strid de’ pôrch ch’l’à insupê d’ros la név, pr i pasarot s-ciazê.","Dimenticate l’inverno che è stato fin troppo lungo, per le strida del maiale che ha inzuppato di rosso la neve, per i passeri schiacciati.",Dimenticate l’inverno,spadoni,spadoni__5
Sminghìv l’invéran cun i sangunëz e ṣmolghi al caparël.,Dimenticate l’inverno con i geloni e i mantelli fradici.,Dimenticate l’inverno,spadoni,spadoni__5
Sminghìv l’invéran che e’ ros ad zènt mitragli l’à stret int una môrsa ẓa trop s-cen e splì al bandir a e’ vent.,Dimenticate l’inverno che il rosso di cento mitraglie ha stretto in una morsa già troppi uomini e sepolto bandiere al vento.,Dimenticate l’inverno,spadoni,spadoni__5
Sminghìv l’invéran cun i murs dla fâm in do ch’e’ cânta sprê e’ pitaren,Dimenticate l’inverno coi morsi della fame dove canta disperato il pettirosso,Dimenticate l’inverno,spadoni,spadoni__5
e al stël al bat i dent.,e le stelle battono i denti.,Dimenticate l’inverno,spadoni,spadoni__5
"Sminghìv l’invéran, in do che e’ calicantus l’à pérs e’ su udór.","Dimenticate l’inverno, dove il calicanto ha perso il suo odore.",Dimenticate l’inverno,spadoni,spadoni__5
Sminghìv l’invéran che nenca j ènẓul j à mudê culór.,Dimenticate l’inverno che anche gli angeli hanno mutato colore.,Dimenticate l’inverno,spadoni,spadoni__5
"Sminghìv, mo a m’aracmând:","Dimenticate, ma vi supplico:",Dimenticate l’inverno,spadoni,spadoni__5
"apjì d’arnôv che fugh, nöl murtì piò, che fugh, che fugh!","accendete di nuovo quel fuoco, non spegnetelo più, quel fuoco, quel fuoco.",Dimenticate l’inverno,spadoni,spadoni__5
Una zitȇ ch’la n’fnes mai…,Una città che non finisce mai…,L’emigrante,spadoni,spadoni__6
U i ven ‘na streta a e’ côr.,Gli viene una stretta al cuore.,L’emigrante,spadoni,spadoni__6
E’ bév de’ su paéş l’utma buchȇ,Beve del suo paese l’ultima boccata,L’emigrante,spadoni,spadoni__6
"e pu e’ fes-cia, e’ fes-cia par nȫ pinsȇ.","poi fischia, fischia per non pensare.",L’emigrante,spadoni,spadoni__6
E’ temp ch’e’ pȇ ch’e’ fëga a pösta e’ fa turnȇ i cont.,Il tempo che sembra faccia apposta fa tornare i conti.,Vita,spadoni,spadoni__7
Un’ucȇda la t’şmȃna,Un’occhiata ti spoglia,Gli uomini,spadoni,spadoni__8
la t’arvives un’ȇtra.,un’altra ti rimette in vita.,Gli uomini,spadoni,spadoni__8
I s-cen j è com i spen:,Gli uomini sono come gli spini:,Gli uomini,spadoni,spadoni__8
i n’ s’ciapa par la ponta!,non si prendono per la punta!,Gli uomini,spadoni,spadoni__8
Ȅl tröp se a t’dmȃñd ad nö m’lasȇ?,È troppo se ti chiedo di non lasciarmi?,none,spadoni,spadoni__9
"Parôla, t’al sé, par me tci tot.","Parola, lo sai, per me sei tutto.",none,spadoni,spadoni__9
"Un pô d’sȇl int la zoca E’ bignarà avél, nö?","Un po’ di sale in zucca occorrerà averlo, no?",none,spadoni,spadoni__10
"‘S’a scrivta pu,","Cosa scrivi mai,",none,spadoni,spadoni__10
ch’u n’leʐ piò incion!,tanto non legge più nessuno!,none,spadoni,spadoni__10
A créd t’épa raşon:,Credo tu abbia ragione,none,spadoni,spadoni__10
alora st’ȇta vôlta a v’cuntarò ‘na fôla.,allora quest’altra volta vi racconterò una favola.,none,spadoni,spadoni__10
Da znin a stéva in faza ma la fadéiga dal bés-ci cal mór,Da piccolo abitavo davanti alla fatica degli animali che muoiono,Il mattatoio,stargiotti,stargiotti__0
"Tótt al vólti ch’a i passìmi davènti, par gvardè ‘lè dréinta, a féva cut da spèsa ‘l gàmbi dla mi mà.","Tutte le volte che ci passavamo davanti, per guardare lì dentro, facevo capolino da dietro le gambe di mia mamma.",Il mattatoio,stargiotti,stargiotti__0
"E’ céul di parénch, si gang spandléun.","Il lamento dei paranchi, coi ganci a penzoloni.",Il mattatoio,stargiotti,stargiotti__0
Un sulèr luzòus.,Un pavimento lercio.,Il mattatoio,stargiotti,stargiotti__0
"Sa cla paciarìna, ma tèra, cmè mgnàzz armistiéd sa sgadézz e nafta: ch’ u s sguiléva sa cla zavèrda sòta i pì.","Con quella fanghiglia, in terra, come sanguinaccio mescolato con segatura e nafta: che si scivolava con quella porcheria sotto i piedi.",Il mattatoio,stargiotti,stargiotti__0
Póll e galéini tachéd sò prì zampétt chi starnàza.,Polli e galline attaccati su per le zampe che starnazzano.,Il mattatoio,stargiotti,stargiotti__0
I agnéll chi gnóla e i s’amócia t’un cantòun de srai.,Gli agnelli che piagnucolano e si ammassano in un angolo del serraglio.,Il mattatoio,stargiotti,stargiotti__0
"I vidléun strasnéd par la murdèccia, i baghéin chi rògg, I brécc chi péunta.","I vitelloni trascinati per la mordecchia, i maiali che urlano, gli asini che si impuntano.",Il mattatoio,stargiotti,stargiotti__0
E sòura tótt che diavuléri… piò fórt: i móccal sécc di mazlér.,E sopra tutto quel caos… più forti: le bestemmie asciutte dei macellai.,Il mattatoio,stargiotti,stargiotti__0
"Muntéd sò sla batèna de mi cugnéd, disdèi sòura chi cuséin se chéul bagnéd; a tóta béra, tachéd cumè di ragn, sòura st’agli òndi par armidié un bagn!","Saliti sulla battana di mio cognato, seduti sopra quei cuscini con il culo bagnato; a tutta birra, attaccati come dei ragni, sopra queste onde per rimediare un bagno!",Il castello nel mare,stargiotti,stargiotti__1
"A vulìmi sòura l’aqua a piò di zént,","Volavamo sopra l’acqua a più dei cento,",Il castello nel mare,stargiotti,stargiotti__1
e Lorenzo e’ tàca a rógg tótt t’ un mumént:,e Lorenzo comincia a urlare tutto in un momento:,Il castello nel mare,stargiotti,stargiotti__1
"“Guarda laggiù, babbo, quello è un castello… là, in mezzo al mare: è proprio bello!”","“Guarda laggiù, babbo, quello è un castello… là, in mezzo al mare: è proprio bello!”",Il castello nel mare,stargiotti,stargiotti__1
"L’éva vést ‘na piatafòurma da dalòng,","Aveva visto una piattaforma da lontano,",Il castello nel mare,stargiotti,stargiotti__1
e che paragòun a l’ò sintéi te stòng:,e quel paragone l’ho sentito nello stomaco:,Il castello nel mare,stargiotti,stargiotti__1
Mo gvérda ‘csè cla vést t’un pógn ad frazz!,ma guarda cosa ha visto in un pugno di ferraglie!,Il castello nel mare,stargiotti,stargiotti__1
"E l’è bón ‘d sintéi ènca e’ scatràmazz chi féva chi suldè sénza s-ciuptèdi, da drì cagli armadéuri curazèdi.","Ed è capace di sentire anche il fracasso che facevano quei soldati senza schioppettate, da dietro quelle armature corazzate.",Il castello nel mare,stargiotti,stargiotti__1
"D’ una guèra vècia stròunca,… mo par zug!","D’una guerra vecchia decrepita,… ma per gioco!",Il castello nel mare,stargiotti,stargiotti__1
"Senza mórt, gnént cadèvar e gnénca un fug.","Senza morti, niente cadaveri e neanche un fuoco.",Il castello nel mare,stargiotti,stargiotti__1
"Snò pre góst ad divartéis cmè di burdéll, sla vòia ad córr e’ témp e l’aria ti cavéll.","Solo il gusto di divertirsi come dei bambini, con la voglia di correre, il tempo e l’aria fra i capelli.",Il castello nel mare,stargiotti,stargiotti__1
"Da lè u i scaparà e’ bastòun par la mi vciàia,","Da lì ci scapperà il bastone per la mia vecchiaia,",Il castello nel mare,stargiotti,stargiotti__1
e se qualcadéun ul tòcca… a guàia!!!,è il mio bello; e se qualcuno lo tocca… sono guai!!!,Il castello nel mare,stargiotti,stargiotti__1
Mó gvérda cmè chi và fiéd…,Ma guarda come vanno combinati…,Quei ragazzacci,stargiotti,stargiotti__2
e i n s vargògna mégga!,e non si vergognano mica!,Quei ragazzacci,stargiotti,stargiotti__2
Dóbbi ch’i n s rènda còunt?,Possibile che non si rendano conto?,Quei ragazzacci,stargiotti,stargiotti__2
Sa chi cavéll tótt intacunéd e’ pèr chi àpa un baghéin spinòus sla tèsta.,Con quei capelli tutti impiastricciati sembra che abbiano un porcospino sulla testa.,Quei ragazzacci,stargiotti,stargiotti__2
"I calzéun zò me chéul, sé cavàl mal znòci, s’ ‘na lofa ch’e’ pèr ch’i sea caghé madòss.","I calzoni giù al culo, con il cavallo alle ginocchia, con un fagotto che pare si siano cagati addosso.",Quei ragazzacci,stargiotti,stargiotti__2
"E chi giubidomini,… che dòp, màs-ci e fèmni, vai arcnòss tè, se t’ci bón!","E quei giubboni,… che dopo, maschi e femmine, valli a riconoscere, se sei capace!",Quei ragazzacci,stargiotti,stargiotti__2
E di scarpéun che su i ciàpa ‘n azidént i arvènza in pì…,E degli scarponi che se gli prende un accidente rimangono in piedi…,Quei ragazzacci,stargiotti,stargiotti__2
Os-cia… um pèr ‘d sintéi zcòr e’ mi ba…,Ostia… mi sembra di sentir parlare mio padre…,Quei ragazzacci,stargiotti,stargiotti__2
Di piò béll paistìn tachéd sò ma chi grépp che s t’ a t apòzz e’ pèr chi àpa da zuclé par la fadéiga chi fà a ‘rvanzè drétt.,Dei più bei paesini attaccati sopra quelle rupi che se ti appoggi sembra che debbano dondolare per la fatica che fanno a restare dritti.,Bella la Liguria,stargiotti,stargiotti__3
Scrichéd tra i méunt e si pi instécc tal gènghi.,Schiacciati tra i monti e con i piedi conficcati nelle rocce.,Bella la Liguria,stargiotti,stargiotti__3
"Ció,… par cal chèsi u i è sno ‘na spiegaziòun:","Dì,… per quelle case c’è solo una spiegazione:",Bella la Liguria,stargiotti,stargiotti__3
agli à fat al ràdghi sòtt’al fundaziòun.,hanno fatto le radici sotto le fondazioni.,Bella la Liguria,stargiotti,stargiotti__3
"U gn’è e’ pòst invéll: chèsi e pórti znìni, al strèdi strèti cumè di curidéur, ch’ u t vén d’andè ‘vènti ad curtèl, ad sfiénc, da tnèi l’aria e tirè indrì la pènza.","Non c’è spazio in nessun posto: case e porte piccole, le strade strette come dei corridoi, che ti viene da camminare di coltello, di fianco, da trattenere l’aria e tirare indietro la pancia.",Bella la Liguria,stargiotti,stargiotti__3
"E’ sarà un’impressiòun mo ò fèida, che al màchini al sea fati ‘d miséura: chi li fàza piò strèti apòsta par lòu.",Sarà un’impressione ma ho fede che anche le macchine siano fatte di misura: che le facciano più strette apposta per loro.,Bella la Liguria,stargiotti,stargiotti__3
"E pu i scaléin, e’mi Signòur, quant scaléin!","E poi i gradini, il mio Signore, quanti scalini!",Bella la Liguria,stargiotti,stargiotti__3
"Sa mètt in féila quei ch’ ò fat in tri dè, aréiv, sichéur, mal pórti de paradèis.","Se metto in fila quelli che ho fatto in tre giorni, arrivo, sicuro, alle porte del paradiso.",Bella la Liguria,stargiotti,stargiotti__3
I n’à stròlg un ènta dal nóvi.,Ne hanno inventata un’altra delle nuove.,Nel mare in bicicletta,stargiotti,stargiotti__4
"Adèss i và te mèr in biciclèta. No a maréina,… própri tl’aqua.","Adesso vanno al mare in bicicletta. Non a marina,… proprio nell’acqua.",Nel mare in bicicletta,stargiotti,stargiotti__4
Il céma “spinning” che zà se nóm um s’invrócia la lèngua.,"Lo chiamano “spinning”, che già col nome mi si aggroviglia la lingua.",Nel mare in bicicletta,stargiotti,stargiotti__4
"Mo e’ bell l’è avdéi ac sudédi ch’i fà sòta che sòul, che mè a dégg: gnénca par zéntméla frènc all’òura!…","Ma il bello è vedere che sudate che fanno sotto quel sole, che io dico: neanche per centomila lire all’ora!…",Nel mare in bicicletta,stargiotti,stargiotti__4
"Quest? I pèga lòu! Ah ció,…",Questi? Pagano loro! Ah dì…,Nel mare in bicicletta,stargiotti,stargiotti__4
"dis che éun u s à da struzè sla córda ch’u i pèr, mo quèsta própri… la à i calzett!","dice che uno si deve strozzare con la corda che preferisce, ma questa proprio… è grossa!",Nel mare in bicicletta,stargiotti,stargiotti__4
"Laltredè a séra ‘ndè a truvè la mi anvòuda, ch’ la stà próri se mèr, a Rivabèla,","L’altro giorno ero andato a trovare la mia nipote, che abita proprio sul mare, a Rivabella,",Nel mare in bicicletta,stargiotti,stargiotti__4
a bótt l’òcc,butto l’occhio,Nel mare in bicicletta,stargiotti,stargiotti__4
e a vègg tl’aqua un sfunézz che… ò sóbit pansè m’una sgrèzia!,e vedo nell’acqua un affaccendarsi che… ho subito pensato a una disgrazia!,Nel mare in bicicletta,stargiotti,stargiotti__4
Invici i féva e’ “spinning”.,Invece facevano lo “spinning”.,Nel mare in bicicletta,stargiotti,stargiotti__4
Ch’um l’à pu racòunt l’Elena cum’è ch’e funziouna.,Che me l’ha poi raccontato l’Elena com’è che funziona.,Nel mare in bicicletta,stargiotti,stargiotti__4
"… Mè t deg che e Signor,… um tocca pò avdeili totti…","… Io ti dico che il Signore,… mi tocca pur vederle tutte…",Nel mare in bicicletta,stargiotti,stargiotti__4
T’muréss invalnèd d’ e’ tu fiùl dop che té véint dusént miliéun me Sisa e t an é fat témp a fe testamént,Morissi avvelenato da tuo figlio dopo che hai vinto duecento milioni alla Sisa e non hai fatto tempo a fare testamento,Un brutto ceff,stargiotti,stargiotti__5
"Ch’u te racòunta, intènt che t fé i strémmal ch’l è ste léu a dét cla midizéina","Che te lo racconta, durante i tuoi spasimi che è stato lui a darti quella medicina",Un brutto ceff,stargiotti,stargiotti__5
E quànd ch’i t pórta me campsènt sé prit davènti e nisséun drì ma la càsa la zénta la s zéira de chènt adlà,E quando ti portano al camposanto con il prete davanti e nessuno dietro alla cassa la gente si gira dall’altra parte,Un brutto ceff,stargiotti,stargiotti__5
"E da che dè te bar, quànd ch’i fa la bréscla il dmànda fórt chi ch’é vó zughé","E da quel giorno nel bar, quando fanno la briscola chiedono a voce alta chi è che vuol giocare",Un brutto ceff,stargiotti,stargiotti__5
"I la à bóta zò ‘d nòta, u n s’ne incórt nisséun","L’hanno buttata giù di notte, non se n’è accorto nessuno",La giustificazione,stargiotti,stargiotti__6
"La matéina l’agn’ era piò, snò un béus ma tèra","La mattina non c’era più, solo un buco in terra",La giustificazione,stargiotti,stargiotti__6
"In dò stméni i n’à fat óna nóva, varniséda e’ tótt","In due settimane ne hanno fatta una nuova, già verniciata",La giustificazione,stargiotti,stargiotti__6
"Pu, té zardéin, i à piént un uléiv ad dusént ann","Poi, nel giardino, hanno piantato un ulivo di duecento anni",La giustificazione,stargiotti,stargiotti__6
I s’è firmé la giustificaziòun da par lòur,Si sono firmati la giustificazione da soli,La giustificazione,stargiotti,stargiotti__6
"U i vrébb un scròch, cmè quel dla luce Che tè dé te scròch e t véid tótt un’ ent mònd",Ci vorrebbe un pulsante come quello della luce Che tu schiacci il pulsante e vedi tutto un altro mondo,Il pulsante,stargiotti,stargiotti__7
"… Sé però,… enca la luce… me dégg,… la t fa avdéi al ròbi cum’è ch’al stà","… Sì però,… anche la luce… io dico,… ti fa vedere le cose com’è che stanno.",Il pulsante,stargiotti,stargiotti__7
Invìci u i vrébb un scròch che e’ funziunéss da dréinta quel sé che sarébb e’ scròch!!,Invece ci vorrebbe un pulsante che funzionasse da dentro: quello sì che sarebbe il pulsante!!!,Il pulsante,stargiotti,stargiotti__7
Tin t’in a mént!,Tieniti in mente,,stargiotti,stargiotti__8
Tin t’in a mént che la cativéria l’an vén mai da fùra!,Tieniti in mente che la cattiveria non viene mai da fuori!,,stargiotti,stargiotti__8
… e ognéun us tén la su.,… e ognuno si tiene la propria.,,stargiotti,stargiotti__8
Da fé ché scréiv in dialètt che intanimòdi i capéss sno quel ch’u i pèr.,Da far cosa scrivere in dialetto che tanto capiscono solo quello che gli pare.,Da far cosa?,stargiotti,stargiotti__9
Da fè chè scréiv in dialètt.,Da far cosa scrivere in dialetto.,Da far cosa?,stargiotti,stargiotti__9
Da fé chè scréiv.,Da far cosa scrivere.,Da far cosa?,stargiotti,stargiotti__9
Da fè chè…,Da far cosa…,Da far cosa?,stargiotti,stargiotti__9
A n l’arcórd,Non ricordo,L’odore del sabato,teodorani,teodorani__0
l’udòur de sàbdi scapènd da scóla,l’odore del sabato uscendo da scuola,L’odore del sabato,teodorani,teodorani__0
arcórd snò ch’a séra lizìra,ricordo soltanto che ero leggera,L’odore del sabato,teodorani,teodorani__0
e l’aria d’atòunda,e l’aria attorno,L’odore del sabato,teodorani,teodorani__0
l’éra tótta da boi.,era tutta da bere.,L’odore del sabato,teodorani,teodorani__0
Énca un zéi,Anche un ciglio,Settembre,teodorani,teodorani__1
e’ cmìnza a fè òmbra,comincia a fare ombra.,Settembre,teodorani,teodorani__1
Al mèni a l vuntèva di giarùl,Le mani tracimavano di sassolini,Due anni,teodorani,teodorani__2
te vièl s’un vstidìn a pois.,nel viale con un vestitino a pois,Due anni,teodorani,teodorani__2
L’éra la vóita d’un pasaròt ch’e’ zùga,Era la vita di un passerotto che gioca,Due anni,teodorani,teodorani__2
"s’una sménta, un fiòur...","con una semenza, un fiore...",Due anni,teodorani,teodorani__2
Pu l’à tàch a pióv,Poi ha cominciato a piovere,Due anni,teodorani,teodorani__2
la catóiva stasòun la s’à ingulè.,la cattiva stagione ci ha ingoiati.,Due anni,teodorani,teodorani__2
A i’ò cmè un’òmbra t’un cantòun d’un òc,Ho come un’ombra nell’angolo di un occhio,Due anni,teodorani,teodorani__2
u n gn’è gnént in fònd a e’ curidéur,non c’è nulla in fondo al corridoio,Due anni,teodorani,teodorani__2
però u m tòcca sèmpra guardè.,però devo sempre guardare.,Due anni,teodorani,teodorani__2
E’ malàn dla nòta e’ sta,Il rumore della notte sta,Il rumore della notte,teodorani,teodorani__3
te fònd d’una cunchéa svóita,nel fondo di una conchiglia vuota,Il rumore della notte,teodorani,teodorani__3
là do ch’u s racói e mèr,là dove si raccoglie il mare,Il rumore della notte,teodorani,teodorani__3
che ta ne vóid mo ta l sé ch’u i è,che non vedi ma sai che c’è,Il rumore della notte,teodorani,teodorani__3
e ta l sint quant e’ cambia e’ vént.,e lo senti quando cambia il vento.,Il rumore della notte,teodorani,teodorani__3
Dal vólti a m mètt ma la finèstra,A volte mi metto alla finestra,I discorsi della gente,teodorani,teodorani__4
e a stag da sintói i zchèurs dla zènta:,e sto a sentire i discorsi della gente:,I discorsi della gente,teodorani,teodorani__4
da spèss i è acsè strach,spesso sono così stanchi,I discorsi della gente,teodorani,teodorani__4
che la s putrébb sparagnè,che si potrebbe risparmiare,I discorsi della gente,teodorani,teodorani__4
la fadóiga d’arvoi la bòcca.,la fatica di aprire la bocca.,I discorsi della gente,teodorani,teodorani__4
Mo se la zcòrr in dialètt,Ma se parlano in dialetto,I discorsi della gente,teodorani,teodorani__4
"alòura i zchèurs i arciàpa vigòur,","allora i discorsi prendono vigore,",I discorsi della gente,teodorani,teodorani__4
"énca al patachèdi,","anche le sciocchezze,",I discorsi della gente,teodorani,teodorani__4
e u m vén vòia d’andè ad ciòtta,e mi viene voglia di scendere in strada,I discorsi della gente,teodorani,teodorani__4
a dói la mi.,a dire la mia,I discorsi della gente,teodorani,teodorani__4
Nuvèmbri,Novembre,I discorsi della gente,teodorani,teodorani__4
L’aria fóina,L’aria fine,I discorsi della gente,teodorani,teodorani__4
ch’la vén zò da e’ mòunt,che scende giù dal monte,I discorsi della gente,teodorani,teodorani__4
l’è cumè nòiva sòura la tu fàza.,è come neve sopra la tua faccia.,I discorsi della gente,teodorani,teodorani__4
Nuvèmbri ti campsént u s radàna.,Novembre nei cimiteri si riordina.,I discorsi della gente,teodorani,teodorani__4
Al tu pavéuri a l càsca,Le tue paure fioccano,I discorsi della gente,teodorani,teodorani__4
"a zantnèra, a mièra","a centinaia, a migliaia",I discorsi della gente,teodorani,teodorani__4
cumè fòi sòura i viél.,come foglie sopra i viali.,I discorsi della gente,teodorani,teodorani__4
A péunt i mi ócc,Punto i miei occhi,I discorsi della gente,teodorani,teodorani__4
ti ócc d’un petròs.,negli occhi di un pettirosso.,I discorsi della gente,teodorani,teodorani__4
Eli e ràdghi,Ali e radici,I discorsi della gente,teodorani,teodorani__4
A t’ò niné,Ti ho cullato,I discorsi della gente,teodorani,teodorani__4
fin a fèt indurmantè,fino a farti addormentare,I discorsi della gente,teodorani,teodorani__4
èli e ràdghi a l s’è invrucédi.,ali e radici si sono intrecciate.,I discorsi della gente,teodorani,teodorani__4
E t’una nòta pursì,E in una notte qualunque,I discorsi della gente,teodorani,teodorani__4
da la nèbia l’è scap fùra,dalla nebbia è spuntato,I discorsi della gente,teodorani,teodorani__4
un pésgh in fiòur.,un pesco in fiore.,I discorsi della gente,teodorani,teodorani__4
E’ mi ba,Mio padre,Mio padre,turci,turci__0
"l’è môrt da par se,",è morto da solo,Mio padre,turci,turci__0
"int e’ ‘bšdêl,",all’ospedale,Mio padre,turci,turci__0
la matena prëst.,di mattina presto.,Mio padre,turci,turci__0
E pu gnint.,E poi niente,Mio padre,turci,turci__0
Parchè la môrta la-n s’conta.,Perché la morte non si dice.,Mio padre,turci,turci__0
La môrta la-t s’insteca,La morte ti si infila,Mio padre,turci,turci__0
indentar,dentro,Mio padre,turci,turci__0
e la-t fa tent buš,e ti fa tanti buchi,Mio padre,turci,turci__0
dóv ch’u i pasarà la tu vita.,nei quali passerà la tua vita.,Mio padre,turci,turci__0
A stê trop in ca,A star troppo in casa,In casa,turci,turci__1
e’ mònd u-t’s scréca adös,il mondo ti si chiude addosso,In casa,turci,turci__1
e t’a-t scurd nench,e ti scordi anche,In casa,turci,turci__1
ad gvardê’ da la finëstra.,di guardare dalla finestra.,In casa,turci,turci__1
Aglj’ösi al s’amocia,Le ossa si ammucchiano,In casa,turci,turci__1
óna sóra cl’êtra,una sull’altra,In casa,turci,turci__1
e t’dvent znin còm’un babin,e diventi piccola come un bambino,In casa,turci,turci__1
e t’invei a ‘rmulinê’ cun la tësta.,e cominci a fantasticare.,In casa,turci,turci__1
"T’è voja d’un cvël, pu d’ cl’êtar","Hai voglia di una cosa, poi d’un’altra",In casa,turci,turci__1
mo t’a-n t’šmêš,ma non ti muovi,In casa,turci,turci__1
e e’ côr u-t trampala,ed il cuore barcolla,In casa,turci,turci__1
"che l’è ža vnu séra,",che è già venuta sera,In casa,turci,turci__1
e la tu žuvantò l’è una parôla,e la tua gioventù è una parola,In casa,turci,turci__1
in boca a chj’étar.,in bocca agli altri.,In casa,turci,turci__1
A e’ câmpsânt l’è pin d’vec,Al camposanto è pieno di vecchi,Al camposanto,turci,turci__2
"nö murt, viv.","non morti, vivi.",Al camposanto,turci,turci__2
I-s šmêša cun la grêzia,Si muovono con la grazia,Al camposanto,turci,turci__2
"d’na balarena straca,","di una ballerina stanca,",Al camposanto,turci,turci__2
i dà la porbia a i fiur,danno la polvere ai fiori,Al camposanto,turci,turci__2
i scor cun cvi ch’i pasa.,chiacchierano con i passanti.,Al camposanto,turci,turci__2
Me a-n n’ho alšir; int i vidar dal capëli,Io non ne ho voglia;sui vetri delle cappelle,Al camposanto,turci,turci__2
a gvêrd la mi faza,guardo il mio volto,Al camposanto,turci,turci__2
e a-m dmând se i murt i-m véd,e mi chiedo se i morti mi vedono,Al camposanto,turci,turci__2
"e s’a m’ho da tajê’ i cavel,",e se dovrei tagliarmi i capelli:,Al camposanto,turci,turci__2
un pinsir alžir int un’êria basa.,un pensiero volubile in un’aria greve.,Al camposanto,turci,turci__2
Sota i pi,Sotto i piedi,Al camposanto,turci,turci__2
"una foja seca,",una foglia secca,Al camposanto,turci,turci__2
"fena tlarâgna ad bochi svuiti,",fine groviglio di bocche vuote,Al camposanto,turci,turci__2
la creca int e’ salghê.,scricchiola sul selciato..,Al camposanto,turci,turci__2
ABRÌL,APRILE,Al camposanto,turci,turci__2
I dè i cór via svìlt,I giorni corrono via veloci,Al camposanto,turci,turci__2
cumpagn a burdél fura dla scöla.,come bambini fuori da scuola.,Al camposanto,turci,turci__2
"""Alsir"" l' è un sogn franzés",Alsir(1) è un sogno francese,Al camposanto,turci,turci__2
fat ad gambi stug-lèdi,fatto di gambe distese,Al camposanto,turci,turci__2
"a e' sol d'abrìl,","al sole d'aprile,",Al camposanto,turci,turci__2
ch' u m' inciöda,che mi inchioda,Al camposanto,turci,turci__2
int e' mèz dla strèda.,nel mezzo della strada.,Al camposanto,turci,turci__2
Mo a gl'è tóti maravéj...,Ma sono tutte smancerie...,Al camposanto,turci,turci__2
"A scriv accè, in cusêna,","Scrivo così, in cucina,",Al camposanto,turci,turci__2
"drì a i furnéll,","vicino ai fornelli,",Al camposanto,turci,turci__2
un oc int e' foj,un occhio al foglio,Al camposanto,turci,turci__2
e un oc a e' sufrét.,e un occhio al soffritto.,Al camposanto,turci,turci__2
Ste parlè,Questo parlare,Al camposanto,turci,turci__2
l'è cumpagn'a moschi,è come mosche,Al camposanto,turci,turci__2
"ch'al peccia int i vìdar,","che picchiano sui vetri,",Al camposanto,turci,turci__2
una córsa ad bastérd int e' salghê.,un corsa di bambini nel selciato.,Al camposanto,turci,turci__2
"Sé,","Sì,",Al camposanto,turci,turci__2
"a jò capì,","ho capito,",Al camposanto,turci,turci__2
"t'a m'é capì,","mi hai capito,",Al camposanto,turci,turci__2
a jò int al mân,ho nelle mani,Al camposanto,turci,turci__2
un ruşlaz ad chêrta fena,"un papavero di carta fine,",Al camposanto,turci,turci__2
"ch'u pè vér,","che pare vero,",Al camposanto,turci,turci__2
basta ch'u-n pjuva.,purché non piova.,Al camposanto,turci,turci__2
Zogn,Giugno.,Al camposanto,turci,turci__2
La pôrta la s’è vérta,La porta si è aperta,Al camposanto,turci,turci__2
al zriśi al dà,le ciliege danno,Al camposanto,turci,turci__2
e’ sang a l’istêda.,"il sangue all’estate,",Al camposanto,turci,turci__2
"al źghèli la vośa,",le cicale la voce.,Al camposanto,turci,turci__2
"I burdel, ir piśinin,","I ragazi, ieri pulcini,",Al camposanto,turci,turci__2
i s beśa saibédgh,si baciano selvatici,Al camposanto,turci,turci__2
da spes i mur infughì.,dietro i muri infuocati.,Al camposanto,turci,turci__2
I s diś dal parôli véri,Si dicono parole vere,Al camposanto,turci,turci__2
cumpagna di righél sora l’altêr.,"come doni sull’altare,",Al camposanto,turci,turci__2
I sa che l’anma de fugh,sanno che l’anima del fuoco,Al camposanto,turci,turci__2
La j è int la fiamba,è nella fiamma,Al camposanto,turci,turci__2
no int la rinsida.,non nella durata.,Al camposanto,turci,turci__2
E int e’ ślergh d’un béś,E nello slargo di un bacio,Al camposanto,turci,turci__2
sânza sparagn nè pérsita,senza risparmio né perdita,Al camposanto,turci,turci__2
l’è tota luś da luś.,è tutta luce da luce.,Al camposanto,turci,turci__2
la pôrta la s’è vérta.,La porta si è aperta.,Al camposanto,turci,turci__2
UTÒBAR,OTTOBRE,Al camposanto,turci,turci__2
A j avéva da dêt,Avevo da darti,Al camposanto,turci,turci__2
"Una méla ingarnêda,","Una melagrana,",Al camposanto,turci,turci__2
spachêda int e' mëẓ,spaccata nel mezzo,Al camposanto,turci,turci__2
da una carvaja,da una crepa,Al camposanto,turci,turci__2
"ch' la parëva una frida,","che sembrava una ferita,",Al camposanto,turci,turci__2
tröpa fata par stê d' astê.,troppo matura per aspettare.,Al camposanto,turci,turci__2
"Pr' un ciochè t' è fat, o det,","Per un qualcosa che hai fatto, o detto,",Al camposanto,turci,turci__2
"un abràz, un beṣ, un quël,","un abbraccio, un bacio, una parola",Al camposanto,turci,turci__2
la s' è ‘verta da par sè.,si è aperta da sola.,Al camposanto,turci,turci__2
"E t' è magnê un garnël,","E hai mangiato un chicco,",Al camposanto,turci,turci__2
sânza pinsê che e' pôch,senza pensare che il poco,Al camposanto,turci,turci__2
"u po' tnì indrenta e' purasé,","può contenere il molto,",Al camposanto,turci,turci__2
"e' prema, e' döp,","il prima, il dopo,",Al camposanto,turci,turci__2
"la radiṣa, e' fiór,","la radice, il fiore,",Al camposanto,turci,turci__2
"la carvaja, l' amór.","la crepa, l' amore.",Al camposanto,turci,turci__2
