rgn,ita,title
“Parchè ch’un suzida piò!”.,“Perché non succeda più!”.,Gli uomini
"Quant volti ch’a l’avèm sintida,",Quante volte l’abbiamo sentita:,Gli uomini
l’è una fresa ch’la s dis sèmpar:,è una frase che si dice sempre.,Gli uomini
"giurnél, TV, internet.","Giornali, TV, Internet,",Gli uomini
"Gueri dimpartot,","guerre dappertutto,",Gli uomini
"Trócval, dulor, morta.","Macerie dovunque, dolore, morte.",Gli uomini
E quaicadun us fa sgnór!,E qualcuno diventa più ricco.,Gli uomini
E’ svuit,Il vuoto,Gli uomini
"T ci zovan t’é la murosa, la t lasa","Sei giovane, hai la morosa, ti lascia",Gli uomini
"un svuit, un dulor","un vuoto, un dolore",Gli uomini
t'al rimpes cun un’eta.,lo riempi con un'altra.,Gli uomini
"T’at spus, la moj lat lasa","Ti sposi, la moglie ti lascia",Gli uomini
un svuit un dulor,"un vuoto, un dolore",Gli uomini
t’al rimpes cun un’eta.,lo riempi con un'altra.,Gli uomini
U t lasa la ma,Ti lascia la madre,Gli uomini
t’a n’e’ rimpes cun un’eta,non lo riempi con un'altra,Gli uomini
u j armenza i ricurd,rimangono i ricordi,Gli uomini
T ci néda tra al do gueri,Sei nata fra le due guerre,Donna d'altri tempi (alla mamma)
"Da zovna, tra gnint e poch ad tot",da giovane fra niente e poco di tutto,Donna d'altri tempi (alla mamma)
"T’at ci spuseda, te avù di fiul","Ti sei sposata, hai avuto figli",Donna d'altri tempi (alla mamma)
L’andeva acsé l’era chi timp,"Andava così, erano quei tempi",Donna d'altri tempi (alla mamma)
"T ci guanteda nòna, t’é carsù i tu anvudin","Sei diventata nonna, hai cresciuto i tuoi nipotini",Donna d'altri tempi (alla mamma)
al pió dal volti t’an gn’infruntiva,il più delle volte non ci azzeccavi,Donna d'altri tempi (alla mamma)
ades che la candela la s morta,adesso che la candela si spegne,Donna d'altri tempi (alla mamma)
t’an vu staché la spena,non vuoi staccare la spina,Donna d'altri tempi (alla mamma)
e incora patimint!,e ancora patimenti!,Donna d'altri tempi (alla mamma)
Ogni de’ ch’pasa,Ogni giorno che passa,La mano armata
u i n’è sèmpar ona dal nòvi:,ce n’è sempre una nuova:,La mano armata
"A t’voi ben, t’ci la mi vita,","Ti voglio bene, sei la mia vita,",La mano armata
t’è da stê’ sèmpar cun me.,devi stare sempre con me.,La mano armata
Cma farebia senza te?,Come farei senza di te?,La mano armata
Cma faresat senza me?,come faresti senza di me?,La mano armata
l’è un’êrma ad môrta.,è un’arma di morte.,La mano armata
int una poza ad sângv.,in una pozza di sangue.,La mano armata
"E pu basta, a m so stóff,","E poi basta, mi sono stufato,",Basta!
"l’è tótt i dè cumpàgn, u n s nu n po’ piò.","è tutti i giorni uguale, non se ne può più.",Basta!
A m ví fè crèss i bafi!,Mi voglio far crescere i baffi!,Basta!
"t vu ch’a n’e’ vègga che e’ mi Driano u s’ asarméa mi Panartéun? ch’ l’è Ferruccio spudéd, zò, ch’ l’è e’ su fiùl?","vuoi che non veda che il mio Adriano somiglia ai Panartéun? che è Ferruccio sputato, dai, che è suo figlio?",Suo padre
e alòura cs’òi da fè?,e allora cosa devo fare?,Suo padre
"e la nòta la n dórma,","e la notte non dorme,",Suo padre
"e’ dè u i vén i caldéun, la s zcórda al robi,","il giorno le vengono le caldane, si dimentica le cose,",Suo padre
"la piànz par gnént, cs’èll, a la ciap pr’e’ còl,","piange per niente, cosa faccio, la prendo per il collo,",Suo padre
"a rógg, a i déggh ch’ la è stèda una putèna?","urlo, le dico che è stata una puttana?",Suo padre
e mè? cs’èll ch’a so stè?,e io? cosa sono stato?,Suo padre
E dop a i e’ déggh ènca ma Driano?,E dopo lo dico anche ad Adriano?,Suo padre
"e cmè ch’a i déggh? che l’è e’ mi fiùl, però mè a n so e’ su bà?","e come gli dico? che è mio figlio, però io non sono suo padre?",Suo padre
mo léu csa i éintral?,ma lui cosa c’entra?,Suo padre
"ch’u m vó un bén che mai,","che mi vuole un bene,",Suo padre
"u s cunféida, u m dí tótt,","si confida, mi dice tutto,",Suo padre
"pu l’è ligar, l’à vòia ‘d lavurè,","poi è allegro, ha voglia di lavorare,",Suo padre
"l’è piò ligar ch’ né mè, e mènch zucòun, mènch parmalòus,","è più allegro di me, e meno testone, meno permaloso,",Suo padre
"l’è par quèll che i su améigh i i vó bén tótt, e ènca se lavòur,","è per questo che i suoi amici gli vogliono tutti bene, e anche sul lavoro,",Suo padre
"però mégga indurmént, al robi u li capéss, e’ fa di zchéurs ch’a n’i faz gnénca mè ch’a so e’ su bà.","però mica addormentato, le cose le capisce, fa dei discorsi che non li faccio nemmeno io che sono suo padre.",Suo padre
"Mètt ch’e’ vénga la féin de mònd, admèn, pasdmèn, e a murémm tótt,","Metti che venga la fine del mondo, domani, dopodomani, e moriamo tutti,",Metti
"e’ vén un schéur,","viene un buio,",Metti
da par léu?,da solo?,Metti
E do ch’ l’andrà?,e dove andrà?,Metti
"La tòurna d’ogni tènt, par la su mà,","Torna ogni tanto, per sua madre,",Bella
"la sta póch, du tri dè, la n scapa mai,","sta poco, due tre giorni, non esce mai,",Bella
mè pu a so sèmpra fura.,io poi sono sempre fuori.,Bella
"A la ò incòuntra par chès, tla farmacéa,","L’ho incontrata per caso, in farmacia,",Bella
"«Mo da quant’èll ch’a n s’avdémm?»,","«Ma quant’è che non ci vediamo?»,",Bella
"la m’è pèrsa piò znina,","mi è sembrata più piccola,",Bella
E li gnént. Sa chi ócc véird e e’ maiòun zal.,E lei niente. Con quegli occhi verdi e il maglione giallo.,Bella
"U i era ènca andè dri Lele Guarnieri,","Le aveva fatto la corte anche Lele Guarnieri,",Bella
"Dop a la ò cumpagnèda fina chèsa,","Dopo l’ho accompagnata fino a casa,",Bella
"la à vért, ò détt: «Cs’èll ch’avrébb paghè ‘lòura par no purtè i ucèl!»,","ha aperto, ho detto: «Cosa avrei pagato allora per non portare gli occhiali!»,",Bella
"la à ridéu: «A s’avdémm fr’agli èlt vint’an»,","ha riso: «Ci vediamo fra altri vent’anni»,",Bella
"pu da e’ purtòun custèd, préima da céud, la m’à guèrs: «Ta m piasévi»,","poi dal portone accostato, prima di chiudere, m’ha guardato: «Mi piacevi»,",Bella
"E par la strèda u s’è nuvlé, a San Bèrtal!","E per la strada s’è annuvolato, a San Bartolo",Bagnato
"L’à tach a pióv, pedèla po’,","Ha cominciato a piovere, pedala pure,",Bagnato
"i calzéun, ch’a n gn’éva péns, sl’untómm, ma la cadéina, a m séra sasiné,","i calzoni, che non ci avevo pensato, con l’unto, alla catena, mi ero rovinato,",Bagnato
mo butèi un pó ‘d brèssa d’ogni tènt!,ma buttateci un po’ di ghiaia ogni tanto!,Bagnato
"Amo i brótt, ènca mè a séra póch bèl,","E be’, sai, i brutti, anch’io ero poco bello,",Brutto
"però pu si an, ch’l’avrébb da ès pézz, invìci, l’arvén, dabón,","però poi con gli anni, che dovrebbe essere peggio, invece, cambi in meglio, davvero,",Brutto
mè a m so ènca inamurè.,io mi sono anche innamorato.,Brutto
"La taiéva dal rósi,","Tagliava delle rose,",Rose
"mè a paséva d’alè,","io passavo di lì,",Rose
"“Mo sint!”, “Orca, però”,","”Ma senti!”, “Orca, però”",Rose
"ch’a m séra zcórd, mè, l’era di an,","che mi ero dimenticato, io, erano anni,",Rose
"“Sta zètta”,","“Sta’ zitta”,",Rose
"cmé un insógni l’è stè, a séra burdèl,","come un sogno è stato, ero bambino,",Rose
"pu gnént, l’è pas, un lèmp,","poi niente è passato, un lampo,",Rose
"téira pò sò, si ócc céus, gnénca l’udòur, piò gnént,","tira pur su, con gli occhi chiusi, neanche il profumo, più niente,",Rose
"“Alè, pataca, a m so furè”.","“Bravo coglione, mi sono punto”.",Rose
"a sérmi me Pasègg, u s’è vnú vòia d’andè a fè e’ bagn.","eravamo al Passeggio, c’è venuta voglia d’andare a fare il bagno.",Il bagno di notte
"a pedalémmi da zétt framèza i gréll, fintènt che un bòtal l’à travarsè la strèda ma la Lidia","pedalavamo zitti in mezzo ai grilli, finché un rospo ha attraversato la strada alla Lidia",Il bagno di notte
"A sémm pas par la Tòrra, pu a Burdòuncia, e da ‘lè drétt fina Castelabèt, dvò ch’u n gn’era niseun.","Siamo passati per la Torre, poi a Bordonchio, a da lì dritto sino a Castellabate, dove non c’era nessuno.",Il bagno di notte
"l’aqua la era granda, lócida e nira cmè ch’e’ fóss catràm,","l’acqua era grande, lucida e nera come fosse catrame;",Il bagno di notte
"agli òndi al s’arugléva pièn, t’un susórr, e al s’arivéva tévdi fina i pi.","le onde rotolavano piano, in un sussurro, e ci arrivavano tiepide fino ai piedi.",Il bagno di notte
"Dop a s sémm sparguiè tra i tamaréisgh e al béusi par spuiès,","Dopo ci siamo sparsi fra i tamerischi e le buche per spogliarci,",Il bagno di notte
"e l’è stè tott un córr,","ed è stato tutto un correre,",Il bagno di notte
"la pareva una mata,","pareva una matta,",Il bagno di notte
"la s’è pasa te mèz e la n s’avdéva, ènca parchè la era senza ucèl,","c’è passata in mezzo e non ci vedeva, anche perché era senza occhiali,",Il bagno di notte
"mo u n gn’impurtéva gnént,","ma non le importava niente,",Il bagno di notte
"la è éintra tl’aqua t’una tempesta ad squézz,","è entrata nell’acqua in una tempesta di spruzzi,",Il bagno di notte
"mo a stémmi sempra alè,","ma stavamo sempre lì,",Il bagno di notte
"e li ormai la nudéva,","e lei ormai nuotava,",Il bagno di notte
"la andéva fórt,","andava forte,",Il bagno di notte
"lòu i è lè, che t si ndè lèt, l’è tèrd, t’è smórt la luce,","loro sono lì, che sei andato a letto, è tardi, hai spento la luce,",I morti
"t si svégg, te schéur, u t vén ad chi pensir ch’i n s po’ déi, lòu i è sémpra alè, i t léz dréinta,","sei sveglio, nel buio, ti vengono certi pensieri che non si possono dire, loro sono sempre lì, ti leggono dentro,",I morti
"mo i è bón, i fa féinta da no èsi.","ma sono buoni, fanno finta di non esserci.",I morti
"E’ nóv ad lói, ‘na dmènga,","Il nove luglio, una domenica",Luglio
e i tnéva i sas sal chèrti pòsta ch’a n vuléss véa.,e tenevano i sassi sulle carte perché non volassero via.,Luglio
"mo da la cuntantèzza l’à dè una bota se lègn che ti bicir e’ véin l’à tremè tótt,","ma dalla contentezza ha dato una botta sul legno che nei bicchieri il vino ha tremato tutto,",Luglio
e la zghéla se zris la è stèda zétta ad bot da la paéura.,e la cicala sul ciliegio ha taciuto di botto dalla paura.,Luglio
"I avrà vu quatórg an, léu quatórg, li dògg, trègg, me vièl dla Fòsa, disdài sl’éultum sedéili","Avranno avuto quattordici anni, lui quattordici, lei dodici, tredici, al viale della Fossa, seduti sull’ultima panchina",L’ultima panchina
Mat. l’è sémpra stè mat.,"Matto, è sempre stato matto.",I capelli
e’ pasa drétt,passa dritto,I capelli
e u n saléuta niseun,e non saluta nessuno.,I capelli
U s’è pérs ignacósa.,Tutto è finito.,
E adës cvânt ch’u n’i sra,E quando ormai non ci saranno,
"piò ste zil,","più questo cielo,",
alóra a putren nench,allora non ci resterà che chiudere la porta,
metr e’ carnaz a l’os e fê cont d’gnint.,"e tirare il catenaccio, a tutto indifferenti.",
"Vujétar ch’a si sté còm ch’a sen nó,",Voi che siete stati come ora siamo noi,
"vó ch’a murì par sèmpar,","voi che morite per sempre,",
"d’là da la mura,","oltre il muro,",
ch’a vdi int un sòni,che in sogno,
"cal vôlt ch’a v’afarmivi int e’ cafè,",vi rivedete al caffè,
ch’a ciacarimi in piaza;,o quando eravamo insieme in piazza a chiacchierare;,
che pô ch’a sen ariv a dìs,quel poco che siamo riusciti a dirci,
adës a cve a-m l’arculd sól me.,adesso qui sono solo io a ricordarlo.,
"E pu u-s tucarà a nó,","Poi spetterà a noi,",
cvânt ch’a vniren int la ment,torneremo in mente,
"a on ch’u s’à cgnusù,","a qualcuno che ci ha conosciuto,",
"e e’ sra un pinsir o un sòni,",e sarà un pensiero o un sogno,
E cvel ch’l’è ’ndê l’è ’ndê.,E quel che è andato è andato,
U s’abura: Ste fred,Il tempo si rabbuia. Questo freddo,
u s’insteca int agli ös.,penetra nelle ossa.,
Int e’ cafè,Al caffè ci saranno,
u i sra chi cvàtar vec ch’i žuga a ‘l chêrt,"i soliti quattro vecchi che giocano a carte,",
e ch’i bacaja fôrt.,e il solito vociare.,
“Sta nöt e’ giaza.”,“Stanotte gela.”,
Dmatèna al scol al cricarà,Domattina le pozzanghere cricchieranno,
sot’al sôl.,sotto le suole.,
E’ zil cêr.,Il cielo chiaro.,
E’ camen dla Tarona e’ fumarà,Il camino della Tarona fumerà,
al s’arduš dnânz dal cundensêdi traz,spingono innanzi condensate tracce,Prende risalto il mare
d’nùval sustnènd la nöt,di cirri sorreggendo la notte,Prende risalto il mare
ment ch’la rimpiaza,mentre soppianta,Prende risalto il mare
l’arlušór de’ dè.,il chiarore del giorno.,Prende risalto il mare
"e pu a-n zérch gnânca piò, stramëž agli ònd",poi non cerco neppure fra le ondate,Prende risalto il mare
"dla burasca, un sintir ch’u-m scurta a e’ sren","della burrasca, un sentiero che scorti al sereno,",Prende risalto il mare
la-s scânsa a i mi pinsir.,si scansa ai miei pensieri.,Prende risalto il mare
E mentar ch’a-n rinses a truvêm dentar,E mentre non riesco a scovare in me stesso,Prende risalto il mare
viguróši rašon par arcurdêmla,"incombenti ragioni di ricordo,",Prende risalto il mare
e’ ciapa spech e’ mêr.,prende risalto il mare.,Prende risalto il mare
Sciröch,Scirocco,Prende risalto il mare
"E’ šlinês de’ tramont šlumbê, int e’ flei",L’illanguidirsi del tramonto torpido,Prende risalto il mare
dla caldâna infughida de’ sciröch,nel cocente alitare di scirocco,Prende risalto il mare
"ch’l’imbazucles al fôrz e me, igna môd,",che stordisce le forze e cui d’altronde,Prende risalto il mare
indulent a i dagh ment. Sóra la bêrca,apatico acconsento. Sulla barca,Prende risalto il mare
indifarenta la stašon e a me svùit,inane la stagione ed a me vuoto,Prende risalto il mare
e’ dešidéri ad salpêr e griv,il desiderio di salpare e greve,Prende risalto il mare
l’ardì intrigh de’ campê’,l’ ardito impaccio del vivere.,Prende risalto il mare
Un strâmbal armistizi,Uno strano armistizio,Prende risalto il mare
Areb chêra d’avé’ l’alšir d’cuntêt,Mi piacerebbe poterti narrare,Prende risalto il mare
"ste mi instichêm fra lòstar sâm ad mêr,",di questo inoltrarmi fra lucidi sciami di plancton,Prende risalto il mare
"ad cvel ch’a sö, ad tot j’incantament","di ciò che sono, degli abbagliamenti",Prende risalto il mare
"ch’i-m cuima dentar,","che mi colmano dentro,",Prende risalto il mare
de’ praciš mument,dell’istante,Prende risalto il mare
quând ch’i-s ražonž i dulfen,nel quale ci raggiungono i delfini,Prende risalto il mare
int la nöt indulenta.,nella notte indolente.,Prende risalto il mare
Scampiet scurt ad strinžura sòbit sota,Scarti che a stento percepisco sotto,Prende risalto il mare
e’ mašinê’ dla pruva,il dislocarsi della prua,Prende risalto il mare
e ch’i m’adórna,e m’adornano,Prende risalto il mare
d’un strâmbal armistizi cun me stes.,di uno strambo armistizio con me stesso.,Prende risalto il mare
Areb nench chêra d’êsar bon d’spieghê’,Mi piacerebbe saperti anche spiegare,Prende risalto il mare
ad cvel che pu u m’armasta,"che cosa poi m’avanza,",Prende risalto il mare
"d’ségvit a e’ su cumiêt,","in seguito al loro commiato,",Prende risalto il mare
ad ste mi vuluntêri cunfen,di questo mio volontario confino,Prende risalto il mare
da un švìdar ešèstar.,da un algido esistere.,Prende risalto il mare
A savreb cundividli,Saprei condividerle,Prende risalto il mare
T’a-m cuntitia de’ mêr,Mi narravi del mare,Prende risalto il mare
"cumpâgn a un paragon cun l’ešistenza,",come metafora dell’esistenza,Prende risalto il mare
"èn d’mêra cuntintèza,","anni di amara esultanza,",Prende risalto il mare
t’gitia pu.,dicevi poi.,Prende risalto il mare
E t’scuritia de’ temp,E inoltre dicevi del tempo,Prende risalto il mare
"e t’intindivta incóra, a crid, dla vita:",e credo intendessi ancora della vita:,Prende risalto il mare
e’ côr gonf ad paura.,spesso col cuore grosso di sgomento.,Prende risalto il mare
"T’a-m cuntitia quest, vëc,","Narravi questo, vecchio,",Prende risalto il mare
e a li pinséva fôli strufignêdi,"e le pensavo gualcite parabole,",Prende risalto il mare
impasì ariut int un,"vizze rivalse, in un",Prende risalto il mare
scòrar sfiadê.,parlare esausto.,Prende risalto il mare
"Môrt, adës t’a-n mutiv, l’è pas grân temp:","Morto, oggi taci, è accaduto tempo,",Prende risalto il mare
"e mo a sö me, cve, spöst a scartablê’",ed ora io sono qui a scartabellare,Prende risalto il mare
"fra ’l tu parôl int la mimôria, incù","quelle parole nel ricordo, adesso",Prende risalto il mare
ch’a savreb cundividli.,che saprei condividerle.,Prende risalto il mare
"E spèc l’è sfazèd, l’è una spèa,","Lo specchio è sfacciato, è una spia",Lo specchio
u-t dói cla verità ch’l’a-t fa mèl,ti dice quella verità che ti fa male,Lo specchio
ad chi dè che t’a-n nè vòia,in quei giorni che non ne hai voglia,Lo specchio
"e te, par no dèi sodisfaziòun,","e tu, per non dargli soddisfazione,",Lo specchio
t’pas a chèul rét e t’a-n t zóir a guardèl.,passi indispettita e non ti giri a guardarlo.,Lo specchio
Ma u i è di dè che u-n t fa paèura;,Ma ci sono dei giorni che non ti fa paura;,Lo specchio
t’à l’affràunt fàza fàza,lo affronti faccia a faccia,Lo specchio
"e t’ste bén, t’a-t guèrd,","e stai bene, ti guardi,",Lo specchio
"si sàulch dal risédi,","coi solchi delle risate,",Lo specchio
"al somigliènzi si tu fiùl,","le somiglianze con i tuoi figli,",Lo specchio
e quèl ch’ù-t pis ad piò,e quello che ti piace di più,Lo specchio
"l’è e tu sguèrd,","è il tuo sguardo,",Lo specchio
e tu sguèrd lébar.,il tuo sguardo libero.,Lo specchio
"Um dól agli osi, a sò straca d’aspitè,","Le mie ossa sono dolenti, sono stanca d’aspettare,",Lo specchio
"e pu, tót t’un bòt li m’um dól piò.","poi, tutto d’un tratto non lo sono più.",Lo specchio
"Adés, a sò a què incantèda,","Adesso, sono qui incantata,",Lo specchio
i guzlót salèd che i curòiva žò,le lacrime salate che scendevano giù,Lo specchio
"i sè férmi, per lasè e’ post ma quei dòulz.",si sono fermate per lasciare il posto a quelle dolci.,Lo specchio
"Si òc šgranèd, an gni pos cròid,","Con gli occhi sgranati, non ci posso credere,",Lo specchio
"L’è la fióla de mi fiùl,","E’ la figlia di mio figlio,",Lo specchio
"l’è nèda la mi anvòuda, a vrìa róg!","è nata mia nipote, vorrei gridare!",Lo specchio
Ò spurbiè che mi dè,"Ho rispolverato quel mio giorno,",Lo specchio
"acsè vóiv, acsè bel,","così vivo, così bello,",Lo specchio
Quand la mi cuntanteza,Quando questa mia felicità,Lo specchio
"la glia farà a scapè,","riuscirà ad uscire,",Lo specchio
"la farà un sòun ližir, grazièd,","farà un suono leggero, armonioso,",Lo specchio
Stavólta a vàgh!,Stavolta vado!,Lo specchio
"L’è quànd t’cì a lè tra e vàird e sèch,","E’ quando sei ad un bivio,",Lo specchio
"che t’à ne sé’ se andè o arturnè,","che non sai se andare o tornare,",Lo specchio
"e basta un gnént,","basta un non nulla,",Lo specchio
"un’ ucèdà stórta,","un’occhiata storta,",Lo specchio
"un silénzi,","un silenzio,",Lo specchio
"una ziréda ad chèul tè lèt,","una posizione sbagliata a letto,",Lo specchio
e basta un gnént,basta un niente,Lo specchio
che us zènd un scròch,che si accende un tasto,Lo specchio
tàch,tach,Lo specchio
e quand l’è zàis u s’infiàma,e quando è acceso s’infiamma,Lo specchio
t’à ne po farmè.,non lo puoi fermare.,Lo specchio
"E pu basta, fa quest, fa stèlt, guasta, arfa,","Poi basta, fa questo, fa quello, guasta, rifà,",Lo specchio
"dè e nota, sl’arlóz mé côl!","giorno e notte, con l’orologio al collo!",Lo specchio
per andè duvò?,per andare dove?,Lo specchio
"Da longh,","Lontano,",Lo specchio
l’è propri necesseri,è proprio necessario,Lo specchio
ad fè sempra un programa?,fare sempre un programma?,Lo specchio
stavólta a vàgh.,questa volta vado.,Lo specchio
"Quand la pgnàta la bôl,","Quando la pentola bolle,",Lo specchio
"dai, dai, dai,","dai, dai, dai,",Lo specchio
ènca la baghèna la s-ciòpa.,anche la scrofa crepa.,Lo specchio
"Eh, duò t’andré?","Eh, dove andrai?",Lo specchio
piò dalòngh pusébil,più lontano possibile,Lo specchio
dalòngh l’è dalòngh,lontano è lontano,Lo specchio
basta no tintinè tènt e,basta non esitare e,Lo specchio
tàch,"tach,",Lo specchio
"us va,","si va,",Lo specchio
Cumè nà!,Come no!,Lo specchio
"Oz us po,","Oggi si può,",Lo specchio
u j è scrét ènca se giurnèl,"c’è scritto anche sul giornale,",Lo specchio
“e se un giorno all’improvviso,“e se un giorno all’improvviso,Lo specchio
e tàch,"e tàch,",Lo specchio
us va!,si va!,Lo specchio
E dop?,E dopo?,Lo specchio
"Dop, us’avdirà, intènt a fàz la valoisa","Dopo, si vedrà, intanto faccio una valigia",Lo specchio
"senza programa, a pos fè quèl ch’à voi","senza programma, posso fare",Lo specchio
e tàch,quelo che voglio e tach,Lo specchio
am fermi a Scurghèda!,mi fermo a Torriana!,Lo specchio
Mèur,Muro,Lo specchio
"D’un chènt, sòtta un cartàun,","Da una parte, sotto un cartone,",Lo specchio
"la fàza spigazéda,","il viso stropicciato,",Lo specchio
dò stràz intacunèd.,due stracci imbrattati.,Lo specchio
senza piò,senza più,Lo specchio
"un bèus ad chèsa,","una casa,",Lo specchio
una famèja.,una famiglia.,Lo specchio
"La’j pasa ad quà e ad là,","passa di qua e di la,",Lo specchio
"da zét,","in silenzio,",Lo specchio
"s’la preşìa,","con gran fretta,",Lo specchio
cumè che fòss,come foss,Lo specchio
un mèur da scavidè.,un muro da evitare.,Lo specchio
"Un mèur sl’intònac dèur,",Un muro con l’intonaco duro,Lo specchio
sa drènta e côr ch’us squàia.,con dentro il cuore che si scioglie.,Lo specchio
A glj’è lìgri,Sono allegre,Lo specchio
"cumè giòstri per la fìra,","come giostre per la fiera,",Lo specchio
prè culuréd,prati colorati,Lo specchio
"pin ad cuscòin e bumbózz,","pieni di cuscini e pupazzi,",Lo specchio
smanèdi,disordinate,Lo specchio
sa tótt chi ẓàvaj spargujèun,con tutti quei giochi sparsi,Lo specchio
e fój tachéd sò,e fogli appesi,Lo specchio
sa famèj ch’a l róid,con famiglie che ridono,Lo specchio
mèna tla mèna,mano nella mano,Lo specchio
e da t’fura,e da fuori,Lo specchio
quand l’è i pràim frédd,nei primi giorni freddi,Lo specchio
t’à gl’j arcnòs,le riconosci,Lo specchio
da chi sèul ch’i róid,da quei soli che ridono,Lo specchio
t’ì vàidar apanéd.,nei vetri appannati.,Lo specchio
Un fiàur sidbàdgh ch’lè crisèu da par lèu lònga e’ fòs fura dal strèdi sénza l’amaùr ad nisèun l’è fiuròi sa tótt la su belèzza,Un fiore selvatico che è cresciuto solo lungo il fosso fuori dalle strade senza l’amore di nessuno è fiorito con tutta la sua bellezza,Fuori dalle strade
"e u s n’è andè ad setèmbar da par lèu tla pòrbia,","e se n’è andato a settembre da solo nella polvere,",Fuori dalle strade
rapè sò,arrampicarsi,Senza voltarsi indietro
duò ch’la s fa dèura,dove si fa dura,Senza voltarsi indietro
ṣgrafigné la ròcia per pasè adlà,graffiare la roccia per passare aldilà,Senza voltarsi indietro
sénza vultès indrì,senza voltarsi indietro,Senza voltarsi indietro
"senza dè da cnòss mi fiül,","senza far capire ai figli,",Senza voltarsi indietro
lujlt j à la vóita davènti.,loro hanno la vita davanti.,Senza voltarsi indietro
T’pàs e’ pàn se spèc ùmbrèd,Passi il panno sullo specchio appannato,E poi un giorno
e tvàid tôtt cèr.,e vedi tutto chiaro.,E poi un giorno
"e al fa dal żirovaghi, di richèm ch’l’è un spetècal.","e fanno delle giravolte, dei ricami che è uno spettacolo.",Le poesie più belle
Dispitàuṣi!,Dispettose!,Le poesie più belle
"Quand t’sté sò de lèt e t’zìrch un fòj una pènna, al sparés!","Quando ti alzi dal letto cerchi un foglio una penna, spariscono!",Le poesie più belle
"L’è quànd t’cì a lè tra e’ vàird e e’ sècch, che ta ne sé se andè o arturnè, e’ basta un gnént,","È quando sei lì fra il verde e il secco, che non sai se andare o tornare, basta poco,",Questa volta vado!
"un’ucèda stórta,","un’occhiata storta,",Questa volta vado!
"una żiréda ad chèul te lèt,","una girata di sedere nel letto,",Questa volta vado!
e’ basta un gnént che u s zènd un scròch,basta poco che si accende un bottone,Questa volta vado!
tàcch,tac,Questa volta vado!
e quand l’è zàis u s’infiàma ta ne pò farmè.,quando è acceso s’infiamma non lo puoi fermare.,Questa volta vado!
"E pu basta, fa quèst, fa stèlt, guasta, arfà, dè e nòta, sl’arlóżż me’ côl!","E poi basta, fa questo, fa quest’altro, guasta, rifà, giorno e notte, con l’orologio al collo!",Questa volta vado!
"A farébb la valòiṣa per andè, per andè duvò?","Farei la valigia per andare, per andare dove?",Questa volta vado!
"U j amènca e ’su Quinto,","Le manca il suo Quinto,",Il centro sociale
e lìa da par sé a fè nòta l’è gnàra!,e lei da sola a fare notte è dura!,Il centro sociale
Me céntri socièl invìci la sta in cumpagnìa,Al centro sociale invece sta in compagnia,Il centro sociale
la magna e la bàj.,mangia e beve.,Il centro sociale
L’è andèda ènca a scóla ‘d bàl.,È andata anche a scuola di ballo.,Il centro sociale
La bàla? ‒ Ostà s’la bàla!,Balla? – Caspita se balla!,Il centro sociale
"Nò da par lì, sa Pasquèl che e’ bàla bén","Non da sola, con Pasquale che balla bene",Il centro sociale
ènca lèu l’è vèdvi.,anche lui è vedovo.,Il centro sociale
lèu e’ sarébb stè cuntént d’avdàila a fè un valzèr ènca se ma lèu la n gn’à mai détt che u j piaṣèva ad balè!,lui sarebbe stato contento di vederla fare un valzer anche se a lui non ha mai detto che le piaceva ballare!,Il centro sociale
"èmm spavantè i gażótt sla sfròmbla,","abbiamo spaventato gli uccelli con la fionda,",Senza niente
"èmm fât saltè i sas sàura l’acva,","abbiamo fatto saltare i sassi sull’acqua,",Senza niente
"èmm tiràt i ruchétt ṣvóit dalòngh cumè tròtli,","abbiamo tirato rocchetti vuoti lontano come trottole,",Senza niente
"èmm fât miéra ‘d sélt s’una córda ad stràz,","abbiamo fatto migliaia di salti con una corda di straccio,",Senza niente
"èmm pàs sal lózzlì al nòti piò nìri,","abbiamo passato con le lucciole le notti più nere,",Senza niente
"èmm fât e’ mònd sénza gnént, che gnént che j ócc incantéd di burdéll i brèma.","abbiamo fatto di tutto senza niente, quel niente che gli occhi incantati dei bambini cercano disperatamente.",Senza niente
"U j è e’ silénzi dal còṣi non détti che e’ schèva i sòichi de rimórs cumè un teràl ch’e’ lavàura senza sosta, drènta.","C’è il silenzio delle cose non dette che scava i solchi del rimorso come un tarlo che lavora senza sosta, dentro.",Silenzio
U j è e’ silénzi ciacarèd che u s’astròza sal paróli urlédi.,C’è il silenzio chiacchierato che si strozza con le parole urlate.,Silenzio
U j è e’ silénzi ch’u t fa paèura ch’u t ciàpa t’un bòt e u t lasa senza fiè.,C’è il silenzio che ti fa paura che ti prende all’improvviso e ti lascia senza fiato.,Silenzio
"Um pis andê, igna tânt, int un sid,","Mi piace andare, ogni tanto, in un posto",Camposanto
mo un s lamenta nisun.,ma non si lamenta nessuno.,Camposanto
"Un sid pin ad pêsa,",Un luogo pieno di pace,Camposanto
ch’u m fa stê ben.,che mi fa star bene.,Camposanto
E’ sràl acsè enca dop?,Sarà così anche dopo?,Camposanto
Quând im dis,Quando mi dicono,Morte di un ciclista
"a prôv un cert dispiasei,","provo un certo dispiacere,",Morte di un ciclista
"che posa ës zuzëst un quel acsè,",che possa essere successa una cosa del genere,Morte di un ciclista
e u m ven da pansê’ a chi mumint,e mi viene da pensare ai momenti,Morte di un ciclista
pasé cun lo,passati con lui,Morte di un ciclista
e che all'impruvisa...,e che all’improvviso,Morte di un ciclista
e... l'ha j’à tolt la vita.,e… gli ha tolto la vita.,Morte di un ciclista
"cun un alè sora, che pedêla,",con uno lassù che pedala,Morte di un ciclista
"che’ chêica, che’ tira,","che calca, che tira.",Morte di un ciclista
"Lò e’ pedêla, e e’ spenz e e’ suda,",Lui pedala e lui spinge e lui suda,Morte di un ciclista
"fintent ch’l'à int la buracia,",finché ha nella borraccia,Morte di un ciclista
Quand ch'e' piòv,Quando piove,Soddisfazione
e ad fura us bòbla de' fred,e fuori si trema per il freddo,Soddisfazione
la m' vin cla voja ad gnint,mi viene quella voglia di niente,Soddisfazione
A starebb d'aspitè,Starei ad aspettare,Soddisfazione
cla faza nòta,che faccia notte,Soddisfazione
cièus ad chesa,chiuso in casa,Soddisfazione
d'es arvenz ssòt,ii essere rimasto asciutto,Soddisfazione
Oz am so' tróv,Oggi mi sono trovato,Sorriso
s'un suróis t'la faza,con un sorriso sulla faccia,Sorriso
senza un perché,senza un motivo,Sorriso
Am so' incórt snò pió terd,Mi sono accorto solo più tardi,Sorriso
Ch'a j ho sbajè stréda,Che ho sbagliato strada,Il Viaggio
Dl'elt!,Ancora!,Il Viaggio
Mo s'è ch'um impórta mu me,Ma cosa mi importa,Il Viaggio
S'a viazèm insèn?!,Se viaggiamo insieme?!,Il Viaggio
​Magari t'at svég cuntènt,Magari ti svegli contento,Magari
La dmènga matòina,La domenica mattina,Magari
"S'e' sol, i cip-cip di gazutìn","Col sole, i cip-cip degli uccellini",Magari
U t arcòrda che t'ci,Ti rammenta che sei,Magari
Quel ad sabdi,Quello di sabato,Magari
"Tr’al stètui de presépi d’e’ mi ba,","Tra le statue del presepe del mio babbo,",Tra le statue del presepe del mio babbo
tόtta la nòta e’ fa la cóccia un gat.,tutta la notte fa la cuccia un gatto.,Tra le statue del presepe del mio babbo
"Tònd l’ha la luminèria per curóna,","Attorno ha le luci intermittenti per corona,",Tra le statue del presepe del mio babbo
"sòta, un tapét ad móschi par pultróna.","sotto, un tappeto di muschio per poltrona.",Tra le statue del presepe del mio babbo
"che ormai u m’éva stόff ènca e’ Nadèl,","che ormai mi aveva stancato anche il Natale,",Tra le statue del presepe del mio babbo
"che tènt in gir un gn’è piò gnént uguèl,","che tanto in giro non c’è più niente di uguale,",Tra le statue del presepe del mio babbo
"ch’ l’è óra da stvighièss, e mòrta lé,","che è ora di svegliarsi, e morta lì,",Tra le statue del presepe del mio babbo
"che al stètui de presépi li è snò gèss,","che le statue del presepe sono solo gesso,",Tra le statue del presepe del mio babbo
bambòz ch’i sta tótt l’an t’un scatulòun.,bambocci che stanno tutto l’anno in uno scatolone.,Tra le statue del presepe del mio babbo
Mò guèrda un pò che gat du ch’u s’è mèss!,Ma guarda un po’ quel gatto dove si è cacciato!,Tra le statue del presepe del mio babbo
A féva e’ funerèl dla religiòun,Stavo facendo il funerale della religione,Tra le statue del presepe del mio babbo
"e intènt che gat um dic, dé canapè,","e intanto quel gatto mi dice, dal canapè",Tra le statue del presepe del mio babbo
"che t’e’ Nadèl, chicòsa ad viv u j’è.","che nel Natale, qualcosa di vivo c’è.",Tra le statue del presepe del mio babbo
A vria ‘na voşia,Vorrei una voce,​La voce
ch’la parles par me,che parlasse per me,​La voce
e par tot quèj ch’i n gn’è piò,e per tutti quelli che non ci sono più,​La voce
"o chi è andé da n’èntra pèrta,","o che sono andati da un’altra parte,",​La voce
ch’la urlès quant l’è ora da urlè,che urlasse quando è il caso di urlare,​La voce
ch’la stess zétta quant l’è ora ad stè zett,che tacesse quando è il casso di tacere,​La voce
ch’la racuntes ‘na fola,che raccontasse una favola,​La voce
ma chi l’ha bşogn da créda mal foli,a chi ha bisogno di credere alle favole,​La voce
ch’la spachèss agli uretcchi,che rompesse i timpani,​La voce
ma chi e’ fa finta da nun sintì,a chi fa finta di non sentire,​La voce
ch’la s’incuntress sla vòşia,che si incontrasse con la voce,​La voce
A so steda batzèta du volti,Sono stata battezzata due volte,Il battesimo
la prèima in extremis,la prima in extremis,Il battesimo
"Po’,",Poi,Il battesimo
us ved che qualcdòun u j’ha arpinsèt,forse qualcuno ci ha ripensato,Il battesimo
e alòra n’ènt batèzz,e allora un altro battesimo,Il battesimo
"da ‘n prit còm un ènt,","da un prete come un altro,",Il battesimo
almèinch e’ paréva…,almeno pareva…,Il battesimo
Cért che quant i m’ha dett,Certo che quando mi hanno detto,Il battesimo
ch’u s’éra spuşé sla mi sòra dl’aşìl,che si era sposato con la mia suora dell’asilo,Il battesimo
an mi sò piò vargugnéta,non mi sono più vergognata,Il battesimo
perché a n’andéva a mèssa.,perché non andavo a messa.,Il battesimo
Signor,Signore,Voi che siete buono
a la so de sid u i n’èpar tot,lassù del posto ce n’è per tutti,Voi che siete buono
"cme l’univers,","come l’universo,",Voi che siete buono
sinò vo a s l’avrèsuv det.,se no voi ce l’avreste detto.,Voi che siete buono
Sol e’ pasag l’è stret.,Solo il passaggio è stretto.,Voi che siete buono
Cma s’ fal a fê’,Come si fa a fare,Voi che siete buono
un architet cme vo?,un architetto come voi?,Voi che siete buono
"Signor, slarghìli,","Signore, allargatele,",Voi che siete buono
vo ch’a si bon!,voi che siete buono.,Voi che siete buono
che la matèina prest,che al mattino presto,A MEZZO SERVIZIO
al ciapéva la curiera,prendevano la corriera,A MEZZO SERVIZIO
ma la staziòun ad Ciarasul,alla stazione di Cerasolo,A MEZZO SERVIZIO
per Rèmni.,per Rimini.,A MEZZO SERVIZIO
a mez servizi,a mezzo servzio,A MEZZO SERVIZIO
fina al quatri de dòp mizdè.,fino alle quattro del pomeriggio.,A MEZZO SERVIZIO
"A pid, so per la costa","A piedi, su per il pendio",A MEZZO SERVIZIO
"e’ pas l’era strach,","il passo era stanco,",A MEZZO SERVIZIO
"ma al duveva pansè mi fiùl znin,",ma dovevano pensare ai figli piccoli,A MEZZO SERVIZIO
e mi lavur dla chèsa,ed ai lavori di casa,A MEZZO SERVIZIO
che i’èra arvenz indrì.,che erano rimasti indietro.,A MEZZO SERVIZIO
LA SBÀNZLA,L'ALTALENA,A MEZZO SERVIZIO
La corda tachèda so,La corda legata,A MEZZO SERVIZIO
"te’ rem gros de’ canadà,","al grosso ramo del pioppo,",A MEZZO SERVIZIO
l’àsa per stè da sdé.,l’asse per stare seduti.,A MEZZO SERVIZIO
A s badurlimi agli óri,Passavamo ore,A MEZZO SERVIZIO
e’ pareva d’arvè t’e’ cièl.,pareva d’arrivare al cielo.,A MEZZO SERVIZIO
Po bel… quand e’ sól,Che bello… quando il sole,A MEZZO SERVIZIO
e’ sparpajéva agli ùtmi maci rossi,sparpagliava le ultime screziature rosse,A MEZZO SERVIZIO
"tra ‘l novli,","fra le nuvole,",A MEZZO SERVIZIO
"i lè sora, sal gambi stesi,","là in alto, a gambe tese,",A MEZZO SERVIZIO
"e’ paréva da tuchè sla punta di pid,","sembrava di toccare con la punta dei piedi,",A MEZZO SERVIZIO
la cresta ad Sanmarèin.,la cresta di San Marino.,A MEZZO SERVIZIO
MARIÙL,MARIA,A MEZZO SERVIZIO
Al tu mèni tra i cavèl,Le tue mani tra i capelli,A MEZZO SERVIZIO
"agli è stè carezi,","sono state carezze,",A MEZZO SERVIZIO
a n santiva gnènca,non sentivo nemmeno,A MEZZO SERVIZIO
Disdè m’e’ sòl,Sedute al sole,A MEZZO SERVIZIO
t’a m fèfti la trecia.,mi facevi la treccia.,A MEZZO SERVIZIO
intent a guardimi i nòst,mentre guardavamo i nostri familiari,A MEZZO SERVIZIO
"che i’arcuiva e’ fóin t’e’ cróin,",che raccoglievano il fieno nel cesto di vimini,A MEZZO SERVIZIO
e te,e tu,A MEZZO SERVIZIO
t’a m pitnivti…,mi pettinavi…,A MEZZO SERVIZIO
DAPARMÈ,DA SOLA,A MEZZO SERVIZIO
Al bev tot,Lo bevo tutto,A MEZZO SERVIZIO
sta zet,questo silenzio,A MEZZO SERVIZIO
"ch’u j’è ad chèsa,","dentro casa,",A MEZZO SERVIZIO
snà al lanzèti,solo le lancette,A MEZZO SERVIZIO
dl’arlòz tachèd t’e’ mur,dell’orologio appeso al muro,A MEZZO SERVIZIO
li m fa cumpagnia.,mi fanno compagnia,A MEZZO SERVIZIO
"L’è mezanòta,",È notte fonda,FANTASIE
ho las in zir,ho lasciato in giro,FANTASIE
la mi s-ciòfla,la mia ciabatta,FANTASIE
a sper che qualcun,spero che qualcuno,FANTASIE
u la trova,la troovi,FANTASIE
me intènt,io intanto,FANTASIE
I tu oc,I tuoi occhi,LA PENTOLA
ho mes,ho messo,LA PENTOLA
la pgnata se fugh,la pentola sul fuoco,LA PENTOLA
aspet che l’aqua la bol,aspetto che l’acqua bolla,LA PENTOLA
A j’ò un non so che,Ho un non so che,SMANIA
"masòs,","addosso,",SMANIA
a n so cusèl ch’l’è,non so cos’è,SMANIA
ò voia ad tot,ho voglia di tutto,SMANIA
a n’ò voia d’gnìnt.,e di niente.,SMANIA
At fura,Fuori,SMANIA
iquè daparme,"io, qui da sola,",SMANIA
i mur,le pareti,SMANIA
a i sint trop stret,le sento troppo strette,SMANIA
Nu’ stà,Non stare,Pensieri
si’ tu pensir,con i tuoi pensieri,Pensieri
t’a n tròv oz,non trovi oggi,Pensieri
quel ch’ u n gn’éra ìr.,quello che non c’era ieri.,Pensieri
La név la’n gn’éra,La neve non c’era,​Abbracciati
mo l’éra coma ch’la i fos.,ma era come se ci fosse.,​Abbracciati
"A so sól ch’a séva a e’ mònd,","So solo che ero viva,",​Abbracciati
da fê’ e’ žir de mònd e brazêl.,da fare il giro del mondo e abbracciarlo.,​Abbracciati
"Te t’am tniva streta,","Tu mi tenevi stretta,",​Abbracciati
par nö fêm invulê’ in tot che fred.,per non farmi volar via in tutto quel freddo.,​Abbracciati
U m’pê’ impusèbil,Mi sembra impossibile,​Abbracciati
"mo in cla nöt giazêda,","ma, in quella notte gelida,",​Abbracciati
a sen sté bon d’stê’ tot du,siamo riusciti a state tutti e due,​Abbracciati
sot’una cvérta.,sotto una coperta.,​Abbracciati
"A e’ bur, zet,","Al buio, zitti,",​Abbracciati
a cuntês di fët.,a raccontarci storie.,​Abbracciati
E cun piò ch’a végh luntân,E più vado lontano,
cun piò ch’a so indo ch’a stëgh.,più so dove abito.,
Sól cvând ch’a so ‘riva d’cò,Solo quando sono arrivata in fondo,
u m’ven int la ment com ch’u s’fa a andês a ca.,mi ricordo come si fa a tornare a casa.,
"Sugamën biénc, cadèin, tìl ad lanzùl.","Asciugamani bianchi, catini, teli di lenzuolo.",La notizia
U i ëra un gràn sfugnẹzz quànd u s parturìva ad chéṡa.,C’era una gran confusione quando si partoriva in casa.,La notizia
"Pọ u s santìva pièggn e’ burdlìn,","Poi si sentiva piangere il bimbo,",La notizia
"i dulùr i ëra pàs, e’ vìa vài fnìd.","i dolori erano passati, il viavai finito.",La notizia
"U s pasëva vóṡa,","Si passava voce,",La notizia
"qualcdùn ad cùrsa e’ purtëva la növa m’ e’ marìd, ch’ l arëva in chéva la préṡa.","qualcuno di corsa portava la notizia al marito, che arava in fondo alla presa.",La notizia
"I vistìd i ëra grànd,","I vestiti erano grandi,",La fola
"E’ dẹ dòpp ch’ l ëra nëd i vṡèin i s gìva ‒ ma nùn burdẹll ‒ che la nöta i l avìva tröv t l ört, sòtta i chévli.",Il giorno dopo che era nato i vicini ci dicevano – a noi bambini – che la notte l’avevano trovato nell’orto sotto i cavoli.,La fola
Lìa la n à snò e’ péṡ dal bórsi dla spéṡa.,Lei non ha solo il peso delle borse della spesa.,Lui e lei
"La s përd davënti mu mẹ cla curòuna ad mùnt,","Si perde davanti a me quella corona di monti,",Neve
s’ e’ vél da spóṡa l è na maravẹa.,con il velo da sposa è una meraviglia.,Neve
A stàg ilẹ a guardëla.,Sto lì a guardarla.,Neve
e u m ciàpa un sentimënt ch’ u m arpörta indrì.,e mi prende un sentimento che mi riporta indietro.,Neve
"L invërni l ëra lònng e frèdd,","L’inverno era lungo e freddo,",Neve
"e’ nëṡ giàz,","il naso gelato,",Neve
"al mëni sënza guënt,","le mani senza guanti,",Neve
e i pìd instichéd drëntra la nìva fìna al ṡnöci per andë a scöla.,i piedi affondati dentro la neve fino alle ginocchia per andare a scuola.,Neve
"U n si cuntëva i dẹ, sperànd ch’ l’ andẹss vìa prëst,","Non si contavano i giorni, sperando che se ne andasse presto,",Neve
"u s aspitëva,","si aspettava,",Neve
La vóṡa chélda fìn da matèina prëst e’ paréva da bévla drënta la tàza de’ làt.,La voce calda fin dalla mattina presto sembrava di berla dentro la tazza del latte.,La porta aperta
Al strisëva al pìghi dla tu sutëna tra al röbi dla cuṡèina.,Strisciavano le pieghe della tua sottana fra le cose della cucina.,La porta aperta
"A t guardëva s’ la mi muṡaröla,","Ti guardavo col mio musetto sporco,",La porta aperta
a t guardëva la dmènnga s’ e’ vistìd növ.,ti guardavo la domenica col vestito nuovo.,La porta aperta
"La s è sbiavì d afàt l’ infẹżżna t e’ spëc’ de’ cumò,","Si è sbiadita del tutto l’immagine nello specchio del comò,",La porta aperta
la s è lugrë la paranënza.,si è logorato il grembiule.,La porta aperta
T e’ scùr dla chéṡa e’ mi pàs e’ trambàla,Nel buio della casa il mio passo traballa,La porta aperta
"L è stë un ṡgònnd,","È stato un secondo,",La porta aperta
u i ëra d arnöv la tu infẹżżna t e’ spëc’ e al pẹddghi t la pòllvra.,c’era di nuovo la tua immagine nello specchio e le impronte nella polvere.,La porta aperta
L ëra pàs l ëla d un ànżli,Era passata l’ala di un angelo,La porta aperta
"L è ilażọ se’ mër,","È laggiù sul mare,",Il vento
"nọvvli ciachédi e nìri,","nuvole schiacciate e nere,",Il vento
"e’ dà d mörs m’ i scọi,","morde gli scogli,",Il vento
la s arùgla la sàbia.,si arrotola la sabbia.,Il vento
"La su galöpa sọ tla culèina la ṡmàna, la ṡbàt","Il suo galoppo su per la collina scompiglia, sbatte",Il vento
i rëm i gratùṡa e’ cél.,i rami grattugiano il cielo.,Il vento
"E’ spàza e u s gòunfia,","Spazza e si gonfia,",Il vento
"e’ mastìga e u s mëṡa t i cantùn,",mastica e si nasconde negli angoli,Il vento
"e’ scapọzza t i scalèin,","inciampa negli scalini,",Il vento
"e’ mëṡna e e’ sòffia t i camèin,","macina e soffia nei camini,",Il vento
"e’ dàndla sla cìma de’ tètt,","oscilla sulla cima dei tetti,",Il vento
e’ càla e e’ biàsa spèssa la tènnda.,cala e biascica dietro la tenda.,Il vento
"La su cantëda l’ è una cantëda lònnga,","Il suo canto è un canto lungo,",Il vento
"mẹ a sìnt frèdd,","io sento freddo,",Il vento
"che’ dùl u m dà dàn,","quel lamento mi infastidisce,",Il vento
ma al sìnt da tònnda l istèss.,ma lo sento attorno lo stesso.,Il vento
"Sọ e żọ per la schéla,","Su e giù per la scala,",L’odore delle cose
"i fiùl tla brazëda,","i figli in braccio,",L’odore delle cose
"stë sọ s’ e’ sól,","alzarsi col sole,",L’odore delle cose
"e’ pën fàt ad chéṡa,","il pane fatto in casa,",L’odore delle cose
"Li s mucéva al staṡòun,","Si ammucchiavano le stagioni,",L’odore delle cose
"i zọccli t i pìd,","gli zoccoli ai piedi,",L’odore delle cose
"la sutëna bagnéda,","la sottana bagnata,",L’odore delle cose
"e’ ruṡëri la séra,","il rosario la sera,",L’odore delle cose
un sprài t i ọcc’ mai ṡmörz.,una luce negli occhi mai spenta.,L’odore delle cose
"la schìna pighéda,","la schiena piegata,",L’odore delle cose
isẹ znìna,così piccola,L’odore delle cose
t cìrti artórna burdëla.,eri tornata bambina.,L’odore delle cose
E’ sól l ëra żà ëlt:,Il sole era già alto:,L’odore delle cose
An me cardéva,Non avrei mai creduto,L’intelligenza artificiale
mai a e’ mònd,mai al mondo,L’intelligenza artificiale
ch’ e’ ciòta e’zil ad fòm e pôrbia,che copre il cielo di fumo e polvere,L’intelligenza artificiale
ch’ l’invlèna i fiù e e’ mêr,che avvelena i fiumi e il mare,L’intelligenza artificiale
"ch’ e’ taja e brusa j’élbur di bosch,","che taglia e brucia gli alberi dei boschi,",L’intelligenza artificiale
"par fê’ sèmpar piò bajòch,","per arricchirsi sempre di più,",L’intelligenza artificiale
"e’ pinsès ad stugê’, ad dè e ad nöta","pensasse di studiare, giorno e notte,",L’intelligenza artificiale
e… fêl scòrar.,e… farlo parlare.,L’intelligenza artificiale
"E’ pê’ ch’u j’épa za arspòst, un pô instizì:","Sembra che gli abbia già risposto, un po’ arrabbiato:",L’intelligenza artificiale
“S’a sit dvintê mat?,“Ma sei diventato matto?,L’intelligenza artificiale
T’a n’avré mìga che me,Non vorrai mica che io,L’intelligenza artificiale
a pensa còma te!”,pensi come te!”,L’intelligenza artificiale
A sêma a têvla tøtt déṡ insêm:,Eravamo a tavola tutti e dieci insieme:,Il puntiglio
"mè a féva e’ bẹcc’, parchè i m éva dêt, ṡgoenda mè, mênc faṡól ch’ nè ma chi élt.","io tenevo il puntiglio, perché mi avevano dato, secondo me, meno fagioli rispetto agli altri.",Il puntiglio
"Alóra e’ mi bà, støff, coemm u s fà cérti vólti par imbrujê i burdèll, u impoezza e’ ramajól int la pgnatìna ṡvùita e,","Allora mio babbo, stufo, come si fa certe volte per imbrogliare i bambini, affonda il ramaiolo nella pentola vuota e,",Il puntiglio
"ṡvélt ṡvélt, u m fà créd ad mẹtt di élt faṡól int e’ mi piàt.","svelto svelto, mi fa credere di mettere altri fagioli nel mio piatto.",Il puntiglio
"«I t bàsta adës, gnurglöna che tu n cé êlt?!».","«Ti bastano ora, piagnucolona che non sei altro?!».",Il puntiglio
"E mè, gnẹnca tênta cuntênta, parchè pù i faṡól i n mi piaṡéva gnẹnca, a murmugnètt: «Adësa sẹ ch’ i è sà!».","Ed io, neanche tanto contenta, perché poi i fagioli non mi piacevano neppure, mormorai: «Ora sì che sono abbastanza!».",Il puntiglio
"E i mi fradèll piø grènd, chi s n éra dét dl imbroei, i schjupètt giø d’ e’ rìd.","E i miei fratelli più grandi, che si erano accorti dell’imbroglio, scoppiarono a ridere.",Il puntiglio
"Par mè, d acórd: i faṡól l éra sênpra quì,","Per me, d’accordo: i fagioli erano sempre quelli,",Il puntiglio
"mö intênt i s n éra dét ad mè, ch’ a séra la piø scurdêta ad tøtt.","ma intanto si erano accorti di me, che ero la più dimenticata di tutti.",Il puntiglio
L éra e’ tênp ad méd:,Era il tempo di mietere:,Il tempo di mietere
e’ bà u batìva al fêlci nênz tênp.,il babbo batteva le falci per tempo.,Il tempo di mietere
"L’ êja, raspêta, la i éra lẹssa cmè un piàt.","L’aia, ripulita, era liscia come un piatto.",Il tempo di mietere
"E i znìn i i andéva incöntra piø têrd, s’ la ligàcia dla claziön.","E i piccoli andavano loro incontro più tardi, con la “legaccia” della colazione.",Il tempo di mietere
"A l’ ópra, ognùn la su amnêta: un grànd e un ragaztìn, un grànd e un znìn, da dré.","Una volta all’opera, ognuno la sua banda da mietere: un adulto e un bambino, un adulto e un bambino, vicino.",Il tempo di mietere
"E’ grànd, ögni tênt, u déva una falcêta int l’ amnêta de’ znìn par tirél sø fìn in chêv.","L’adulto, ogni tanto, dava una falciata nella banda del piccolo, per tirarlo su fino in cima.",Il tempo di mietere
"«Avênti burdèll, ramajênci: fnìt e’ cantér, tøtta gabanëla!».","«Avanti ragazzi, fatevi coraggio: finito il campo, tutta baldoria!».",Il tempo di mietere
"«St’ àn l è garnêt, l è spighét bên.",«Quest’anno la spiga è ben tosta.,Il tempo di mietere
Par mè a n avrên piø d àn…».,Per me ne avremo più dell’anno scorso…».,Il tempo di mietere
«Mè a dẹgg ch’ a n avrên tàc i nuvênta…».,«Io dico che ne avremo intorno ai novanta quintali…».,Il tempo di mietere
"«Oh, càla, càla: ch’ a n eṡagerêna!».","«Oh, cala, cala: non esageriamo!».",Il tempo di mietere
E l éra sênpr e’ bà ch’ u i andéva piø da dré.,E era sempre il babbo che ci andava più vicino.,Il tempo di mietere
"Bà, a t ö da dì un quël:","Babbo, ti devo dire una cosa:",Il bicchiere di mio babbo
(la màma la l à tnùt da cönt!).,(la mamma lo ha tenuto da conto!).,Il bicchiere di mio babbo
"S’ e’ cùl strètt, la boecca lêrga… ênca la tu mêna, cla purètta, la glia la féva a chjapêl sø.","Col fondo stretto, la bocca larga… anche la tua mano, quella colpita in guerra, riusciva ad afferrarlo.",Il bicchiere di mio babbo
"Ah, a m arcùrd coemm tu gìva:","Ah, mi ricordo come dicevi:",Il bicchiere di mio babbo
"«U sarà un’ idéa, mö mu mè u m piéṡ ad bé int e’ mi bichjér!","«Sarà una mia idea, ma a me piace bere nel mio bicchiere!",Il bicchiere di mio babbo
"Cardìl, ênc un pó ad sanżvéṡ, ad che’ mênc bön, mu mè u m pêr piø bön int e’ mi bichjér!","Credetelo, anche un po’ di sangiovese, di quello meno buono, a me sembra più buono nel mio bicchiere!",Il bicchiere di mio babbo
E pù l è inøttli: e’ bé nér u bṡoeggna bél int e’ vétri chjêr!».,E poi è inutile: il vino rosso bisogna berlo nel vetro chiaro!».,Il bicchiere di mio babbo
"Mö dìm, dìm piø-töst bà:","Ma dimmi, dimmi babbo piuttosto:",Il bicchiere di mio babbo
coemm tu sté a lẹ doe t cé?,come stai lì dove ti trovi?,Il bicchiere di mio babbo
"Ah, a m arcùrd e’ tu utimìṡmi ‒ oh Dìo ac parulöna!","Ah, me lo ricordo il tuo ottimismo – oh Dio che parolona!",Il bicchiere di mio babbo
"Tu gìva: «Chẹi t vó ch’ u sìa pr una mêna toecca, par vé fàt la guëra de’ Quarênta?","Tu dicevi: «Cosa vuoi che sia avere una mano appena lesa, per avere fatto la guerra del Quaranta?",Il bicchiere di mio babbo
Mè a i sö: e quì ch’ i n gn’ è piø da un pëz?!».,Io ci sono: e chi non c’è da un bel pezzo?!».,Il bicchiere di mio babbo
Mè a l ö dẹtt iarséra sa la màma: «U i vrẹbb e’ bà adës a vdé coemm a c’ cêm ardøtt: un viavài ch’ u n s capẹss gnẹnt.,Io l’ho detto con la mamma: «Ci vorrebbe il babbo ora per vedere come ci siamo ridotti: un viavai che non si capisce nulla.,Il bicchiere di mio babbo
A n-n ên gnẹnca e’ tênp ad arfiadê».,Non abbiamo il tempo nemmeno di fiatare».,Il bicchiere di mio babbo
Lù u c’ girẹbb da dlẹ doevv l è:,Lui ci direbbe da lì dove si trova:,Il bicchiere di mio babbo
"«Par rivé doevv a sö mè, a pudì andê ênca piø piên…».","«Per arrivare dove sono io, potete andare anche più piano…».",Il bicchiere di mio babbo
No t'murtê...,Non spegnerti...,Per te
No murtèm.,non spegnermi.,Per te
Lësm'incôra,Lasciami ancora,Per te
l'ingãn d'un sogn.,l'illusione del sogno.,Per te
'che fulèt,Di quel folletto,Per te
sufié sra 'e fùgh.,soffiato sul fuoco.,Per te
Che sgònd mai fnì,Quell’attimo d'infinito,Per te
rispirê insen a te.,respirato con te.,Per te
Trop curt par piãnzal,Troppo breve per piangerlo,Per te
trop fôrt par sminghël.,troppo intenso per dimenticarlo.,Per te
No murtèm,Non spegnermi,Per te
No t’ murtê...,non spegnerti...,Per te
U i è mièra d’an ad vol,Ci sono migliaia di anni di volo,POCO VERDE
Lôi che già e’ mèsa tla faldèda,Luglio che già nasconde nel ventre,POCO VERDE
la s fa tèndra la vosa ch’la ragna,si fa tenera la voce che grida,POCO VERDE
LA GITA,LA GITA,POCO VERDE
A’ sémm quéi che tal foto dal gite,Siamo quelli che nelle foto delle gite,POCO VERDE
"se sfònd, a guardàmie pugéd ma la cana","guardavamo sullo sfondo, appoggiati alla canna,",POCO VERDE
"ch’i pèsca da la palèda dri mizdè,","chi pesca dal molo verso mezzogiorno,",POCO VERDE
par fès travarsè de tèmp dal matèine.,per farsi traversare dal tempo delle mattine.,POCO VERDE
A sémm al stanghe dal bandiere ch’a l guèrda,Siamo le aste delle bandiere che guardano,POCO VERDE
e’ mèr e li s gira t’un scòs,il mare e d’un tratto si girano,POCO VERDE
"e u c pèr che un pensier e’ vòia travarsè,","e ci sembra che un pensiero voglia traversare,",POCO VERDE
mò u l lega un nud ch’l’è trop vèc.,ma lo lega un nodo che è troppo vecchio.,POCO VERDE
‘na burasca da dis per an e un nòmre,una burrasca da dirsi negli anni e un numero,POCO VERDE
"l’è un nom d’un bagnìn, de su ba, de su non.","è il nome di un bagnino, di suo padre, di suo nonno.",POCO VERDE
Ch’u s ciaparà l’impègn da vnìs a ciarchì,Chi vorrà mai prendersi l’impegno di venirci a cercare,POCO VERDE
"te fond d’un casètt d’un palàz, t’na cità,","nel fondo di un cassetto di un palazzo, in una città,",POCO VERDE
"te sfònd d’na primavera già zcòrda,",sullo sfondo di una primavera dimenticata,POCO VERDE
a farémm e’ gir de mônd fèrme ch’pèr un pèl.,faremo il giro del mondo fermi come pali.,POCO VERDE
s’un arsùra che bé un bastava,con una sete che bere non bastava,POCO VERDE
desdé sot’un ébre purchésia,seduto sotto un albero qualsiasi,POCO VERDE
senza prèg e né difèt,senza pregi né difetti,POCO VERDE
che e’ pasàs cl’umèt biénch,che passasse quell’ometto bianco,POCO VERDE
che un om u n’è e un ang-le gnènca.,che un uomo non è e neppure un angelo.,POCO VERDE
Cu m’insegnés la rèta via,Che mi indicasse la retta via,POCO VERDE
tramèza sti santìr in tla burasca.,in mezzo a questi sentieri nella burrasca.,POCO VERDE
e mé sa lia.,ed io con lei.,POCO VERDE
Burdell l’è j ùltum sprazz.,Ragazzi sono gli ultimi sprazzi.,Il mestiere
"U s’ fa qualch quèl cun i camion dop mezanòta, spessa e’ cavalcavia,","Si fa qualcosa coi camion dopo mezzanotte, dietro il cavalcavia,",Il mestiere
quell ch’ven ven.,quel che viene viene.,Il mestiere
E’ lun a fagh e’ marchè a Furlé in ca’ d’un’amiga.,Il lunedì faccio il mercato a Forlì in casa di un’amica.,Il mestiere
"Cióu, l’è fadiga;","Eh sì, è dura;",Il mestiere
"Che dé ch’a m’ truvarì mórta amazèda da quèlca pèrta cun la bursetta svùita, avrò pu’ finì.","Il giorno che mi troverete morta ammazzata da qualche parte con la borsetta vuota, avrò pure finito.",Il mestiere
E’ pió e’ sarà pr’e’ mi Gigin ch’u n’ saveva gnint.,Il peggio sarà per il mio Gigino che non sapeva niente.,Il mestiere
"Una sciàbula ad lata, una cumetta,","Una sciabola di latta, un aquilone,","E poi, la vita"
"un cumpagn da zughì insen,","un amico da giocarci assieme,","E poi, la vita"
impalughis sora la tvaja.,appisolarsi sulla tovaglia.,"E poi, la vita"
E’ ba’ ch’e’ ven a ca’,Il babbo che rincasa,"E poi, la vita"
e t’sint d’int e’ lèt ch’l’à méss e’ cadnaz:,e senti dal letto che ha messo il catenaccio:,"E poi, la vita"
e’ papon u n’ pò pió antrè.,l’orco non può più entrare.,"E poi, la vita"
la mama la j è alé:,la tua mamma è lì:,"E poi, la vita"
"«No’ avé pavura, dorma só».","«Non aver paura, su, dormi».","E poi, la vita"
E pó la vita.,"E poi, la vita.","E poi, la vita"
Agli évi ch’a l’ s’ fa la ca’ mei d’un inzgnir,Le api che si fanno la casa meglio di un ingegnere,Vai poi a capire
"E pó un taramòt e’ spiena una zità,","E poi un terremoto spiana una città,",Vai poi a capire
e’ babìn ‘d Filiberto ch’l’è nasù zigh.,il bambino di Filiberto che è nato cieco.,Vai poi a capire
Va’ pu’ a capì…,Vai poi a capire…,Vai poi a capire
Amilcare ch’u s’ lamènta de’ su fiól,Amilcare che si lamenta di suo figlio,I figli
"ch’u n’ n’à vója ad s-ciantèn, tótt’ la nota vajun, a trent’an senza un amstir, ch’u i tócca dèi da magné lo ch’l’è vèc","quello sfaticato, tutta la notte in giro, a trent’anni senza un mestiere, che gli tocca mantenerlo lui che è vecchio",I figli
"u m’ dmanda sempra cun un po’ d’invigia de’ mia ch’l’è professor a Milèn, una zima, ch’i l’ cema par di cunsult da tótt’ al pèrti d’Italia,","mi chiede sempre con un po’ d’invidia del mio che è professore a Milano, una cima, che lo chiamano per dei consulti da tutte le parti d’Italia,",I figli
e u m’ dis: «Quii j è fiùl! Quelli agl’j è sudisfazion!»,e mi dice: «Quelli sono figli! Quelle sono soddisfazioni!»,I figli
"quant u s’ spuset e quant e’ muret la su ma’, ch’ l’arivét ch’la j era zà sottatèra).","quando si sposò e quando morì la sua mamma, che arrivò ch’era già sottoterra).",I figli
"A nun u n’z’ basta una vita, a z’ n’andam sottatèra senza avé capì gnint.","A noi non basta una vita, ce n’andiamo sottoterra senza aver capito niente.",Gli animali
Pr’e’ mi fiól,A mio figlio,Il tuo vecchio
S’t’a t’avéss d’imbat’ int e’ tu vèc lassa un mumantin j amigh,Se ti dovessi imbattere nel tuo vecchio lascia un momentino gli amici,Il tuo vecchio
vinm’ incontra,vienimi incontro,Il tuo vecchio
ciàpum sottabraz,prendimi a braccetto,Il tuo vecchio
fam fè du pass cun te fin a ca’,fammi fare due passi con te fino a casa,Il tuo vecchio
"entra, mett’ insdé.","entra, siediti.",Il tuo vecchio
Cme se t’ a n’ fós mai passè.,Come se tu non fossi mai passato.,I segni
"A l’Iris, la strolga, ch’la tireva avènti a spesi di balusa, u i scapet det, una sera ch’ a i s’era nenca me, ch’la sareb mórta la viziglia ad Pasqua.","A Iris, l’astrologa, che viveva a spese dei minchioni, scappò detto, una sera che c’ero anch’io, che sarebbe morta la vigilia di Pasqua.","Lucilio (XI, 164)"
E adès: zughis la clientela o lassè avért e’ rubinet de’ gas.,E adesso: perdere la clientela o lasciare aperto il rubinetto del gas.,"Lucilio (XI, 164)"
"La paróca, la dantira, al zei finti,","La parrucca, la dentiera, le ciglia finte,","Lucilio (XI, 310)"
"la pumèda pr’al grinzi, e’ nès arfat:","la crema per le rughe, il naso rifatto:","Lucilio (XI, 310)"
In ca’ tua u n’ s’ passa pió da i gran lìbar;,In casa tua non ci si muove più per i molti libri;,La biblioteca del poeta
"t’ é pin j armèri, i bavól;","ne sono pieni gli armadi, i bauli;",La biblioteca del poeta
"u i n’è dal grézi int e’ tinèl, int la cambra da lèt, só int e’ sulèr;","ce ne sono cataste nel tinello, nella camera da letto, su in soffitta;",La biblioteca del poeta
"u j è da divertis, poeta.","c’è da divertirsi, poeta.",La biblioteca del poeta
"Vers la fin d j ann '20 divers calzuler, oltre a vend li scherpie chi cumpreva già fatie, pri arutundé al mégre bilénc i s'arangieva a fe li arsuladurie e i soratach e, a richiesta, anche li scherpie novie su amsura, come i sartur i vistid.","Verso la fine degli anni '20 diversi calzolai, oltre che a vendere scarpe che compravano già fatte, per arrotondare il magro bilancio si arrangiavano a fare le risolature i sopratacchi e, a richiesta, anche le scarpe nuove su misura, come i sarti con i vestiti.",
"In più qualche amich invidios che ti prim temp il purteva in gir, ades zit zit i sfeva fé anche lor li scherpie sal scrich.","In più qualche amico invidioso che i primi tempi lo portava in giro, adesso zitto zitto, si faceva fare, le scarpe con lo ""scricco"".",
"In poch temp la scherpa sal scrich l'è dventa ad moda e al calzuler l'ha duvù lavuré nòta e dì pri fé front ma li richiestie, e sicom l'era na persona spiritosa, quant al capiteva qualche client cal mniva da la campagna o un paesen poch furb, ui deve d'intend che pri fé li scherpie sal scrich bsugneva metie drenta li cozle d j òv, e che più òvie i purteva più li scherpie li scricheva, se pu i vleva al scrich ma tut dò li scherpie d j òv in duveva purté al dopie.","In poco tempo la scarpa con lo ""scricco"" è diventata di moda e il calzolaio ha dovuto lavorare notte e giorno per far fronte alle richieste, e siccome era una persona spiritosa, quando capitava qualche cliente che veniva dalla campagna o un paesano poco furbo, lo convinceva che per fare le scarpe con lo ""scricco"" bisognava metterci dentro il guscio delle uova, e che più uova portavano più le scarpe avrebbero scricchiolato, e se poi volevano lo ""scricco"" a tutte e due le scarpe avrebbero dovuto portare il doppio delle uova.",
"A möl int e’ temp,",Immersi nel tempo,Birilli
fantêsma ch’in scuren,fantasma di cui parliamo,Birilli
"mo ch’an vlen’avdé’,","ma che non vogliamo vedere,",Birilli
nó a caminen,noi camminiamo,Birilli
fasènd cont d’gnint,facendo finta di niente,Birilli
"ch’us scriv adös i dè,","che ci scrive addosso i giorni,",Birilli
e caichèndas t’e’ cul,e spingendoci nel sedere,Birilli
"us travolz e u s’arbôta,","ci travolge e ci ribalta,",Birilli
nó ch’a sgranfignen,"noi, che graffiamo",Birilli
"nó, cla macia negra,","noi, quella macchia nera",Birilli
"cla mosca férma ins e’ foi biânch,",quella mosca ferma sul foglio bianco,Birilli
che na mân pësa la tô d’alè,"che una mano pesante spazza via,",Birilli
senza tent snament.,senza tante storie.,Birilli
Nôv e vecc,Nuovo e vecchio,Birilli
L’ân nôv l’insaca e’ vecc,L’anno nuovo insacca il vecchio,Birilli
int i lom e’ cioch ‘d zirândul,nelle luci e scoppi di fuochi,Birilli
cun al bol de spumânt,con le bollicine dello spumante,Birilli
ch’al dura un toch de pèndul.,che durano un toch del pendolo.,Birilli
Una not ‘d bèl e ‘d cânt,Una notte di balli e canti,Birilli
mo cun purasé rimpiânt,ma con parecchio rimpianto,Birilli
pr’un ân ch’u s’ha dê tânt,per un anno che ci ha dato tanto,Birilli
pérs int e’ val de temp,perduto nel setaccio del tempo,Birilli
"I sgnéur i s céma ‘csè,","I ricchi si chiamano così,",SOPRANNOMI
Filiberto Ricci par dòi,"Filiberto Ricci per dire,",SOPRANNOMI
sénza sòranùm. Ma tè,senza soprannome. A te,SOPRANNOMI
i sòranùm i t s’ataca,i soprannomi si attaccano,SOPRANNOMI
cmè’ ‘l mignati.,come le mignatte.,SOPRANNOMI
"I sgnéur i séia ‘csè,","I ricchi girano così,",SOPRANNOMI
sa dal gran fighi. Ma tè,con delle belle donne. A te,SOPRANNOMI
u t toca tù so quèli,ti tocca raccogliere quelle,SOPRANNOMI
ch’u n vó niséun (acsè,che non vuole nessuno (così,SOPRANNOMI
t a n t buscaré l’aids).,non buscherai l’aids),SOPRANNOMI
I sgnéur ià ‘na pavéura,I ricchi hanno una paura,SOPRANNOMI
"ch’e’ vénga un arburtòun,","che venga un ribaltone,",SOPRANNOMI
ch’iapa da pasè d là.,che debbano passare di là.,SOPRANNOMI
Tè t a t n infróigh.,Tu te ne freghi.,SOPRANNOMI
"E chi ch’u t zòirca,","E chi ti cerca,",SOPRANNOMI
"Altradè,","Giorni fa,",LA TUA MORTE
"stuglè sla tumèna,",disteso sul divano,LA TUA MORTE
t è campè la tu morta.,hai vissuto la tua morte.,LA TUA MORTE
"E’ tu gat,","Il tuo gatto,",LA TUA MORTE
"šbandunè lè d schènt,",abbandonato lì di fianco,LA TUA MORTE
u n s né gnénca infat.,non se n’è nemmeno accorto.,LA TUA MORTE
"Da pu ch’t ci naséu,","Da quando sei nato,",NIENTE
u t dà dri qualcósa.,ti insegue qualcosa.,NIENTE
"Cór péu,","Corri pure,",NIENTE
lènsa,ansima,NIENTE
dè e nòta,giorno e notte,NIENTE
"(sé ènca d nòta ti insógni),","(sì anche di notte nei sogni),",NIENTE
"séuda, fadóiga.","suda, fatica.",NIENTE
Bazóila. E róid.,Preoccupati. E ridi.,NIENTE
E adès che tót rasaié,E adesso che tutto trafelato,NIENTE
"T ci ‘rivat in chèva,","Sei arrivato alla fine,",NIENTE
t a t pu ènca vultè:,ti puoi anche girare:,NIENTE
didrì t a n è gnént,dietro non hai niente,NIENTE
mó gnénca davènti.,ma neanche davanti.,NIENTE
"Te’ pacéugh, tla porbia,","Nel fango, nella polvere,","NEL CIELO, A TERRA"
t cóich par lasè,spingi per lasciare,"NEL CIELO, A TERRA"
e’ ségn dal pinèdi.,il segno delle pedate.,"NEL CIELO, A TERRA"
L’aqua la impinés,L’acqua riempie,"NEL CIELO, A TERRA"
e’ ciócia al garnèli.,risucchia i granelli.,"NEL CIELO, A TERRA"
Al ròbi andèdi,Le cose andate,"NEL CIELO, A TERRA"
"agli è andèdi, quéli","sono andate, quelle","NEL CIELO, A TERRA"
"ch’agli avnirà,",che verranno,"NEL CIELO, A TERRA"
E tè t arvénz,E tu rimani,"NEL CIELO, A TERRA"
instèch ti tu pi.,infilato nei tuoi piedi.,"NEL CIELO, A TERRA"
"E’ temp: sgònd, minèud, àuri, dè, ànn,","Il tempo: secondi, minuti, ore, giorni, anni",Il tempo
"tèmp ch’u s’ne va cmè un sbress,","tempo che sfugge in un batter d’occhio,",Il tempo
temp ch’ut dà mòdi ad cuntè,tempo che ti permette di contare,Il tempo
i tu pass e ad mett,i tuoi passi e di mettere,Il tempo
"insèn i tu pensìr,","assieme i tuoi pensieri,",Il tempo
"ch’e’ pèr ch’un pasa mai,","che sembra non passare mai,",Il tempo
temp che t’po’,tempo che puoi,Il tempo
davènti un specc,davanti a uno specchio,Il tempo
e t’vaid i segn ch’e’ làsa,e cogli i segni che lascia,Il tempo
dè par dè alè sàura la tu faza.,giorno per giorno lì sul tuo volto.,Il tempo
E’ sàul ad fura e’ spaca i sass,Il sole fuori spezza le pietre,Nell’incavo delle mani
mo dròinta me un fred,ma dentro di me un freddo,Nell’incavo delle mani
"ch’um fa santoi tott giaz,",che mi fa sentire come di gelo,Nell’incavo delle mani
i pensir i è ormai acsè lizir,i pensieri ormai sono così leggeri,Nell’incavo delle mani
e pòch sichèur ch’is spaca,e poco solidi che si spezzano,Nell’incavo delle mani
e i dvènta znin cmè tint giarùl,e divengono piccoli come pietruzze,Nell’incavo delle mani
e i dvènta quési porbia,divengono quasi polvere,Nell’incavo delle mani
ch’an riès piò a tratnì’,che non riesco più a trattenere,Nell’incavo delle mani
te’ cov dal mi do mèni.,nell’incavo delle mie due mani,Nell’incavo delle mani
A zirch d’avnoi a bichè’,Cerco di venire a beccare,Cerco
garnèli ad furmantaun,chicchi di granturco,Cerco
tla tu faldèda,nel tuo grembo,Cerco
mo pèna t’zoir vèrs me,ma appena volgi verso di me,Cerco
òna dal tu ucèdi,uno dei tuoi sguardi,Cerco
a scap cmè un pasarot,fuggo come un passero,Cerco
tott spavantèd,tutto spaventato,Cerco
e arvenz acsè,e resto così,Cerco
A sem pròpria,Siamo proprio,Come due uccelli
"senza piò foj,","senza più foglie,",Come due uccelli
ogni tènt as pizghèm,ogni tanto ci becchiamo,Come due uccelli
sota l’èla e a butèmn,sotto l’ala e volgiamo,Come due uccelli
e’ bech in qua,il becco qua,Come due uccelli
e in là fintènt,e la fintanto,Come due uccelli
che un po’ ad sfunèz,che qualche rumore,Come due uccelli
Occ spalanchéd,Occhi spalancati,Come due uccelli
a guardè al novli,a guardare le nuvole,Come due uccelli
tra ad làu,tra loro,Come due uccelli
s’na gràn voja ad żughè,con una gran voglia di giocare,Come due uccelli
a ciapès,a prendersi,Come due uccelli
intènt che un rumàur,intanto che un rumore,Come due uccelli
liżir liżir,leggero leggero,Come due uccelli
l’è al foj,sono le foglie,Come due uccelli
ch’al s’è mèsi a racuntès,che si sono messe a raccontarsi,Come due uccelli
tra ad lau,tra loro,Come due uccelli
ròbi ch’al n’à nisòna voja,cose che non hanno alcuna voglia,Come due uccelli
ad fèm capòi.,di farmi capire.,Come due uccelli
Tòtt dèu culghèd,Entrambi coricati,
e un stret ma cl’èlta,stretti uno all'altra,
"pu, tòtt d’un bòt,","poi, d'un botto,",
lì ch’la m fà,lei che mi fa:,
“Parché tott ste mond?,"""Perchè tutto questo mondo?",
Par fè pu còsa?”,"Per farne poi cosa?""",
"E me? Me, tott zet, a lè","Ed io? Io tutto zitto, lì",
cmè un patàca.,come un patacca.,
Dal vòlti u m’è tuchè,A volte m'è toccato,
ad żirè e’ mònd,di girare il mondo,
"pr’avdài, santòi, capòi.","per vedere, sentire, capire.",
"Aparècc, machini, treni","Aerei, macchine, treni",
"nèvi, autostrèdi, zità","navi, autostrade, città",
"ch’al tuchéva e’ zil, muntàgni","che toccavano il cielo, montagne",
"pini ad nàiva e giàz,",piene di neve e ghiaccio,
aqua de mer ch’la n finéva mai.,acqua di mare che non finiva mai.,
Pu a m so incòrt che tott,Poi mi sono accorto che tutto,
l’éra ża dròinta at cla pala ‘d straz,era già dentro a quella palla di stracci,
che la mi nòna da zin,"che mia nonna, da piccolo",
I va int e’ bar,Vanno nel bar,Nel bar
par tò un amaro.,per prendere un amaro.,Nel bar
Me a m’e’ pos enca sparagnè:,Me lo posso anche risparmiare:,Nel bar
"E a dì’ la verità,","E a dire la verita,",Nel bar
gnench sol a lè.,nemmeno solo lì.,Nel bar
mo d’atónd a m’ n’adàgh che u s’é stradè e’ rispìr ad quij che i m’vléva ben.,ma attorno mi accorgo che si è diradato il respiro di quelli che mi volevano bene.,Gli anni
Un fos tra i spiùn ch’i strenz l’acva int e’ col ch’la s’ strabìga lansùn incontra a e’ mèr ch’l’è a lé.,Un fosso tra spine che stringono al collo l’acqua che si trascina ansimando incontro al mare vicino.,Gli anni
D’ in ca a scap da rèd,Da casa esco di rado,Gli anni
Soltènt aglj ombri d’jir aglj è queli d’incùa.,Solamente le ombre di ieri sono quelle di oggi.,Gli anni
I dé d’invéran a m‘ fagh cumpagnia da par me,I giorni d’inverno mi faccio compagnia da solo,Gli anni
Pu u sbròja l’alvèda,Poi si dipana l’alba,Gli anni
"e e’ sol e’ bèsa int e’ curtìl e’ lèns di pas, che me al so, in po avnì da me.","e il sole bacia nel cortile l’ansia di passi, che io lo so, non possono venire da me.",Gli anni
La faza ch’la ven ólta ad nòta int la mi cambra la n’à e’ surìs vigliach ad quij ch’i t’vo tó in zir,Il viso che mi viene incontro di notte nella mia camera non ha il sorriso vile di quelli che vogliono prenderti in giro,Gli anni
ma lia la tira dret par mets dàintra a un ritràt.,ma lui tira diritto per nascondersi dentro una foto.,Gli anni
Mo l’è da un pèz ormai ch’l’armàna tot giazé e’ lanzól de’ lèt grand cumpagn dal mi nòti.,Ma è da tempo ormai che rimane freddo il lenzuolo del letto grande compagno delle mie notti.,Gli anni
L’è tot incùa ch’e’ piov.,È tutt’oggi che piove.,Gli anni
"Momàinti, cun e’ scur e’ cminzarà e’ patì.","Tra poco, col buio ricomincerà il patire.",Gli anni
Mirà ch’a cambia e’ lèt che a n’tója un èlt piò znìn par mod ch’a n’sinta piò e’ giaz ch’a j ò da chènt.,"Bisogna che cambi letto, che ne compri uno più piccolo in modo che non senta più il freddo che ho accanto.",Gli anni
"A n’vréb mai pansé quand ch’a sera in fórzi d’ès malardót acsé cun la vciàia par lai, da par me int una ca int e’ mèz de’ mi borgh in du che tot al ca al dis a tot qualquèl e tot j arcùrd ad jìr i s’amócia ad dulùr.","Non avrei mai pensato quando ero in forze di ridurmi così malridotto con la vecchiaia al mio fianco, da solo in una casa in mezzo al mio borgo dove tutte le case un significato per tutti e ogni ricordo di ieri si ammassa di dolore.",Gli anni
"E’ mor j amìgh piò bun, quij di zugh, dla scola.","Muoiono gli amici più veri, quelli dei giochi, quelli della scuola.",Gli anni
Vaint an i fa malàn mo dop i sènta ad mènch,Venti anni fanno rumore ma dopo i sessanta di meno,Gli anni
"A j ò j occ ch’i m’brusa,","Ho gli occhi che mi bruciano,",Gli anni
un lévar fri int e’ quacc ch’ e’ s-ciàza e’ su dulór int un silénzi scur.,una lepre ferita nella tana che comprime il suo dolore in un silenzio scuro.,Gli anni
Pu i mi pansìr i s’ pérd int un son vàird e turchìn in du ch’ e’ mèr e e’ zil e’ pè che par dispèt in t’ fàza mai incuntrè tot i cunfàin de’ gnint.,Poi i miei pensieri si perdono in un sonno verde e azzurro dove il mare e il cielo sembra che per dispetto non ti facciano incontrare mai tutti i confini del nulla.,Gli anni
"e me a m’ n’adaséva soltènt pr i fiùl grénd senza tnì cont intènt che e’ mond da près a me u m’batzéva al magàgni cun i vut dla scóla, nómar che parécc vólti j à tiré d’piò int e’ bas.","e io me ne accorgevo solamente dai figli che crescevano senza tener conto intanto che il mondo che mi circondava giudicava le mie mancanze con i voti della scuola, numeri che parecchie volte tendevano verso il basso.",Gli anni
I mi fiul j è a un tir ad s-ciòp,I miei figli sono a un tiro di schioppo,Gli anni
ma u m’sa ch’i venga sol quand che j à di gat da plè,ma ho l’impressione che vengano quando hanno gatte da pelare,Gli anni
"che me a saréb cuntént énca d’ sintì al su vósi, spèzi quela dla femna.","che io sarei contento anche solamente di sentire le loro voci, specialmente quella della ragazza.",Gli anni
e am met int i pansìr.,e io mi metto nei pensieri.,Gli anni
A vreb es int i Valùn tra e’ vàird ch’e’ ferma e’ temp e e’ scanzèla i magùn.,Avrei voglia di essere nei Valloni fra il verde che ferma il tempo e cancella le preoccupazioni.,Gli anni
E’ temp l’è e’ fiol d’nisùn,Il tempo è figlio di nessuno,Gli anni
A n’ò pers gnint dla vita fintènt ch’ò vu qualquèl da cuntè a qualcadùn che u m’daséva urécia,Non ho perso niente della vita finché ho avuto qualcosa da raccontare a qualcuno che mi prestava orecchio,Gli anni
ma ormai d’intónd a me u n’ s’ mov piò foja viva,ma ormai intorno a me non si muove più foglia viva,Gli anni
E pansè che da burdèl a vléva ciapèn óna cun do manìni biénchi.,E pensare che da ragazzo volevo prenderne una con due manine bianche.,Gli anni
E i mia chi ridéva.,E i miei genitori sorridevano.,Gli anni
"Quand ch’avrò lasè e’ post a quij che j avnirà nissùn e’ savrà mai tot e’ ben ch’ò vlu, tot quel ch’ò gudù e tot quel ch’ò patì.","Quando avrò lasciato il posto a quelli che verranno nessuno saprà mai tutto il bene che ho voluto, tutto quello che ho goduto e tutto quello che ho sofferto.",Gli anni
Me a j’ho una vèita pina.,Io ho una vita piena.,La vita piena
Pina ad pavóuri,Piena di paure,La vita piena
pina ad dulóur,piena di dolori,La vita piena
pina ad sperènzi.,piena di speranze.,La vita piena
des a j’ho pin ènca i quajóun.,Adesso ho pieni anche i coglioni.,La vita piena
"“La và ben per te che t’ si dvent un sgnour!” u m’ha dét un dè, un adulatour.","“Va bene per te che sei diventato un signore!” m’ha detto un giorno, un adulatore.",Un signore sono sempre stato
“Dó sbaj fundamentel e’ mi umaroin!,“Due errori fondamentali il mio omarino!,Un signore sono sempre stato
"E’ proim, perché te t’ croid ch’épa i quatroin,","Il primo perché tu credi che io sia diventato ricco,",Un signore sono sempre stato
"e e’ sgond, perché acsè génd t a n’é pansæ che un sgnour, te mi mond, me a sò sempra staæ!”","e il secondo perché così dicendo non hai pensato che un signore, nel mio mondo, io lo son sempre stato!”",Un signore sono sempre stato
"la spóiga ad græn ch’ la s’ fà da una garnela,","la spiga di grano che si fa da un chicco,",Credo in nostro Signore
"un fiour se su prufóm, se su culour:","un fiore col suo profumo, col suo colore:",Credo in nostro Signore
ecco perché a cròid te’ nost Signour.,ecco perché credo in nostro Signore.,Credo in nostro Signore
"J ócc’ spalanchid, punted m’un curnisoun, senza vultæi vers tót e viavai ch’u j è sla stræda.","Gli occhi spalancati puntati a un cornicione, senza voltarli verso tutto il viavai che c’è sulla strada.",È ora d’andar sù
"La pala d’un burdel la i bat ti pì,","La palla d’un bambino gli batte nei piedi,",È ora d’andar sù
Un void e un sint al machini ch’a l và.,Non vede e non sente le auto che vanno.,È ora d’andar sù
"invici e’ tò al misuri, sò me zil, ch’ l’ha d’andæ sò!","invece prende le misure, su al cielo, che ha d’andar su!",È ora d’andar sù
Tinmi la mæna e nu m la lassa mai.,Tienmi la mano e non lasciarla mai.,Non mi lasciare solo
Ém bsogn da ès insen te caruzoun dla vóita te viaz countra la morta.,Abbiamo bisogno di essere assieme nel carrozzone della vita nel viaggio contro la morte.,Non mi lasciare solo
"Ém bsogn da ès insen tra la furesta paurousa e nira, a tnóis per mæna tra chi trabuchét.","Abbiamo bisogno di essere assieme nella foresta paurosa e nera, e tenerci per mano tra quei trabocchetti.",Non mi lasciare solo
No! Nu fiaza!,No! Non fiatare!,Il tempo
"Resta a lè duvè t’ sì, ferma e móta!","Resta lì dove sei, ferma e muta!",Il tempo
Ta n mi diréb piò al paroli che ta m givi sempra;,Non mi diresti più le parole che mi dicevi sempre;,Il tempo
Resta a lè duvè t’ sì!,Resta lì dove sei!,Il tempo
"Ristéma senza movsi, ognun si su ricurd, per arsantói zil ad viuloin…carèzzi ad anzli…scaramaz ad baticor…","Restiamo immobili, ognuno coi propri ricordi, per risentire cieli di violini…carezze d’angeli…rumore di batticuori…",Il tempo
E’ temp l’è un criminæl!,Il tempo è un criminale!,Il tempo
Nu s’ féma mazæ da e’ temp!,Non facciamoci uccidere dal tempo!,Il tempo
Ristéma cumè aloura!,Restiamo come allora!,Il tempo
"La chémpa per quèst, l’ilusioun!","Vive per questo, l’illusione!",Il tempo
e… a n sò invéll!,e… non sono in nessun dove!,È un soffio di vento
Un fiour l’è cmè un mument dla nosta vóita:,Un fiore è come un attimo della nostra vita:,Il fiore
"e’ bóta,","sboccia,",Il fiore
"e’ slærga al fòj,","allarga le foglie,",Il fiore
"e’ spargóia udour,","spande profumo,",Il fiore
"u s’ingubés,","s’incurva,",Il fiore
e’ fnés in gnent.,finisce in niente.,Il fiore
"E’ resta snò un ricord, cumè chi sprai ad cuntantèzza ch’u s’ capita mados:","Resta solo un ricordo, come quegli sprazzi di felicità che ci capitano addosso:",Il fiore
"i taca a pènd,","cominciano a pendere,",Il fiore
i fnés in gnent cumè che fiour.,finiscono in niente come quel fiore.,Il fiore
cut lasa senza paroli.,che ti lascia senza parole.,Rosa selvatica
Tl’aqua dla poza,Nell’acqua della pozza,Rosa selvatica
al ranoci al guerda.,le rane guardano.,Rosa selvatica
"Admen at avnirò a zarcae,","Domani ti verrò a cercare,",Rosa selvatica
at purtarò dal moeli zneini,ti porterò mele piccole,Rosa selvatica
di fiour ad zinestra,fiori di ginestra,Rosa selvatica
Din sò din zò,Su giù,Incrocio
par tot al straedi,per le strade,Incrocio
E quand las trova t’un incrous,E quando si trova in un incrocio,Incrocio
la guerda ad quà,guarda di qua,Incrocio
la guerda ad là,guarda di là,Incrocio
a pò la và.,e poi va.,Incrocio
Tci mort,Sei morto,Sei morto
ta ni si piò,non ci sei più,Sei morto
i ta za splei...,ti han già sepolto...,Sei morto
i pienz,piangono,Sei morto
i reid,ridono,Sei morto
ta n'areiv a capei quèl chi spaciouga.,non riesci a capire cosa pasticciano.,Sei morto
Tci turnae alè,Sei tornato lì,Sei morto
da du tci avnou...,da dove sei venuto...,Sei morto
Turnae duvò?,Sei tornato dove?,Sei morto
… fantasia de mond,… fantasia del mondo,Alla rovescia
"al ròbi al và,","le cose vanno,",Alla rovescia
al và al’arversa,vanno alla rovescia,Alla rovescia
e quèst l’è e su bèl.,e questo è il suo bello.,Alla rovescia
Poesia puréta dal robi tondi,Poesia poveretta delle cose rotonde,Poesia poveretta
l’iride di occ,l’iride degli occhi,Poesia poveretta
"noun, tla paenza dla nòsta mà.","noi, nella pancia della nostra mamma.",Poesia poveretta
che nisoun e fèza cucù… sssh!,che nessuno faccia cucù… sssh!,Cucù
"“Dalonga, guardèma dalonga!”.","“Lontano, guardiamo lontano!”",Cucù
"Vincenzo, e fiol de por Pacalin, quel che lavureva cmè un sumar, e quand l’andet te sdael, e durmet par una smaena intira, l’è mort…","Vincenzo, il figlio del povero Pacalin, quello che lavorava come un somaro e quando andò all’ospedale, dormì per una settimana intera, è morto…",Mi raccomando
"Mi su tri fiul u i à lasè un miliaerd e mez in baenca, la caesa granda se fond, tri apartamint a Cesoena tla zona ad Cernobil, un fundarein al Flonghi cumprae da Ivo ad Mota e se cumudoen un bigliet s’una parola: “amaracmand”.","Ai suoi tre figli ha lasciato un miliardo e mezzo in banca, la casa grande col fondo, tre appartamenti a Cesena nella zona di Cernobil, un piccolo terreno a Felloniche acquistato da Ivo di Motta e sul comodino un biglietto con una parola: “mi raccomando”.",Mi raccomando
Al scor a vousa basa quand al và te zil.,Parlano a voce bassa quando vanno nel cielo.,Nuvole
Al fà piruèti,Fanno piroette,Nuvole
al s’abasa.,si abbassano.,Nuvole
"Singulaer, plurael","Singolare, plurale",La domanda
"femna, mas-ci","femmina, maschio",La domanda
"piaenta, animaeli","pianta, animale",La domanda
Avoe la caesa caelda se gat che e fa e ghefal soura la tumaena.,Avere la casa calda col gatto che fa il gomitolo sopra al divano.,La vita
"Avoe Pierino che ut regaela zvola, nespli e moelingarnaedi.","Avere Pierino che ti regala cipolla, nespole e melagrane.",La vita
Avoe datonda al robi giosti.,Avere attorno le cose giuste.,La vita
Caminè par la tu straeda senza paura.,"Camminare per la tua strada, senza paura.",La vita
L’è la veita.,È la vita.,La vita
I nomar in fines mai,I numeri non finiscono mai,I numeri
"tè tcount, tcount e tci sèmpra alè.","tu conti, conti e sei sempre lì.",I numeri
I nomar i è farabot,I numeri sono farabutti,I numeri
"No, l’inveran l’è difarent","No, l’inverno è diverso",Lettera dall’inverno
cagli aelti stasoun ta li aspet…,le altre stagioni le aspetti…,Lettera dall’inverno
ut fa l’impruvisaeda.,ti sorprende.,Lettera dall’inverno
"La matoena, lousa ad porbia",La mattina luce di polvere,Lettera dall’inverno
"ti fos, tla straeda, ti mount.","nei fossi, nella strada, nei monti.",Lettera dall’inverno
Cameina piaen,Cammina piano,Lettera dall’inverno
l’inveran ut s’infeila tal scaerpi.,l’inverno s’infila nelle scarpe.,Lettera dall’inverno
Una zvèta la slaerga agli eli,Una civetta allarga le ali,Lettera dall’inverno
e la và.,e va.,Lettera dall’inverno
"La noeva l’è e mond che us arpaunsa, e sogna.","La neve è il mondo che si riposa, sogna.",Lettera dall’inverno
"Ecco, at sta lètra, at vloeva dei che l’inveran l’è difarent.","Ecco, in questa lettera, ti volevo dire che l’inverno è diverso.",Lettera dall’inverno
Tl’aqua dla poza al ranoci al guerda.,Nell’acqua della pozza le rane guardano.,Rosa selvatica
Quent che la nôt,Quando la notte,Notte
"scartuzeda int la guaza,","accartocciata nella rugiada,",Notte
e in che vuit dla calera,e nel vuoto della carraia,Notte
u s’arponsa dagl’ombri,si riposano le ombre,Notte
coma pinsir intrugnì,come pensieri malati,Notte
i n’ s’ mov,non si muovono,Notte
sota a che zil senza una stela,sotto in cielo senza stelle,Notte
una lus l’ars-cera una finestra,una luce rischiara una finestra,Notte
d’una ca luntân,di una casa lontano,Notte
d’una nôt za paseda.,di una notte già passata.,Notte
Insen,Insieme,
Cvand che al stasón,Quando le stagioni,
agl’arâfa l’istê,rapiscono l’estate,
a s’incaminé pr una strê nova.,ci si avvia verso nuovi orizzonti.,
Cla lus la j ha parol dolzi,Quella luce ha parole dolci,
Una pês d’un dman,Una quiete di un domani,
zà pinsè.,già pensato.,
"indò che tot u s’svuita,","in cui si svuota tutto,",
cvand ch’e’ perd vigor la vita,quando perde vigore la vita,
e u s’aramasa e’ bser dal nuval,e si accumula il peso delle nuvole,
"sora la ca,","sulla casa,",
"una lus incrispêda la bat ai vidar,","una luce increspata batte ai vetri,",
coma gózal d’acva ch’al sgvela,come gocce di acqua che scivolano,
int la faza.,sul volto.,
I dé srè int e’ cör,I giorni chiusi nel cuore,
i ferma la vos d’j arcurd.,fermano la voce dei ricordi.,
Tot du insén,Tutti e due insieme,
a la finestra,alla finestra,
spicés int l’èra.,specchiarsi nell’aia.,
"Parôl sminghêdi,","​Parole dimenticate,",Parole dimenticate
ch’ al fiurés,che fioriscono,Parole dimenticate
coma rósi,come rose,Parole dimenticate
"a maz,","a maggio,",Parole dimenticate
int un zét,in un silenzio,Parole dimenticate
che pianì pianì,che piano piano,Parole dimenticate
e’ va,va,Parole dimenticate
a murì.,a morire.,Parole dimenticate
Da tot ste bur,Da tutto questo buio,RINASCERE
da tot st’ingavâgn,da tutto questo groviglio,RINASCERE
da tot ste mêrz,da tutta questa putredine,RINASCERE
a voi dê' fura.,voglio uscire,RINASCERE
Còma che dal carvai di sës,Come che dalle fenditure dei sassi,RINASCERE
tarlé da e’ temp,tarlati dal tempo,RINASCERE
ch’e’ tréma,che trema,RINASCERE
a la breza dl’êlba,alla brezza dell’alba.,RINASCERE
Int e’ bos-ch,Nel bosco,IL SILENZIO DEL BOSCO
ascult e’ su silenzi,ascolto il suo silenzi,IL SILENZIO DEL BOSCO
d’un pasaröt,d’un passerotto,IL SILENZIO DEL BOSCO
de’ runzê’ d’un muscon,dal ronzare di un moscone,IL SILENZIO DEL BOSCO
Par me u-n gn’è piò sól,Per me non c’è più sole,NON HO PIÚ NIENTE
"u-n gn’è piò stël,",non più stelle,NON HO PIÚ NIENTE
toti al mi sperânz.,tutte le mie speranze.,NON HO PIÚ NIENTE
A n’ho piò gnint,Non ho più niente,NON HO PIÚ NIENTE
sól i tu oc,Solo i tuoi occhi,NON HO PIÚ NIENTE
ch' i-m gvêrda da luntân,che mi guardano da lontano,NON HO PIÚ NIENTE
E in ste cuscen,Ed in questo cuscino,NON HO PIÚ NIENTE
ch’l’ascólta i mi sogn,che ascolta i miei sogn,NON HO PIÚ NIENTE
a j’ò apugè,ho appoggiato,NON HO PIÚ NIENTE
la mi malincunèja,la mia malinconia,NON HO PIÚ NIENTE
cun agli êl stéşi ins la curent di ​dè.,con le ali spiegate sulla corrente dei giorni.,I pensieri
is ingambarëla stra i lëz,incespicano fra i lacci,I pensieri
che la vita la spargója a tarşàch,che la vita sparge a caso,I pensieri
sal strê bùri di s-cèn.,sulle strade buie degli uomini.,I pensieri
I pinsìr cme di uşél ciùş in ghéba,I pensieri come uccelli rinchiusi in gabbia,I pensieri
i bat in sal şbar cun e’ bëch,battono sulle sbarre col becco,I pensieri
séna a s-ciantêsal.,fino a romperselo.,I pensieri
Padlôn,Bilancione,I pensieri
ómid dla vala.,umidi della valle.,I pensieri
Vut e’ padlôn e’ dindòla,Vuoto il bilancione dondola,I pensieri
sl’acva tórda,sull’acqua torbida,I pensieri
indó us spëcia agli òmbar,dove si specchiano le ombre,I pensieri
di cuchél.,dei gabbiani.,I pensieri
Una granzëla la rimpès,Un granchio riempie,I pensieri
la ré,la rete,I pensieri
dla su agunèja.,con la sua agonia.,I pensieri
Quânti Baröşli?,Quanti Rosolacci?,I pensieri
’Na bulê ad baröşli,Una chiazza di rosolacci,I pensieri
’t la luş dla maténa,nella luce del mattino,I pensieri
la m'à scaldê e’ côr,mi ha riscaldato il cuore,I pensieri
cmè al carèz ad parôl,come le carezze di parole,I pensieri
’t i mi dè ad burdël,nei miei giorni infantili,I pensieri
ch’im mitéva int e’ piàt,che mi mettevano nel piatto,I pensieri
s’a pianźéva .,se piangevo.,I pensieri
Quânti baröşli,Quanti rosolacci,I pensieri
am vrébal adës,mi occorrerebbero ora,I pensieri
ch’a j’ò fni al lêgrum?,che ho esaurito le lacrime?,I pensieri
E' mi paéš,Il mio paese,I pensieri
un vél ‘d porbia biancuša,un velo di polvere biancastra,I pensieri
l’éra ins al foi di bdol;,era sulle foglie dei pioppi;,I pensieri
"Dnenz a e’ bar, cvatar vec","Dinanzi al bar, quattro vecchi",I pensieri
i dvanéva i su dè.,dipanavano i loro giorni.,I pensieri
"un gne pròpi gnint da dì,","non c’è proprio niente da dire,",Altro che l’apericena
"Al tartini, un scról ad pléc,","L’è tartine, un sacco di cosine,",Altro che l’apericena
"e’ riš ch’us magna si batèc,","il riso che si mangia coi bastoncini,",Altro che l’apericena
al fritèli s’ jòmne nud.,le frittelle con gli uomini nudi.,Altro che l’apericena
"E’ cavièl, e’ salmòun,","Il caviale, il salmone,",Altro che l’apericena
"agl’jòstrichi se limòun,","le ostriche col limone,",Altro che l’apericena
"i gambarun, e’ becalà,","i gamberoni, il baccalà,",Altro che l’apericena
"Mè a sò pjó a la mèna,","Io sono più alla mano,",Altro che l’apericena
"an sò per l’apericèna, ch’l’à pòca sustènza e u n’ impnès la pènza.","non sono per l’apericena, che ha poca sostanza e non riempie la pancia.",Altro che l’apericena
"L’apèritiv l’è un vizièt, che mè an mi permèt,","L’aperitivo è un vizietto, che io non me lo permetto,",Altro che l’apericena
"us cminza s’un gin fizz,","si comincia con un gin fizz,",Altro che l’apericena
e us fnès sa dó tré spritz.,e si finisce con due tre spritz.,Altro che l’apericena
"dòp ad tótt chi bivarun, un magna pjó nisun.","dopo tutti quei beveroni, non mangia più nessuno.",Altro che l’apericena
"Mo quèsta l’è la mòda,","Ma questa è la moda,",Altro che l’apericena
"e i zóvni las chi gòda,","e i giovani lascia che godano,",Altro che l’apericena
lór i n’à nisun prubléma,"loro non hanno nessun problema,",Altro che l’apericena
ch’i se tènga l’apèricèna.,che se lo tengano l’apericena.,Altro che l’apericena
"Mè an faz tènt cumplimèint,","Io non faccio tanti complimenti,",Altro che l’apericena
"a vòj qualcosa ad cunsistèint,","voglio qualcosa di consistente,",Altro che l’apericena
a bév e’ vèin e faz dó rót.,bevo il vino e faccio due rotti.,Altro che l’apericena
"e an faz gnènca la gata,","e non faccio neanche la sbornia,",Altro che l’apericena
mo èltre che l’apricèna.,ma altro che l’apericena.,Altro che l’apericena
"Quand la tèvula la cèma, u jè chi ch’u n’à féma, sa ch’jèltre ch’i và dré, per dì: listès ènca mè!","Quando la tavola chiama, c’è chi non ha fame, con gli altri che gli vanno dietro, per dire: lo stesso anch’io.",L’antipasto mezza fregata
"Dimpèt m’una rustida, j’arvènza sèinza aptida,","Davanti ad una arrostita, rimangono senza appetito,",L’antipasto mezza fregata
j fà sègn ch’lan gni va,fanno segno che non gli va,L’antipasto mezza fregata
"Per cavèm da l’imbaraz, e nu madèi a che de caz, ai faz l’aperitiv, sa cal buvandi ch’al fà schiv!","Per togliermi dall’imbarazzo, e non mandarli a ca del diavolo, faccio loro l’aperitivo, con quelle bevande che fanno schifo.",L’antipasto mezza fregata
"E dòp ai dag l’antipast, du ch’ai mèt per fè cuntrast, i furmaj sl’afètéd, e’ tón sl’aj marinèd.","È dopo do loro l’antipasto, dove ci metto per far contrasto, i formaggi con l’affettato, il tonno con l’aglio marinato.",L’antipasto mezza fregata
"Se maj i n’avès ‘sà, ai dag un tòc ad bècalà sal zvulini e patati, sal piedi pèina fati.","Se mai non ne avessero abbastanza, do loro un tocco di baccalà, con le cipolline e le patate, con le piade appena fatte.",L’antipasto mezza fregata
"Se la fèma lan gni vèin, ai pòrt du tré sipulèin, al canoci, i sardunzin,","Se la fame non viene, porto loro due tre seppiolini, le canocchie e i sardoncini,",L’antipasto mezza fregata
ai ne dag fin ch’jè pin.,gliene dò fin che son pieni.,L’antipasto mezza fregata
"L’è la dimustraziòun, che l’antipast l’è bòn, d’arvinè la magnèda, insäma mèza frighèda!","È la dimostrazione che l’antipasto è buono di rovinare la mangiata, insomma mezza fregata.",L’antipasto mezza fregata
"Sèimpre bèl e’ Nadèl, ènca sla butèva mèl, ènca quand per i purétt u jéra sna i caplét.","Sempre bello il Natale, anche se buttava male, anche quando per i poveri c’erano solo i cappelletti.",La gara dei cappelletti
"Mo la géva la mi ma’, us fà sa quèl ch’u s’à,","Ma diceva mia mamma, si fa con quello che si ha,",La gara dei cappelletti
"ringraziand e’ Signuréin, i caplét jéra un straséin.","ringraziando il Signore, i cappelletti erano tanti.",La gara dei cappelletti
"Us magnèva tla cušèina,","Mangiavamo in cucina,",La gara dei cappelletti
"a sérmie una vintèina, fra ba’, ma’, nòn, zi, cušèin,","eravamo una ventina, fra babbo, mamma, nonni, zii, cugini,",La gara dei cappelletti
"un po’ strét, mo a stémie béin.",un po’ stretti ma stavamo bene.,La gara dei cappelletti
"I piat ui impiniva e’ nòn, sa vintidó caplèt pròn,","I piatti li riempiva il nonno, con ventidue cappelletti per uno,",La gara dei cappelletti
"la nòna lai cuntèva,","la nonna li contava,",La gara dei cappelletti
quii ad pjó lai cavèva.,e quelli in più li toglieva.,La gara dei cappelletti
"A mastighémie a la granda e i caplèt a tóta randa,","Masticavano alla grande i cappelletti a tutta randa,",La gara dei cappelletti
"Mè a fèva t un lèmp,","Io facevo in un lampo,",La gara dei cappelletti
ai mandèva zó isé.,li mandavo giù così.,La gara dei cappelletti
"Dògnitènt ma qualchedun, ui ne capitéva un, pin ad spòja e impivarèd, un pcòun invlinèd.","Ogni tanto a qualcuno ne capitava uno pieno di sfoglia e impepato, un boccone avvelenato.",La gara dei cappelletti
"E’ sfurtunèd ch’ul pischéva, série e zét e u se magnèva","Lo sfortunato che lo pescava, serio e zitto se lo mangiava",La gara dei cappelletti
"I pjó dèbul in gne la fèva,","I più deboli non ce la facevano,",La gara dei cappelletti
"e drèinta e’ piat il spudèva,","e dentro al piatto lo sputavano,",La gara dei cappelletti
"U s’andèva òlta isé, si piat pin e da svuitè,","Si andava avanti così, col piatto pieno da vuotare,",La gara dei cappelletti
"a pgnata tóta svida, us ciudèva la partida.","a pentola tutta vuota, si chiudeva la partita.",La gara dei cappelletti
"La nòna sè còunt ešat, di caplét e d’ tótt i piat, la pruclamèva e’ vinzitòr, sa tótt ch’jèlt a fèj unòr.","La nonna col conto esatto dei cappelletti e di tutti i piatti proclamava il vincitore, e tutti gli altri a rendergli onore.",La gara dei cappelletti
"Per prémie me campiòun, una stèca ad turòun, ch’as ciucèmie tót insèn, dop ch’avèmie magnè bèin.","Per premio al campione, una stecca di torrone, che ciucciavamo tutti assieme, dopo che avevamo mangiato bene.",La gara dei cappelletti
"Us cantèva, us ridéva,","Si cantava, si rideva,",La gara dei cappelletti
"Ció, livês prema? Nó a fasegna i furnir… Praticament nö andês mai a lët…","Ció, alzarsi prima? Noi facevamo i fornai… Praticamente non andare mai a letto…",Leader/ladri
"Ecco, me a j ò srazê: c’è chi è un puledro di razza, io sono un fuori-razza…","Ecco, io ho rovinato la specie: c’è chi è un puledro di razza, io sono un fuori-razza…",Leader/ladri
"Me a n’so mai stê coma chi rumagnul di prima generazione ch’i lavuréva, e che, s’j è incóra a e’ mònd, j è a lè ch’i lavóra incóra da s-ciantês, ch’i n’è bon d’cavêsan la voia…","Io non sono mai stato come quei romagnoli di prima generazione che lavoravano, e che se sono ancora vivi, sono sempre lì a lavorare da rompersi la schiena, che ancora non gli è passata la voglia…",Leader/ladri
"ecco, me a n’a’ so s’u s’seia capì? Me, la voia, a n’l’ò mai avuda… e la schina a n’um la voi brisa s-ciantê… a n’ò sól òna…","ecco, non so se si è capito, ma io, la voglia, non l’ho mai avuta… e la schiena non me la voglio rovinare per niente… ne ho solo una…",Leader/ladri
"– sempre solo a spendere e a spandere, a fêr i sburon, a andêr in zir cun al svedési, intânt che i vec i s’s-ciantéva la schina e nench i maron…","– sempre solo a spendere e a spandere, a fare i signori, ad andare in giro con delle svedesi, intanto che i loro vecchi si rompevano la schiena e anche i maroni…",Leader/ladri
"Adës, pr esempi, a so dri a lèzar – oh, piân, ânh, do, tre pàgin a e’ dè, parchè, burdel, ció a lèzar u s’fa fadiga…","Adesso, per esempio, sto leggendo – oi, piano, eh? due, tre pagine al giorno, perché, cari miei, ció a leggere si fa fatica…",Leader/ladri
"parò prema on bsögna ch’u s’meta so da par lò, ch’u s’argòmbla… leggi questi, va’ là, piuttosto: Il coraggio di rischiare, Mi metto in gioco, Realizza i tuoi sogni, Come fare i soldi nei periodi di crisi eccetera, eccetera, dàt ’na mösa, ció!».","però prima bisogna che uno si dia da fare da solo, che si tiri su le maniche… leggi questi, va’ là, piuttosto: Il coraggio di rischiare, Mi metto in gioco, Realizza i tuoi sogni, Come fare i soldi nei periodi di crisi eccetera, eccetera, datti una mossa, ció!».",Leader/ladri
"E me a j ò dê ment a Pirî: a m’séra mes in pröpi, ero sul mio…","E allora ho seguito il consiglio di Pirî: mi ero messo in proprio, ero nel mio…",Leader/ladri
"Ero nel settore del rame, che adës e’ tira e’ râm, ch’e’ gosta l’ânma di cvatren, e in cvatr e cvatr öt a j avéva za dj uparéri sota a me, dj uparéri ch’i s’argumbléva d’nöt e d’dè, a dì la varitê cvasi sèmpar d’nöt: dj uparéri albanis, rumagnul, maruchî, rumeni… ero un leader di un’azienda floridissima…","Ero nel settore del rame, che adesso tira il rame, che costa una fortuna, e in quattro e quattr’otto avevo già degli operai sotto di me, degli operai che si davano da fare notte e giorno, a dir la verità quasi sempre di notte: degli operai albanesi, romagnoli, marocchini, rumeni… ero un leader di un’azienda floridissima…",Leader/ladri
"E Pirî int e’ bar a scòrum dri: «Che pataca de’ furnér, i l’à ciap! Puren, a l’ò pu sèmpar det me: a e’ mònd u j… i leader e i lédar!».","E Pirî nel bar a dirmene di tutti i colori: «Quel cretino del fornaio, si è fatto prendere! Poverino, l’ho sempre detto io: nel mondo ci sono… i leader e i ladri!».",Leader/ladri
Incù l'è grand e’ zil,oggi il cielo è grande,
E pou d'inveran,Come nevica,
Coi la moela sla vèta,E’ neve dappertutto,
Ui dà che bufa,E poi d'inverno,
L’è noeva dimpartot,raccogliere la mela sulla vetta,
Na cverta bienca,è così dolce.,
Tra loun e scour,Tra buio e luce,
L'eiba droenta la soera,c'è l'alba dentro la sera,
Aspèt l'undlouna,attendo il lume della luna.,
Chi sa da du che dvén,chi sa da dove viene,
Du che 'va réss,dove va a parare.,
Mè a sò Pazzini quel ch’fa al zirudèli,Io son Pazzini quello che fa le zirudelle.,
"ò quatri fiul, fradel pittour, surèli.","Ho quattro figli, fratello pittore, sorelle.",
Son nato nel paese di Verrucchio,Sono nato nel paese di Verucchio,
"«là dove soglion, fan de’ denti succhio».","«Là dove soglion, fan de’ denti succhio».",
Tra parentesi a-n so cus che vò di’,"Tra parentesi, non so che voglia dire,",
"mo ad ogni mud l’è Dante, a-s sém capi’.","ma a ogni modo è Dante, ci siam capiti.",
E’ mi mestïr l’è quel de’ stampadour,Il mio mestiere è quello dello stampatore,
"a-n sò un purèt del tótt, mo gnenca un sgnour.","non sono un povero del tutto, ma neanche un signore.",
A viv acsé fasénd al zirudèli fra i stréll di mi burdìl e fra al cambièli.,Vivo così facendo le zirudelle fra gli strilli dei miei bimbi e le cambiali.,
Un sach d’pensïr i-m rend un om distrat,Un sacco di pensieri fan di me un uomo distratto,
"pensïr rubost, pensïr da dvantè mat.","pensieri robusti, pensieri da diventar matto.",
"Un zirt Hutckins, scienziato americano, nativo di Cicàgo, oltre oceàno, l’atomica, l’à dét ch’i l’à invantè per fes murì, mo ench per fes campè.","Un certo Hutckins, scienziato americano, nativo di Chicago, oltre oceano, ha detto che l’atomica l’avevan da inventare per farci morire, ma anche per farci campare.",
"Per fes murì, l’à dét la verità:","Per farci morire, ha detto la verità:",
"per fes campè, a-n so s’la attacarà.","per farci vivere, non so se azzeccherà.",
"Ma l’om, sgand ste scienzied ch’u-n scar s’l’ingan dis ch’i-l farà campè piò d’novzint an;","L’uomo, a sentir questo scienziato senza inganni, dice che lo farà vivere più di novecento anni;",
"e e starà acsé tent bin, questo mortale, che non vedrà le ore di star male.","e starà talmente bene, questo mortale, che non vedrà l’ora di stare male.",
"Mo i mel, per sgrezia, i-s guarirà t’un sbréss ancà i pió gruss, quei propri ch’i-n s’capéss.","Ma i mali, per disgrazia, guariranno in un lampo, anche i più grossi, quelli che non dan scampo.",
"La polmonite, i bógn, la scarlatina i-s guarirà s’la cherta d’na pastina.","La polmonite, i brufoli, la scarlattina si guariranno con una semplice pastiglina.",
"E pu, fra tent elt robi, ancà al stasoun al cambierà sistema e variazioun.","E poi, tra l’altro, anche le stagioni cambieranno sistema e variazioni.",
L’invirni e sparirà cumpletamint,L’inverno sparirà via in un baleno,
"Tl’indôstria e nassarà un stramazadézz che al machin a gli andrà sa gnint, s’un squézz;",Nell’industria ci sarà un tale cambiamento che le macchine andranno senza un movimento;,
"i treni, al nevi, al berch, tótt i tranvai dop mèss in moto, i-n s’firmarà pió mai;","treni, navi, barche e tutti i tranvai messi in moto, non si fermeranno mai;",
e s’na pastina grosa cmè un butoun da que t’ariv benessum t e’ Giapoun.,e con una pillola grossa come un bottone da qui arriverai benissimo in Giappone.,
"Per veida lôm u-i srà ’na lampadina, o in vetta un mount o in mez a una culina,","Per fare luce ci sarà una lampadina, in vetta a un monte o in mezzo a una collina,",
ch’l’ a-t buttarà di sprai d’luce acsé putint che t’avdrè lôm sebin che t’ci indurmint.,e manderà raggi di luce così potenti che vedrai tutto anche se t’addormenti.,
"La i darà dan ma quei ch’và fè l’amour,","Darà fastidio a quelli che fanno l’amore,",
"Però ste attint bin, ragazz bustézz,","Però, ragazzi, stateci attenti:",
nu fè che seja tótt un smurtadézz!,non fate solo spegni e accendi!,
"La legna, e’ gas, e’ sperit, e’ carboun","Legna, gas, alcool e pure carbone",
"t’putrè s-ciafei sinz’elt a t’un cantoun perché i fasul, la cherna e i bun caplétt a-i truvarém za cut deintra i casétt.","potrai buttarli senz’altro in un cantone,perché fagioli, carne e buoni cappelletti li troveremo già cotti nei cassetti.",
"La pgnata, s’t’la mètt só prest la matina, s’t’i s-ciaf un plin e dvinta una galina.","Nella pentola, se la metti su alla mattina, butti dentro un pulcino e diventa una gallina.",
"At zinq minut per mezi d’un cunzégn, se t’ci un tistoun, dvint sôpti un om d’inzégn;","In cinque minuti grazie a un congegno, se sei un testone, diventi uomo d’ingegno;",
si nà l’è mei t’arvenza un por tistoun.,ma allora è meglio restare testone.,
Ognun ad nun l’avrà un aeroplano,"Ognuno di noi avrà un aeroplano,",
"ch’u-l putrà tni dri e’ lett, sopra un divano",potrà tenerlo vicino al letto o sul divano,
"e quand l’avrà d’andè a cumprè la mnestra e scaparà, sa quel, da la finestra.","e quando dovrà andare a comprar la minestra, uscirà, con quello, fuori dalla finestra.",
"Se pu a passém t e’ rem dl’agricoltura, sa crillo cus ch’l’è bun da scapè fura!","Se poi passiamo agli agricoltori, lo sa dio cosa può venir fuori!",
"I radisein, i fnucc e l’insalèda i-t nassarà persina tla faldèda.","I ravanelli, i finocchi e l’insalata nasceranno come fare una risata.",
e tè quand ch’l’è la seira t’è la gata.,così la sera la sbornia è sicura.,
"Quattrini a volontà, tasi piò gnint","Quattrini a volontà, tasse più niente",
e quand a cridarém che finalmint at st’mänd u-s starà bin propri dabun nun tótt a-s truvarém at chi’elt calzun.,e quando crederemo che finalmente si sta bene davvero a questo mondo ci ritroveremo tutti quanti all’altro mondo.,
"Scapand da la prisòun dop vei scuntè quattr’an d’galira per avei rubì, Michil e gét me su cumpagn Andrè: «Andema a tò qualcosa?».","Uscendo di prigione, dopo aver scontato quattro anni di galera per aver rubato, Michele disse al suo compagno Andrea: «Andiamo a prendere qualcosa?».",I due ladri
E Andrè: «Ma chi?».,E Andrea: «Ma a chi?».,I due ladri
U l’à racounta e’ mi Pitrin sla piaza:,L’ha raccontata mio cugino Pietro in piazza:,Pietro l’innamorato
l’ira innamured còt ad cla ragaza!,era innamorato cotto di quella ragazza!,Pietro l’innamorato
"Ma li la-n l’à vlu pió, li, la Cilesta,","Ma lei non l’ha voluto più, lei, la Celesta,",Pietro l’innamorato
"u-m sta poch bin, purètta, la mi nona","mia nonna, poverina, sta poco bene",Dal macellaio
"ò bsogn da fè e’ brud bun: un chél, un chél!","ho bisogno di farle un buon brodo: un chilo, un chilo!",Dal macellaio
Ades a-m fè un piaseir? A m’la vli sgnì?,Ora me lo fate un favore? Me la volete segnare?,Dal macellaio
U-n segna a sta butèiga? A n’ò capì:,Non si segna in questo negozio? Non ho capito:,Dal macellaio
"gi só, gi só, nu fè di cumplimint!","dite, dite pure, non fate complimenti!",Dal macellaio
"Ah beh! s’a-n la vli sgnì, tnìv in amint!».","Ah beh! se non la volete segnare, tenetevela a mente!».",Dal macellaio
"«Mo schirzarè, Pazzini, schirzarè?","«Scherzerai, Pazzini, scherzerai?",La televisione
"Mo la televisioun l’è un’invenzioun mundiela, schirzarè?",La televisione è un’invenzione mondiale! Scherzerai?,La televisione
Mo mè a m’la god t’un mud ch’fa paura e’ mänd,Io me la godo in un modo da far paura,La televisione
"fina in fänd,","fino in fondo,",La televisione
"sdraiato sopra una poltrona come una matrona,","sdraiato sopra una poltrona come una matrona,",La televisione
U-n m’era mai succès;,Non mi era mai successo;,La televisione
quèst sé ch’l’è e’ prugrès.,questo sì che è progresso.,La televisione
"Pazzini, che raza d’invenzioun l’è la televisioun!».","Pazzini, che razza d’invenzione è la televisione!».",La televisione
"«U-i vo’ la tu custenza Zvan,","«Ci vuol la tua costanza, Giovanni,",La televisione
u-i vo’ la tu custenza!,ci vuol la tua costanza!,La televisione
"«L’è sobit dét, è subito detto:",«È presto detto:,La televisione
a m’andurmint a gli ot,mi addormento alle otto,La televisione
a-m sveg a mezzanot».,e mi sveglio a mezzanotte».,La televisione
Ho visitè una mästra poch timp fa,Ho visitato una mostra poco tempo fa,
che me a ne so zirtun cumè chi fa a suppurtè zirt quedri mo acsé brótt che mè a j’avrea scartè quasi ma tótt!,che io non so come qualcuno faccia a sopportare certi quadri ma così brutti che io li avrei scartati quasi tutti!,
"L’ira urienteda tótta s’l’astrattismo,","Era una mostra sull’astrattismo,",
"sul neorealismo, s e’ cubismo,","sul neorealismo, sul cubismo,",
"sull’arte chi la cièma l’informale,","sull’arte che chiamano “informale”,",
"sull’era, insomma, atomica spaziale!","sull’èra, insomma, atomica spaziale!",
"«Perbacco! u m’arspond sopti, una fontana!».",«Perbacco! ‒ dice subito ‒ è un fontanile!».,
Mè invici a l’eiva ciap per ’na scarana!,Io invece ci vedevo un sedile!,
"du gambi dri dla schina, un nes t’un znócc,","due gambe dietro la schiena, il naso in un ginocchio,",
mo a sbat al men ma st’arte a-n me la sint!,ma di batter le mani a quest’arte non ho cuore!,
"Nissun u s’à da uffend, per carità;","Nessuno deve offendersi, per carità;",
s’a-n sint st’ispirazioun furs e sarà per quel motivo noto in mille parti:,se non sento quest’ispirazione forse sarà per quel motivo noto in mille parti:,
La casca da e’ zil sóra un fil.,Casca dal cielo sopra un filo.,La goccia
La s’firma un mumint per fè testamint;,Si ferma un momento per far testamento;,La goccia
"«T’è tenta supirbia,","«Hai tanta superbia,",La goccia
"t’ a-t fè tenta granda,","ti credi tanto grande,",La goccia
"ma vésta da in elt, t’ci znina cmé mè!».","ma vista dall’alto, sei piccola come me!».",La goccia
Quand ch’una parôla,Quando una parola,La lingua dimenticata
dla lengua di mi véc,del dialetto dei miei vecchi,La lingua dimenticata
la m’ bol int e’ gargòz,mi gorgoglia in gola,La lingua dimenticata
e i grèfi dla memôria,e i graffi della memoria,La lingua dimenticata
i n’è piò bun,non riescono,La lingua dimenticata
‘d tirèla sò,a tirarla su,La lingua dimenticata
a m’ sent un papagal,mi sento un pappagallo,La lingua dimenticata
ch’ e’ dis do tre parôli,che spiccica qualche partol,La lingua dimenticata
Chi l’avreb mai det che chi tri burdel is sareb invcè sainza spuses.,Chi l’avrebbe mai detto che quei tre ragazzi sarebbero invecchiati senza sposarsi.,
J’aveva tot.,Avevano tutto.,
Che sia propi par quel ch’in c’è fet i spus?,Che sia proprio per quello che non si sono sposati?,
Un dè la scapet fora cun una tistina ad cavel curt e biond.,Un giorno si presentò con una testina di capelli corti e biondi.,
Lan’c arcnuseiva piò.,Era irriconoscibile.,
L’è stè da quand cl’à spusè che carabinir cla và pitneda sempra pracisa,È stato da quando si è sposata con quel carabiniere che si pettina sempre alla stessa maniera,
"L’era una vita c’an l’avdeiva,","Non lo vedevo da una vita,",
l’è arturnè da poch.,è ritornato da poco.,
A m’l’arcord da ragaz,Me lo ricordo da ragazzo,
poca voia ad studì e poca voia ad lavurè.,poca voglia di studiare e poca voglia di lavorare.,
L’andet a stè cun una zia cl’a n’aveiva gnainca un fiol.,Andò ad abitare con una zia che non aveva figli.,
– E ades csa fal?,– E adesso cosa fa?,
– Ades l’è in pension.,– Adesso è in pensione.,
Cla sera c’u i’andèt in ca u n’arivet a spalutè una parola.,La sera del fidanzamento non riuscì ad articolare una parola.,
Stà chelum – ui get e ba ad lia –,Stai calmo – disse il babbo di lei –,
fa du tri bel rispir e po arciapa d’arnov.,fa due tre bei respiri e poi ricomincia da capo.,
"E fasèt di bel rispir,","Fece dei bei respiri,",
ma la situazion l’an migliurèt.,ma la situazione non migliorò.,
E purain – e get la mama ad lia –,Poverino – disse la mamma di lei –,
l’è emozionè.,è emozionato.,
"Mo che rispir, che emozioun, lo l’è acsè","Ma che respiri, che emozione, lui è così",
a n’avì capì cl’è un tartaion,non avete capito che è balbuziente,
e get e fiol znin praima c’u i’arives un sc-iafòn in tla copa.,disse il figlio prima che gli arrivasse un ceffone nella nuca.,
"L’è partì da gnint,","È partito da niente,",
l’aveiva al pezi in te cul.,aveva le toppe nei pantaloni.,
"Pianin pianin u s’è cumprè una casina,","Piano piano s’è comprato una casina,",
"No, u n’è mot.","No, non è muto.",
"Un scor, ma u n’è mot.","Non parla, ma non è muto.",
"O Dio, un scor,","O Dio, non parla,",
"a dì la verità a l’ò santì emainch tre volti a dì “sei”, agliet do o tre volti a dì “ciao”,","a dire la verità l’ho sentito almeno tre volte dire “sì”, altre due o tre volte dire “ciao”,",
"E fil dl’amour l’è lungh, delichet, tot ingruvì","Il filo dell’amore è lungo, delicato, tutto attorcigliato",Il filo dell’amore
E ghefal mia e e ghefal tua Par fè un maion da stei in du.,Il mio gomitolo e il tuo gomitolo per fare un maglione da starci in due.,Il filo dell’amore
ta ni sint.,non li senti.,Gli angeli
"In scor guasi mai,","Non parlano quasi mai,",Gli angeli
i n’è invadint,non sono invadenti,Gli angeli
e quand i va via in saluta gnainca par no les ringrazié.,e quando vanno via non salutano neanche per non essere ringraziati.,Gli angeli
Ho guardè taint c’l’as né incorta Ca l’aspiteva zà da un pez.,Ho guardato tanto che se ne è accorta che l’aspettavo già da un pezzo.,La mia stella
e che cun poch al prapareva da magnè.,e preparavano da mangiare quasi con niente.,I nonni
"Ades al noni al và da l’estetesta,","Adesso le nonne vanno dalle estetiste,",I nonni
"al fa ginastica, al viaza da turesta,","fanno ginnastica, viaggiano da turiste",I nonni
"al guida l’automobila, al và a balè","guidano l’automobile, vanno a ballare",I nonni
e piò d’un taint in cà al ni po’ stè.,e più di un tanto in casa non possono più stare.,I nonni
"U gnè piò gnainca i nonn cu j’era alora ch’is dbeiva un quartìn ad bei ogni mez’ora, ch’i mastighiva la ceca de tuscain","Non ci sono più neanche i nonni di allora che bevevano un quartino ogni mezz’ora, che masticavano la cicca del toscano",I nonni
e po i spudeva in tla fiamba de camain.,e sputavano nella fiamma del camino.,I nonni
"Chi nonn bardè ad capèl e ad caparela che lai faseva da capot e da umbrela, ch’i racunteva al foli a chi burdell","Quei nonni vestiti col cappello e col mantello che gli faceva da cappotto e da ombrello, che raccontavano le favole ai bambini",I nonni
e po’ i i costruiva i badarell.,e poi gli costruivano i giochini.,I nonni
"Ades i nonn i tò j’integratur,","I nonni adesso prendono gli integratori,",I nonni
"i fa de sport, j’à i moscual dur,","fanno dello sport, hanno i muscoli duri,",I nonni
"i n’à guasi piò e stoungh, is manten snell,","non hanno più lo stomaco, sono snelli",I nonni
Ui n’è ch’i dis che par la vita Ad tre robi un’c po’ fè ad’mainch:,C’è che dice che per la vita di tre cose non si può fare a meno:,La vita
E po i dis che par campè Ui vò furtona baioch e saluta.,"E poi dicono che per campare ci vogliono fortuna, soldi e salute.",La vita
J’occ d’una ragaza,gli occhi di una ragazza,La vita
L’abraz d’un amigh,l’abbraccio di un amico,La vita
In conta gnint?,non contano niente?,La vita
T’a-n sent agli ös,Non senti le ossa,Ride
"ch’al scröca, al-s môv cn’e’ fiê?","che scricchiolano, si muovono col fiato?",Ride
Ció la dà fura,Salta fuori,Ride
"mo cs’ël , la n’è miga li","ma cos’è, non è mica lei",Ride
staséra la j’è un’êtra.,stasera è un'altra.,Ride
"A mo dabon,","Sul serio,",Ride
‘na sgregna cun ‘na ciacareňa,una sgrigna con una chiacchiera,Ride
accè tota piturêda dal mân a i pi,così tutta pitturata dalle mani ai piedi,Ride
dagli òng rosi ch’al speca,delle unghie rosse che spiccano,Ride
"cun chi šgagnul, chi strid","con quei lamenti, quegli strilli",Ride
accè a ganas pini uëi alòura,così a ganasce piene allora,Ride
U jè un’uférta burdel,C’è un’offerta ragazzi,L‘occasione
ch’a’ no-i ciapê indrenta,che a non prenderla in botta,L‘occasione
l’è pröpi da incanté,è proprio da stupidi,L‘occasione
òna ad cal röbi,una di quelle cose,L‘occasione
che se t’a i pens un pô’ ‘d piò,che se ci pensi un pò,L‘occasione
s-t’a i rašón so tci farghê.,se ci ragioni sei fregato,L‘occasione
Me degh i-t zérca a cà,Io dico ti cercano a casa,L‘occasione
t’a n’é da fêr’un pas,non devi fare un passo,L‘occasione
i fa gnacôša ló,fanno tutto loro,L‘occasione
sól la cumuditê,solo la comodità,L‘occasione
t’sté alè a ca tu,stai lì a casa tua,L‘occasione
mo me degh… sól i cino,ma io dico.... solo i film,L‘occasione
e’ bastareb sól quel par fês paghê’,basterebbero solo quelli per farsi pagare,L‘occasione
e invèci nench al partidi,e invece anche le partite,L‘occasione
"mo cs’êl, i righêla dl’ôr?","ma cos’è, regalano dell’oro?",L‘occasione
T’sté sèmpar alè atachê,Stai sempre lì attaccato,L‘occasione
"tot agli ór, nöta e dè","tutte le ore, notte e giorno",L‘occasione
ža t’ci invurnì ad tu,già che sei stordito di tuo,L‘occasione
cma-s fal a dì’ ‘d nö a un quël accè!,come si fa a rifiutare una cosa così!,L‘occasione
Be-mo gnench i comunichét ?,Neanche i telegiornali?,L‘occasione
Mo quânt’ël….ch’a n’i guérd piò!,Ma quant’è…..che non ci guardo più!,L‘occasione
"Mo stan bon, a la mi etê,","Ma sta zitto, alla mia età,",L‘occasione
"mo me... a j’ò e’ côr,","ma io….. ho il cuore,",L‘occasione
"u-m dà di trapaton, ch’il ten piò!","mi dà delle palpitazioni, chi lo tiene più!",L‘occasione
Adës a žugh cun al zanzêl,Adesso gioco con le zanzare,L‘occasione
ch’al m’à rimpì la ca!,che mi hanno riempito la casa!,L‘occasione
"Luìlt, s ’na gran fadôiga, i s’éra svrucé e j’éra scapp, léu nò, l'éra stae ciàp e tiràt zò.","Loro, con gran fatica, si sono liberati e d erano scappati, lui no, era stato preso e tirato giù.",Giovannino
"“Aiuto!” a rugìmi ma quei sla spiagia, du tré i s’è ziràt cmè per doi “S'a vut!?”","“Aiuto!” urlavamo a quelli sulla spiaggia, due tre si sono girati come a dire “cosa vuoi?”",Giovannino
Ma Giovanino u n gn’éra piò.,Ma Giovannino non c’era più.,Giovannino
- Zdòt an...e pu i dois ch’u j’è e’ Signaur! -,- Diciotto anni...e poi dicono che c’è Dio! -,Giovannino
"E biascèva qualcadéun dri mè, m e’ funeræl.","Brontolava qualcuno vicino a me, al funerale.",Giovannino
Da che dè e nòst Vicæri u n’è stæ piò léu: pérs dròinta un pansìr ch'u n s'è piò s-ciólt.,Da quel giorno il nostro Vicario non è stato più lui: perso dentro un pensiero che non si è più sciolto.,Giovannino
I bomboloni,I bomboloni,Giovannino
"“Riminii, stazione di Rimini!”","“Riminiii, stazione di Rimini!”",Giovannino
Néun a i lascìmi andæ e a s farmìmi at chi gabinótt sàura e sotpasàg.,Noi li lasciavamo andare e ci fermavamo nelle cabine sopra il sottopassaggio.,Giovannino
"Pu, lutéun lutéun, a s strasnìmi dri al nòsti bàursi sla via Dante.","Poi, molto lentamente, ci trascinavamo dietro le nostre borse sulla via Dante.",Giovannino
"Sóbti pròima de Dóm, néun a zirìmi a dèstra e a s farmìmi té piazæl du che òz u j’è i zardinétt.","Subito prima del Duomo, noi giravamo a destra e ci fermavamo nel piazzale dove oggi ci sono i giardinetti.",Giovannino
"A simi in quàtri ch’a fìmi al magistræli: Cece, Charli, Walter e mè.","Eravamo in quattro a far le magistrali: Cece, Charli, Walter e io.",Giovannino
Intænt ch’aspitìmi la campanèla Walter e cumpréva du bomboloni e u j’infiléva tla bàursa.,Intanto che aspettavamo la campanella Walter comprava due bomboloni e li infilava nella borsa.,Giovannino
Cla matòina avìmi la Bracconi ch’l’a s féva italién.,Quella mattina avevamo la Bracconi che ci faceva italiano.,Giovannino
"Sò e zò s’j’ócc ma che rigéstri, sò e zò al testi ti bénch ch’li paroiva la “ola” te stadio.","Su e giù con gli occhi su quel registro, su e giù le teste nei banchi che parevano la “ola” allo stadio.",Giovannino
«Uuuu...». «Vaselli cosa fai il lupo?».,«Uuuu...». «Vaselli cosa fai il lupo?».,Giovannino
«Non posso venire prof.».,«Non posso venire prof».,Giovannino
«Come sarebbe non puoi venire?!».,«Come sarebbe non puoi venire?!».,Giovannino
« No perchè...».,« No perchè...».,Giovannino
"Dò àuri te bagn, per dæ una ripuloida ma tótt che taca tach.","Due ore nel bagno, per dare una ripulita a tutto quell’attaccaticcio.",Giovannino
"Mò l’udaur tla bàursa e mi loibri ad Walter l’è arvænz, l’udaur dla crema e dla nòsta gioventó.","Ma l’odore nella borsa e nei libri di Walter è rimasto, l’odore della crema e della nostra gioventù.",Giovannino
E’ micòt,“E’ micòt”,Giovannino
"La n gn’é la scôla sta zôbia matòina, parchè l’è cmôinz al vacænzi ’d Pasqua e mè a sò lébri da gódmi la mi ma cla fa la zambèla.",Non c’è la scuola questo giovedì mattina perchè sono cominciate le vacanze di Pasqua e io sono libero di godermi la mia mamma che fa la ciambella.,Giovannino
"Mè a faz un pasitìn indrì, giôst per cuntantæla, pu a j’artàurni sòta per avdòi mèi.","Io faccio un passettino indietro, giusto per accontentarla, poi le ritorno sotto per vedere meglio.",Giovannino
"La fa i filéun, l’a i stènd t e’ padlàun, la sbatt un tùrli d’uv e, s’un pnilìn, l’a j’é stènd sàura.","Fa i filoni, li stende nel padellone, sbatte un tuorlo d’uovo e con un pennellino glielo stende sopra.",Giovannino
«Rino va mé fàurni avdòi se la zambèla la è pràunta» l’a m dois ta gl’ông la mi ma.,«Rino va al forno a vedere se la ciambella è pronta» mi dice verso le undici la mia mamma.,Giovannino
"«Vin a vdé vèrs mizdé» l’a m’arspònd sa cla vusìna ad mél, zcurénd cmè quéi ad là de fiéun.",«Vieni verso mezzogiorno» mi risponde con quella vo cina di miele e parlando come quelli di là del fiume.,Giovannino
«Sé sé» la m’arspònd ridénd «ém mèss só ènca e’ tu micòt!».,«Sì sì» mi risponde ridendo l’Elvira «abbiamo messo su anche il tuo “micòt”».,Giovannino
"Vers mezdè andém a tô la zambèla, u j’è un udàur t e’ faurni, mò un udaur ch’u t vén vòia da magnæla sôbti, e mænch ’na fèta, e mænch e’ micòt!","Verso mezzogiorno andiamo a prendere la ciambella cotta, c’è un odore nel forno, ma un odore che ti viene voglia di mangiarla subito, almeno una fetta, almeno “e’ micòt”!",Giovannino
"Mò u n gn’è gnént da fæ, «Oz la è tropa cælda, u n s pò fæ al fèti, la s sgardèla tôta, véndri la n s pò magnæ parchè l’è vzóiglia e dròinta u j’è e’ strôt.","Ma non c’è niente da fare: «Oggi è troppo calda, non si possono far le fette, si rompe tutta, venerdì non si può mangiare perchè è vigilia e dentro c’è lo strutto.",Giovannino
Sàbdi.,Sabato.,Giovannino
"Spéta pò Rino, fin’a sàbdi gnént da fæ.","Aspetta pure Rino, fino a sabato niente da fare.",Giovannino
"Masèd t e’ cantunzìn u j’é ænca e’ micòt ch’u m guærda, e pær che róida... che patàca!","Nascosto nell’angolino c’è anche “e’ micòt” che mi guarda e pare che rida... quel ""patacca""!",Giovannino
E’ Landìni,Il Landini,Giovannino
Pu Ro e Bunì j’è ’ndæ in pensiàun e t e’ su pòst u si è mèss un tratàur.,Poi Ro e Bunì sono andati in pensione e al loro posto ci si è messo un trattore: il Landini.,Giovannino
E cminzéva tra léun e schéur e l’andéva avænti tôt la nôta “pum....pum.... pum pum pum pum...”,Cominciava al crepuscolo e andava avanti tutta la notte: pum....pum.... pum pum pum pum pum...,Giovannino
"«Ch’u j’annéss un azidént!» e’ mi ba l’us-céva rugléndsi t e’ lèt, circhénd ad durmòi a la svélta, parchè al trè e mèz e duvòiva stæ sò pèr andæ a lavuræ me fabréch.","«Che gli venga un accidente!» il mio babbo sacramentava rigirandosi nel letto, tentando di dormire alla svelta, perchè alle tre e mezzo doveva alzarsi per andare a lavorare alla fabbrica.",Giovannino
"St’an la va mèi parchè, t e’ pòst d e’ Landini, u j’è un Catarpiller che é fa snò e’ rumàur d’un càmio: un “brrrrrrr” tòt cumpàgn, mai un scat, sempra e’ stèss tàun, oddìo, qualche sgasæda sè, mò snò ogni tænt, comunque éducæda, senza narvàus guasi ch’u i dispiasèss, t vu mètt sa “pum... pum... pum pum pum pum?”","Quest’anno va meglio perchè, al posto del Landini, c’è un Caterpiller che fa solo il rumore di un camion: brrrrr... vuoi mettere con pum... pum... pum pum pum?",Giovannino
Gnénca a zcòrni!,Neanche a parlarne!,Giovannino
E i m’ven a dì che j èn i n’pasa in prisia s’i s’armes-cia i lens dal nöt biânchi cun i tu gnech a e’ dè.,E mi vengono a dire che gli anni non passano in fretta se si mescolano gli ansiti delle notti bianche con i tuoi gemiti al giorno.,E rideremo del tempo
L’acva e e’ sol j à ariznì e’ curnison,L’acqua e il sole hanno arrugginito il cornicione,E rideremo del tempo
e l’è za óra che te t’chembia ca.,ed è già ora che tu cambi casa.,E rideremo del tempo
E alóra e’ srà coma turnê tabach:,E allora sarà come ritornare ragazzo:,E rideremo del tempo
t’at mitiva la bêrba d’furminton,ti mettevi la barba di granoturco,E rideremo del tempo
e t’saltiva int al scol coma un mat.,e saltavi sulle pozzanghere come un matto.,E rideremo del tempo
Int un pirôl d’na schêla longa a inciudaren i pës,In un piolo di una lunga scala inchioderemo i passi,E rideremo del tempo
e a lè fìrum coma stêtui d’zez a ridaren de’ temp ch’u s’à futì.,e lì fermi come statue di gesso rideremo del tempo che ci ha fottuti.,E rideremo del tempo
Insèna da tabach a t’ò zarchê,Fin da ragazzo ti ho cercato,Eri nel vento
un gazulê d’usël ch’i spiâna e’ zil par al cumet dla séra,un cinguettare sommesso di uccelli che preparano il cielo per gli aquiloni della sera,Eri nel vento
cla vós che sóra toti la s’alzéva,quella voce che su tutte si levava,Eri nel vento
la fësta d’un paés.,la festa di un paese.,Eri nel vento
Tcira la crós dla mi famì s-ciunclêda,Eri la croce della mia famiglia schiantata,Eri nel vento
i rog so pr e’ camen al sér d’invéran,le urla su per il camino le sere d’inverno,Eri nel vento
la név là fura cun al pédgh alziri.,la neve là fuori con orme leggere.,Eri nel vento
Vós de’ silenzi che t’am strenz e’ pët,Voce del silenzio che mi stringi il petto,Eri nel vento
"tci ’na parôla un segn, fradël ch’e’ ciâma","sei una parola un segno, fratello che chiama",Eri nel vento
e me ch’m’agrap a te coma ch’a pos.,ed io mi aggrappo a te come posso.,Eri nel vento
e la m’dmandéva sèmpra: com’ël grând?,e mi chiedeva sempre: com’è grande?,Il mare della bisnonna
"Mo biṣa, me a i dgéva, zènt vôlt e’ nöst paéṣ!","Ma bisa, le dicevo, cento volte il nostro paese!",Il mare della bisnonna
Coma un vidël ṣmarì int una nöt d’busâna e’ mogia e’ mogia fôrt.,"Come un vitello smarrito in una notte di burrasca mugghia, mugghia forte.",Il mare della bisnonna
"l’éra e’ ṣgrafegn di spen arvid dal mór, di biṣ ad sparaguai.","era il graffio degli spini delle more, e baci di nascosto.",Il mare della bisnonna
"Sminghìv l’invéran, ch’l’è stê lòngh asé, pr i strid de’ pôrch ch’l’à insupê d’ros la név, pr i pasarot s-ciazê.","Dimenticate l’inverno che è stato fin troppo lungo, per le strida del maiale che ha inzuppato di rosso la neve, per i passeri schiacciati.",Dimenticate l’inverno
Sminghìv l’invéran cun i sangunëz e ṣmolghi al caparël.,Dimenticate l’inverno con i geloni e i mantelli fradici.,Dimenticate l’inverno
Sminghìv l’invéran cun i murs dla fâm in do ch’e’ cânta sprê e’ pitaren,Dimenticate l’inverno coi morsi della fame dove canta disperato il pettirosso,Dimenticate l’inverno
"Sminghìv, mo a m’aracmând:","Dimenticate, ma vi supplico:",Dimenticate l’inverno
"apjì d’arnôv che fugh, nöl murtì piò, che fugh, che fugh!","accendete di nuovo quel fuoco, non spegnetelo più, quel fuoco, quel fuoco.",Dimenticate l’inverno
Una zitȇ ch’la n’fnes mai…,Una città che non finisce mai…,L’emigrante
U i ven ‘na streta a e’ côr.,Gli viene una stretta al cuore.,L’emigrante
"e pu e’ fes-cia, e’ fes-cia par nȫ pinsȇ.","poi fischia, fischia per non pensare.",L’emigrante
E’ temp ch’e’ pȇ ch’e’ fëga a pösta e’ fa turnȇ i cont.,Il tempo che sembra faccia apposta fa tornare i conti.,Vita
Un’ucȇda la t’şmȃna,Un’occhiata ti spoglia,Gli uomini
la t’arvives un’ȇtra.,un’altra ti rimette in vita.,Gli uomini
I s-cen j è com i spen:,Gli uomini sono come gli spini:,Gli uomini
i n’ s’ciapa par la ponta!,non si prendono per la punta!,Gli uomini
Ȅl tröp se a t’dmȃñd ad nö m’lasȇ?,È troppo se ti chiedo di non lasciarmi?,none
"Parôla, t’al sé, par me tci tot.","Parola, lo sai, per me sei tutto.",none
"Un pô d’sȇl int la zoca E’ bignarà avél, nö?","Un po’ di sale in zucca occorrerà averlo, no?",none
"‘S’a scrivta pu,","Cosa scrivi mai,",none
ch’u n’leʐ piò incion!,tanto non legge più nessuno!,none
A créd t’épa raşon:,Credo tu abbia ragione,none
"Tótt al vólti ch’a i passìmi davènti, par gvardè ‘lè dréinta, a féva cut da spèsa ‘l gàmbi dla mi mà.","Tutte le volte che ci passavamo davanti, per guardare lì dentro, facevo capolino da dietro le gambe di mia mamma.",Il mattatoio
"E’ céul di parénch, si gang spandléun.","Il lamento dei paranchi, coi ganci a penzoloni.",Il mattatoio
Un sulèr luzòus.,Un pavimento lercio.,Il mattatoio
Póll e galéini tachéd sò prì zampétt chi starnàza.,Polli e galline attaccati su per le zampe che starnazzano.,Il mattatoio
"I vidléun strasnéd par la murdèccia, i baghéin chi rògg, I brécc chi péunta.","I vitelloni trascinati per la mordecchia, i maiali che urlano, gli asini che si impuntano.",Il mattatoio
E sòura tótt che diavuléri… piò fórt: i móccal sécc di mazlér.,E sopra tutto quel caos… più forti: le bestemmie asciutte dei macellai.,Il mattatoio
"Muntéd sò sla batèna de mi cugnéd, disdèi sòura chi cuséin se chéul bagnéd; a tóta béra, tachéd cumè di ragn, sòura st’agli òndi par armidié un bagn!","Saliti sulla battana di mio cognato, seduti sopra quei cuscini con il culo bagnato; a tutta birra, attaccati come dei ragni, sopra queste onde per rimediare un bagno!",Il castello nel mare
"A vulìmi sòura l’aqua a piò di zént,","Volavamo sopra l’acqua a più dei cento,",Il castello nel mare
e Lorenzo e’ tàca a rógg tótt t’ un mumént:,e Lorenzo comincia a urlare tutto in un momento:,Il castello nel mare
"“Guarda laggiù, babbo, quello è un castello… là, in mezzo al mare: è proprio bello!”","“Guarda laggiù, babbo, quello è un castello… là, in mezzo al mare: è proprio bello!”",Il castello nel mare
e che paragòun a l’ò sintéi te stòng:,e quel paragone l’ho sentito nello stomaco:,Il castello nel mare
e se qualcadéun ul tòcca… a guàia!!!,è il mio bello; e se qualcuno lo tocca… sono guai!!!,Il castello nel mare
Mó gvérda cmè chi và fiéd…,Ma guarda come vanno combinati…,Quei ragazzacci
e i n s vargògna mégga!,e non si vergognano mica!,Quei ragazzacci
Dóbbi ch’i n s rènda còunt?,Possibile che non si rendano conto?,Quei ragazzacci
"I calzéun zò me chéul, sé cavàl mal znòci, s’ ‘na lofa ch’e’ pèr ch’i sea caghé madòss.","I calzoni giù al culo, con il cavallo alle ginocchia, con un fagotto che pare si siano cagati addosso.",Quei ragazzacci
"E chi giubidomini,… che dòp, màs-ci e fèmni, vai arcnòss tè, se t’ci bón!","E quei giubboni,… che dopo, maschi e femmine, valli a riconoscere, se sei capace!",Quei ragazzacci
E di scarpéun che su i ciàpa ‘n azidént i arvènza in pì…,E degli scarponi che se gli prende un accidente rimangono in piedi…,Quei ragazzacci
Di piò béll paistìn tachéd sò ma chi grépp che s t’ a t apòzz e’ pèr chi àpa da zuclé par la fadéiga chi fà a ‘rvanzè drétt.,Dei più bei paesini attaccati sopra quelle rupi che se ti appoggi sembra che debbano dondolare per la fatica che fanno a restare dritti.,Bella la Liguria
Scrichéd tra i méunt e si pi instécc tal gènghi.,Schiacciati tra i monti e con i piedi conficcati nelle rocce.,Bella la Liguria
"E’ sarà un’impressiòun mo ò fèida, che al màchini al sea fati ‘d miséura: chi li fàza piò strèti apòsta par lòu.",Sarà un’impressione ma ho fede che anche le macchine siano fatte di misura: che le facciano più strette apposta per loro.,Bella la Liguria
"E pu i scaléin, e’mi Signòur, quant scaléin!","E poi i gradini, il mio Signore, quanti scalini!",Bella la Liguria
"U i vrébb un scròch, cmè quel dla luce Che tè dé te scròch e t véid tótt un’ ent mònd",Ci vorrebbe un pulsante come quello della luce Che tu schiacci il pulsante e vedi tutto un altro mondo,Il pulsante
Invìci u i vrébb un scròch che e’ funziunéss da dréinta quel sé che sarébb e’ scròch!!,Invece ci vorrebbe un pulsante che funzionasse da dentro: quello sì che sarebbe il pulsante!!!,Il pulsante
Tin t’in a mént!,Tieniti in mente,
Tin t’in a mént che la cativéria l’an vén mai da fùra!,Tieniti in mente che la cattiveria non viene mai da fuori!,
… e ognéun us tén la su.,… e ognuno si tiene la propria.,
Da fé ché scréiv in dialètt che intanimòdi i capéss sno quel ch’u i pèr.,Da far cosa scrivere in dialetto che tanto capiscono solo quello che gli pare.,Da far cosa?
Da fè chè scréiv in dialètt.,Da far cosa scrivere in dialetto.,Da far cosa?
Da fé chè scréiv.,Da far cosa scrivere.,Da far cosa?
Da fè chè…,Da far cosa…,Da far cosa?
A n l’arcórd,Non ricordo,L’odore del sabato
l’udòur de sàbdi scapènd da scóla,l’odore del sabato uscendo da scuola,L’odore del sabato
arcórd snò ch’a séra lizìra,ricordo soltanto che ero leggera,L’odore del sabato
l’éra tótta da boi.,era tutta da bere.,L’odore del sabato
Énca un zéi,Anche un ciglio,Settembre
Al mèni a l vuntèva di giarùl,Le mani tracimavano di sassolini,Due anni
te vièl s’un vstidìn a pois.,nel viale con un vestitino a pois,Due anni
"s’una sménta, un fiòur...","con una semenza, un fiore...",Due anni
Pu l’à tàch a pióv,Poi ha cominciato a piovere,Due anni
la catóiva stasòun la s’à ingulè.,la cattiva stagione ci ha ingoiati.,Due anni
u n gn’è gnént in fònd a e’ curidéur,non c’è nulla in fondo al corridoio,Due anni
però u m tòcca sèmpra guardè.,però devo sempre guardare.,Due anni
E’ malàn dla nòta e’ sta,Il rumore della notte sta,Il rumore della notte
te fònd d’una cunchéa svóita,nel fondo di una conchiglia vuota,Il rumore della notte
là do ch’u s racói e mèr,là dove si raccoglie il mare,Il rumore della notte
che ta ne vóid mo ta l sé ch’u i è,che non vedi ma sai che c’è,Il rumore della notte
Dal vólti a m mètt ma la finèstra,A volte mi metto alla finestra,I discorsi della gente
da spèss i è acsè strach,spesso sono così stanchi,I discorsi della gente
che la s putrébb sparagnè,che si potrebbe risparmiare,I discorsi della gente
la fadóiga d’arvoi la bòcca.,la fatica di aprire la bocca.,I discorsi della gente
Mo se la zcòrr in dialètt,Ma se parlano in dialetto,I discorsi della gente
"alòura i zchèurs i arciàpa vigòur,","allora i discorsi prendono vigore,",I discorsi della gente
"énca al patachèdi,","anche le sciocchezze,",I discorsi della gente
e u m vén vòia d’andè ad ciòtta,e mi viene voglia di scendere in strada,I discorsi della gente
a dói la mi.,a dire la mia,I discorsi della gente
Nuvèmbri,Novembre,I discorsi della gente
ch’la vén zò da e’ mòunt,che scende giù dal monte,I discorsi della gente
l’è cumè nòiva sòura la tu fàza.,è come neve sopra la tua faccia.,I discorsi della gente
Nuvèmbri ti campsént u s radàna.,Novembre nei cimiteri si riordina.,I discorsi della gente
Al tu pavéuri a l càsca,Le tue paure fioccano,I discorsi della gente
"a zantnèra, a mièra","a centinaia, a migliaia",I discorsi della gente
cumè fòi sòura i viél.,come foglie sopra i viali.,I discorsi della gente
A péunt i mi ócc,Punto i miei occhi,I discorsi della gente
ti ócc d’un petròs.,negli occhi di un pettirosso.,I discorsi della gente
Eli e ràdghi,Ali e radici,I discorsi della gente
A t’ò niné,Ti ho cullato,I discorsi della gente
fin a fèt indurmantè,fino a farti addormentare,I discorsi della gente
èli e ràdghi a l s’è invrucédi.,ali e radici si sono intrecciate.,I discorsi della gente
E t’una nòta pursì,E in una notte qualunque,I discorsi della gente
un pésgh in fiòur.,un pesco in fiore.,I discorsi della gente
E’ mi ba,Mio padre,Mio padre
"l’è môrt da par se,",è morto da solo,Mio padre
"int e’ ‘bšdêl,",all’ospedale,Mio padre
la matena prëst.,di mattina presto.,Mio padre
E pu gnint.,E poi niente,Mio padre
Parchè la môrta la-n s’conta.,Perché la morte non si dice.,Mio padre
La môrta la-t s’insteca,La morte ti si infila,Mio padre
indentar,dentro,Mio padre
e la-t fa tent buš,e ti fa tanti buchi,Mio padre
dóv ch’u i pasarà la tu vita.,nei quali passerà la tua vita.,Mio padre
A e’ câmpsânt l’è pin d’vec,Al camposanto è pieno di vecchi,Al camposanto
I-s šmêša cun la grêzia,Si muovono con la grazia,Al camposanto
"d’na balarena straca,","di una ballerina stanca,",Al camposanto
i dà la porbia a i fiur,danno la polvere ai fiori,Al camposanto
i scor cun cvi ch’i pasa.,chiacchierano con i passanti.,Al camposanto
Me a-n n’ho alšir; int i vidar dal capëli,Io non ne ho voglia;sui vetri delle cappelle,Al camposanto
a gvêrd la mi faza,guardo il mio volto,Al camposanto
"e s’a m’ho da tajê’ i cavel,",e se dovrei tagliarmi i capelli:,Al camposanto
Sota i pi,Sotto i piedi,Al camposanto
"una foja seca,",una foglia secca,Al camposanto
"fena tlarâgna ad bochi svuiti,",fine groviglio di bocche vuote,Al camposanto
la creca int e’ salghê.,scricchiola sul selciato..,Al camposanto
ABRÌL,APRILE,Al camposanto
I dè i cór via svìlt,I giorni corrono via veloci,Al camposanto
cumpagn a burdél fura dla scöla.,come bambini fuori da scuola.,Al camposanto
"""Alsir"" l' è un sogn franzés",Alsir(1) è un sogno francese,Al camposanto
"a e' sol d'abrìl,","al sole d'aprile,",Al camposanto
ch' u m' inciöda,che mi inchioda,Al camposanto
int e' mèz dla strèda.,nel mezzo della strada.,Al camposanto
Mo a gl'è tóti maravéj...,Ma sono tutte smancerie...,Al camposanto
"A scriv accè, in cusêna,","Scrivo così, in cucina,",Al camposanto
un oc int e' foj,un occhio al foglio,Al camposanto
e un oc a e' sufrét.,e un occhio al soffritto.,Al camposanto
Ste parlè,Questo parlare,Al camposanto
l'è cumpagn'a moschi,è come mosche,Al camposanto
"ch'al peccia int i vìdar,","che picchiano sui vetri,",Al camposanto
una córsa ad bastérd int e' salghê.,un corsa di bambini nel selciato.,Al camposanto
"Sé,","Sì,",Al camposanto
"a jò capì,","ho capito,",Al camposanto
"t'a m'é capì,","mi hai capito,",Al camposanto
a jò int al mân,ho nelle mani,Al camposanto
un ruşlaz ad chêrta fena,"un papavero di carta fine,",Al camposanto
"ch'u pè vér,","che pare vero,",Al camposanto
basta ch'u-n pjuva.,purché non piova.,Al camposanto
Zogn,Giugno.,Al camposanto
al zriśi al dà,le ciliege danno,Al camposanto
"al źghèli la vośa,",le cicale la voce.,Al camposanto
"I burdel, ir piśinin,","I ragazi, ieri pulcini,",Al camposanto
i s beśa saibédgh,si baciano selvatici,Al camposanto
da spes i mur infughì.,dietro i muri infuocati.,Al camposanto
I s diś dal parôli véri,Si dicono parole vere,Al camposanto
cumpagna di righél sora l’altêr.,"come doni sull’altare,",Al camposanto
I sa che l’anma de fugh,sanno che l’anima del fuoco,Al camposanto
La j è int la fiamba,è nella fiamma,Al camposanto
no int la rinsida.,non nella durata.,Al camposanto
E int e’ ślergh d’un béś,E nello slargo di un bacio,Al camposanto
sânza sparagn nè pérsita,senza risparmio né perdita,Al camposanto
l’è tota luś da luś.,è tutta luce da luce.,Al camposanto
UTÒBAR,OTTOBRE,Al camposanto
A j avéva da dêt,Avevo da darti,Al camposanto
"Una méla ingarnêda,","Una melagrana,",Al camposanto
spachêda int e' mëẓ,spaccata nel mezzo,Al camposanto
da una carvaja,da una crepa,Al camposanto
"ch' la parëva una frida,","che sembrava una ferita,",Al camposanto
"un abràz, un beṣ, un quël,","un abbraccio, un bacio, una parola",Al camposanto
"E t' è magnê un garnël,","E hai mangiato un chicco,",Al camposanto
sânza pinsê che e' pôch,senza pensare che il poco,Al camposanto
"u po' tnì indrenta e' purasé,","può contenere il molto,",Al camposanto
"e' prema, e' döp,","il prima, il dopo,",Al camposanto
"la radiṣa, e' fiór,","la radice, il fiore,",Al camposanto
