nds,de,title
He het en Boom ümhackt in ’n Goorn.,Er hat einen Baum im Garten gefällt.,
De Hund wees ut ’e Puust.,Der Hund war außer Atem.,
Ik heff in miene Goorn en Appelboom plant.,Ich habe in meinem Garten einen Apfelbaum gepflanzt.,
Ik bün in ’n verkehrte Buss stegen.,Ich bin in den falschen Bus gestiegen.,
He keek mi in ’t Gesicht.,Er sah mir ins Gesicht.,
Mayuko ehr Droom is wohr worrn.,Mayukos Traum wurde wahr.,
He bröch uns trurige Narichten.,Er brachte uns traurige Nachrichten.,
Ik verstoh keene Diutsch.,Ich verstehe kein Deutsch.,
"Wenn rachter Flegen Flegen flegen, flegen Flegen Flegen achterher.","Wenn hinter Fliegen Fliegen fliegen, fliegen Fliegen Fliegen hinterher.",
"Schallst ook de Beste wäsen, wenn dor ans nüms is!","Du kannst auch der Beste sein, wenn da niemand anderes ist.",
De Mann hätt den Düwel siene Seel verköfft.,Der Mann verkaufte dem Teufel seine Seele.,
Schall ik di en Koorten teken?,Soll ich dir eine Karte zeichnen?,
Disse japansche Satz is unöversettbor.,Dieser japanische Satz ist unübersetzbar.,
Dor sünd enkelte Bööd op ’n Seed.,Es sind einige Boote auf dem See.,
Ik deed mi lever scheden loten.,Ich würde mich lieber scheiden lassen.,
Dit Book is nicht to verköpen.,Dieses Buch ist nicht zu verkaufen.,
Ik bün op ’n Weg.,Ich bin auf dem Weg.,
Warr ik wedder gahn künnen?,Werde ich wieder gehen können?,
Snackst du Georgsch?,Sprichst du Georgisch?,
Ik wull em anropen. Gest du siene Telefoonnummer?,Ich will ihn anrufen. Hast du seine Telefonnummer?,
Brian nehm en poor Rosen.,Brian nahm ein paar Rosen.,
Woveel Böker hess du dann?!,Wie viele Bücher hast du denn?!,
Un dien Süster?,Und deine Schwester?,
Du gest di teemlich verännert.,Du hast dich sehr verändert.,
"Wenn du Freden wullt, dunn mak di för ’n Krigg praat.","Wenn du Frieden willst, bereite dich auf den Krieg vor.",
He het datt Woter mit siene Foot raakt.,Er hat das Wasser mit seinem Fuß berührt.,
Wat schall datt för Edinburgh bedüden?,Was wird das für Edinburgh bedeuten?,
Datt fallt mi ich licht.,Das fällt mir nicht leicht.,
He füll in ’n Stroom.,Er fiel in den Fluss.,
De Oost is en Blangenstroom von de Elv.,Die Oste ist ein Nebenfluß der Elbe.,
Ik bün trurig.,Ich bin traurig.,
Datt Speel wees traag un langwielig.,Das Spiel war langsam und langweilig.,
Miene Puckel deit weh.,Mein Rücken tut weh.,
Miene Puckel deit weh.,Mein Rücken schmerzt.,
Se hätt em en Hemd kofft.,Sie hat ihm ein Hemd gekauft.,
Se is uns Naversch.,Sie ist unsere Nachbarin.,
De lüttste Eerddeel is Australien.,Der kleinste Kontinent ist Australien.,
De lüttste Eerddeel is Australien.,Der kleinste Erdteil ist Australien.,
Se will datt Geld nech antonehmen.,"Sie weigerte sich, das Geld anzunehmen.",
Giff op!,Gib es auf!,
Giff op!,Gib auf!,
In de drüdden Stünn hebbt wi Fransch.,In der dritten Stunde haben wir Französisch.,
Steerns sünd gewaltig grott Plasmabäll.,Sterne sind gigantische Plasmabälle.,
"De Nacht wees so düüster, meist so düüster as ehr Hart.","Die Nacht war so schwarz, fast so schwarz wie ihr Herz.",
"He weet nicht, wat he doot schall.","Er weiß nicht, was er tun soll.",
Ehr Muskeln sünd stiev.,Ihre Muskeln sind steif.,
Dor is en groot Lock in ’e Wand.,Da ist ein großes Loch in der Wand.,
De Wecker geit tein Minuten vüör.,Der Wecker geht zehn Minuten vor.,
Wi brukt Füer.,Wir brauchen Feuer.,
Anfangt wi op Siet 30 an.,Fangen wir auf Seite 30 an.,
Waorüm kümmst du uns ich beseuken?,Warum kommst du uns nicht besuchen?,
He is Maandag na New York fohrt.,Er ist am Montag nach New York gefahren.,
Heff ik wat verpasst?,Habe ich etwas verpasst?,
Ken hool op to snacken un füng an to äten.,Ken hörte auf zu sprechen und fing zu essen an.,
Datt is uns Huus.,Das ist unser Haus.,
Fatt datt nech an.,Fass es nicht an.,
De Tog is jüst afföhrt.,Der Zug ist soeben abgefahren.,
Wat för ’n Soort Äten magst du giern?,Was für ein Essen magst du gerne?,
Ken un Meg sünd alle beid miene Frünn.,Ken und Meg sind beide meine Freunde.,
Wat för en Nettkiekers bruukst du?,Was für einen Browser benutzt du?,
Wat för en Nettkiekers bruukst du?,Welchen Netznavigator verwendest du?,
Wat för en Nettkiekers bruukst du?,Welchen Netzgucker gebrauchst du?,
Normalerwies geit se Klock negen toslapen.,Meistens geht sie um neun Uhr schlafen.,
Ik eet nicht.,Ich esse nicht.,
Ehr Plaan lett beters as miene.,Ihr Plan erscheint mir besser als meiner.,
Deit mi leeg.,Verzeihung.,
Deit mi leeg!,Tut mir leid!,
Dröff ik düsse Appelsien äten?,Kann ich diese Orange essen?,
Dröff ik düsse Appelsien äten?,Kann ich diese Apfelsine essen?,
Hess du Melk?,Hast du Milch?,
Noch en lütt bäten.,Noch ein kleines bisschen.,
Se het allen kaputtmaakt!,Sie hat alles kaputt gemacht!,
Nu is de Aven ut.,Jetzt ist der Ofen aus.,
De Sommer is vörbi.,Der Sommer ist vorbei.,
De Sommer is vörbi.,Der Sommer ist zu Ende.,
Vergitt datt. Datt is de Möh ich weert.,"Vergiss es, das ist die Mühe nicht wert.",
Ik bün in Paris.,Ich bin in Paris.,
De Born is dröög.,Der Brunnen ist trocken.,
Deit jo datt leeg?,Tut es euch leid?,
Deit jo datt leeg?,Tut dir das leid?,
Fingers weg von de Schokelaad!,Finger weg von der Schokolade!,
Tom hätt Mary op ’n Weg na School dropen.,Tom hat Mary auf dem Schulweg getroffen.,
Tom seed nix.,Tom sagte nichts.,
Vonwegen den Storm kunnen wi datt misste Kind nech söken.,Aufgrund des Sturmes konnten wir das vermisste Kind nicht suchen.,
De Dänserinnen harr sick opfleet.,Die Tänzerinnen hatten sich hübsch angezogen.,
"Ik weet nicht, wannehr he trüggkummt.","Ich weiß nicht, wann er zurückkommt.",
Du büs dämelig.,Du bist dumm.,
He deed in Holsken afbotten.,Er stiefelte in Holzschuhen fort.,
Wis mi diene!,Zeige mir deins!,
He is op ’t Partermang.,Er ist auf der Toilette.,
Dor is en gelen Roos.,Da ist eine gelbe Rose.,
Se het em vördull peddt.,Sie hat ihn arg getreten.,
’Keene von de Jugs in diene Klass singt opbest?,Wer von den Jungen in deiner Klasse singt am besten?,
Se hebbt keene Spaansche utsnackt.,Sie sprachen kein Spanisch.,
De Tog wees vonwegen en Sneestorm twe Stunnen to lat.,Der Zug hatte wegen eines Schneesturms 2 Stunden Verspätung.,
Se hätt em instellt.,Sie hat ihn eingestellt.,
He mag kene Appelsienen.,Er mag keine Apfelsinen.,
Kan ik en Busfohrplaan kregen?,Könnte ich einen Busfahrplan bekommen?,
"Se het ich mal versöch, datt richtige to doot.","Sie hatte nicht einmal versucht, das Richtige zu tun.",
Ik heff veele an di dach.,Ich habe viel an dich gedacht.,
De hogen Luftfuchtigkeid maakt mi ganz dösig.,Die hohe Luftfeuchtigkeit macht mich ganz müde.,
Du musst vörsichtiger wäsen.,Du musst vorsichtiger sein.,
De Heven verdüüster sick.,Der Himmel verdunkelte sich.,
Düsse Schrievdisch is ut Holt.,Dieser Schreibtisch ist aus Holz.,
Du musst gohn.,Du musst gehen.,
"Ik kan mi besinnst, wat he seggt hätt.","Ich erinnere mich daran, was er gesagt hat.",
Ik weet nix övers ehr Plaans.,Ich weiß nichts über ihre Pläne.,
Öösterriek is al 1978 ut de Atomenergie utstegen.,Österreich ist bereits 1978 aus der Atomenergie ausgestiegen.,
De Schoolmeester sitt op ’n Stohl.,Der Lehrer sitzt auf dem Stuhl.,
Ik mag Spraken!,Ich mag Sprachen!,
Böst du en Töverer?,Bist du ein Zauberer?,
Ik kan nech besünners goods kieken.,Ich sehe nicht sehr gut.,
Du musst di spoden.,Du musst dich beeilen.,
Du musst di spoden.,Du musst dich sputen.,
Wi köönt de Achtersied von ’n Maand nicht sehen.,Wir können nicht die Hinterseite des Mondes sehen.,
Waorüm is he mucksch?,Warum ist er beleidigt?,
Ik bün noch ich meud.,Ich bin noch nicht müde.,
De Patient liggt op datt Dodenbedd.,Der Patient liegt auf dem Totenbett.,
Jim mag den Dokter.,Jim mag den Arzt.,
Jim mag den Dokter.,Jim mag den Doktor.,
Sünd Tom un Rias alle beid to lat to’n Ünnerricht kamen?,Sind Tom und Maria alle beide zu spät zum Unterricht gekommen?,
Se sünd op en eensame Insel utsett worrn.,Sie wurden auf einer einsamen Insel ausgesetzt.,
Se hör stünnenlang Musiek.,Sie hörte stundenlang Musik.,
"Ik weet, datt Marko krank wäsen is.","Ich weiß, dass Marko krank gewesen ist.",
Wat is datt?,Was ist das?,
Woveel Nachten blifft ji?,Wie viele Nächte bleibt ihr?,
Se is wiss övers vertig.,Sie ist mit Sicherheit über vierzig.,
Du gest twe Böker.,Du hast zwei Bücher.,
Hess du twe Böker?,Hast du zwei Bücher?,
He itt keene rohen Fischen.,Er isst keinen rohen Fisch.,
Ik kenn datt Geföhl.,Ich kenne das Gefühl.,
Ik gah vonavend mit Lisa ut.,Ich gehe heute Abend mit Lisa aus.,
Lat uns verpuusten.,Lass uns eine Pause machen.,
Lat uns verpuusten.,Lasst uns eine Pause machen.,
Wo lange kan ik mi dit Book lehnen?,Wie lang kann ich mir dieses Buch ausleihen?,
Miene Geboortsdatum is in ’n Juli.,Mein Geburtstag ist im Juli.,
Wat is de Ünnerscheed twüschen en Duuv?,Was ist der Unterschied zwischen einer Taube?,
Rias toog sick an.,Maria zog sich an.,
Ik heff noch nix daan.,Ich habe noch nichts getan.,
Tohuus gah ik lever barft.,Zu Hause gehe ich lieber barfuß.,
Tracy het ehr Brill verlorene.,Tracy hat ihre Brille verloren.,
Swiegen is Gold.,Schweigen ist Gold.,
"Ik bün nech paranoid, de sünd worraftig rachter mi her!","Ich bin nicht paranoid, sie sind tatsächlich hinter mir her!",
De Chineesche Müür is mihr as 5.500 Mielen lange.,Die Chinesische Mauer ist mehr als 5.500 Meilen lang.,
De Hund is dood.,Der Hund ist tot.,
Ik verlaat Tatoeba.,Ich verlasse Tatoeba.,
De Düwel schittst jümmerto op den gröttsten Hümpel.,Der Teufel scheißt immer auf den größten Haufen.,
Gest du en Trüggfohrkoort kofft?,Hast du eine Rückfahrkarte gekauft?,
"Datt is en Huus, jüst as datt, wat ik sehen heff.","Es ist ein Haus, genau wie das, was ich gesehen habe.",
Du blöddst an ’e Nees.,Du blutest an der Nase.,
Datt is för en Fründ von mi.,Es ist für einen Freund von mir.,
"Tööv man, ik roop Jimmy.","Warte kurz, ich rufe Jimmy.",
Bob deed Pastoor warrt.,Bob wurde ein Pfarrer.,
Se wohnt alleen in de Komer.,Sie wohnt alleine in dem Zimmer.,
Se wohnt alleen in de Kamern.,Sie wohnt allein in dem Zimmer.,
"Mak datt man gliek, datt du datt nicht vergittst.","Mache es gleich, damit du es nicht vergisst.",
Woans se utsnackt!,Wie sie spricht!,
De Bökerladen is dicht bi ’n Park.,Der Buchladen ist nahe am Park.,
Ik bün de Gröttst in miene Klass.,Ich bin der Größte in meiner Klasse.,
Hätt Tom Kinners?,Hat Tom Kinder?,
Hess du datt to ’n eersten Maol pröövt?,Hast du das das erste Mal gekostet?,
Jeedeen drunk en Glas.,Jeder trank ein Glas.,
"Tom wull, datt sien Kinners Fransch lihrt.","Tom will, dass seine Kinder Französisch lernen.",
"Süht ut, as wenn Bikinis dit Joht in sünd.","Es sieht aus, als ob Bikinis in diesem Jahr Mode sind.",
"Vertell em datt, wenn he trüggkummt.","Erzähle ihm das, wenn er zurückkommt.",
Düsse Stohl is för mi to siet.,Dieser Stuhl ist zu niedrig für mich.,
Düsse Stohl is to siet för mi.,Dieser Stuhl ist zu niedrig für mich.,
Düsse Stohl is to siet för mi.,Dieser Stuhl ist für mich zu niedrig.,
Düsse Stohl is för mi to siet.,Dieser Stuhl ist für mich zu niedrig.,
Ik bün jüst von de Post torüchkamen.,Ich bin gerade von der Post zurückgekommen.,
Töövst du op een?,Wartest du auf jemanden?,
Lat uns äten gohn.,Lasst uns essen gehen.,
"Ik weet ich, wat he dood odder lebennig is.","Ich weiß nicht, ob er tot oder lebendig ist.",
Ik kaam ut datt Swavenland.,Ich komme aus dem Schwabenland.,
"Warrn seggt, de Leevd maakt blind.","Man sagt, Liebe mache blind.",
Ik heff keene Kinners.,Ich habe keine Kinder.,
Lees düssen Satz nech.,Diesen Satz nicht lesen!,
Datt Gras von de Navers is alltied grönen.,Das Gras der Nachbarn ist immer grüner.,
"Ik gläuv, Tom meent, datt ik datt denk.","Ich glaube, Tom meint, dass ich das denke.",
Ik wees bange to lat to wäsen.,Ich fürchtete zu spät zu sein.,
Ik wees bange to lat to wäsen.,Ich hatte Angst mich zu verspäten.,
Twe mal dörteihn is sössuntwintig.,Zwei mal dreizehn ist sechsundzwanzig.,
"Wiss kansst du datt nehmen, wenn du datt wullt.","Natürlich kannst du es nehmen, wenn du es willst.",
Datt is datt Gesett.,Das ist das Gesetz.,
"Ofschoonst Grööndunnersdag na ’t Gesett keene Fierdag is, gellt an düssen Dag na Paragraaf 10 von datt Fierdaaggesett in Baden-Württembarg en Dansverbaad.","Obwohl der Gründonnerstag kein gesetzlicher Feiertag ist, gilt an diesem Tag nach Paragraph 10 des Feiertagsgesetzes in Baden-Württemberg ein Tanzverbot.",
Kunnst du düsse Taschen in ’n Kuffers packen?,Kannst du diese Taschen in den Koffer packen?,
Woneem is Noorden?,Wo ist Norden?,
Ahn Woter unn nüms op de Welt läven.,Ohne Wasser könnte niemand auf der Erde leben.,
Frankriek het wat gägen Taters.,Frankreich hat etwas gegen Zigeuner.,
Gah in ’n Park.,Geh in den Park.,
Wat is di wichtig?,Was ist dir wichtig?,
Ik heff in miene Goorn en Peerschboom plant.,Ich habe in meinem Garten einen Pfirsichbaum gepflanzt.,
"Wettst du, waorüm as he nicht in ’e School wees?","Weißt du, warum er nicht in der Schule war?",
Du kunnst würklich tæmlich goods neihn.,Du kannst wirklich sehr gut nähen.,
Wannehr gest du em datt eerste Maol dropen?,Wann hast du ihn zum ersten Mal getroffen?,
Bünt du dood?,Bist du tot?,
Ik kan jo ich noog laven.,Ich kann euch nicht genug loben.,
Kümmst du to miene Fier?,Kommst du zu meiner Party?,
"Dor wören Schäper, de op jemehr Hood oppassen deden.","Da waren Schäfer, die auf ihre Herde aufpassten.",
Na ’t Lüchten keem datt Rummeln.,Nach dem Blitz kam der Donner.,
"Ik heff em dropen, as ik in Paris wees.","Ich habe ihn getroffen, als ich in Paris war.",
He dor! Höörst du mi?,Hallo! Hörst du mich?,
Mööt wi den Buss nehmen?,Müssen wir den Bus nehmen?,
De Tähndokter hätt mi miene fulen Tähn trocken.,Der Zahnarzt hat mir meinen schlechten Zahn gezogen.,
Se het nech veele Geld.,Sie hat nicht viel Geld.,
He smökt nicht.,Er raucht nicht.,
Toern Maandag is en Fierdag.,Der nächste Montag ist ein Feiertag.,
"So as de Amerikaner Baseball gern hebbt, hebbt de Briten Cricket giern.","So wie die Amerikaner Baseball mögen, mögen die Briten Cricket.",
Wo lange slöppt en Boor?,Wie lange schläft ein Bär?,
Wi doon datt jedet Joht.,Wir tun das jedes Jahr.,
In ’e Köök is en Katte.,In der Küche ist eine Katze.,
"He hätt sick anwennt, mit Butenlänners to snacken.","Er hat sich angewöhnt, mit Ausländern zu sprechen.",
"Mi dücht, wi schullt noch en halve Stünn töven.","Ich glaube, wir sollten noch eine halbe Stunde warten.",
Vandaag heff ik nigge Holschen kofft.,Heute habe ich neue Holzschuhe gekauft.,
He kan goods kaken.,Er kann gut kochen.,
Datt bruuk ik.,Das brauche ich.,
Waorüm sünd wi huer?,Warum sind wir hier?,
Huer is miene Telefoonnnummer.,Hier ist meine Telefonnummer.,
Se het een Söön un twe Döchter.,Sie hat einen Sohn und zwei Töchter.,
Büs du mit diene Arbeit trech?,Bist du mit deiner Arbeit fertig?,
Ik wees noch nien in Neeseeland.,Ich war niemals in Neuseeland.,
En Krokodiel hätt em datt Been afbeten.,Ein Krokodil hat ihm das Bein abgebissen.,
"Ik heff Lust, Hebrääsch to lihren.",Ich habe Lust Hebräisch zu lernen.,
Se unn ehr Ogen ich von em kregen.,Sie konnte ihre Augen nicht von ihm abwenden.,
Wat för en Swienkraam!,Was für eine Sauerei!,
He deed önnig jappen.,Er gähnte ausgiebig.,
"Ik mag em nech, aver ik mag ehr.","Ich mag ihn nicht, aber ich mag sie.",
Tom is teemlich swipp.,Tom ist sehr geschickt.,
Ik wull keene Fleesch.,Ich will kein Fleisch.,
Tom deed siene Fööt schrubben.,Tom schrubbte seine Füße.,
Se het een Dutz Eier kofft.,Sie kaufte ein Dutzend Eier.,
Uns Team hätt den Weddstried wunnen.,Unsere Mannschaft hat das Spiel gewonnen.,
"Ik kan mi nicht besinnst, woneem ik datt kofft heff.","Ich kann mich nicht erinnern, wo ich es gekauft habe.",
Neptun is de acht Planeet von datt Sünnsysteem.,Neptun ist der achte Planet des Sonnensystems.,
Ik bün in tein Minuten trügg.,Ich bin in zehn Minuten zurück.,
De Töög fohrt alle twe Stunnen.,Die Züge fahren alle zwei Stunden.,
"Sodraad se trügg is, roop ik jo an.","Sobald sie zurück sind, rufe ich euch an.",
Wannehr harrn se düssen Unfall?,Wann hatte sie diesen Unfall?,
Wi maakt jüst Plaans för de Feerne.,Wir machen gerade Pläne für die Ferien.,
"Ik bruuk een, de mi in ’n Arm nimmt un mi seggt, datt allen wedder goods warrn.","Ich brauche jemand, der mich in den Arm nimmt und mir sagt, dass alles wieder gut wird.",
Ik bün gröttern as he.,Ich bin größer als er.,
Ik arbeit huer. Ik bün keene Gast.,Ich arbeite hier. Ich bin kein Gast.,
Tom het ’n Halfbroder.,Tom hat einen Halbbruder.,
Düsse Schoklaad is unbannig sööt un lecker.,Diese Schokolade ist total süß und lecker.,
Wi mööt uns an datt Gesett hollen.,Wir müssen uns an das Gesetz halten.,
Tom hätt en Leeg övers Rias schräven.,Tom hat ein Lied über Maria geschrieben.,
Tom het sick al jümmerto vun’e anner Kinners ünnerscheeden.,Tom hat sich schon immer von den anderen Kindern unterschieden.,
Tom is up de Straat vüör de Kark doodschaten worrn.,Tom wurde auf der Straße vor der Kirche erschossen.,
Tom is up de Straat vüör de Kark doodschaten worrn.,Tom wurde auf der Straße vor der Kirche totgeschossen.,
Tom is ünnen.,Tom ist unten.,
En Lastwagen deed de Straat langsjagen.,Ein Lastwagen raste die Straße entlang.,
Ik bün jüst opstahn.,Ich bin gerade aufgestanden.,
Haal de Appelsienen ut ’n Köhlschapp.,Hole die Orangen aus dem Kühlschrank.,
Se seeg en Spökels un verfehr sick.,Sie sah ein Gespenst und erschrak.,
Se hebbt sick körtens freet.,Sie haben kürzlich geheiratet.,
Nööm mi Ismael.,Nenne mich Ismael.,
"Wat vertellst du mi opmaal von Nielpeer? Ik verstoh ich, wat de mit dien twölv Goldfisch to doot hebbt?",Wieso erzählst du mir plötzlich von Nilpferden? Ich sehe den Zusammenhang zwischen ihnen und deinen zwölf Goldfischen nicht.,
Bi mi tohuus brukt wi Margarien un keene Botter.,Bei mir zu Hause verwenden wir Margarine statt Butter.,
Ik lach mi dal.,Ich lach mich kaputt.,
Ik lach mi dal!,Ich lache mich kaputt!,
Nech alle Vogels köönt flegen.,Nicht alle Vögel können fliegen.,
Tom wull nicht mit di snacken.,Tom will nicht mit dir reden.,
Strengsnacken is siene Antwoord ich korrekt.,Genau genommen ist seine Antwort nicht zutreffend.,
"Du musst doot, wat ik segg.","Du musst tun, was ich sage.",
Tom keem vüör Mary an.,Tom kam vor Mary an.,
Welke Hoorfarv hätt Tom?,Welche Haarfarbe hat Tom?,
Se het em schreen hört.,Sie hat ihn schreien gehört.,
Se hätt em schreen hört.,Sie hat ihn schreien hören.,
Datt Schipp lööp op Grund.,Das Schiff lief auf Grund.,
Se sünd Frünn bleven.,Sie sind Freunde geblieben.,
"Gesetten sünd as Spinnweven, de lütten Flegen infangt, man Wöpschen un Peerhöörnken dörbreken lett.","Gesetze sind wie Spinnweben, die kleine Fliegen einfangen, aber Wespen und Hornissen durchbrechen lassen.",
Wat en grotten Junge he is!,Was er für ein großer Junge ist!,
Wat en grotten Jund he is!,Was für ein großer Junge er ist!,
Utsnackt ji mit mi?,Redet ihr mit mir?,
De Jugs sünd na Noorden gohn.,Die Jungen sind nach Norden gegangen.,
Ik wull noch en bäten toslapen!,Ich will noch ein bisschen schlafen!,
Woveel Bookstaven het datt Alphabeet?,Wie viele Buchstaben hat das Alphabet?,
Dor wees mal en groot Slott op den lütte Barg.,Es gab einmal ein großes Schloss auf dem kleinen Berg.,
Ik bün blau.,Ich bin betrunken.,
Ik bün blau.,Ich bin blau.,
De Bruud deed opmaal loospruuschen.,Die Braut lachte plötzlich.,
Ik seh allen dubbelte.,Ich sehe alles doppelt.,
Se künnt huer up se teuven.,Sie können hier auf sie warten.,
Lat mi nech alleen!,Lass mich nicht allein!,
Ik sliek mi in datt Huus.,Ich schleiche mich ins Haus.,
Du schullst mihr äten.,Du solltest mehr essen.,
He rööp üm Middernacht an.,Er rief um Mitternacht an.,
Anter.,Antworte!,
"Wat meenst du dor mit, datt du datt nicht wettst?","Was meinst du damit, dass du das nicht weißt?",
Ik söök na en Arbeidssteed.,Ich suche eine Arbeitsstelle.,
Ik söök na en Arbeidssteed.,Ich bin auf der Suche nach einer Arbeitsstelle.,
"Ik heff vergäten, em dorna to frogen.","Ich habe vergessen, ihn danach zu fragen.",
Tofällig funn he sien verloren Kamera wedder.,Zufällig fand er seine verlorene Kamera wieder.,
Elk Hahn kreiht op siene egen Mesthümpel.,Jeder Hahn kräht auf seinem eigenen Misthaufen.,
Woneem kan een Böker köpen?,Wo kann man Bücher kaufen?,
Uns Tuun is ut Iesen.,Unser Zaun ist aus Eisen.,
Nu sünd ji an ’e Reeg.,Jetzt seid ihr dran.,
St. Louis in Missouri is beropen för den Gateway Arch un de Anheuser-Busch-Broeree.,St. Louis in Missouri ist berühmt für den Gateway Arch und die Anheuser-Busch-Brauerei.,
Hört düsse Böker di to odder mi?,Gehören dir diese Bücher oder mir?,
Föhrst du mit ’n Buss na Tokyo?,Fährst du mit dem Bus nach Tokio?,
Se unn alltied op all Frogen antern.,Sie konnte immer auf alle Fragen antworten.,
Hess du enen Knall?,Hast du einen Knall?,
Wo faken musst du na ’n Tähndokter?,Wie oft musst du zum Zahnarzt?,
’keene hätt dissen Kauken backt?,Wer hat diesen Kuchen gebacken?,
De Köningin het datt Museum besökt.,Die Königin hat das Museum besucht.,
De Köningin hätt datt Museum besökt.,Die Königin besuchte das Museum.,
"„Meist veer Pund“, see Bob.","„Fast vier Pfund“, sagt Bob.",
De Meed is verdammt nochmaal to hoog.,Die Miete ist verdammt noch mal zu hoch.,
Ted speelt gern Trumpeet.,Ted spielt gerne Trompete.,
"Wenn datt ich wohr is, is datt doch goods utdacht.","Wenn das nicht wahr ist, ist es doch gut ausgedacht.",
Ik heff datt trechkregen.,Ich habe es fertig gebracht.,
Tom het dreedusend Yen in ’e Tasch.,Tom hat dreitausend Yen in der Tasche.,
He hätt ehr towunken.,Er hat ihr zugewinkt.,
"Se hebbt allerwegens op de Welt Filialen, von Kalkutta bet New York.","Sie haben überall auf der Welt Filialen, von Kalkutta bis New York.",
De Sommerfeern anfangt in ’n Juli an.,Die Sommerferien beginnen im Juli.,
"Kiek diene Katz to, dann liehrst du ehr kennen.","Beobachte deine Katze, dann wirst du sie kennen lernen.",
De Hund jagt de Katte üm’n Boom.,Der Hund jagt die Katze um den Baum.,
"Ik mag alle Films, bi de Juzo Itami Speelbaas is.","Ich mag alle Filme, bei denen Juzo Itami Regisseur ist.",
Ik heff mi heesch utsnackt.,Ich redete mich heiser.,
Leest düssen Satz nech.,Diesen Satz nicht lesen!,
"Köttens, as wi in’n Bookladen in Schottland woren, do freug miene Fru den jungen Verköper, of he vun’n bestimmten Kinnerbook en Utgoov up Gäälsch harrn.","Als wir kürzlich in einer Buchhandlung in Schottland waren, fragte meine Frau den jungen Verkäufer, ob er von einem bestimmten Kinderbuch eine Ausgabe auf Gälisch habe.",
De Weltruum is vull mit Radels.,Der Weltraum ist voller Rätsel.,
Waorüm gest du datt seggt?,Warum hast du das gesagt?,
"Miene Hund Wolfgang slöppt jümmerto neven mi op’e Bänk, wieldat ik mi mit’n Reekner befaten do.","Mein Hund Wolfgang schläft immer neben mir auf der Bank, während ich am Rechner arbeite.",
Ik schall nienich opgeven.,Ich werde niemals aufgeben.,
Du musst mihr arbeidt.,Du musst mehr arbeiten.,
Ik wull Ies natoeten.,Ich will Eis zum Nachtisch.,
Woneem is de Zoo?,Wo ist der Zoo?,
Ik will ik wees wedder junge.,"Ich wünschte, ich wäre wieder jung.",
He het noch wedder den Weddloop wunnen.,Er gewann erneut den Wettlauf.,
De Sozialistische Partei hätt man 18% von de Stimmen kriegen.,Die Sozialistische Partei hat nur 18% der Stimmen bekommen.,
Wat heff ik daan?,Was habe ich getan?,
Ik bün ook frömd huer.,Ich bin auch fremd hier.,
Wi sünd op de Kneen gohn un hebbt beedt.,Wir knieten uns hin und beteten.,
Snack luder. Diene Opa hört nicht mihr so goods.,Sprich lauter! Dein Opa hört nicht mehr so gut.,
Het he di wat seggt?,Hat er dir etwas gesagt?,
Datt Bild hängt scheev.,Das Bild hängt schief.,
Datt is tohoop utverköfft.,Es ist komplett ausverkauft.,
Datt hätt mi verblüfft.,Das hat mich verblüfft.,
Se driggt en düren Ring.,Sie trägt einen teuren Ring.,
"Wenn ik Tom seh, segg ik em, datt ji em socht hebbt.","Wenn ich Tom sehe, sage ich ihm, dass ihr ihn gesucht habt.",
Se het so smucke Ogen.,Sie hat so schöne Augen.,
De Slüters wüllt von Middernacht af an drie Daag lange striekt.,Die Gefängniswärter werden ab Mitternacht drei Tage lang streiken.,
Intressant.,Interessant.,
De Eerd dreiht sick üm de Sünn.,Die Erde umkreist die Sonne.,
Wat harrst du?,Was hattest du?,
Ik speel Sudoku un stöör di ich mihr.,"Ich werde also Sudoku spielen, anstatt dich weiter zu stören.",
De Luft is rut.,Die Luft ist raus.,
"Datt Kind lett, as wenn datt slöppt.",Das Kind scheint zu schlafen.,
Wo geit miene Söön datt?,Wie geht es meinem Sohn?,
Woneem hess du Chineesche lihrt?,Wo hast du Chinesisch gelernt?,
Böst du n Student?,Bist du Student?,
Speelst du mit mien Fööt?,Spielst du mit meinen Füßen?,
"Datt deed to lange duren, di to verkloren, waorüm as datt nech gohn deed.","Das würde zu lange dauern, dir zu erklären, warum das nicht funktionieren wird.",
Miene Nover hätt siene Huus kumplett reneveert.,Mein Nachbar hat sein Haus komplett renoviert.,
Na en Stoot keem he mit en Wöörbook ünner ’n Arm trügg.,Nach einer Weile kam er mit einem Wörterbuch unter dem Arm zurück.,
"Wenn de Katten pruust, warrn datt goods Wederk.","Wenn die Katzen niesen, wird das Wetter gut.",
Gest du keene Stimm in ’n anneren Ruum hört?,Hast du keine Stimme im Nebenraum gehört?,
Drie Bier un een Tequila harrn ik giern.,"Drei Bier und einen Tequila, bitte!",
Ik bruuk datt nicht mihr.,Ich brauche es nicht mehr.,
Ik bruuk datt ich mihr.,Ich brauche das nicht mehr.,
Datt is nix as en Löög!,Das ist nichts als eine Lüge!,
Wat wullt du gern doot?,Was würdest du gerne machen?,
Ik heff datt mit de Neren.,Ich habe etwas mit den Nieren.,
Ik swemm giern.,Ich schwimme gern.,
Mika het en poor Frünn in Florida.,Mike hat ein paar Freunde in Florida.,
Düsse is beters.,Dieses ist besser.,
Miene Hund tillert mit ’n Steert.,Mein Hund wedelt mit dem Schwanz.,
Dor dröff ik nix to seggen.,Da darf ich nichts zu sagen.,
Bi Nacht sünd alle Katten gries.,Bei Nacht sind alle Katzen grau.,
Ik bün vüör Eerdbeven bange.,Ich fürchte mich vor Erdbeben.,
Ik bün vüör Eerdbeven bange.,Ich habe vor Erdbeben Angst.,
Datt gefallt mi tæmlich goods.,Es gefällt mir sehr gut.,
Ik weet dor meist nix övers.,Ich weiß fast nichts darüber.,
"Wenn een toveel itt, warrn een dicke.","Wenn man zu viel isst, wird man dick.",
Elektrostal is veele gröttern as Asbest.,Elektrostal ist deutlich größer als Asbest.,
Datt is al Klock tein avends.,Es ist schon zehn Uhr abends.,
"Datt is keene Hebrääsch, man Jiddisch.","Das ist kein Hebräisch, sondern Jiddisch.",
Snack dor mit em nech övers.,Rede mit ihm nicht darüber.,
Do wat du wullt.,"Mache, was du willst.",
Do wat du wullt.,"Mach, was du willst.",
Eet diene Supp!,Iss deine Suppe!,
Is de Bänk apen?,Hat die Bank geöffnet?,
Elk Kind kreeg en Geschenk.,Jedes Kind bekam ein Geschenk.,
De sünd binnen.,Sie sind drinnen.,
He deed Geld bistüren.,Er steuerte viel Geld bei.,
Datt is miene Kantoor.,Das ist mein Büro.,
Nedderländsk lihren is nicht swor.,Niederländisch zu lernen ist nicht schwer.,
"He unn ich snacken, vonwegen datt de Tokiekers to luut wören.","Er konnte nicht sprechen, weil die Zuschauer so laut waren.",
Ik bün di een schüllig.,Ich bin dir etwas schuldig.,
Speel nech mit ehr Geföhlen.,Spiel nicht mit ihren Gefühlen.,
"Vertell mi, wat du wullt.","Erzähle mir, was du willst.",
Kiek di datt noch wedder an.,Schau dir das nochmal an.,
Se kriegen keene Cent.,Sie bekommen keinen Cent.,
"Datt bäten Geld, wat ik bi mi harrn, heff ik ehr gäven.","Ich habe ihr das wenige Geld, das ich bei mir hatte, gegeben.",
He hätt sick na ’t Avendenten henleggt.,Er hat sich nach dem Abendessen hingelegt.,
"He see, datt datt Klock negen wees.","Er sagte, es sei neun Uhr.",
Du bünt man en Student.,Du bist nur ein Student.,
Opmaal deed ik en Schree hören.,Plötzlich hörte ich einen Schrei.,
"Tom wöör to stolt, üm sick helpen to laten.","Tom war zu stolz, um Hilfe anzunehmen.",
Se sladdert teemlich gern.,Sie klatscht sehr gerne.,
Datt is en Schädel.,Das ist ein Schädel.,
Ik bün in Tokyo boren un upwossen.,Ich bin in Tokio geboren und aufgewachsen.,
Wat seggt de Klock?,Wie viel Uhr ist es?,
Wat seggt de Klock?,Was sagt die Uhr?,
"Wat he ook seggt, vertro em nicht.","Was er auch sagt, traue ihm nicht.",
Mank de Blomen wüss veele Unkrudd.,Zwischen den Blumen wuchs viel Unkraut.,
Ik heff datt Snuppdook plätt.,Ich habe das Taschentuch gebügelt.,
De Straat is natte.,Die Straße ist nass.,
Wat hess du maakt?,Was hast du gemacht?,
Ji sünd duune!,Ihr seid betrunken!,
Häs du aal Middag gieden?,Hast du schon zu Mittag gegessen?,
De Topp von ’n Barg liggt ünner Snee.,Die Bergspitze liegt unter Schnee.,
Du brickst di den Hals!,Du brichst dir den Hals!,
De letzten Beuker wörrn vor achte Daag verköfft.,Die letzten Bücher wurden vor einer Woche verkauft.,
Mi geit datt goods.,Mir geht's gut.,
Mi geit datt goods.,Mir geht es gut.,
Se deed miene Idee tostimmen.,Sie stimmte meiner Idee zu.,
Waorüm sünd de Schandarms huer?,Warum ist die Polizei hier?,
"De optimale Reeg is ich 1-2-3, man 3-2-1.","Die optimale Reihenfolge ist nicht 1-2-3, sondern 3-2-1.",
"Ik bün fröh, di to sehen!","Ich bin froh, dich zu sehen!",
He wüss datt nech.,Er wusste es nicht.,
Ik heff toveel Tiuch!,Ich habe zuviel Zeug!,
Wi mööt ierst uns Huusopgaven trech moken.,Wir müssen erst unsere Hausaufgaben fertig machen.,
"En lahme Katz is mihr weert as en gau Peerd, wenn de Pallast vull Müüs is.","Eine lahme Katze ist mehr wert als ein schnelles Pferd, wenn der Palast voller Mäuse ist.",
Tom is beneden.,Tom ist unten.,
Boomkoken is en düütschen Spezialität.,Baumkuchen ist eine deutsche Spezialität.,
Düsse Ruut lett sick nicht apenmaken.,Dieses Fenster lässt sich nicht öffnen.,
Drie Ies harrn ik giern.,"Drei Eis, bitte.",
Ik bün vüör den Krigg in Europa wesen.,Ich war vor dem Kriege in Europa.,
Wettst du wat?,Weißt du etwas?,
"Wenn den Schipper de Wellen wegsnappen, is gor ich to beduurn de Mann. Wat geiht den dösigen Knappen datt Froonsminsch dor boben an?","Ich glaube, die Wellen verschlingen am Ende Schiffer und Kahn; und das hat mit ihrem Singen die Lore-Ley getan.",
Wi sünd övers ’n Atlantik flagen.,Wir sind über den Atlantik geflogen.,
He möök datt Kiekschapp ut un füng datt Lihren an.,Er schaltete den Fernseher aus und fing an zu lernen.,
Een het mi miene Saken stahlen.,Jemand hat mir meine Sachen gestohlen.,
"„Gest du Rias al maol sünner ehr Handtasch sehen?“ – „Rias? Ne, noch nien.“","„Hast du Maria schon einmal ohne ihre Handtasche gesehen?“ – „Maria? Nein, noch nie.“",
Ik bün plietsch.,Ich bin schlau.,
"As ik 15 wees, heff ik en egen Komer kriegen.","Als ich 15 war, bekam ich ein eigenes Zimmer.",
He schient gern to överdrieven.,Er scheint gerne zu übertreiben.,
Tom drinken gor keene Alkohool.,Tom trinkt gar keinen Alkohol.,
Rachter datt Kino is en Park.,Hinter dem Kino ist ein Park.,
Wo hätt Tom mit Rias övers utsnackt?,Worüber hat Tom mit Maria gesprochen?,
Kan ik miene Dokter spreken?,Kann ich meinen Doktor sprechen?,
Se het sick datt Foto von mi as lütt Buttjer keken un hätt lacht.,Sie hat sich das Foto von mir als kleinem Jungen angeschaut und hat gelacht.,
Du schußt miene Raat antonehmen.,Du solltest meinen Rat annehmen.,
De Buer het siene Trecker in ’e Schüün staht.,Der Bauer hat seinen Traktor in der Scheune stehen.,
Ik heff datt Book för tweehunnerd Yen kofft.,Ich habe das Buch für zweihundert Yen gekauft.,
Datt spöökt in datt Huus.,Es spukt in dem Haus.,
Ik heff jümmerto en Wöörbook bi ’e Hand.,Ich habe immer ein Wörterbuch bei der Hand.,
Düsse Wand is gröön anstreken.,Diese Wand ist grün gestrichen.,
Ik heff ehr vüör twe Joht jichtens sehen.,Ich habe sie vor zwei Jahren irgendwo gesehen.,
Ik kan nech wiedergahn.,Ich kann nicht weitergehen.,
Bruuk af un to mal diene Kopp.,Benutz gelegentlich mal deinen Kopf.,
"Datt deit weh, di so to sehen.","Es tut weh, dich so zu sehen.",
He keem in’t Wanken un füll hen.,Er verlor das Gleichgewicht und fiel hin.,
Wat schall ’t dunn wäsen?,Was darf’s denn sein?,
Datt is mi schietegaal.,Das geht mir am Arsch vorbei.,
Miene Tog is Klock söven losföhrt un Klock tein in New York ankamen.,Mein Zug ist um sieben abgefahren und um zehn in New York angekommen.,
Legg de Eier in datt kakendige Woter.,Lege die Eier in das kochende Wasser.,
Ik snack mit di.,Ich spreche mit dir.,
Ik heff datt in en Koophuus kofft.,Ich habe das in einem Kaufhaus gekauft.,
He keek ehr deep in de Ogen.,Er sah ihr tief in die Augen.,
Italien is in Europa.,Italien ist in Europa.,
He is en bäten beters as en Pracher.,Er ist ein wenig besser als ein Bettler.,
Wis mi en annern Bispell.,Zeig mir ein anderes Beispiel.,
Falken sünd Griepvagels.,Falken sind Greifvögel.,
Datt is afköhlt.,Es hat sich abgekühlt.,
Gold is sworer as Sülver.,Gold ist schwerer als Silber.,
Tom is al drie Daag in’t Krankenhuus.,Tom ist schon seit drei Tagen im Krankenhaus.,
Utstarven is Deel von de Evolution.,Das Aussterben ist ein Teil der Evolution.,
Miene Hobby is Breevmarkensammeln.,Mein Steckenpferd ist Briefmarkensammeln.,
Wi hebbt keene Geld övers.,Wir haben kein Geld übrig.,
Ik verstoh de Musiek nicht.,Ich verstehe die Musik nicht.,
"Ik heff utfunnen, waorüm as de Maschienen ich güng.","Ich habe herausgefunden, warum die Maschine nicht ging.",
Wat leest du?,Was liest du?,
Miene Süster is twe Joht jünger as ik.,Meine Schwester ist zwei Jahre jünger als ich.,
"Du kunnst sitten gohn, wo du wullt.","Du kannst dich hinsetzen, wo du willst.",
Ik heff tövt un tövt.,Ich wartete und wartete.,
"Bedankt, kan ik en bäten mihr kregen?","Danke, kann ich ein bisschen mehr bekommen?",
Mak de door tau rachter di.,Schließ die Tür hinter dir.,
De Laden verköfft Aavt un Grööntüüg.,Das Geschäft verkauft Obst und Gemüse.,
De Laden verköfft Aavt un Grööntüüg.,Der Laden verkauft Obst und Gemüse.,
Wi hebbt en Bullenhitt.,Es herrscht eine Affenhitze.,
De Ampel deed root warrt.,Die Verkehrsampel wurde rot.,
De Ampel deed root warrt.,Die Ampel wurde rot.,
De Kole Krigg füng na ’n Tweeten Weltkrieg an.,Der Kalte Krieg fing nach dem Zweiten Weltkrieg an.,
Dor lööp en Rött övers de Straat.,Da läuft eine Ratte über die Straße.,
En fuligen Röök keem ut de Kuhl hoogstegen.,Ein fauliger Geruch kam aus dem Erdloch herauf.,
„Lat mi tofreden!“ see se argerlich.,Lass mich in Ruhe! sagte sie ärgerlich.,
Datt huer is en Foto von miene Schilleraatsen.,Das hier ist ein Foto von meinem Gemälde.,
In dissen Huus wahnt tein Lüdd.,In diesem Haus wohnen zehn Leute.,
„Wat för en söte lütter Hund. Waorüm heet he Panda?“ „Vonwegen datt siene Gesicht utsütt as datt von en Panda.“,„Was für ein süßer Welpe. Warum heißt er Panda?“ „Weil sein Gesicht aussieht wie das eines Panda.“,
Wi sünd nech in ’n Dschungel.,Wir sind nicht im Dschungel.,
He schellen ehr Appel.,Er schält ihren Apfel.,
Ik eet mit miene Hannen.,Ich esse mit meinen Händen.,
Dit Wekenenn warrn de Klocken een Stünn trüggstellt.,Dieses Wochenende werden die Uhren eine Stunde zurückgestellt.,
Mi gefallt dit Hemd nicht. Wis mi en anneren.,Mir gefällt dieses Hemd nicht. Zeige mir ein anderes.,
Se hätt di weckt.,Sie hat dich geweckt.,
Un wat krigg ik dor för?,Und was bekomme ich dafür?,
In ’e Köök fehlt en Spöölmaschien.,In der Küche fehlt eine Spülmaschine.,
Papa het Böker för mi kofft.,Papa hat Bücher für mich gekauft.,
He keem ut China trügg.,Er kehrte aus China zurück.,
Ik snack kuum mit em.,Ich spreche kaum mit ihm.,
He hätt sick in ’t Siek fastföhrt.,Er hat sich im Bachtal festgefahren.,
Düsse Melk hüllt sick twe Daag.,Diese Milch hält sich zwei Tage.,
Ik seh datt Huus.,Ich sehe das Haus.,
Se is na Ibaragi gohn.,Sie ist nach Ibaraki gegangen.,
"Ik heff dor övers nadacht, wat du mi seggt hess.","Ich habe über das, was du mir gesagt hast, nachgedacht.",
Höörst du de Vogels süngen?,Hörst du die Vögel singen?,
Ik harrn ehr vörher al faken dropen.,Ich hatte sie vorher schon viele Male getroffen.,
Köönt wi snacken?,Können wir reden?,
Se het mi namiddags anropen.,Sie hat mich nachmittags angerufen.,
He süht slecht.,Er sieht schlecht.,
Datt sünd keene Wöör.,Das sind keine Worte.,
Datt sünd keene Wöör.,Das sind keine Wörter.,
En bäten to lat is veele to lat.,Ein bisschen zu spät ist viel zu spät.,
He is gau.,Er ist schnell.,
Ik wees vüör üm un bi een Joht huer.,Ich war vor ungefähr einem Jahr hier.,
De Atoomtall von Iesen is 26.,Die Ordnungszahl von Eisen ist 26.,
De Atoomtall von Iesen is 26.,Die Atomnummer für Eisen ist 26.,
De Atoomtall von Iesen is 26.,Die Ordnungszahl für Eisen lautet 26.,
Ik bün jüst huer ankamen.,Ich bin hier gerade angekommen.,
"De de Schoh passt, de trecken hum an.","Wem der Schuh passt, der zieht ihn sich an.",
Wat maakt se?,Was machen sie?,
Tom sitt up’n Pott.,Tom ist auf’m Klo.,
Kunnst du mi datt Dingens röverrecken?,Kannst du mir mal das Dings reichen?,
Se utsnackt söven Spraken.,Sie spricht sieben Sprachen.,
"Man tütt si ich eier iut, bes man naon Bedd geiht.","Man zieht sich nicht eher aus, als man zu Bett geht.",
"Se hätt em rümsnackt, na datt Konzert to gohn.","Sie hat auf ihn eingeredet, in das Konzert zu gehen.",
Gest du Tennis speelt?,Hast du Tennis gespielt?,
"Ik fraag mi, woveel Peer in ’n Unafhängigkeidskrieg dootbleven sünd.","Ich frage mich, wie viele Pferde im Unabhängigkeitskrieg umgekommen sind.",
Woveel Spraken snackst du?,Wie viele Sprachen sprichst du?,
Ik bruuk datt so gau datt geit.,Ich brauche es so schnell wie möglich.,
De Lüdd nöömt ehr Yotchan.,Man sagte zu ihr Yotchan.,
"Tom un Rias säen, datt se datt geern doon.","Tom und Maria sagten, sie täten das gern.",
Ik heff man de Halvscheed von ehr Böker.,Ich habe nur halb so viele Bücher wie sie.,
Du büst ümmer to late.,Du bist immer zu spät.,
De Barg is tweedusend Meter övers de Seed.,Der Berg ist zweitausend Meter hoch über Normalnull.,
Sünd se groot?,Sind sie groß?,
He unn utkniepen.,Er konnte entkommen.,
He tuuster mi wat in ’t Ohr.,Er flüsterte mir etwas ins Ohr.,
Drinken ji jümmerto veele Bier?,Trinkt ihr immer viel Bier?,
Datt schall nüms weten.,Niemand wird's erfahren.,
Ik seet op ’t Partemang un wees an ’t Simmeleren.,Ich saß auf dem Klo und dachte nach.,
He deed kott twieveln.,Er zweifelte kurz.,
Hau een diene Book in ’t Gesicht un segg: Facebook!,Klatsche jemandem dein Buch ins Gesicht und sag: Facebook!,
Datt Huus dor hört mi to.,Das Haus dort gehört mir.,
Datt warrn von Dag to Dag hitter.,Es wird von Tag zu Tag heißer.,
Wat wees de Welt ahn Froonslüüd?,Was wäre die Welt ohne Frauen?,
"Ik bün 1,83 m groot.","Ich bin 1,83 m groß.",
"Ik bün 1,83 m groot.",Ich bin einen Meter dreiundachtzig groß.,
Se het em schreen hört un is na siene Slaapkamer rönnt.,Sie hat ihn schreien gehört und ist zu seinem Schlafzimmer gerannt.,
Ik mag den Sommer nech.,Ich mag den Sommer nicht.,
"Ik vergeev di nicht, utbenahmen wenn du diene ehrlichen Exküsen anbüddst.","Ich werde dir nicht verzeihen, wenn du dich nicht ehrlich entschuldigst.",
Woveel kost datt?,Wie viel kostet das?,
Wo lange duurn datt?,Wie lange dauert es?,
As Kind heff ik veele mit Poppen speelt.,Als Kind habe ich viel mit Puppen gespielt.,
Datt is gornich groot.,Das ist überhaupt nicht groß.,
Von Konsumkritik kan een sick nix köpen.,Von Konsumkritik kann man sich nichts kaufen.,
Dor hätt he sick sülvens mit in ’t Kneen schaten.,Damit hat er sich selbst ins Knie geschossen.,
De Tog deed gaue warrt.,Der Zug legte an Geschwindigkeit zu.,
Woveel Taschen hebbt ji?,Wie viele Taschen habt ihr?,
Lat uns Vader-Moder-Kind speelen!,"Lasst uns „Vater, Mutter, Kind“ spielen!",
"Wo kan datt angahn, datt du datt ich wettst?","Wie ist es möglich, dass du das nicht weißt?",
Se schüll em ut.,Sie hat ihn ausgescholten.,
"Datt süht ut, as wenn en Storm opswarkt.","Es sieht aus, als zieht ein Sturm auf.",
Datt Schipp het de amerikaanschen Flagg hisst.,Das Schiff hatte die amerikanische Flagge gehisst.,
Wullt du dit Hemd?,Willst du dieses Hemd?,
He wees Tüüg von ’n Unfall.,Er war Zeuge des Unfalls.,
"Allen flütt, nix steiht still.","Alles fließt, nichts steht still.",
He frein sick dor al op.,Er freut sich darauf.,
Kaam wannehr du man wullt.,"Komm, wann immer du willst.",
De Koken smeckt sööt.,Der Kuchen schmeckt süß.,
’Keene hört datt Äten huer to?,Wem gehört das Essen hier?,
He hätt mi ook Äten un Geld gäven.,Er gab mir auch Essen und Geld.,
Du böst nech gau noog.,Du bist nicht schnell genug.,
Ik heff ut versehn diene Scherm nohmen.,Ich habe aus Versehen deinen Schirm genommen.,
"Du musst mi datt nicht vertellen, wenn du ich wullt.","Du musst es mir nicht erzählen, wenn du nicht willst.",
"Du musst mi datt nech vertellen, wenn du nicht wullt.","Du musst mir das nicht erzählen, wenn du nicht willst.",
Datt warrn jümmerto slimmer.,Es wird immer schlimmer.,
Utsnackt ji Latiensch?,Sprecht ihr Latein?,
Ik kan di ’t ich seggen.,Ich kann dir das nicht sagen.,
Ik mag düsse Soort Romaans nech.,Ich mag diese Art Romane nicht.,
He deed sick en Exküüs utdenken.,Er dachte sich eine Ausrede aus.,
Waorüm lüggt se jümmerto?,Warum lügt sie immer?,
Mit wat kan ik di helpen?,Womit kann ich dir helfen?,
"Wenn ik maol wat finn, wat mi gefallt, dann is datt jümmerto to düür.","Wenn ich mal was finde, was mir gefällt, ist es immer zu teuer.",
"Ik bün datt nicht wennt, so fröh optostahn.","Ich bin es nicht gewohnt, so früh aufzustehen.",
Ik kiek gern Kinner bi ’t Speelen to.,Ich schaue gerne Kindern beim Spielen zu.,
"Ik heff nix, wo ik mit dickdoon kan.","Ich habe nichts, womit ich prahlen könnte.",
Hess du en Drinkgeld dorlaten?,Hast du ein Trinkgeld dagelassen?,
He het tominnst drie Böker övers datt Thema schräven.,Er hat mindestens drei Bücher über das Thema geschrieben.,
"Goden Nacht, slaap goods.","Gute Nacht, schlaf gut.",
Se hätt ich veele Böker.,Sie besitzt nicht viele Bücher.,
"Se weet, datt se goods utsütt.","Sie weiß, dass sie gut aussieht.",
Mien Ogen sünd blau.,Meine Augen sind blau.,
De Pütt is dröögfullen.,Die Grube ist ausgetrocknet.,
Tom het Rias up’e Arbeid kennenlehrt.,Tom hat Maria auf der Arbeit kennengelernt.,
För Geld deit he allen.,Für Geld tut er alles.,
In Frankriek warrn veele Wien drunken.,In Frankreich wird viel Wein konsumiert.,
Se hebbt mi narrt.,Sie haben mich genarrt.,
Kan ik di wat frogen?,Kann ich dich etwas fragen?,
Ik nöhm miene Book mit.,Ich nehme mein Buch mit.,
En poor Kinners speelt op de Wisch.,Ein paar Kinder spielen auf der Wiese.,
Alle de anner Jugs hebbt em utlacht.,Alle anderen Jungen haben ihn ausgelacht.,
Ik snack keene Spaansche.,Ich spreche kein Spanisch.,
Ik heff toveel Wien drunken un bün düselig worrn.,Ich habe zu viel Wein getrunken und bin schwindlig geworden.,
Ik heff toveel Wien drunken un bün düselig worrn.,"Ich habe zu viel Wein getrunken, und mir ist schwindlig geworden.",
Ik bün en beropen Schauspeler.,Ich bin ein berühmter Schauspieler.,
"Wullt du dormit seggen, datt du noch nien in Boston wesen bünt?","Willst du damit sagen, dass du noch nie in Boston gewesen bist?",
He deed Melk in siene Tee un hätt ümröhrt.,Er gab Milch in seinen Tee und rührte um.,
"He dröög en langen swarten Mantel, de em meist be na de Enkels güng.","Er trug einen langen schwarzen Mantel, der ihm beinah bis zu den Fußknöcheln reichte.",
He deed bi de Indianers läven.,Er lebte bei den Indianern.,
Miene Geduld is toenn.,Meine Geduld ist am Ende.,
De Sneeklocken blöht al jümmerto tæmlich froh.,Die Schneeglöckchen blühen immer ziemlich früh.,
De Katte deed jümmer mauen.,Die Katze miaut immerzu.,
Ik heff dissen Satz ümschreven.,Ich habe diesen Satz umgeschrieben.,
Gröön passt nech to root.,Grün passt nicht zu Rot.,
Se kinnt veele Seggwöör.,Sie kennt viele Sprichwörter.,
Se kinnt veele Seggwöör.,Sie kennt viel Sprichwörter.,
Ik heff di datt faken seggt.,Ich habe es dir oftmals gesagt.,
Mi geit datt nu al veele beters.,Mir geht es jetzt schon viel besser.,
He pack mi an ’n Kraag.,Er packte mich am Kragen.,
Frohe Oostern!,Frohe Ostern!,
"Mien Katz mag datt, wenn ik ehr rachter de Ohren krau.","Meine Katze mag es, wenn ich sie hinter den Ohren kraule.",
"Datt Keltsche is noch jümmerto dor in de Form von datt Irsche, Waliesche un Schottsch-Gäälsche.","Das Keltische ist immer noch da in Form des Irischen, Walisischen und Schottisch-Gälischen.",
Miene Kledaasch wees mit Ööl insuddelt.,Meine Kleidung war mit Öl verschmutzt.,
Rachter miene Huus is en lütte Diek.,Hinter meinem Haus ist ein kleiner Teich.,
"Se het en Söön, de Dokter is.","Sie hat einen Sohn, der Arzt ist.",
Ik föhr mit ’t Rad na Arbeit.,Ich fahre mit dem Rad zur Arbeit.,
"Se deed bleek warrt, as se de Noricht hören deed.","Sie erbleichte, als sie die Nachricht hörte.",
"Se deed bleek warrt, as se de Noricht hören deed.","Sie ist bleich geworden, als sie die Nachricht gehört hat.",
He is an ’t Stüür slapen un harrn en Unfall.,Er ist am Steuer eingeschlafen und hatte einen Unfall.,
Ik wull nicht alleen gohn.,Ich will nicht allein gehen.,
Frankriek liggt süden von Ingland.,Frankreich liegt südlich von England.,
Miene Kamern is dubbelte so groot as siene.,Mein Zimmer ist doppelt so groß wie seins.,
"Se hätt ehr beste daan, em to övertügen.","Sie hatte ihr Bestes getan, ihn zu überzeugen.",
Lat den Hund ich binnenkamen.,Lasst den Hund nicht hereinkommen.,
Ik heff den Film op Video ankeken.,Ich habe den Film auf Video gesehen.,
Wat gest du in de Kœk sehn?,Was hast du in der Küche gesehen?,
Hess du huer wat verlorene?,Hast du hier etwas verloren?,
De Soldaten stunnen alle stramm.,Die Soldaten standen alle stramm.,
Gaht de Kinners na School?,Gehen die Kinder in die Schule?,
He keek links un rechts.,Er sah nach links und rechts.,
"Afsehn von de Kledaasch, de he an ’n Liev driggt, het he gornix.","Bis auf die Kleider, die er am Körper trägt, besitzt er nichts.",
Wi sünd in’t Museum.,Wir sind im Museum.,
Datt dücht mi intressant!,Das scheint mir interessant!,
"He deed alle siene Knööv bruken, üm ut datt Autowrack to krupen.","Er hat seine ganze Kraft gebraucht, um aus dem Autowrack zu kriechen.",
Ik treck en Bluus ut Kattuun vüör.,Ich bevorzuge eine Bluse aus Baumwolle.,
"Datt wees kloar, datt se lagen harr.","Es war klar, dass sie gelogen hatten.",
"„Kamui no Ken“ wees en Oort Samurai- odder Ninjageschicht, de in de Övergangstied twischen den Fall von datt Tokugawa-Shogunat un de Restauration von Japan ünner Kaiser Meiji in datt Joht 1868 speelt.","Kamui no Ken war eine Art Samurai- oder Ninjageschichte, die während der Übergangszeit zwischen dem Niedergang des Tokugawa-Schogunats und der Restauration Japans unter Kaiser Meiji im Jahre 1868 spielt.",
He deed rachter en grotten Steen schulen.,Er versteckte sich hinter einem großen Felsen.,
He wees böös op siene Söön.,Er war wütend auf seinen Sohn.,
"Wi hebbt ankeken, man nix sehen.","Wir haben geschaut, aber nichts gesehen.",
He keem rachter ’n Vörhang vüör.,Er kam hinter dem Vorhang hervor.,
Ik mag Alice nech.,Ich mag Alice nicht.,
Wat deedst du an miene Steed?,Was würdest du an meiner Stelle tun?,
Wat deedst du an miene Steed?,Was würdet ihr an meiner Stelle machen?,
Woveel Wöör schall ik schrievt?,Wie viele Wörter soll ich schreiben?,
Dit Huus hört em.,Dieses Haus gehört ihm.,
Hüüt is Maandag.,Heute ist Montag.,
Se hebbt de Aavtbööm sprütt.,Sie spritzen die Obstbäume.,
Wenn ik will unn ik datt doot.,"Wenn ich wollte, könnte ich es tun.",
Mike kan goods süngen.,Mike kann gut singen.,
Ik koom ut Israel.,Ich komme aus Israel.,
"He kan nicht mal Kinnerleder süngen, von Opern wüllt wi swiegen.","Er kann nicht einmal Kinderlieder singen, von Opern ganz zu schweigen.",
Immen fleegt von Bloom to Bloom.,Bienen fliegen von Blume zu Blume.,
Speelt Humppa!,Spielt „Humppa“!,
Miene Unkels hätt en Huus in Italien.,Mein Onkel hat ein Haus in Italien.,
Kan ik noch en Glas Bier hebben?,Könnte ich noch ein Glas Bier haben?,
Ehr Ogen sünd blau.,Ihre Augen sind blau.,
He mag keene Jökeleen.,Er mag keine Scherze.,
Mary het ehr Fohrrad öölt.,Mary ölte ihr Fahrrad.,
Datt Hart is en Muskel.,Das Herz ist ein Muskel.,
Wat för Spraken warrn in Belgien utsnackt?,Welche Sprachen spricht man in Belgien?,
De Regeren von Mexiko hätt sick gäven.,Die mexikanische Regierung kapitulierte.,
En Hai het ’n Mann datt Been afbeten.,Ein Hai biss dem Mann das Bein ab.,
Se is mit em na Boston gohn.,Sie ist mit ihm nach Boston gegangen.,
Se is mit em na Boston gohn.,Sie ging mit ihm nach Boston.,
"Roopt mi an, wenn ji wat findt.","Ruft mich an, wenn ihr etwas findet.",
Ik bün ich an ’t Äten.,Ich esse gerade nicht.,
Ik bün nech an ’t Äten.,Ich esse jetzt nicht.,
Ik bün nicht an ’t Äten.,Ich bin jetzt nicht am Essen.,
Se harr vergangen Nacht Sex.,Sie hatten letzte Nacht Sex.,
"He möök en Ümweg, üm mi to helpen.","Er machte einen Umweg, um mir zu helfen.",
He is Historiker.,Er ist Historiker.,
Wi hebbt rachter en grotten Boom schuult.,Wir haben hinter einem großen Baum Schutz gesucht.,
Na ’n langen Winter hätt de Straat Löcker kriegen un is teemlich hubbelig worrn.,Nach dem langen Winter hat die Straße Löcher bekommen und ist ziemlich holprig geworden.,
De Hüüs sünd groot.,Die Häuser sind groß.,
"Ehr Hoor wees so lange, datt datt bet an ’e Eerd recken deed.","Ihr Haar war so lang, dass es bis auf den Boden reichte.",
"Pass op, wo du henpeddst!","Pass auf, wo du hintrittst!",
Ik stüür em na Kalifornien.,Ich schicke ihn nach Kalifornien.,
Vüör veele Johren stünn huer en Slott.,Vor vielen Jahren stand hier ein Schloss.,
Ik bün en Linkspoot.,Ich bin ein Linkshänder.,
Du dröffst huer in elk Spraak schrievt. Bi Tatoeba sünd alle Spraken glieks.,Du darfst hier in jeder Sprache schreiben. Bei Tatoeba sind alle Sprachen gleich.,
Bi ’t Holt steiht en enkelt Huus.,Am Wald steht ein einzelnes Haus.,
Ik heff den Film twe Maol von vörn bet achtern sehen.,Ich habe den Film zweimal von vorne bis hinten gesehen.,
Opa utsnackt heel traag.,Opa spricht sehr langsam.,
Thai is en intressante Spraak.,Thai ist eine interessante Sprache.,
Ik heff Jane de Hand gäven.,Ich habe Jane die Hand gegeben.,
Miene Huus liggt in de Neeg von ’n Bahnhoff.,Mein Haus liegt in der Nähe eines Bahnhofs.,
Woveel Hööd gest du?,Wie viel Hüte hast du?,
He is tæmlich krank.,Er ist sehr krank.,
"Datt is miene Droom, na Japan to gohn.","Es ist mein Traum, nach Japan zu gehen.",
"Ik heff di seggt, datt se blond is.","Ich habe dir gesagt, dass sie blond ist.",
Se het em in Boston besökt.,Sie hat ihn in Boston besucht.,
Se farvt ehr Hoor al Johren swarte.,Sie färbt all die Jahre schon ihr Haar schwarz.,
"Ik heff al lange keene Book mihr leest, un dor schaam ik mi to.",Ich habe lange Zeit kein Buch gelesen und dafür schäme ich mich.,
Se deed mi tosmüüstern.,Sie lächelte mir zu.,
Carol kiekt faken Horrorfilme.,Carol schaut oft Horrorfilme an.,
He bröök den Weltrekord.,Er brach den Weltrekord.,
De Weg na ’t Dörpe is teemlich rubbelig.,Der Weg zum Dorf ist sehr holprig.,
De Weg na ’t Dörpe is tæmlich rubbelig.,Die Straße zum Dorf ist sehr holprig.,
Miene Fööt doon weh.,Meine Füße tun weh.,
"Wenn wi Tom ich hölpt, starven he.","Wenn wir Tom nicht helfen, stirbt er.",
In ’n Winter warrn datt gau düüster.,Im Winter wird es schnell dunkel.,
He hätt mi anlagen.,Er hat mich angelogen.,
Is Tom noch in siene Kamer?,Ist Tom noch in seinem Zimmer?,
De dull Regent het uns von ’t Angeln afhollen.,Der starke Regen hat uns vom Angeln abgehalten.,
Echte Fründschop is mihr weert as Geld.,Echte Freundschaft ist mehr wert als Geld.,
Ik heff Kees-Tortillas to ’n Freuhstück äten.,Ich aß Käse-Tortillas zum Frühstück.,
Pass op diene Foot op.,Pass auf deinen Fuß auf.,
Se is mit de Eier utneiht.,Sie rannte mit den Eiern weg.,
He nehm en Book ut datt Bökerboord.,Er nahm ein Buch aus dem Bücherregal.,
Tom seeg dörch datt lütten Kökenfinster.,Tom sah durch das kleine Küchenfenster.,
De Priesen hangt von Anbott un Nafraag af.,Die Preise hängen von Angebot und Nachfrage ab.,
"Jim keem liesen in de Kamern, datt he datt Baby nech opwaken deed.","Jim kam leise in das Zimmer, sodass er das Baby nicht aufweckte.",
Datt wees keene Afsicht!,Das war keine Absicht!,
"Ik heff en Dochter, de mit Tom to School geit.","Ich habe eine Tochter, die mit Tom zur Schule geht.",
Ik mag giern Sushi.,Ich mag gern Sushi.,
Wo kanns du sowat seggen?,Wie kannst du so etwas sagen?,
Portugal is en Utwannererland.,Portugal ist ein Auswanderungsland.,
Se sünd so groot as mien Süster.,Sie sind so groß wie meine Schwester.,
Ik wull nicht arbeden.,Ich will nicht arbeiten.,
"Löwen, de slaapt, schall ’n ich wecken.",Schlafende Löwen soll man nicht wecken.,
He kinnt nüms von uns.,Er kennt keinen von uns.,
Daniel süht ut as en Uiguur.,Daniel sieht aus wie ein Uigure.,
He reist gern alleen.,Er reist gern allein.,
"Datt is nech datt, wo ik na söök.","Das ist nicht das, wonach ich suche.",
Wat sünd datt för Lüdd?,Was sind das für Leute?,
Datt deit mi würklich leeg!,Das tut mir wirklich leid!,
Woneem in de Törkie wahns du?,Wo wohnst du in der Türkei?,
Wi künnt huer veele lehren.,Wir können hier viel lernen.,
Aoms gao ik üm tain in't Bedd.,Abends gehe ich um zehn ins Bett.,
Unn jeden Momang Krigg utbreken.,Jederzeit könnte Krieg ausbrechen.,
Ehr gefallt elk Wederk.,Ihr gefällt jedes Wetter.,
"Kopp hoog, ans fallt de lüttje Kroon dal!","Kopf hoch, sonst fällt doch das Krönchen herrunter!",
’Keene schall ik wählen?,Wen soll ich wählen?,
Du schullst na en Dokter gohn.,Du solltest einen Arzt aufsuchen.,
Wo faken ittst du Fischen?,Wie oft isst du Fisch?,
De Boom deed ophollen to wassen.,Der Baum hörte auf zu wachsen.,
"Ik heff gornich wusst, datt du ook Japaanschen lihrst.","Ich habe gar nicht gewusst, dass du auch Japanisch lernst.",
"Veele Lüdd denkt, datt ik en bäten roor in ’n Kopp bün.","Viele Menschen denken, dass ich ein bisschen komisch im Kopf bin.",
Datt is en Boom.,Das ist ein Baum.,
Klabaster un Gizmo sünd Katten.,Klabaster und Gizmo sind Katzen.,
Se müss ehr Süster versorgen.,Sie musste ihre Schwester versorgen.,
"He is rieke, aver nicht tofreden.","Er ist reich, aber nicht glücklich.",
"Dit Nakieksel is fein, üm Saken natokieken.","Dieses Lexikon ist praktisch, um Dinge nachzuschlagen.",
Veronica! Datt Vörjohr is dor! Miene Spoors wasst!,Veronica! Der Lenz ist da! Mein Spargel wächst!,
Wo sünd de to goods?,Wozu sind die gut?,
Jeder Kaapmann lowet sien Ware.,Jeder Händler lobt seine Ware.,
Jeder Kaapmann lowet sien Ware.,Jeder Kaufmann lobt seine Ware.,
Osaka hätt mihr Inwahners as Kobe.,Osaka hat mehr Einwohner als Kobe.,
Do datt!,Mache es!,
Ik deed de grott Koorten op ’n Disch utspreden.,Ich breitete die große Karte auf dem Tisch aus.,
En Tass Kaffee kost een Kroon.,Eine Tasse Kaffee kostet eine Krone.,
"Tom wull weten, waorüm du datt doot hess.","Tom möchte wissen, warum du das getan hast.",
Wi hört Musik.,Wir hören Musik.,
Krinten sünd opdröögt Wiendruven.,Rosinen sind getrocknete Weintrauben.,
Krinten sünd opdröögt Wiendruven.,Rosinen sind getrocknete Trauben.,
"Du musst Melk drinkt, datt du goods wassen kunnst.","Du musst Milch trinken, damit du gut wachsen kannst.",
God het de Welt schapen.,Gott hat die Welt erschaffen.,
God hätt de Welt schapen.,Gott schuf die Welt.,
Ik snack en bäten Sloveensch.,Ich spreche ein bisschen Slowenisch.,
Ik kenn keene von de drie Keerls.,Ich kenne keinen der drei Männer.,
Smöökst du?,Rauchst du?,
"De Lüdd seggt, he het Glück hatt! Datt he ook arbeiden hätt, dor utsnackt keeneen von.","Die Leute sagen, dass er Glück gehabt hat! Dass er auch gearbeitet hat, davon spricht keiner.",
"Datt harrst du ook sülvens marken kunnt, datt datt en Dummeree is!","Das hättest du auch selber merken können, dass das eine Dummheit ist!",
Se sünd jüst ankamen.,Sie sind gerade angekommen.,
Ik kan Esperanto küern as en Inborener.,Ich kann Esperanto sprechen wie ein Muttersprachler.,
Tom is al sied drie Johren in Australien.,Tom ist schon seit drei Jahren in Australien.,
Tom unn den Schrecken von ’n Krigg nienich vergäten.,Tom könnte nie die Schrecken des Krieges vergessen.,
De Murais sünd tein Joht verheirodt.,Die Murais sind seit zehn Jahren verheiratet.,
Ik heff en Tuut kofft.,Ich habe eine Tüte gekauft.,
Ik denk an miene Kinners.,Ich denke an meine Kinder.,
Se hebbt den Mann as Gefohr för de Sellschop ansehn.,Sie haben den Mann als Gefahr für die Gesellschaft angesehen.,
Se het twe Pund Botter kofft.,Sie hat zwei Pfund Butter gekauft.,
"Datt is mi eendoont, wenn ’t sniet.","Es ist mir egal, wenn es schneit.",
Sünd datt Tom siene Beuker?,Sind das Toms Bücher?,
Ik heff en bäten Wicht verlorene.,Ich habe etwas an Gewicht verloren.,
Vonmorgen hätt datt en Eerdbevens gäven.,Heute Morgen hat es ein Erdbeben gegeben.,
De Wind weiht dulle.,Es windet stark.,
"Segg mi, wat du in Shounan maakt gest.","Sag mir, was du in Shōnan gemacht hast!",
Datt Äten süht ja teemlich lecker ut.,Das Essen sieht ja sehr lecker aus.,
Verseuk datt noch eens wedder.,Versuche es noch einmal.,
He het nix verkehrt maakt.,Er hat keinen Fehler gemacht.,
He hätt nix verkehrt maakt.,Er hat nichts verkehrt gemacht.,
Lat uns för en poor Minuten verpuusten.,Lasst uns ein paar Minuten verpusten.,
Lat uns för en poor Minuten verpuusten.,Lasst uns für ein paar Minuten verschnaufen.,
Tom het di ich so leif as ik.,Tom liebt dich nicht so sehr wie ich.,
Düsse Bruuk is al lange utstorven.,Diese Sitte ist schon lange ausgestorben.,
Ik bün en Fründ von Robert.,Ich bin ein Freund von Robert.,
Mary is sööt. Jane ook.,Mary ist süß. Jane ebenfalls.,
Ik seuk miene Süsters.,Ich suche meine Schwestern.,
Tom is nech beropen.,Tom ist nicht berühmt.,
Spreekt Se platt?,Sprechen Sie Plattdeutsch?,
Ik kenn siene Musiek.,Ich bin mit seiner Musik vertraut.,
He hätt sick mit datt Mest in ’n Fingers sneden.,Er schnitt sich mit dem Messer in den Finger.,
Datt Kind deed sick rachter en grotten Boom versteken.,Das Kind versteckte sich hinter einem großen Baum.,
Wahnst du huer?,Wohnst du hier?,
"Datt wees jüst so, as ik datt dach harrn.","Es war genauso, wie ich gedacht hatte.",
Ai het sick to mi sett.,Ai setzte sich zu mir.,
"He lett rieke, is datt aver nicht.","Er wirkt reich, ist es aber nicht.",
"Wonæm büs du wesen? Ik versöök al den ganzen Dag, di to kregen.","Wo bist du gewesen? Ich versuche schon den ganzen Tag, dich zu erreichen.",
Kunnst du ich toslapen?,Kannst du nicht schlafen?,
Datt is nech mien Schuld!,Es ist nicht meine Schuld!,
"Datt spiet mi, datt ik di vonavend nicht dropen kan.","Ich bedaure, dass ich dich heute Abend nicht treffen kann.",
Ik gah jümmerto to Foot na School.,Ich gehe immer zu Fuß zur Schule.,
Miene Grootvader is vüör drie Joht dootbleven.,Mein Opa ist vor drei Jahren gestorben.,
Miene Grootvader is vüör drie Joht dootbleven.,Mein Großvater starb vor drei Jahren.,
Miene Grootvader is vüör drie Joht dootbleven.,Mein Großvater ist vor drei Jahren gestorben.,
Ik bün al twe Stunnen huer.,Ich bin schon zwei Stunden hier.,
Se deed an nix Leegs denken.,Sie dachte an nichts Böses.,
"De Tog wees so proppenvull, datt ik de ganze Föhrt staht müss.","Der Zug war dermaßen überfüllt, dass ich während der gesamten Fahrt stehen musste.",
"De Tog wees so proppenvull, datt ik de ganze Föhrt staht müss.","Der Zug war so brechend voll, dass ich die ganze Fahrt über stehen musste.",
En bannig goden Idee!,Eine sehr gute Idee!,
De Freeheidsstatue is in New York.,Die Freiheitsstatue befindet sich in New York.,
Kan ik mi düsse CD utborgen?,Könnte ich mir diese CD ausborgen?,
Af un to is en Zigarr eenfach en Zigarr.,Ab und zu ist eine Zigarre einfach eine Zigarre.,
Af un to is en Zigarr eenfach en Zigarr.,Manchmal ist eine Zigarre einfach eine Zigarre.,
Hess du veele to doot?,Hast du viel zu tun?,
Datt kan ich wohr wäsen.,Das kann nicht wahr sein.,
Tom wœr nech trurig.,Tom war nicht traurig.,
Ik heff överhœft keene Frünn.,Ich habe überhaupt keine Freunde.,
He versteiht sick allerbest mit alle siene Klassenkameraden.,Er versteht sich blendend mit allen Klassenkameraden.,
Düsse Scheer sniddt goods.,Diese Schere schneidet gut.,
Ik heff jüst Sushi äten un Wetenbeer drunken.,Ich hab grade Sushi gegessen und Weizen getrunken.,
He fecht gägen Windmöhlens.,Er kämpft gegen Windmühlen.,
Is datt Kleed nicht en bäten kott?,Ist das Kleid nicht ein bisschen kurz?,
Elk Nacht lüüster ik Radio.,Jede Nacht höre ich Radio.,
Ik miss di.,Ich vermisse dich.,
Maakt man gau! Datt Konzert anfangt an.,Beeilt euch! Das Konzert fängt an.,
"He deed Mary verkloren, waorüm as he to lat to ehr Geboortsdagsfier komen is.","Er erklärte Mary, warum er zu spät zu ihrer Geburtstagsfeier kam.",
Mak di datt bequeem!,Mach's dir bequem!,
Wullt du di ich dalsetten?,Willst du dich nicht setzen?,
Dit Wöörbook hätt nech mihr as 20.000 Wöör.,Das Wörterbuch hat nicht mehr als 20.000 Wörter.,
Stell di nicht so an!,Stell dich nicht so an!,
De Pries is dubbelte so hoog as vüör een Joht.,Der Preis ist doppelt so hoch wie vor einem Jahr.,
"Do so, as wenn du ik weerst.",Tue so als wärst du ich.,
’Keene geit datt üm?,Um wen geht es?,
"Disse Film is för Vulwassene, ich för Kinners.","Dieser Film ist für Erwachsene, nicht für Kinder.",
Ik reis giern.,Ich reise gerne.,
Ik reis gern.,Ich verreise gerne.,
Ik bruuk en bäten Sucker.,Ich brauche etwas Zucker.,
Tom het giern huer arbeden.,Tom arbeitete gerne hier.,
He driggt Hanschen.,Er trägt Handschuhe.,
Ik heff meist allen verstaht.,Ich habe fast alles verstanden!,
Bleev doch noch en bäten.,Bleib doch noch ein bisschen.,
He wees en Dichters un en Diplomaat.,Er war ein Dichter und ein Diplomat.,
Ik heff em von uns School vertellt.,Ich erzählte ihm von unserer Schule.,
Toeerst mööt wi den Kock rutsmieten.,Zuerst müssen wir den Koch entlassen.,
Segg mi datt nech!,Sage es mir nicht!,
Segg mi datt nicht!,Sage mir das nicht!,
He is in ’n Pohl sprungen.,Er ist in den Teich gesprungen.,
Finnsche Texten seht ut as wenn bi ’t Schrievt datt Tastenboord inklemmt hätt.,"Finnische Texte sehen aus, als habe beim Schreiben die Tastatur geklemmt.",
Düsse Bloom rükt goods.,Diese Blume riecht gut.,
Ik mag de okzitaansche Spraak.,Ich mag die okzitanische Sprache.,
"Du schußt di goods marken, wat ik di seggt heff.","Du solltest dir gut einprägen, was ich dir gesagt habe.",
"Ik weet noch, wat du seggt gest.","Ich weiß noch, was du gesagt hast.",
Ik eet en Appel.,Ich esse einen Apfel.,
Pinguins sünd snaaksche Vogels.,Pinguine sind eigentümliche Vögel.,
Ik unn keene Bäten mihr äten.,Ich konnte keinen Bissen mehr essen.,
Ik heff allen ünner Kuntroll.,Ich habe alles unter Kontrolle.,
"Ik heff em von uns Plaans vertellt, man datt lett, as wenn he keene Intress het.","Ich erzählte ihm von unseren Plänen, aber er schien nicht interessiert zu sein.",
Kinners eet mehrstendeels gern Ies.,Die meisten Kinder essen gerne Eiscreme.,
"John is datt wennt, bet Middernacht optoblieven.",John ist gewohnt bis Mitternacht aufzubleiben.,
Japan is ich mihr as vüör tein Joht.,Japan ist nicht mehr wie vor zehn Jahren.,
He is von ’n Boom dalfullen.,Er ist vom Baum heruntergefallen.,
Wat maakst du dunn huer?,Was machst du denn hier?,
Wi hebbt huer al Stunnen tövt.,Wir haben nun hier stundenlang gewartet.,
Kaam op.,Stehe auf.,
Katten köönt Woter nech lieden.,Katzen hassen Wasser.,
Tom is en gode Kock.,Tom ist ein guter Koch.,
"Ik fraag mi, waorüm de Eier in ’t Dutz verköfft warrn.","Ich frage mich, wieso Eier im Dutzend verkauft werden.",
He keem mi nachtens beseuken.,Er kam mich nachts besuchen.,
Du magst keene Musiek.,Du magst keine Musik.,
Een Kroon un föfftig Öre.,Eine Krone und fünfzig Öre.,
Waorüm sünd ji to Huus?,Warum seid ihr zu Hause?,
He füll an ’e Eerd.,Er fiel auf den Boden.,
De Müüs hebbt von datt Broot äten.,Die Mäuse haben von dem Brot gegessen.,
Ik krigg miene Breevkassen nicht up.,Ich kann meinen Briefkasten nicht öffnen.,
"Würklich tohuus is een dor, wo een sick överall kleien kan, wenn een datt jöökt.","Wirklich zu Hause ist man dort, wo man sich überall kratzen kann, wenn es einen juckt.",
"Datt is en grote Ihr, Se kennentolehren!","Es ist eine große Ehre, Sie kennenzulernen!",
Ik heff datt Geld ich von em trüggkregen.,Ich bekam das Geld von ihm zurück.,
Deit datt weh?,Tut das weh?,
"Ik denk, datt se mehrstendeels na Huus gohn sünd.","Ich denke, dass die meisten nach Hause gegangen sind.",
Miene Mudder hätt mi de Hoor to kott sneden.,Meine Mutter hat mir die Haare zu kurz geschnitten.,
Datt is gliek rachter de Eck.,Es ist direkt um die Ecke.,
Se het Blomen in ehr Hand.,Sie hat Blumen in ihrer Hand.,
Ik bruuk en Tasch. Kunnst du mi een utlehnen?,Ich brauche eine Tasche. Kannst du mir eine leihen?,
He is de oltste.,Er ist der älteste.,
Wo hoog kunnst du springt?,Wie hoch kannst du springen?,
Lex twe is tæmlich licht.,Lektion zwei ist sehr leicht.,
Kunnen de Neanderdalers snacken?,Konnten die Neandertaler sprechen?,
Mak de Ogen apen.,Öffne die Augen.,
Jo. Nee. Villicht. Ik weet nech.,Ja. Nein. Vielleicht. Ich weiß nicht.,
Ik wünsch di datt Best.,Ich wünsche dir alles Gute.,
Sluut diene Ogen drie Minuten lange.,Schließe deine Augen drei Minuten lang.,
Ik bün weg.,Ich bin weg.,
Tom hätt se noch maal küßt.,Tom hat sie noch mal geküsst.,
Jean is in fief Minuten dor.,Jean ist in fünf Minuten da.,
Böst du em nudetied ees in ’e Mööt komen?,Hast du ihn neulich getroffen?,
Den Esel kan ’n an de Ohren kennen.,Man kennt den Esel an den Ohren.,
He is en kloken Jund.,Er ist ein kluger Junge.,
De Füürwehrlüüd hebbt datt Füer utdaan.,Die Feuerwehr hat das Feuer gelöscht.,
De Hund lööp na de Katte.,Der Hund lief zur Katze.,
Vüör twe Joht bün ik na China gohn.,Vor zwei Jahren bin ich nach China gegangen.,
Ik bün Professer.,Ich bin Professor.,
Datt Kind kriegt nu Tähn.,Das Kind bekommt jetzt Zähne.,
Datt Kind kriegt nu Tähn.,Das Kind zahnt nun.,
Fraag en Schandarm!,Frag einen Polizisten!,
Ik unn nicht toslapen.,Ich konnte nicht schlafen.,
Dit Gesett schall uns uns Grundrechten roven.,Dieses Gesetz wird uns unsere Grundrechte rauben.,
Ik wohn in Danzig.,Ich wohne in Danzig.,
Hebbt Tom un Rias Franzöösch utsnackt?,Haben Tom und Maria Französisch gesprochen?,
Ik heff datt Geld nien kriegen.,Ich habe das Geld nie bekommen.,
Alle beid siene Grootvaders sünd dood.,Seine beiden Großväter sind tot.,
Ehr Süster wohnt in Schottland.,Ihre Schwester wohnt in Schottland.,
Judy deed em ansmüüstern.,Judy lächelte mich an.,
Wat maakt joon öllere Süster jüst?,Was macht eure ältere Schwester gerade?,
Se het mi wat to äten gäven.,Sie gab mir etwas zu essen.,
Ik heff datt datt eerste Maol maakt.,Ich habe es zum ersten Mal gemacht.,
"Bedankt, nu verstoh ik.","Danke, ich verstehe jetzt.",
De Lööw deed siene groot Muul apen un brüll.,Der Löwe öffnete sein riesiges Maul und brüllte.,
Mit 18 Joht harrn se al ehr ierst Kind.,Mit 18 Jahren hatte sie schon ihr erstes Kind.,
"Datt wees en Krigg, den egens keene Nation will.","Es war ein Krieg, den keine Nation wirklich wollte.",
Wat hess du Paula seggt?,Was hast du Paula gesagt?,
Ik snack von miene Fründ.,Ich spreche von meinem Freund.,
"Wat den een siene Uul, is den anneren siene Nachtigall.","Was dem einen seine Eule ist, ist dem anderen seine Nachtigall.",
Datt is veele!,Das ist viel!,
"Wenn de Daag anfangt an to längen, anfangt de Winter an to strengen.","Wenn die Tage anfangen, länger zu werden, fängt der Winter an, strenger zu werden.",
Ik slaap naakt.,Ich schlafe nackt.,
"En Vogel singt, as em de Snavel wussen is.","Ein Vogel singt, wie ihm der Schnabel gewachsen ist.",
Wi sünd Arabers.,Wir sind Araber.,
Katten köönt in ’n Düüstern sehen.,Katzen können im Dunkeln sehen.,
Tatoeba is en fre’e Software.,Tatoeba ist eine freie Software.,
He is twe Mal in Ingland wäsen.,Er ist zweimal in England gewesen.,
Tom hätt jüst siene Komer oprüümt.,Tom hat gerade sein Zimmer aufgeräumt.,
De Sahara is en grott Wööst.,Die Sahara ist eine große Wüste.,
Du stinkst na Schiet.,Du stinkst nach Scheiße.,
De Daag warrn bilütten körter.,Die Tage werden allmählich kürzer.,
"Bedüdt datt, datt du ich kümmst?","Bedeutet das, dass du nicht kommen wirst?",
Snackst du Düütsk?,Sprichst du Deutsch?,
De Deckel lett sick nech afnehmen.,Der Deckel lässt sich nicht abnehmen.,
Ik kan di opstunns nix vertellen.,Ich kann dir momentan nichts erzählen.,
He lööp fief Mielen.,Er lief fünf Meilen.,
Se verwachten en Kind.,Sie erwartet ein Kind.,
Wo smucket dien Süster is!,Wie schön deine Schwester ist!,
Ik heff mi verkeuhlt.,Ich habe mich erkältet.,
Broot warrn von Weten maakt.,Brot wird aus Weizen hergestellt.,
Tunge! Datt harrn ik nicht dach.,Nanu! Das hätte ich nicht gedacht.,
He is de öllste Söön.,Er ist der älteste Sohn.,
"Datt is unfründlich, annern Lüdd antoglupen.","Es ist unhöflich, andere Leute anzustarren.",
Datt süht ut as en Ei.,Das sieht wie ein Ei aus.,
Dröff ik noch en bäten Melk hebben?,Darf ich noch ein bisschen Milch haben?,
Ik hör ehr ich.,Ich höre sie nicht.,
Ik drück jo de Dumen.,Ich werde euch die Daumen drücken.,
"Mi dücht, Frankforters hebbt veele mihr Smack as Wieners.","Ich finde, Frankfurter haben viel mehr Geschmack als Wiener.",
Vüör datt fangt to regent fleegt de Swülken siet.,Vor dem Regen fliegen die Schwalben tief.,
Aver de Buer wees fründlig to em un bröch em en Barg bi.,Aber der Bauer war nett zu ihm und brachte ihm eine Menge bei.,
"Du schaßt di dor gau an wennen, op ’n Lannen to läven.","Du wirst dich schnell daran gewöhnen, auf dem Land zu leben.",
He harrn Intress an mi.,Er hatte Interesse an mir.,
Se het nien mit em danst.,Sie hat nie mit ihm getanzt.,
Woneem schullen wi den Affall loostowarrn?,Wo sollten wir den Abfall entsorgen?,
Frankriek wees in ’n Krigg mit Rußland.,Frankreich war im Krieg mit Russland.,
Dor steiht en Glas op ’n Disch.,Es steht ein Glas auf dem Tisch.,
As Kind harrn ik ook en Modelliesenbahn.,Als Kind hatte ich auch eine Modelleisenbahn.,
Tom is vun en Peerd träden worrn.,Tom ist von einem Pferd getreten worden.,
Ik heff mien Süster en Popp gäven.,Ich habe meiner Schwester eine Puppe gegeben.,
Du schullst lever toslapen.,Du solltest lieber schlafen.,
Tom und Rias wohnt nu in Boston.,Tom und Maria wohnen jetzt in Boston.,
Poggen sünd vüör Snaken bange.,Frösche haben Angst vor Schlangen.,
Poggen sünd bange vüör Snaken.,Frösche haben Angst vor Schlangen.,
Datt ganze Land wees tosneet.,Das ganze Land war eingeschneit.,
Ik begriep datt nech.,Ich verstehe das nicht.,
Ik begriep datt nicht.,Ich begreife das nicht.,
’Keene hört den Püüster to?,Wem gehört das Gewehr?,
Ik bün ich ut Boston.,Ich komme nicht aus Boston.,
Wat gest du för diene Fründ kofft?,Was hast du für deinen Freund gekauft?,
Verbaden Frücht smeckt opbest.,Verbotene Früchte schmecken am besten.,
Michael Jackson is dootbleven.,Michael Jackson ist gestorben.,
"Se hätt mi seggt, datt se em leif het.","Sie sagte mir, sie liebe ihn.",
He hätt minner Broot.,Er hat weniger Brot.,
Bleev nech to lange in ’e Sünn.,Bleib nicht zu lange in der Sonne.,
"Oh, datt deit mi leeg.","Oh, tut mir leid.",
Oh! Datt deit mi leeg.,Oh! Das tut mir leid.,
He keem Klock söss trügg.,Er kam um sechs Uhr zurück.,
Ik bün na miene Kinnertied nienich wedder krank wäsen.,Nach meinen Kinderjahren bin ich nie wieder krank gewesen.,
Miene Nees löpt jümmer.,Meine Nase läuft ununterbrochen.,
Ik schriev faken Bidrääg för Wikipedia.,Ich schreibe sehr oft Beiträge für Wikipedia.,
"Mi dücht, du wettst, wat ik meen.","Ich glaube, du weißt, was ich meine.",
"Hess du wat, wat du mi seggen wullt?","Hast du etwas, was du mir sagen möchtest?",
Wat för en Krankheit heff ik?,Was für eine Krankheit habe ich?,
"Miene Nover is, kott seggt, neeschierig.","Mein Nachbar ist, kurz gesagt, neugierig.",
God is uns Kracht.,Gott ist unsere Stärke.,
"Ik bün fröh, soveel goden Frünnen to hebben.","Ich bin glücklich, so viele gute Freunde zu haben.",
Wi schullt nu beters na Huus gohn.,Wir sollten jetzt besser nach Hause gehen.,
He güng twe Stunnen wieder.,Er ging zwei Stunden weiter.,
Tux is en antarktischen Vugel.,Tux ist ein antarktischer Vogel.,
Opminnst unn ik di sehen.,Wenigstens konnte ich dich sehen.,
Wannehr kümmst du na Huus?,Wann kommst du heim?,
Wannehr kümmst du na Huus?,Wann kommst du nach Hause?,
He harrn en swor Läven.,Er hatte ein schweres Leben.,
De sünd in Berlin.,Die sind in Berlin.,
"Sodraag se mi sehen het, füng se datt Wenen an.","Sobald sie mich sah, fing sie zu weinen an.",
He deed mit slaten Ogen to de Musik lüüstern.,Er hörte der Musik mit geschlossenen Augen zu.,
De Straat is slibberig.,Die Straße ist glitschig.,
Ik heff miene E-Mail-Adress vergäten.,Ich habe meine E-Mail-Adresse vergessen.,
Ik heff miene E-Mail-Adress vergäten.,Ich habe meine E-Postadresse vergessen.,
Wannehr geihst du na Huus?,Wann gehst du nach Haus?,
Krigg ik en Narv?,Werde ich eine Narbe bekommen?,
Is dor wat Woter in ’e Kan?,Ist etwas Wasser in der Kanne?,
En Platt hebben hätt opminnst een Vördeel - een sport veele Shampoo.,"Eine Glatze zu haben, hat wenigstens einen Vorteil - man spart viel Shampoo.",
Wi dröffen nicht noch maol in ’n Krigg treckt.,Wir dürfen nicht noch einmal in den Krieg ziehen.,
Nix is as datt lett.,"Nichts ist so, wie es scheint.",
De Vogels flögen na ’n Süden.,Die Vögel flogen in den Süden.,
He harrn en hellblauen Slips üm.,Er trug eine hellblaue Krawatte.,
Datt geiht mi nix an.,Das geht mich nicht an.,
"Mi dücht, datt datt allen en Fraag von Geld is.","Ich glaube, dass alles eine Frage des Geldes ist.",
Se süht alltied bleek ut.,Sie sieht immer bleich aus.,
Woans gest du Esperanto lihrt?,Wie hast du Esperanto gelernt?,
Jümmerto wedder wat frisch!,Immer wieder etwas frisch!,
"Se will datt partu, datt he to de Party inlaadt warrn.","Sie bestand darauf, dass er zur Party eingeladen werden sollte.",
Wat för ’n Dokter behannelt di?,Welcher Doktor behandelt dich?,
An ’n Fujiyama bleiht keene Edelweiß.,Am Fuji blüht kein Edelweiß.,
Datt Hotel is dor neddern.,Das Hotel ist dort unten.,
He angelt giern.,Er angelt gern.,
Se geit faken mit em in ’t Kino.,Sie geht oft mit ihm ins Kino.,
Hamborg liggt an ’e Elv.,Hamburg liegt an der Elbe.,
’N Rogg hebbt se Arme-Lüüd-Koorn nöömt.,Der Roggen wurde Arme-Leute-Getreide genannt.,
Alle Kinners woren mit jemehr Äten tofreden.,Alle Kinder waren mit ihren Mahlzeiten zufrieden.,
"Ji sünd mööd, ich?","Ihr seid müde, oder?",
He deed man so.,Er tat bloß so.,
Wi wüllt di gern helpen.,Wir möchten dir gerne helfen.,
"Ik weet nech, ’keene he is.","Ich weiß nicht, wer er ist.",
He keem Klock fief trügg.,Er kam um 5 Uhr zurück.,
He keem Klock fief trügg.,Er kam um fünf Uhr zurück.,
Kan ik datt Licht utdoon?,Kann ich das Licht ausschalten?,
Wannehr schall datt trech wäsen?,Wann wird es fertig sein?,
De Diek is teemlich deep.,Der Teich ist sehr tief.,
Ik bün goods tomood.,Ich fühle mich wohl.,
Ik heff Tom na 1988 nicht mihr sehen.,Ich habe Tom seit 1988 nicht mehr gesehen.,
He is ut en annere Welt.,Er ist von einer anderen Welt.,
’keene glöövt an Gott?,Wer glaubt an Gott?,
"De Nacht is swarte, un ok de Dint is swarte. De Nacht un de Dint sünd swarte.","Die Nacht ist schwarz, und auch die Tinte ist schwarz. Die Nacht und die Tinte sind schwarz.",
Opmaal hööl de Rulltrepp an.,Plötzlich hielt die Rolltreppe an.,
Se speelt Gitarr.,Sie spielt Gitarre.,
"Ik heff en Fründ, de in Spanien wohnt.","Ich habe einen Freund, der ihn Spanien wohnt.",
Woveel Geld het he?,Wie viel Geld hat er?,
He hätt sick en Snööv von siene Süster infungen.,Er hat sich eine Erkältung von seiner Schwester eingefangen.,
Datt is snaaksch.,Das ist seltsam.,
Wannehr maakt datt Restaurant dicht?,Wann schließt das Restaurant?,
"To, lat uns gohn!","Los, lass uns gehen!",
He deed mi mit en Smüüstern antwoorden.,Er antwortete mir mit einem Lächeln.,
Düsse Satz hört mi.,Dieser Satz gehört mir.,
Düsse Satz hört mi.,Dieser Satz ist von mir.,
Se pruusten alle opmaal los.,Sie lachten alle auf einmal los.,
Ik bün ich trurig.,Ich bin nicht traurig.,
Wullt du noch wat Sooß?,Möchtest du noch etwas Soße?,
He is en Flasskopp.,Er ist blond.,
De Vågel deed na Sebbers söken.,Der Vogel suchte nach Käfern.,
He lett rieke.,Er scheint reich zu sein.,
Waorüm deist du mi datt an?,Warum tust du mir das an?,
He het för veer Kinners to sorgen.,Er hat vier Kinder zu versorgen.,
"He harrn keene Fründ, de em helpen unn.","Er hatte keinen Freund, der ihm helfen konnte.",
Twe mal söven is veerteihn.,Zweimal sieben ist vierzehn.,
Twe maol söven is veerteihn.,Zwei mal sieben ist vierzehn.,
Ik heff jümmerto veele to doot.,Ich habe immer viel zu tun.,
Wat deit se?,Was macht sie?,
Opa hätt sick verkeuhlt.,Opa ist erkältet.,
En Book kan mit en Fründ vergleken warrt.,Ein Buch kann mit einem Freund verglichen werden.,
Datt mokt nix.,Das macht nichts.,
Düsse Kees het en basch Smack.,Dieser Käse hat einen scharfen Geschmack.,
He süht den Busch vüör luder Bööm nech.,Er sieht den Wald vor lauter Bäumen nicht.,
"Is huer een, de Chineesche utsnackt?","Ist hier jemand, der Chinesisch spricht?",
Wullt du wat to drinkt?,Willst du etwas zum Trinken?,
Maakt de Ogen apen.,Öffnet die Augen.,
Ik heff en Fraag.,Ich habe eine Frage.,
Se wull gohn.,Sie will gehen.,
Woveel Spraken köönt ji goods snacken?,Wie viele Sprachen könnt ihr gut sprechen?,
He harrn en Book in ’e Hand.,Er hatte ein Buch in der Hand.,
Datt is opstunns Saison för Eerdbeern.,Er ist gerade Erdbeerzeit.,
Datt is opstunns Saison för Eerdbeern.,Erdbeeren haben gerade Saison.,
Datt Peerd leed op ’t Stroh.,Das Pferd lag auf dem Stroh.,
"Nee, ik bün nicht gohn.","Nein, ich bin nicht gegangen.",
Ik lees jüst en Book övers Spraken.,Ich lese gerade ein Buch über Sprachen.,
"Poppeer is witt, Köhlenstoff swarte.","Papier ist weiß, Kohlenstoff schwarz.",
Bünt du en Yankee?,Bist du ein Yankee?,
De Paal von ’e Arvt is gröön.,Die Erbsenhülse ist grün.,
"Segg mi, wat dor schehn is.","Sage mir, was geschah.",
"Wenn ik dit Leeg hör, denk ik jümmerto an miene Schooltied trügg.","Wenn ich dieses Lied höre, erinnere ich mich immer an meine Schulzeit.",
He bliev in ’t Hotel.,Er blieb im Hotel.,
Maak keen Fisematenten!,Mach keine Fisematenten!,
Ik heff dor wat ganz Dulles sehen.,Ich habe etwas sehr Ungewöhnliches gesehen.,
"De Tee is so heet, datt ik den ich drinkt kan.","Der Tee ist so heiß, dass ich ihn nicht trinken kann.",
Waorüm fraagst du nech Tom?,Warum fragst du nicht Tom?,
Vüör twe Weken wees ik datt eerste Mal in Disneyland.,Vor zwei Wochen war ich zum ersten Mal im Disneyland.,
Witt is en Symbool för datt Reine.,Weiß ist ein Sinnbild für Reinheit.,
Man ik kan goods kaken.,Aber ich kann gut kochen.,
Ik bün alltied praat to starvt.,Ich bin ständig bereit zu sterben.,
Se unn ehr Lachen nicht trügghollen.,Sie konnte ihr Lachen nicht zurückhalten.,
En bettchen scheif hätt Godd leef.,Ein bisschen schief hat Gott lieb.,
Geihst du faken na Kerk?,Gehst du oft in die Kirche?,
Se achte em.,Sie achten ihn.,
En smachtig Hart is leger as en smachtig Darm.,Ein hungriges Herz ist schlechter als ein hungriger Darm.,
"He is krank as en Hohn, mag äten aver nix doot.","Er ist krank wie ein Huhn, er mag essen aber nichts tun.",
Datt Finstern is ut Glas.,Das Fenster ist aus Glas.,
Se het Rias heten.,Sie hieß Maria.,
Ik wull wat Woter drinkt.,Ich möchte etwas Wasser trinken.,
Wees Tom dor?,War Tom da?,
Ut ’n Daak keem opmaal en Schipp vüör.,Aus dem Dunst erschien plötzlich ein Schiff.,
"Tom un Rias säen, datt se wat mit mi to bespreken harr.","Tom und Maria sagten, sie müssten mit mir reden.",
He hätt drie öllere Süsters.,Er hat drei ältere Schwestern.,
He kinnt mi ich.,Er kennt mich nicht.,
’Keene mööt wi inladen?,Wen müssen wir einladen?,
’Keene het em rinlaten?,Wer hat ihn hereingelassen?,
Ehr Oog rechts is blind.,Ihr rechtes Auge ist blind.,
Ik heff jo nech hört.,Ich habe euch nicht gehört.,
He is en lemmige Person.,Er ist eine lebhafte Person.,
Wannehr is de Regentied toenn?,Wann ist die Regenzeit zu Ende?,
"De Toorn, den ji huer seht, is de Eiffeltoorn.","Der Turm, den Sie hier sehen, ist der Eiffelturm.",
"Ik slah vüör, datt du di mol mit Tom ünnerhöllst","Ich schlage vor, dass du dich mal mit Tom unterhältst.",
"Wenn ik unsichtbor wees, dann müss ik nix anhebben.","Wenn ich unsichtbar wäre, dann müsste ich mir nichts anziehen.",
Se deed ehr Shirt plätten.,Sie bügelte ihr Shirt.,
Wo lange mööt wi datt in ’n Aven loten?,Wie lange müssen wir das im Ofen lassen?,
Wi hebbt twe Billy-Regaals von Ikea.,Wir haben zwei Billy-Regale von IKEA.,
"In ’e School hebbt wi lihrt, datt de Wuddel ut negen drie is.","In der Schule haben wir gelernt, dass die Quadratwurzel aus neun drei ist.",
De Klock geit verkehrt.,Die Uhr geht falsch.,
De Straat is asfalteert.,Die Straße ist asphaltiert.,
De Ries schall datt Woter tohoop opnehmen.,Der Reis soll die ganze Flüssigkeit aufnehmen.,
Dinosaurier sünd nu utstorven.,Dinosaurier sind nun ausgestorben.,
Wat för en Film hess du ankeken?,Welchen Film hast du gesehen?,
Wat för en Film gest du ankeken?,Welchen Film hast du angesehen?,
Wat för en Film hess du ankeken?,Was für einen Film hast du angeschaut?,
Veele jung Mannslüüd tögen in ’n Krigg.,Viele junge Männer zogen in den Krieg.,
Tom siene Huus hätt lütter Fenster.,Toms Haus hat kleine Fenster.,
Se harr nicht noog Gold.,Sie hatten nicht genug Gold.,
Du speelst goods Tennis.,Du spielst gut Tennis.,
Büs du mit Peter na München?,Hast du Peter nach München begleitet?,
"Ik hööp, datt du keene Mallbüdel böst, odder?","Ich hoffe, dass du kein Verrückter bist, oder?",
De Eerd dreiht sick in üm ub bi 365 Daag üm de Sünn.,Die Erde umkreist die Sonne einmal in ungefähr 365 Tagen.,
"Wenn ik keene Geld harrn, harrn ik keene Huus.","Wenn ich kein Geld gehabt hätte, hätte ich kein Haus.",
De Höhner hebbt Freten socht.,Die Hühner suchten Nahrung.,
Wi misst di alle tæmlich.,Wir vermissen dich alle sehr.,
Do et süms.,Mach es selbst.,
Do et süms.,Mach es selber.,
"Ik heff miene Geld för Kleder, Eten un Beuker utgeven.","Ich habe mein Geld für Kleidung, Essen und Bücher ausgegeben.",
"Kaam ich so lat, okay?","Komm nicht so spät, o.k.?",
"Ik heff Tom seggt, datt ik meud bün.","Ich sagte Tom, ich sei müde.",
Datt is miene Geschenk för di.,Das ist mein Geschenk an dich.,
Wat wullt du to ’n Freuhstück äten?,Was möchtest du zum Frühstück essen?,
Ik bün nu mööd.,Ich bin jetzt müde.,
"Helen, dit is miene Kuseng.","Helen, dies ist mein Cousin.",
De Dezember het 31 Daag.,Der Dezember hat einunddreißig Tage.,
De Dezember hätt 31 Daag.,Der Dezember hat 31 Tage.,
Se het sick de Armkuhlen raseert.,Sie hat sich die Achseln rasiert.,
Du harrst nech so veele Ies äten schullen.,Du hättest nicht so viel Eis essen sollen.,
Wo groot ji sünd!,Wie groß ihr seid!,
Se snack gau.,Sie sprach schnell.,
Is datt huer en Duty-Free-Laden?,Ist das hier ein Duty-Free-Geschäft?,
"Nee, ik sing nicht.","Nein, ich singe nicht.",
He will na de Seed fohren.,Er wollte an die See fahren.,
He will na de Seed fohren.,Er wollte ans Meer fahren.,
Woveel Kinners sünd ji?,Wie viele Geschwister seid ihr?,
He hätt mi en Geschenk tostüürt.,Er schickte mir ein Geschenk.,
"Warrn seggt, he is en feinen Keerl.","Es heißt, er sei ein netter Kerl.",
De sitt up’n Pott.,Der ist auf dem Klo.,
De sitt up’n Pott.,Die ist auf dem Klo.,
Goden Nacht!,Gute Nacht!,
Goden Nacht.,Gute Nacht!,
Ik drink jümmerto Melk to miene Freuhstück.,Ich trinke immer Milch zu meinem Frühstück.,
Du bünt to nix to bruken.,Du bist ein Nichtsnutz.,
Se dröög en witt Kleed.,Sie trug ein weißes Kleid.,
Datt Wederk is goods.,Das Wetter ist schön.,
Wi hebbt na ehr socht.,Wir suchten nach ihr.,
Ut datt Weltall süht de Eerd teemlich lütt ut.,Aus dem Weltall sieht die Erde sehr klein aus.,
He see faken so Saken.,Er sagte oft solche Sachen.,
Nix is hillig.,Nichts ist heilig.,
Ik kan ahn Feernsehn ich läven.,Ich kann ohne Fernsehen nicht leben.,
Datt heff ik nech weten.,Das wusste ich nicht.,
He is jümmerto untofreden.,Er ist ständig unzufrieden.,
En Quall het ehr staken.,Sie wurde von einer Qualle gestochen.,
De Maker von de Spraak Slovio hätt sogoor en Websteed mit Pornos in de Spraak maakt.,Der Erfinder der Sprache Slovio hat sogar eine Webseite mit Pornos in dieser Sprache gemacht.,
"Düsse Kist is to swor, ehr to böhren.","Diese Kiste ist zu schwer, um sie zu tragen.",
He füng sick n flotten Otto.,Er fing sich Montezumas Rache.,
He het en Reinmakerfroo.,Er hat eine Putzfrau.,
Se hätt em vonmorgen dropen.,Sie traf ihn heute Morgen.,
Ik bün von düsse Drietkeerls schanghait worrn!,Ich wurde von diesen Bastarden schanghait!,
Datt Peerd lööp hart.,Das Pferd lief schnell.,
Ji schullt mihr Grööntüüg äten.,Ihr solltet mehr Gemüse essen.,
Kunnst du rieden?,Kannst du reiten?,
Is he al trügg?,Ist er schon zurück?,
"Nee, du dröffst nicht.","Nein, du darfst nicht.",
Warr ich böös.,Werde nicht bös.,
"Ik verstoh, wat se meent.","Ich verstehe, was sie meint.",
Du bruukst nech so luut snacken.,Du musst nicht so laut reden.,
"Ik weet nicht, woneem datt is.","Ich weiß nicht, wo das ist.",
"Nüms weet, wo Bill hengohn is.","Keiner weiß, wohin Bill gegangen ist.",
Se het em verklaagt.,Sie hat ihn verklagt.,
Datt sünd miene Bröder.,Das sind meine Brüder.,
Gest du datt al maol maakt?,Hast du es jemals gemacht?,
De Soldaten kunnen em nu sehen.,Die Soldaten konnten ihn nun sehen.,
"Nüms weet, wo he hen utneiht is.","Niemand weiß, wohin er entflohen ist.",
He is en grotten Jund.,Er ist ein großer Bub.,
Wat deed ik ahn di doot?,Was soll ich ohne dich machen?,
Wat deed ik ahn di doot?,Was soll ich ohne dich anfangen?,
Ik heff jüst miene Huusopgaven trechkregen.,Ich habe gerade meine Hausaufgaben fertig gemacht.,
"Kan datt angahn, datt datt partu ich klappen wull?","Kann das sein, dass das einfach nicht funktionieren will?",
Du hess veele Geld un ik heff keene.,Du hast viel Geld und ich habe keins.,
"Wenn ’t toveel is, is ’t toveel!","Wenn es zu viel ist, ist es zu viel!",
En Kanickel hätt lang Ohren un en korte Steert.,Ein Kaninchen hat lange Ohren und einen kurzen Schwanz.,
Jümmerto un jümmerto wedder het he mi anlagen.,Immer und immer wieder hat er mich angelogen.,
Un wo schall datt för goods wäsen?,Und wofür soll das gut sein?,
„Tatoeba“ is japaanschen för „to ’n Bispell“.,„Tatoeba“ bedeutet auf Japanisch „zum Beispiel“.,
Wi mööt jem in ’t Butenland köpen.,Wir müssen sie im Ausland kaufen.,
Datt Huus is bi ’n Brand tohoop dalbrennt.,Das Gebäude brannte bei dem Brand vollständig nieder.,
Ik kenn siene Adress.,Ich kenne seine Adresse.,
Smith is na en Hartinfarkt dootbleven.,Smith ist nach einem Herzinfarkt gestorben.,
Na ’t Avendenten gaht wi alle in ’e Stuuv.,Nach dem Abendessen gehen wir alle ins Wohnzimmer.,
Miene Fööt sünd lütt vergleken mit diene.,Meine Füße sind klein verglichen mit deinen.,
Datt is in Japan nech de Fall.,Das ist in Japan nicht der Fall.,
"He seeg ut, as wenn he al Daag nix mihr äten harrn.","Er schaute aus, als ob er tagelang nichts gegessen hatte.",
Wat gest du Mika to ’n Geboortsdatum schunken?,Was hast du Mike zum Geburtstag geschenkt?,
Ken hätt Tom siene Fründin küsst.,Ken hat die Freundin von Tom geküsst.,
Se het lange Hoor.,Sie hat langes Haar.,
De Katz slöppt op ’n Disch.,Die Katze schläft auf dem Tisch.,
Waorüm höörst du nicht op mi?,Warum hörst du mir nicht zu?,
Waorüm höörst du ich op mi?,Warum hörst du nicht auf mich?,
He hätt veele Böker övers Geschicht.,Er hat viele Bücher über Geschichte.,
He het veele Böker övers Geschicht.,Er hat viele Geschichtsbücher.,
De Sünn schient in ’e Nacht nech.,Die Sonne scheint nachts nicht.,
Hess du al opwuschen?,Hast du alles abgewaschen?,
"Gode Dag, wat wullt du?","Guten Tag, was möchtest du?",
Katten draagt keene Halsband.,Katzen tragen kein Halsband.,
"Se weet dor mihr övers, as se tosteiht.","Sie weiß mehr darüber, als sie zugibt.",
Datt hätt drie Daag slankweg regen.,Es hat drei Tage hintereinander geregnet.,
Ik heff keene Aptiet.,Ich habe keinen Appetit.,
He wees slecht in ’e School.,Er war schlecht in der Schule.,
"De siene Nees afsniddt, schännt siene Gesicht.","Wer seine Nase abschneidet, der verstümmelt sein Gesicht.",
Leed mi nienich wedder an.,Lege dich nie wieder mit mir an.,
Siene Roman gefallt mi.,Sein Roman gefällt mir.,
Ik bruuk en Tass hitten Kaffee.,Ich brauche eine Tasse heißen Kaffee.,
Gah na ’n Putzbüdel.,Geh zum Friseur.,
Reken het mit Mathematik so veele to doot as datt Bruken von en Schrievmaschien mit Litteretur.,Rechnen hat mit Mathematik so viel zu tun wie das Benutzen einer Schreibmaschine mit Literatur.,
Liekers is datt wohr.,Trotzdem ist es wahr.,
He levt alleen.,Er lebt allein.,
He hätt mihr Geld as he tellen kan.,"Er hat mehr Geld, als er zählen kann.",
Wannehr geihst du na Arbeit?,Wann gehst du zur Arbeit?,
Wi gaht na Huus.,Wir gehen nach Hause.,
Ji kriggt mi nienich levig fatt!,Ihr kriegt mich niemals lebendig zu fassen!,
Ik will giern en Dapanji äten!,Ich würde gerne ein Dapanji essen!,
"Mak, wat he di seggt.","Mach, was er dir sagt.",
"Man kan Woter drinkt, man kan datt aver ook loten.","Man kann Wasser trinken, man kann es aber auch lassen.",
Ik güng bet na de Post.,Ich ging bis zur Post.,
Datt Kind schrieft en Book.,Das Kind schreibt ein Buch.,
Du drinkst toveel Kaffee.,Du trinkst zu viel Kaffee.,
"Du büs de Mann, na den ik socht heff.","Du bist der Mann, nach dem ich gesucht habe.",
Waorüm is datt mitmol so still?,Warum ist es plötzlich so still?,
Ik heff datt Book för tein Dollar kofft.,Ich habe das Buch für zehn Dollar gekauft.,
Se het em en Book gäven.,Sie hat ihm ein Buch gegeben.,
"Ik deed em schrievt, wenn ik siene Adress wüss.","Ich würde ihm schreiben, wenn ich seine Adresse wüsste.",
Mien Hannen sünd ganz klamm vüör Külle.,Meine Hände sind durch die Kälte taub geworden.,
Datt rükt na Kees.,Das riecht nach Käse.,
Se wüllt mi ümbringen.,Sie werden mich umbringen.,
Se wüllt mi ümbringen.,Sie wollen mich umbringen.,
Wo gau se löpt!,Wie schnell sie läuft!,
Datt is to fröh üm optokamen.,"Es ist zu früh, um aufzustehen.",
"Wat wullt du lever, Wittwien odder Roodwien?","Was möchtest du lieber, Weißwein oder Rotwein?",
Wannehr sünd ji vonmorgen opstahn?,Wann seid ihr heute Morgen aufgestanden?,
Bedankt för allen.,Danke für alles.,
Tein Fungene sünd ut datt Fängnis utbraken.,Zehn Häftlinge brachen aus dem Gefängnis aus.,
Wat gest du vergangen Nacht daan?,Was hast du letzte Nacht gemacht?,
Ji schöölt mihr äten.,Ihr solltet mehr essen.,
Du hess en Vogel.,Du hast 'ne Meise.,
Ik heff de Reken betohlt.,Ich bezahlte die Rechnung.,
Ik heff de Reken betohlt.,Ich habe die Rechnung bezahlt.,
Düsse Straat warrn bi Gladdies streit.,Diese Straße wird bei Glatteis gestreut.,
Bob deed Preesters warrt.,Bob wurde ein Pfarrer.,
Teh diene Söcken ut.,Zieh deine Socken aus.,
Wohrschau!,Vorsicht!,
Wat för en staatsche Bloom!,Was für eine herrliche Blume!,
Wannehr schall de Welt an ehr Enn komen?,Wann wird die Erde ihr Ende erreichen?,
Bilütten wennt se sick an datt Läven op ’n Lannen.,Allmählich gewöhnt sie sich an das Leben auf dem Lande.,
Mit ’n Hannel geit datt bargdal.,Mit dem Handel geht es bergab.,
He deed na siene Hund flöten.,Er pfiff nach seinem Hund.,
"Ik slah vüör, datt du di mol mit Rias ünnerhöllst.","Ich schlage vor, dass du dich mal mit Maria unterhältst.",
"Ik verstah nicht, waorüm wi datt doot möten.","Ich verstehe nicht, warum wir das machen müssen.",
He hätt datt Huus Klock achte verloten.,Er verließ das Haus um acht Uhr.,
Haal man ehr Medizin un en Glas Woter.,Hole ihre Medizin und ein Glas Wasser.,
Uns Schoolmeester is komen.,Unser Lehrer ist gekommen.,
’Keene nöhm ik dunn?,Wen nehme ich denn?,
Melk? Sucker?,Milch? Zucker?,
Keene Steern wees an ’n Heven to sehen.,Kein Stern war am Himmel zu sehen.,
Datt is mi piepegal.,Ist mir doch wurscht.,
Datt is mi piepegal.,Das is' mir schnurzpiepe.,
De Äquater deelt de Eerd in twe Halvscheden.,Der Äquator teilt die Erde in zwei Halbkugeln.,
Datt is mien Süster.,Das ist meine Schwester.,
’Keene het huer wol de Goldbarren inkuhlt?,Wer hat hier wohl die Goldbarren vergraben?,
"Wi hebbt in ’e School lihrt, datt Shakespeare 1564 boren is.","Wir lernten in der Schule, dass Shakespeare im Jahre 1564 geboren wurde.",
Mannslüüd kören man ich oft vun ehr Problemen.,Männer reden selten über ihre Probleme.,
Ik wull mi en Poor Skisteveln köpen.,Ich möchte mir ein Paar Skischuhe kaufen.,
Ik bruuk en neet Fohrrad.,Ich brauche ein neues Fahrrad.,
"Sue hätt en dicken Achtersteven, aver datt maakt ehr nix.","Sue hat einen großen Hintern, aber sie macht sich nichts daraus.",
Uns Tog hööl opmaal an.,Unser Zug hielt plötzlich an.,
Se het em narrt.,Sie hat ihn genarrt.,
In tein Minuten eet wi to Meddag.,In zehn Minuten essen wir zu Mittag.,
"Ik wees an ’e Tuur, de Kamern reinmaken.","Ich war an der Reihe, das Zimmer zu putzen.",
De Penn is harter as datt Sweerd.,Die Feder ist stärker als das Schwert.,
Stopp datt Baby nech in ’n Sack!,Stopfe das Baby nicht in den Sack!,
Datt is to snell.,Das ist zu schnell.,
He hätt Problemen in ’e School.,Er hat Probleme in der Schule.,
Woveel Mangos wullt du?,Wie viele Mangos möchtest du?,
De Buurhoff grenzen an de Straat.,Der Bauernhof grenzt an die Straße.,
"He deed en Junge faatkriegen, as he em jüst en Klock stehlen deed.","Er erwischte einen Jungen, wie er ihm gerade seine Uhr stahl.",
"Düsse Klock hört mi nicht to, de hört di to.","Diese Uhr gehört nicht mir, sondern dir.",
De Hahn kreiht bi Sünnopgang.,Der Hahn kräht beim Sonnenaufgang.,
Ik bün em 50.000 Yen schüllig.,Ich schulde ihm fünfzigtausend Yen.,
Ik bün em 50.000 Yen schüllig.,Ich bin ihm fünfzigtausend Yen schuldig.,
Ik bün em 1000 Yen schüllig.,Ich bin ihm 1000 Yen schuldig.,
Ik deed gern mal in de Swiez fohren.,Ich würde gern mal in die Schweiz fahren.,
"Ik heff Tom seggt, datt mi datt leeg dee.","Ich sagte Tom, dass es mir leidtue.",
Ik heff en Poor Schoh kofft.,Ich habe ein Paar Schuhe gekauft.,
De Jund reed to ’n eersten Maol op en Peerd.,Der Junge ritt zum ersten Mal auf einem Pferd.,
"Ik blööd, wenn ik Leevd mak.","Ich blute, wenn ich Liebe mache.",
"Ik blööd, wenn ik Leevd mak.",Ich blute beim Beischlaf.,
Elkeen lüggt.,Jeder lügt.,
Dor is en Kiekschapp in miene Komer.,Da ist ein Fernseher in meinem Zimmer.,
Dor heff ik grood keene Lust tau.,Dazu habe ich gerade keine Lust.,
Helen Keller wees doof un blind.,Helen Keller war taub und blind.,
Woveel Nachten bliffst du?,Wie viele Nächte bleibst du?,
Noch drie Lüdd sünd in ’n Buss stegen.,Noch drei Personen stiegen in den Bus ein.,
"Ik hööp, datt di datt goods geit.","Ich hoffe, es geht dir gut.",
1989 wees en swor Joht.,1989 war ein schwieriges Jahr.,
Se het mi datt Fischogen-Objektiv gäven.,Sie hat mir das Fischaugenobjektiv gegeben.,
Ik kan ich goods toslapen.,Ich kann nicht gut schlafen.,
"Vertell mi, wat du in Shounan maakst.","Erzähl mir, was du in Shōnan machst!",
Ik föhr mit datt Rad na School.,Ich fahre mit dem Rad zur Schule.,
Is datt fransch?,Ist das Französisch?,
Tom is nech trurig.,Tom ist nicht traurig.,
Ik speel en Speel mit mien Süster.,Ich spiele ein Spiel mit meiner Schwester.,
Bob is miene Fründ.,Bob ist mein Freund.,
Se is in ’n achten Maand.,Sie ist im achten Monat.,
Dor liggt en Koorten op ’n Disch.,Es liegt eine Karte auf dem Tisch.,
"Datt wören de hungerigen Boren, vüör de de Dörplüüd bange woren.","Es waren die hungrigen Bären, vor denen sich die Dorfbewohner fürchteten.",
Ik heff wenig Geld bi mi.,Ich habe wenig Geld bei mir.,
He hätt lange Hoor.,Er hat langes Haar.,
Ik heff di allen vertellt.,Ich habe dir alles erzählt.,
"Frein mi, to hören, datt de Operation klappt het.","Ich war erleichtert, zu hören, dass die Operation erfolgreich war.",
Georg arbeiden op en grotten Buurhoff.,Georg arbeitet auf einem großen Bauernhof.,
Ik mag Eier nicht giern.,Ich mag keine Eier.,
"Ik baad jümmerto, ehrdat ik toslapen gah.","Ich bade immer, bevor ich schlafen gehe.",
Uns Schoolmeester wohnt an ’t Enn von ’e Straat.,Unser Lehrer lebt am Ende der Straße.,
Is he ich Dokter?,Ist er nicht Arzt?,
He is na Frankriek gohn.,Er ist nach Frankreich gegangen.,
Woveel Wien hebbt ji drunken?,Wieviel Wein habt ihr getrunken?,
Wi sünd vüör een Stünn in ’t Hotel ankamen.,Wir sind vor einer Stunde im Hotel angekommen.,
He socht opstunns na en gröttern Huus.,Er sucht im Moment nach einem größeren Haus.,
"Ik hööp, datt gefallt di.","Ich hoffe, es wird dir gefallen.",
Dröff ik diene Schrievdisch bruken?,Darf ich Ihren Schreibtisch benutzen?,
Woveel Spraken kunnst du flott snacken?,Wie viele Sprachen kannst du gut sprechen?,
He terreet datt Book.,Er zerriss das Buch.,
Wüllt wi Swiezerdüütsch mitenanner snacken?,Wollen wir Schweizerdeutsch miteinander reden?,
Jim böhr siene Hand hoog.,Jim hob seine Hand.,
Du böst noch junge.,Du bist noch jung.,
Steek nech den Kopp in ’n Sand!,Stecke nicht den Kopf in den Sand!,
He keem jüst rechttiedig in ’e School an.,Er kam gerade rechtzeitig in der Schule an.,
Ik heff miene PIN vergäten.,Ich habe meine PIN vergessen!,
Ik heff miene PIN vergäten.,Ich habe meine PIN vergessen.,
Uns School steiht in ’t Dörpe.,Unsere Schule steht im Dorf.,
"Ik heff allen, wat ik will.","Ich habe alles, was ich wollte.",
Ik bün mit en sehr Strott opwaakt.,Ich bin mit einer Rachenentzündung aufgewacht.,
Ik heff jem to de Geboort von jemehr Dochter graleert.,Ich habe ihnen zur Geburt ihrer Tochter gratuliert.,
Vüör datt Huus steiht en Boom.,Vor dem Haus steht ein Baum.,
Mak diene Ogen apen.,Mache deine Augen auf.,
Ik bün al trech.,Ich bin bereits fertig.,
Klappt datt?,Klappt das?,
Klappt datt?,Funktioniert das?,
Datt klappt.,Es klappt.,
Wat hätt datt mit miene Tokumst to doot?,Was hat das mit meiner Zukunft zu tun?,
Woveel Wien hebbt Se drunken?,Wieviel Wein haben Sie getrunken?,
Rohen Fischen warrn gau bedorven.,Roher Fisch wird sehr schnell schlecht.,
John deed Beth to siene Wiev moken.,John machte Beth zu seinem Weibe.,
He müch de School nicht.,Er mochte die Schule nicht.,
Hett he ok japans lihrt?,Hat er auch Japanisch gelernt?,
Mihr as de Hälft von de Inwahners sünd gägen den Plaan.,Mehr als die Hälfte der Einwohner sind gegen den Plan.,
Hör op to snacken!,Hör auf zu reden!,
"He is keene, op den een sick verloten kan.","Er ist niemand, auf den man sich verlassen kann.",
Du dröffst datt ich anlangen.,Du darfst es nicht berühren.,
De Wulken hüngen siet.,Die Wolken hingen tief.,
Ik slaap gern.,Ich schlafe gerne.,
De Tohörers füngen al an to jappen.,Die Zuhörer fingen bereits zu gähnen an.,
Se deed mi schoo tosmüüstern.,Sie lächelte mir schüchtern zu.,
Lee harrn siene beste Tüüg an.,Lee hatte seine besten Sachen an.,
De Wulken sünd opreten un de Sünn is dörkamen.,"Als die Wolken aufrissen, kam die Sonne zum Vorschein.",
Na en korte Freden deed wedder Krigg utbreken.,Nach einem kurzen Frieden brach der Krieg wieder aus.,
"De Lehrer vertellt, datt de Eerd en Kugel is.","Der Lehrer erzählte, dass die Erde eine Kugel sei.",
"Deed di datt wat utmaken, mit mi to komen?","Würde es dir etwas ausmachen, mit mir zu kommen?",
Diene o’s seht ut as a’s.,Deine o sehen aus wie a.,
He is op alltied ut Afrika weggahn.,Er hat Afrika für immer verlassen.,
"Wat wi anfangt, datt eet wi ok.","Was wir fangen, das essen wir auch.",
"Dit Book is dicke, man nech besünners düür.","Dieses Buch ist dick, aber nicht sehr teuer.",
Ik kenn em nu een Joht.,Ich kenne ihn seit einem Jahr.,
Ik unn em jüst noch ruthalen.,Ich konnte ihn gerade noch herausholen.,
Du bünt vüör drie Daag ankamen.,Du bist vor drei Tagen angekommen.,
Ik wull nix mit di to kregen hebben.,Ich will nichts mit dir zu tun haben.,
Se eet in ’t Hotel.,Sie essen im Hotel.,
He warrn en gode Dokter.,Er wurde ein guter Arzt.,
Ik heff op gorkeen Fall wat tegen de Bueree.,Auf keinen Fall habe ich etwas gegen die Landwirtschaft.,
Datt is man en Kind.,Es ist nur ein Kind.,
Bedankt!,Danke!,
Ik heff nicht so veele Geld as he.,Ich habe nicht so viel Geld wie er.,
"Se weet ich, wat se seggen schall.","Sie weiß nicht, was sie sagen soll.",
Dor liggt en Appel op ’n Disch.,Da liegt ein Apfel auf dem Tisch.,
God is de Anfang von allen.,Gott ist der Anfang aller Dinge.,
Köönt ji nech noch en Ogenblick op uns töven? Dann gaht wi mit jo.,Könnt ihr nicht noch ein Augenblickchen auf uns warten? Dann gehen wir mit euch.,
He is op een Oog blind.,Er ist auf einem Auge blind.,
Vergitt de Fohrkoort nicht.,Vergiss die Fahrkarte nicht!,
För een Mal hen un trügg bruukst du een Stünn.,Für einmal hin und zurück brauchst du eine Stunde.,
’Keene hätt dit Finsters tweibraken?,Wer hat das Fenster zerbrochen?,
"Nöhm en Snappdook, diene Nees löpt.","Nimm ein Taschentuch, deine Nase läuft.",
"Môk de Dœr tau, wenn du up’n Pott sittst!","Mach die Tür zu, wenn du auf dem Pott sitzt!",
Büs du en Kaffeedrinker?,Bist du ein Kaffeetrinker?,
Is datt Glas nu half vull odder half leddige?,Ist das Glas nun halb voll oder halb leer?,
Is datt Glas nu half vull odder half leddige?,Ist das Glas jetzt halb voll oder halb leer?,
De jungen Lüdd hebbt Volksleder sungen.,Die Jugendlichen haben Volkslieder gesungen.,
Se het us vergeten.,Sie hat uns vergessen.,
"Ik weet, wo ik Jem helpen kan.","Ich weiß, wie ich Ihnen helfen kann.",
He hätt mihr Geld as he utgäven kan.,"Er hat mehr Geld, als er ausgeben kann.",
Se het em op de Back küsst.,Sie hat ihn auf die Wange geküsst.,
He socht en betere Arbeit.,Er sucht eine bessere Arbeit.,
Wi mookt Fröhstück.,Wir machen Frühstück.,
Gnaddern ännert ook nix.,Jammern ändert auch nichts.,
Alle laavt se siene Schilleraats.,Alle loben seine Gemälde.,
De Müür is twe Meter dicke.,Die Mauer ist zwei Meter dick.,
’Keene hört dit Fohrrad to?,Wem gehört dieses Fahrrad?,
Datt is diene Gräffnis.,Das ist dein Begräbnis.,
Ik heff nix mit em to doot.,Ich habe nichts mit ihm zu tun.,
Ik warr ehr ich mihr sehen.,Ich werde sie nicht mehr sehen.,
Wo warrn düsse Vugel nöömt?,Wie heißt dieser Vogel?,
Klöörlose gröne Ideen slaapt füünsch.,Farblose grüne Ideen schlafen wütend.,
He deed de Trepp hoogrönnen.,Er ist die Treppe hochgerannt.,
Wat sochst du?,Was suchst du?,
Sochst du wat?,Suchst du etwas?,
Wat sochst du?,Wonach suchen Sie?,
Ik mag ehr tæmlich giern.,Ich mag sie sehr gerne.,
Se is keene goden Persoon.,Sie ist keine gute Person.,
He is tein Kilogramm sworer as ik.,Er ist zehn Kilogramm schwerer als ich.,
He kan nech na School gohn hebben.,Er kann nicht zur Schule gegangen sein.,
De Laden verköfft Dagbläder un Tiedschriften.,Der Laden verkauft Zeitungen und Zeitschriften.,
Ik harrn gern noch en Tass Kaffee.,Ich hätte gern noch eine Tasse Kaffee.,
"Wat is datt, wat du in dien Hand gest?","Was ist das, was du in deiner Hand hast?",
Datt heff ik vergäten.,Das habe ich vergessen.,
Hess du den Föhn mitnahmen?,Hast du den Fön mitgenommen?,
Ik wull di üm en Gefallen bidden.,Ich möchte dich um einen Gefallen bitten.,
Wi hebbt en Stemm in de Slaapkamer höört.,Wir hörten eine Stimme im Schlafzimmer.,
He hätt mihr Geld as Smack.,Er hat mehr Geld als Geschmack.,
Ik gah na ’t Swemmbad.,Ich gehe ins Schwimmbad.,
Ik dööp mit Woter.,Ich taufe mit Wasser.,
Rockefeller wees Guvernör von New york.,Rockefeller war Gouverneur von New York.,
Wo groot is he?,Wie groß ist er?,
Wo groot he is!,Wie groß er ist!,
Datt Vörjohr is rüm un de Sommer anfangt nu an.,Der Frühling ist vergangen und der Sommer beginnt.,
In ’t Allgemeen levt Froonslüüd länger as Mannslüüd.,Im Allgemeinen leben Frauen länger als Männer.,
Tööv bet du an ’e Reeg böst.,"Warte, bis du an der Reihe bist.",
He is jümmerto praat.,Er ist immer vorbereitet.,
Ik wull narms hen gohn.,Ich will nirgendwohin gehen.,
"He het drie Söön, de Musiker worrn sünd.","Er hat drei Söhne, die Musiker geworden sind.",
Steek diene Nees nicht in anneren Lüdd ehr Saken.,Steck deine Nase nicht in die Angelegenheiten anderer Leute.,
Steek diene Nees ich in annern Lüdd ehr Saken.,Stecke deine Nase nicht in fremde Angelegenheiten.,
Steek diene Nees nech in anneren Lüdd ehr Saken.,Stecke deine Nase nicht in anderer Leute Angelegenheiten.,
He wees ganz ut ’e Puust.,Er war völlig außer Atem.,
Ik heff datt för twölv Dollar kofft.,Ich habe das für zwölf Dollar gekauft.,
"Schaamst du di nicht, so to snacken?","Schämst du dich nicht, so zu reden?",
Kunnst du mit datt seggen?,Kannst du mir das sagen?,
He deed ehr drücken.,Er umarmte sie.,
Se schell em ut.,Sie schimpfte ihn aus.,
"Ik heff en List mit Saken opstellt, de ik giern köpen deed.","Ich habe eine Liste von Dingen erstellt, die ich gern kaufen würde.",
"Ik heff en List mit Saken opstellt, de ik gern köpen deed.","Ich habe eine Liste von Dingen aufgestellt, die ich gerne kaufen möchte.",
Düsse Kist is ut Holt.,Diese Kiste ist aus Holz.,
He deed vüör Külle bevern.,Er zitterte vor Kälte.,
He deed vüör Külle bevern.,Er zittert vor Kälte.,
Wat is diene leevste TV-Serie?,Was ist deine liebste TV-Serie?,
De Arbeit is half daan.,Die Arbeit ist halb getan.,
Miene Unkels wohnt in London.,Mein Onkel wohnt in London.,
Siene Grôtmoder süht ganz benig ut.,Seine Großmutter sieht rüstig aus.,
Wat gest du nu wedder utklookt?,Was hast du dir nur wieder ausgedacht?,
Na ’t Speel is vüör ’t Speel.,Nach dem Spiel ist vor dem Spiel.,
Ik bün mit miene Inkamen nu tofreden.,Ich bin mit meinem jetzigen Einkommen zufrieden.,
Schalke speelt vonavend gägen Inter Mailand.,Schalke spielt heute Abend gegen Inter Mailand.,
Ik bün en netten Keerl.,Ich bin ein netter Kerl.,
"Wenn he datt weten deed, harrn he uns datt seggt.","Wenn er es wüsste, hätte er es uns gesagt.",
Muiriel is twintig.,Muiriel ist zwanzig.,
"De Seed is för de Fischen, wat de Heven för de Vogels is.","Das Meer ist für die Fische, was der Himmel für die Vögel ist.",
Se veracht em.,Sie verachtet ihn.,
Datt Radio geit ich.,Das Radio funktioniert nicht.,
Datt Radio geit nech.,Das Radio geht nicht.,
De Kööksch hätt Nelkenköpp an ’t Stippels daan.,Die Köchin hat Gewürznelken an die Soße getan.,
"Belgiers sünd Lüdd, de moolt en Piep un schrifft dunn ünner düt Beld: „Düt is keene Piep.“","Belgier sind Menschen, die eine Pfeife malen und dann unter dieses Bild schreiben: „Dies ist keine Pfeife.“",
Afkennst du diene Bloodgrupp?,Kennst du deine Blutgruppe?,
Se het en groot Kamern ganz för sick alleen.,Sie hat ein großes Zimmer ganz für sich allein.,
Kunnst du dit Radels lösen?,Kannst du dieses Rätsel lösen?,
"Wi sünd datt wennt, Schoh to dragen.","Wir sind gewohnt, Schuhe zu tragen.",
Ik heff jüst Sushi äten un Bier drunken.,Ich habe gerade Sushi gegessen und Bier getrunken.,
"Ik heff versocht, mit em to kören.","Ich habe versucht, mit ihm zu reden.",
Ik bruuk en Dokter!,Ich brauche einen Arzt!,
"Jo, en lütt bäten.","Ja, ein kleines bisschen.",
"Datt Beste in ’e Midd, see de Düwel, dor lööp he twüschen twe Papen.","Das Beste in die Mitte, sagte der Teufel, und läuft zwischen zwei Pfaffen.",
Woneem is de Mississippi?,Wo ist der Mississippi?,
Flensborg liggt an de Grenz to Dænmark.,Flensburg liegt an der Grenze zu Dänemark.,
"Ik heff em raden, sick uttorohn.","Ich habe ihm geraten, sich auszuruhen.",
Wi sünd mit ’n Fleger na Mexiko reist.,Wir sind mit dem Flugzeug nach Mexiko gereist.,
Ik heff in de vergangen drie Daag nix äten.,Ich habe in den letzten drei Tagen nichts gegessen.,
Un wo is datt goods för?,Und wofür ist das gut?,
He wees von Kopp bet Foot dörnaat.,Er war von Kopf bis Fuß durchnässt.,
Ik bün in Rußland boren.,Ich wurde in Russland geboren.,
Ik bün in Rußland boren.,Ich bin in Russland geboren.,
Se hätt vergangen Nacht op miene Kinners oppasst.,Sie hat vergangene Nacht auf meine Kinder aufgepasst.,
Datt schall ik nienich henkriegen.,Das werde ich niemals schaffen.,
In Venedig sünd jümmerto veele Turisten.,In Venedig sind immer viele Touristen.,
Dit gresig Geel lett mi an de Klöör von diene Bedddook denken.,Dieses hässliche Gelb erinnert mich an die Farbe deines Betttuchs.,
Ehr Wogen gefallt mi.,Ihr Wagen gefällt mir.,
Cecil deed en Kars ansteken.,Cecil zündete eine Kerze an.,
"Ik weet noch, datt ik den Film sehen heff.","Ich weiß noch, dass ich den Film gesehen habe.",
Du hess di gau verhaalt.,Du hast dich gut erholt.,
Siene Fingers blödd.,Sein Finger blutet.,
Wi hebbt den Plaan mit em besnacken.,Wir besprachen den Plan mit ihm.,
Ik söök jüst en elektrische Harp.,Ich suche gerade eine elektrische Harfe.,
Wullt du wat äten?,Möchtest du was essen?,
Binnen un buten de Müürn von Troja warrn sünnt.,Innerhalb und ausserhalb der Mauern von Troja wird gesündigt.,
Wat schenken wi ehr to Wiehnachten?,Was schenken wir ihr zu Weihnachten?,
Buurn seit de Saad in ’t Vörjohr ut.,Bauern säen das Saatgut im Frühjahr aus.,
"Ik verstoh nicht jümmerto, wat loos is.","Ich verstehe nicht immer, was los ist.",
Hebbt ji Drinkgeld gäven?,Habt ihr Trinkgeld gegeben?,
Se wull em küssens.,Sie will ihn küssen.,
Nüms praat mit mi.,Keiner spricht mit mir.,
"Miene Baas seggt, datt he keene Geld mihr het.","Mein Chef sagt, dass er kein Geld mehr habe.",
Datt sünd mien CDs.,Das sind meine CDs.,
He hätt allen opeten.,Er hat alles aufgegessen.,
Wannehr bruukst du datt?,Wann brauchst du das?,
Süst du datt witte Huus?,Siehst du das weiße Haus?,
Ehr neet Kleed gefallt ehr.,Ihr gefällt ihr neues Kleid.,
Ehr neet Kleed gefallt ehr.,Ihr neues Kleid gefällt ihr.,
Ik bün vergangen Joht na London fohrt.,Ich bin letztes Jahr nach London gefahren.,
Thomas kiekt en Film.,Thomas schaut einen Film an.,
"De Dokter het em seggt, he schull sick verhalen.","Der Arzt gab ihm Anweisung, sich zu erholen.",
Se hätt en Katte un twe Hunnen.,Sie hat eine Katze und zwei Hunde.,
"He het tostahn, datt datt stimmt.","Er hat zugegeben, dass es stimmte.",
"’Keene arm is, hätt Kinners noog.","Wer arm ist, hat genug Kinder.",
Swiggst du?,Schweigst du?,
De Wuddeln sünd kaakt.,Die Karotten sind gekocht.,
De Firma het datt Projekt opgeven.,Die Firma hat das Projekt aufgegeben.,
"Süht so ut, as wenn ji ut Indien sünd.","Es sieht so aus, als wärt ihr aus Indien.",
Datt wees ich miene Afsicht.,Das war nicht meine Absicht.,
Du gest datt Book villicht al leest.,Du hast das Buch vielleicht schon gelesen.,
De Jund wees meist verdrunken.,Der Junge war fast ertrunken.,
Wat wullt du?,Was willst du?,
He schall bannig rieke siene.,Er soll sehr reich sein.,
"Nüms kan seggen, wat de Tokumst bringen.","Niemand kann erzählen, was die Zukunft bringt.",
Kaam doch ees vörbi!,Komm doch mal vorbei!,
Ik heff worraftig en Spökels sehen.,Ich habe tatsächlich ein Gespenst gesehen.,
He hätt nech op miene Fraag antert.,Er hat nicht auf meine Frage geantwortet.,
Dröff ik düssen Appel äten?,Darf ich diesen Apfel essen?,
"Wat magst du lever, Wittwien odder Roodwien?","Was magst du lieber, Weißwein oder Rotwein?",
Ik heff Koppwehdaag. Villicht schull ik en Aspirin nehmen.,Ich habe Kopfweh. Vielleicht sollte ich Aspirin nehmen.,
"Wi dachen, datt de Eerd sick üm de Sünn beweegt.","Wir dachten, dass sich die Erde um die Sonne bewegt.",
"Wi dachen, datt de Eerd sick üm de Sünn beweegt.","Wir dachten, dass die Erde um die Sonne kreist.",
Datt klappt allerbest!,Das klappt hervorragend!,
He het allerhand Mehl un Ööl kofft.,Er hat reichlich Mehl und Öl gekauft.,
Ik heff keene Hund.,Ich habe keinen Hund.,
Is huer in de Neeg en Bänk?,Ist hier in der Nähe eine Bank?,
He slööp bi apen Finstern.,Er schlief bei offenem Fenster.,
"Datt lett, as wenn em Geld fehlt.","Es scheint, als fehle ihm Geld.",
En Haverbuck un veele Mieghamels hebbt op en Feld levt.,Ein Grashüpfer und viele Ameisen lebten auf einem Feld.,
Amerikaner eet veele Fleesch.,Amerikaner essen viel Fleisch.,
Nix geit in ’n Sommer övers en groot Glas Bier.,Nichts geht im Sommer über ein großes Glas Bier.,
Een von de Knööp von miene Mantel hätt sick aflööst.,Einer der Knöpfe meines Mantels löste sich.,
Ik wull en klore Antwoort hebben.,Ich möchte eine klare Antwort haben.,
Hess du en bäten Melk?,Hast du etwas Milch?,
Datt is fief vüör negen.,Es ist fünf vor neun.,
"Weet een, wo Tom un Rias sünd?","Weiß jemand, wo Tom und Maria sind?",
Se het em för alle siene Geld nohmen.,Sie hat ihn wegen seines vielen Geldes genommen.,
Se hätt em för alle siene Geld nohmen.,Sie wählte ihn wegen seines vielen Geldes.,
Gesundheid is mihr weerd as Gold.,Gesundheit ist mehr wert als Gold.,
De Vågel op ’t Dack is en Kreih.,Der Vogel auf dem Dach ist eine Krähe.,
Is düt een Stroom?,Ist dies ein Fluß?,
Ik nöhm en Glas Champagner.,Ich nehme ein Glas Champagner.,
Sünd de Kabels mitlevert?,Sind die Kabel mitgeliefert?,
"Ik will di ja schrievt, aver ik harrn toveel to doot.","Ich wollte dir ja schreiben, aber ich hatte zuviel zu tun.",
Düsse Disch is ut goden Eek maakt.,Dieser Tisch ist aus guter Eiche hergestellt.,
De Wogen steiht praat.,Der Wagen steht bereit.,
He schall wol vüör Klock fief trügg wäsen.,Er wird vor 5 Uhr zurück sein.,
"Un du, wo geit di datt?","Und du, wie geht es dir?",
Wat bedüdt dit Schild?,Was bedeutet dieses Schild?,
"Du gest di so ännert, datt ik di meist nicht wedderkenn.","Du hast dich so sehr verändert, dass ich dich fast nicht wiedererkenne.",
Datt is diene Hund.,Das ist dein Hund.,
He het noog Geld.,Er hat genug Geld.,
He is vergangen Nacht Klock ölven to Bedde gohn.,Er ist letzte Nacht um 11 Uhr ins Bett gegangen.,
Dor bün ik jüst würklich to duune för.,Dafür bin ich gerade wirklich zu betrunken.,
Hätt he veele Freetied?,Hat er viel Freizeit?,
Ik leev huer.,Ich wohne hier.,
Ik leev huer.,Ich lebe hier.,
"Tom het mi rümsnackt, mit em in’e Karken to gohn.","Tom überredete mich, mit ihm in die Kirche zu gehen.",
De rood-witte Flagg fladder in ’n Wind.,Die rot-weiße Flagge flatterte im Wind.,
Datt is miene Katz.,Das ist meine Katze.,
Ik heff em ich froogt.,Ich habe ihn nicht gefragt.,
De Priesen gaht na baven.,Die Preise gehen nach oben.,
"Uns Kinners hebbt Hunnen giern, man ik mag Katten beters lieden.","Unsere Kinder mögen Hunde, aber ich mag Katzen lieber.",
Dit is datt Wöörbook vun miene Süster.,Dies ist das Wörterbuch meiner Schwester.,
Ik wull di en Geschicht vertellen.,Ich werde dir eine Geschichte erzählen.,
Ik wull di en Geschicht vertellen.,Ich will dir eine Geschichte erzählen.,
Bet nu unn ik ierst de eersten drie Kapittel trechkriegen.,Bis jetzt konnte ich die ersten drei Kapitel abschließen.,
Ik lääs veele Beuker.,Ich lese viele Bücher.,
En Raav is so swarte as Steenkohl.,Ein Rabe ist so schwarz wie Steinkohle.,
Drögen Sand nimmt Woter op.,Trockener Sand absorbiert Wasser.,
"De hebbt utsehn un smeckt as Shrimps, man ik kan di seggen, datt wören keene echte Shrimps.","Sie haben ausgesehen und geschmeckt wie Shrimps, aber ich kann dir sagen, das waren keine echte Shrimps.",
Wi hebbt de Narichten sehen.,Wir haben die Nachrichten gesehen.,
Tom wees bannig bange.,Thomas war sehr ängstlich.,
"Se deed em övertügen, datt to doot.","Sie hat ihn überzeugt, das zu tun.",
Waorüm studeerst du nech Fransch?,Warum studierst du nicht Französisch?,
Hess du vonavend al wat vüör?,Hast du für heute Abend schon etwas vor?,
"As Udo siene Zigarett smökt harrn, güng he weg.","Nachdem Udo seine Zigarette geraucht hatte, ging er fort.",
Datt Kleed is ut Siet.,Das Kleid ist aus Seide.,
He is in Australien grootworrn.,Er ist in Australien groß geworden.,
Se möök em Spinaat äten.,"Sie zwang ihn, Spinat zu essen.",
Ik miss di unbannig.,Ich vermisse dich sehr.,
Gest du veele Frünnen?,Hast du viele Freunde?,
Sünd ji Brüer?,Seid ihr Brüder?,
Wi hebbt twe Döchter.,Wir haben zwei Töchter.,
Mit een Maol güng de Schüün in Flammen op.,Mit einem Mal ging die Scheune in Flammen auf.,
Datt is roor.,Das ist seltsam.,
Se arbeden bi de Bänk.,Sie arbeitet in einer Bank.,
Hess du Kinners?,Hast du Kinder?,
Ik heff mi mit datt Mest in ’n Fingers sneden.,Ich habe mir mit dem Messer in den Finger geschnitten.,
Se harr Utsöhnsex.,Sie hatten Versöhnungssex.,
Woveel kost datt Bier?,Wie viel kostet das Bier?,
Per Inschrieven?,Per Einschreiben?,
"De Tähndokter is dor tegen, datt du söte Kraam ittst.","Der Zahnarzt ist dagegen, dass du süße Sachen isst.",
"Rias hätt nicht allen, wat se wull.","Maria hat nicht alles, was sie will.",
Bob schrieft mi een Mal in ’n Maand.,Bob schreibt mir einmal im Monat.,
Afkennst du em?,Kennst du ihn?,
Afkennst du em?,Erkennst du ihn?,
Katten möögt keene Woter.,Katzen mögen kein Wasser.,
Ik bün ut Versehn in ’n verkehrte Buss instegen.,Ich bin versehentlich in den falschen Bus gestiegen.,
Ik weet nix.,Ich weiß nichts.,
De Saalhund liggt op ’n Platen un fläätst sick in ’e Sünn.,Der Seehund liegt auf der Sandbank und fläzt sich in der Sonne.,
Dor is keene Solt mihr.,Es ist kein Salz mehr da.,
Wo sünd use Kuffer?,Wo sind unsere Koffer?,
Kakerlaken versteekt sick bi Dag.,Kakerlaken verstecken sich während des Tages.,
Datt harrst ehrder seggen schöölt.,Das hättest du eher sagen sollen.,
"Datt is wohr, datt he den eersten Pries wunnen het.","Es ist wahr, dass er den ersten Preis gewonnen hat.",
"Ik deed mi freit, wenn du to mi Party kümmst.","Ich würde mich freuen, wenn du zu meiner Party kämest.",
Nehmt se Visa-Koorten?,Akzeptieren Sie Visa-Karten?,
Wis di!,Zeig dich!,
Dit Speeltüüg is von Holt.,Dieses Spielzeug ist aus Holz.,
De Karkklocken lüüdt.,Die Kirchenglocken läuten.,
De Karkklocken lüüdt.,Die Kirchenglocken bimmeln.,
"Wichtig is ich, woveel Böker du leest, man wat för Böker du leest.","Wichtig ist nicht, wie viele Bücher du liest, sondern was für Bücher du liest.",
Waorüm gest du versöch uttoneihn?,Warum hast du versucht wegzulaufen?,
Se deed siene Wunn versorgen.,Sie versorgte seine Wunde.,
"Dit Kameel is so tamm, datt elkeen datt rieden kan.","Dieses Kamel ist so zahm, dass es jeder reiten kann.",
Miene Hoor warrn jümmerto länger.,Mein Haar wird immer länger.,
Se hätt datt Ticket ümsüs kriegen.,Sie bekam das Ticket umsonst.,
Se het datt Ticket ümsüs kriegen.,Sie hat die Fahrkarte umsonst bekommen.,
Ik sitt allens tohuus.,Ich sitze allein zuhause.,
Villicht heff ik mi vergisst.,Vielleicht habe ich mich geirrt.,
Moin allemann!,Hallo zusammen!,
Peer un Esels sünd verschedene.,Pferde unterscheiden sich von Eseln.,
Wat deist du?,Was machst du?,
Israel schull von de Koort wischt warrt.,Israel soll von der Karte verschwinden.,
De Tohörers füngen al an to hojahnen.,Die Zuhörer fingen schon an zu gähnen.,
Sochst du een?,Suchen Sie jemanden?,
Sochst du een?,Suchst du jemanden?,
Ik heff dor mit em övers streden.,Ich habe mit ihm darüber gestritten.,
"Ik weet, wat du meenst.","Ich weiß, was du meinst.",
Ik weet wat du meenst.,"Ich weiß, was du meinst.",
Ümmer den Bregen inschalten voorn kwatern.,Bitte vor dem Sprechen das Gehirn einschalten.,
"Ik bün Finn, man ik snack ook Sweedsch.","Ich bin Finne, aber ich spreche auch Schwedisch.",
Se hätt em angräpen.,Sie hat ihn angegriffen.,
Dit Huus is jüstso groot as datt annere.,Dieses Haus ist so groß wie das andere.,
He harrn en Unfall un het sick dor wat bi braken.,Er hatte einen Unfall und hat sich dabei etwas gebrochen.,
He is dit Joht drie Zentimeter wussen.,Er ist dieses Jahr drei Zentimeter gewachsen.,
Ik heff grott Lust em to sehen.,"Ich habe große Lust, ihn zu sehen.",
Se hätt twe Poor Söcken kofft.,Sie kaufte zwei Paar Socken.,
Schriev diene Adress huer op.,Schreibe deine Adresse hier auf.,
Hess du diene Pass dorbi?,Hast du deinen Pass dabei?,
Waorüm het he düsse Steed opgeven?,Warum hat er diese Stelle aufgegeben?,
Tom wees nech lange in ’n Supermarkt.,Tom war lange nicht im Supermarkt.,
"Dit huer is en Satz, de von de Sülventall her, en goods Haiku is.","Das hier ist ein Satz, dessen Silbenanzahl die, eines Haikus ist.",
Wat mookt Tom un Rias huer?,Was machen Tom und Maria hier?,
Dicke hätt Klaveer speelt un Lucy süng.,Dick spielte Klavier und Lucy sang.,
Ik verbeed di to smeuken.,Ich verbiete dir zu rauchen.,
Se stunnen stünnenlang in ’n Stau.,Sie steckten stundenlang im Stau.,
"Gest du weten, datt Keerls, de jümmerto de Antibaby-Pill nehmt, nicht swanger warrn?","Wusstest du, dass Männer, die regelmäßig die Anti-Baby-Pille einnehmen, nicht schwanger werden?",
"Hess du weten, datt Keerls, de jümmerto de Antibaby-Pill nehmt, ich swanger warrn?","Wusstest du, dass Männer, die regelmäßig die Anti-Baby-Pille nehmen, nicht schwanger werden?",
Ik drink nienich Bier.,Ich trinke niemals Bier.,
Inge het en dicken Oors.,Inge hat einen dicken Hintern.,
Schall ik den Nacken utraseren?,"Möchten Sie, dass ich Ihnen den Nacken ausrasiere?",
Föhlst du di süük?,Fühlst du dich krank?,
Wat schall ik doot?,Was soll ich tun?,
Use School wöör nech so groot as dien.,Unsere Schule war nicht so groß wie deine.,
"Wat is gröttern, de Sünn odder de Eerd?","Was ist größer, die Sonne oder die Erde?",
Ik ünnerstütt em.,Ich unterstütze ihn.,
De Wunn deed Mateer afgeven.,Die Wunde eiterte.,
Ik heff al sied söß Stunnen keene Schokelaad mihr äten.,Ich habe schon seit sechs Stunden keine Schokolade mehr gegessen.,
Miene Dochter speelt gern mit Poppen.,Meine Tochter spielt gerne mit Puppen.,
"Wat meenst du, wo groot mien Dochter in drie Joht wäsen schall?","Was meinst du, wie groß meine Tochter in drei Jahren sein wird?",
Datt see de jüngere von de Bröder.,Das sagte der jüngere der Brüder.,
He wees villicht krank.,Er war vielleicht krank.,
Denk dor ees övers na.,Denke darüber nach.,
Ik heff jüst nix to doot.,Ich bin gerade nicht beschäftigt.,
Datt süht ook en Blinnen.,Das sieht auch ein Blinder.,
Waorüm köönt wi uns nicht sülvs ketteln?,Wieso können wir uns nicht selber kitzeln?,
Wi fohrt mit ’n Buss na School.,Wir fahren mit dem Bus zur Schule.,
Överrsett den Satz mol in’t Esperanto!,Übersetz den Satz mal ins Esperanto!,
Düsse Roman besteiht ut drie Delen.,Dieser Roman besteht aus drei Teilen.,
He deed sick dalsetten un hätt Daagbladd leest.,Er setzte sich und las die Zeitung.,
Se utsnackt ich use Spraak.,Sie spricht nicht unsere Sprache.,
Wo düür is datt?,Wie teuer ist dies?,
Villicht ännert he siene Verscheel.,Vielleicht ändert er seine Meinung.,
Goden Nacht alltohoop!,Gute Nacht alle zusammen!,
Opstunns wohn ik bi miene Unkels.,Zurzeit wohne ich bei meinem Onkel.,
Hool de Vaas in beid Hannen.,Halte die Vase in beiden Händen.,
"Tom is de Junge, wo ik von kört heff.","Tom ist der Junge, über den ich geredet habe.",
Wo breed is datt?,Wie breit ist es?,
Wat is diene leevste Soort Appel?,Was ist deine beliebteste Apfelsorte?,
Is Cathy ook gohn?,Ist Cathy auch gegangen?,
Ik besöök New York datt eerste Maol.,Ich besuchte New York zum ersten Mal.,
Ik slaap nech noog.,Ich schlafe nicht genug.,
He keem drie Daag later trügg na Huus.,Er kam drei Tage später nach Hause zurück.,
"As wi op Reisen woren, het sick en Nover üm uns Katte kümmert.","Während wir im Urlaub waren, hat sich ein Nachbar um unsere Katze gekümmert.",
Susie ehr Hoor sünd teemlich lange.,Susies Haare sind sehr lang.,
Ik kööp giern in ’t Internett in.,Ich mache gerne Einkäufe im Internet.,
De Swiezers drinken veele Bier.,Die Schweizer konsumieren viel Bier.,
"Datt spiet mi, datt ik de Schangs misst heff ehr to dräpen.","Das ärgert mich, dass ich die Chance verpasst habe, sie zu treffen.",
Polen is en groot Land.,Polen ist ein großes Land.,
Se mööt dor datt dubbelt von äten.,Sie müssen davon das Doppelte essen.,
Se deed blangen em sitten.,Sie saß neben ihm.,
Se deed ehrn witten Rock root farven.,Sie färbte ihren weißen Rock rot.,
Ik bün Amerikaansch.,Ich bin Amerikaner.,
De Vulkaan speet Flammen un Lava ut.,Der Vulkan speit Flammen und Lava aus.,
Datt wees de dröögste Juni in dörtig Joht.,Das war der trockenste Juni in dreißig Jahren.,
Hebbt ji den Unfall mit egen Ogen sehen?,Habt ihr den Unfall mit eigenen Augen gesehen?,
As Kind heff ik gern Moltkaffe drunken.,Als Kind habe ich gern Malzkaffee getrunken.,
De Katz is bruun.,Die Katze ist braun.,
Ehr Kledaasch stinkt jümmerto.,Ihre Kleidung stinkt immer.,
De Pracher harrn man een Hund.,Der Bettler hatte nur einen Hund.,
Du schußt man datt Smeuken opgeven.,Du solltest mit dem Rauchen aufhören.,
Ik heff mit miene Hand lange twüschen ehr Been rümtiepelt.,Ich habe meine Hand lange zwischen ihren Schenkeln wandern lassen.,
"Harrn ik dissen Fleger nohmen, dann schull ik nu wol nicht mihr läven.","Wenn ich dieses Flugzeug genommen hätte, wäre ich jetzt nicht mehr am Leben.",
Wi brukt joon Geld ich.,Wir brauchen euer Geld nicht.,
Ik heff en Roman schenken kriegen – von miene Fründ!,Ich habe einen Roman geschenkt bekommen – von meinem Freund!,
Uns Firma is en GmbH.,Unsere Firma ist eine GmbH.,
Ik heff lagen.,Ich habe gelogen.,
Jümmerto nöölt se övers datt Äten.,Immer beschwert sie sich über das Essen.,
Tom is noch jümmerto buten.,Tom ist noch immer draußen.,
Ik speel giern Gitarr.,Ich spiele gerne Gitarre.,
’Keene is diene Avkaat?,Wer ist dein Anwalt?,
He is so groot as ik.,Er ist so groß wie ich.,
He hölpt ehr.,Er hilft ihr.,
He hätt en lang Nees.,Er hat eine lange Nase.,
He het anbaden mittohelpen.,"Er hat angeboten, mitzuhelfen.",
Na ’t Museum musst du mit düssen Buss.,Zum Museum musst du diesen Bus nehmen.,
Mak datt sülvst!,Tu es selbst!,
Ik heff ehr för Minako hollen. De beide seht sick so glieks.,Ich habe sie für Minako gehalten. Sie ähneln sich so sehr.,
Se kunnen goods rieden un scheten.,Sie konnten gut reiten und schießen.,
De Kraans maakt jemehr Nesten faken in de Klockentoorns von Karken.,"Die Kraniche tendieren dazu, ihre Nester in den Glockentürmen der Kirchen zu bauen.",
De Krigg hätt datt amerikaanschen Volk eent.,Der Krieg hatte das amerikanische Volk geeint.,
Se itt gern Ies.,Sie isst gerne Eis.,
Se leest jüst datt Bladd.,Sie lesen gerade die Zeitung.,
Ik heff mihr as twe Stunnen tövt.,Ich habe mehr als zwei Stunden gewartet.,
Siene Söön brummt.,Sein Sohn sitzt.,
"Ik wees op de Söök na wat, wat datt nech gäven deed.","Ich war auf der Suche nach etwas, das es nicht gab.",
He is in ’n anner Lastwagen.,Er ist im anderen Lastwagen.,
He het al lange in Iesland wohnt.,Er hat schon lange in Island gewohnt.,
Miene Läven wees in Gefohr.,Mein Leben war in Gefahr.,
Tom verleep sick in’n Woold.,Tom verirrte sich im Wald.,
Tom verleep sick in’n Woold.,Tom hat sich im Wald verirrt.,
"Segg Papa, datt he komen schall.","Sag Papa, dass er kommen soll.",
"Wi hebbt Echten un Plichten, de in de Verfaten fastleggt sünd.","Wir haben Rechte und Pflichten, die in der Verfassung fixiert sind.",
Wat för Wapen harr se?,Was für Waffen hatten sie?,
Ik bün Klock achte bi di tohuus.,Ich bin um acht Uhr bei dir zu Hause.,
Ik deed de folgen Ännerung vörsloon.,Ich würde die folgende Änderung vorschlagen.,
"Du musst oppassen, datt de Koken nicht verbrennen.","Du musst aufpassen, dass der Kuchen nicht verbrennt.",
Ik wull en Inschenör wäsen.,Ich möchte ein Ingenieur werden.,
"Ik bün so dumm... Ik verseuk di Saken to verkloren, de ik sülvens ich verstoh.","Ich bin so blöd... ich versuche, dir Dinge zu erklären, die ich selbst nicht verstehe.",
De Snee is weg.,Der Schnee ist verschwunden.,
Se will dor nech mihr övers seggen.,"Sie weigert sich, mehr darüber zu sagen.",
Ik heff sünnigt.,Ich habe gesündigt.,
De Büx is smuddelig.,Die Hose ist schmutzig.,
Gah liekut.,Geh geradeaus.,
Wullt du en Jackvull hebben?,Möchtest du die Jacke voll haben?,
Waorüm maakst du datt?,Warum machst du das?,
Tom hätt keene Reekner.,Tom hat keinen Computer.,
Tom het keene Reekner.,Tom hat keinen Rechner.,
Tom kinnt siene Navers nicht.,Tom kennt seine Nachbarn nicht.,
Ik schall keene Ieskreem äten.,Ich will keine Eiscreme essen.,
Datt Ies in ’t Woter is smulten.,Das Eis im Wasser schmolz.,
Ik wull narms hen.,Ich will nirgendwohin.,
Drinken diene Kinners Melk?,Trinken deine Kinder Milch?,
Ik harrn nix gägen en Köppken Koffie.,Ich hätte nichts gegen eine Tasse Kaffee.,
He deed siene Büx plätten.,Er bügelte seine Hose.,
Du schasst mi ich helpen! Ik wull datt alleen doot.,Hilf mir nicht! Ich will das allein tun.,
Dor blafft en Hund in de Naverschop.,Ein Hund bellt in der Nachbarschaft.,
"Is datt nech so, datt wi alle naakd in ins Kledaasch steekt?","Ist es nicht so, dass wir alle nackt in unseren Kleidern stecken?",
Woneem is diene Komer?,Wo ist dein Zimmer?,
"He see, datt he in Afrika boren is.","Er sagt, er sei in Afrika geboren.",
Tööv bet söss.,Warte bis sechs.,
Ik bün nicht doof.,Ich bin nicht taub.,
Afkennst du alle Bookstaven?,Kennst du alle Buchstaben?,
Bünt du noch jümmerto in Florida?,Bist du noch immer in Florida?,
"Ik weent elk Kehr, wenn ik dit Leeg hör.","Ich weine jedes Mal, wenn ich dieses Lied höre.",
Ik wohn bi miene Unkels.,Ich wohne bei meinem Onkel.,
"Wenn de Heven fallt, so liggt wi dor alle ünner.","Wenn der Himmel herunter fällt, dann liegen wir alle darunter.",
De Bruud deed ehrn Willen dörsetten.,Die Braut setzte ihren Willen durch.,
Ik bün Klock söss trügg.,Ich bin um sechs Uhr zurück.,
De Professer lihrt Tschechsch.,Der Professor unterrichtet Tschechisch.,
Lat den Buer siene Swin.,Lass dem Bauern sein Schwein.,
Waorüm gest du datt vergäten?,Warum hast du das vergessen?,
Se töög mi mit ehr Ogen ut.,Sie zog mich mit Blicken aus.,
Dor ich för!,Nichts zu danken.,
Dor nech för.,Gern geschehen.,
Dor nicht för.,Nichts zu danken.,
Ken sprüng övers de Müür.,Ken sprang über die Mauer.,
Ich in miene Goorn.,Nicht in meinem Garten.,
Mak datt sülvens!,Mach es selber!,
Mak datt sülvens!,Mache das selbst!,
Miene Wark is daan.,Meine Arbeit ist getan.,
As jungen Keerl harrn ik veele Hoor op ’n Kopp un keene op de Bost. Nu is datt jüst annersrüm.,Als Jugendlicher hatte ich viele Haare auf dem Kopf und keins auf der Brust. Jetzt ist es genau umgekehrt.,
Wi gaht na ’n Karkhoff.,Wir gehen zum Friedhof.,
"Ik heff veele Frünn, de mi hölpt.","Ich habe viele Freunde, die mir helfen.",
"Wat he brukt, is keene Geld, man Leevd.","Was er braucht, ist kein Geld, sondern Liebe.",
Datt Dörpe is von de Butenwelt afsneden.,Das Dorf ist von der Außenwelt abgeschnitten.,
Waorüm sünd de huer?,Wieso sind sie hier?,
Keeneen utsnackt mit mi.,Keiner spricht mit mir.,
Ööl is in dit Land roor.,Öl ist in diesem Land selten.,
He is to Foot na Huus gohn.,Er ist zu Fuß nach Hause gegangen.,
"Slaap goods, Timmy.","Schlaf gut, Timmy.",
"Ik heff Lust, vonavend äten to gohn.","Ich habe Lust, heute Abend essen zu gehen.",
Ik gah giern alleen to Foot.,Ich gehe gerne allein zu Fuß.,
Se güng rop in ehr Slaapkamer.,Sie ging hinauf in ihr Schlafzimmer.,
Wat sühst du op datt Bild?,Was siehst du auf dem Bild?,
Wo afkennst du em von?,Von wo kennst du ihn?,
He wull nix seggen.,Er will nichts sagen.,
He is von siene Frünnen utlacht worrn.,Er wurde von seinen Freunden ausgelacht.,
Wo wullt du op af?,Worauf willst du hinaus?,
Wis mi datt op de Koorten.,Zeige es mir auf der Karte.,
Waorüm büs du na Japan gohn?,Warum bist du nach Japan gegangen?,
Ik harrn gern drie von de dor.,Ich hätte gern drei von denen da.,
Wo steiht GNP för?,Wofür steht GNP?,
"He stünn op ’n Schamel, as en Stalen breken deed, datt he sick den Dööts an ’n Etelschapp anslöög.","Er stand auf einem Schemel, als ein Bein abbrach, so dass er sich den Kopf am Vorratsschrank angeschlagen hat.",
Mit en Köpper deed he in ’t Woter duken.,Mit einem Kopfsprung tauchte er in das Wasser.,
De Franzosen sünd uns Frünnen.,Die Franzosen sind unsere Freunde.,
Ik överlegg mi datt noch mal.,Ich überlege es mir noch mal.,
De Bööm sünd in en Afstand von dörtig Meter plant.,Die Bäume sind im Abstand von 30 Metern gepflanzt.,
Kan ik wat to drinkt hebben?,Könnte ich etwas zu trinken haben?,
De Appel is riep.,Der Apfel ist reif.,
Ik wees op ’n Barg.,Ich war auf dem Berg.,
Se is twe Joht jünger as ik.,Sie ist zwei Jahre jünger als ich.,
"Wisch di nien de Ogen, wenn du smuddelige Hannen hess.","Reibe dir nie die Augen, wenn du schmutzige Hände hast.",
Düsse Barg is 3000 Meter hoog.,Dieser Berg hat eine Höhe von 3000 Metern.,
Wi sünd Klock söss an ’n Bahnhoff ankamen.,Wir sind um sechs Uhr am Bahnhof angekommen.,
He deed önnig Mairaan un Kommuum an ’e Supp.,Er macht ordentlich Majoran und Kardamom an die Suppe.,
Kiek di datt Book op ’n Disch an.,Schau dir das Buch auf dem Tisch an.,
Kiek di datt Book op ’n Disch an.,Schaue dir das Buch auf dem Tisch an.,
"Allen, wat ik heff, sünd Böker.","Alles was ich habe, sind Bücher.",
Se is nech bange vüör Snaken.,Sie hat keine Angst vor Schlangen.,
Ik heff sowat noch nien sehen.,Ich habe so etwas noch nie gesehen.,
Se driggt jümmerto swarte.,Sie trägt immer Schwarz.,
De Mann hätt datt Broot äten.,Der Mann hatte das Brot gegessen.,
He versteiht gorkeen Fransch.,Ich verstehe überhaupt kein Französisch.,
He versteiht gorkeen Fransch.,Er versteht gar kein Französisch.,
Du musst op düsse Frogen nicht antern.,Du musst diese Fragen nicht beantworten.,
Wat verwachten he?,Was erwartet er?,
Ik lööp so gau ik unn üm ehr intokriegen.,Ich lief so schnell ich konnte um sie einzuholen.,
Ik bün noch ich sowiet.,Ich bin noch nicht so weit.,
De Feldmüüs hebbt de Buurn jemehr Koorn opfreten.,Die Feldmäuse haben das Getreide der Bauern aufgefressen.,
Datt wees miene Satz!,Das war mein Satz!,
Kunnst du mi vergäven?,Kannst du mir verzeihen?,
De Mann driggt en Brill.,Der Mann trägt eine Brille.,
Wannehr geihst du trügg na Japan?,Wann fährst du zurück nach Japan?,
Goden Nacht un deööm fein.,Gute Nacht und träum was Schönes.,
Datt Schipp is nu in ’n Haven.,Das Schiff ist jetzt im Hafen.,
Wo gest du övers utsnackt?,Worüber hast du gesprochen?,
Ik föhr giern Ski.,Ich fahre gern Ski.,
Datt is nech wichtig.,Das ist nicht wichtig.,
"Allen wat he weet, is, datt he nicht weet datt he datt weet.","Alles, was er weiß, ist, dass er nicht weiß, dass er das weiß.",
Ik bün mit Baden trech.,Ich bin mit dem Baden fertig.,
He und se sünd lieker groot.,Er und sie sind gleich groß.,
Ik heff Verwandte in Boston.,Ich habe Verwandte in Boston.,
Böst du na ’n Dokter gohn?,Bist du zum Arzt gegangen?,
De Lamp is grau.,Die Lampe ist grau.,
Wüllt wi joggen?,Sollen wir joggen?,
He het twölv Kinners.,Er hat zwölf Kinder.,
"Häbt ji häört, datt en Daiw in miene Naobern sin Huus inbruoken hät?","Habt ihr gehört, dass ein Dieb in das Haus meines Nachbarn eingebrochen ist?",
Up Tom siene Schrievdisch sünd en poor Beuker.,Auf Toms Schreibtisch sind einige Bücher.,
He harrn siene Söcken verkehrt rüm an.,Er hatte seine Socken verkehrt herum an.,
He harrn siene Söcken verkehrt rüm an.,Er hat seine Socken verkehrt herum an.,
Bedeen di.,Bedien dich.,
Se hätt em wat to äten gäven.,Sie hat ihm etwas zu essen gegeben.,
Se het em wat to äten gäven.,Sie gab ihm etwas zu essen.,
Datt is gladd as de Noors von en Baby.,Das ist glatt wie ein Babypopo.,
Se hätt em datt Foto wiest.,Sie zeigte ihm das Foto.,
De drie Jugs ankeken sick an.,Die drei Jungen sahen sich an.,
Ik heff goods toslapen vonnacht.,Ich habe heute Nacht gut geschlafen.,
Wi mööt ganz vörsicht wäsen.,Wir müssen ganz vorsichtig sein.,
Ik wull nu nix to Abend äten.,Ich will jetzt nicht zu Abend essen.,
He behr sick as en Kind.,Er benahm sich wie ein Kind.,
Dit Huus is tæmlich lütt.,Dieses Haus ist ziemlich klein.,
Se misst em.,Sie fehlt ihm.,
Roop man foorts na ’n Dokter odder ’n Patient schall datt slechter gohn.,Rufe sofort den Doktor oder dem Patienten wird es schlimmer gehen.,
Wo sünd ehr Dagbläder?,Wo sind ihre Zeitungen?,
Ik heff en Granaat.,Ich habe eine Granate.,
Ik kenn em al mihr as tein Joht.,Ich kenne ihn seit mehr als zehn Jahren.,
De Maschienen harrn sick mit Smeer dichtsett.,Die Maschine hatte sich mit Schmiere zugesetzt.,
Ik harrn gern ’n Gavel.,Ich hätte gerne eine Gabel.,
Veele Vogels sitt op den Ast.,Viele Vögel sitzen auf dem Ast.,
Ik wohn gliek dor achtern.,Ich wohne gleich da drüben.,
Düsse Stevel sünd ut Ledder.,Diese Stiefel sind aus Leder.,
Ik eet Ries.,Ich esse Reis.,
Bünt du noch to redden?,Bist du noch zu retten?,
In Tokyo het datt en groot Eerdbevens gäven.,In Tokio gab es ein großes Erdbeben.,
Melk maakt uns stark.,Milch macht uns stark.,
"Datt is datt Book, datt du socht hess.","Das ist das Buch, das du gesucht hast.",
Willkommen bi Tatoeba.,Willkommen bei Tatoeba.,
Tom blieft bi us.,Tom bleibt bei uns.,
Napoleon deed in ’t Exil op datt Eiland Elba läven.,Napoleon lebte auf der Insel Elba im Exil.,
Wat för en Deert is groot?,Welches Tier ist groß?,
Se is bannig stolt op ehr sammeln Breevmarken.,Sie ist sehr stolz auf ihre Briefmarkensammlung.,
"China grenzen an Pakistan, Indien, Afghanistan, Tadschikistan, Kirgisien, Kasachstan, Noordkorea, Laos, Vietnam, Nepal, Bhutan, Myanmar, de Mongolei un Rußland.","China grenzt an Pakistan, Indien, Afghanistan, Tadschikistan, Kirgisien, Kasachstan, Nordkorea, Laos, Vietnam, Nepal, Bhutan, Myanmar, die Mongolei und Russland.",
Datt is ich de best Antwoord.,Das ist nicht die beste Antwort.,
"Se will nech, datt he Poker speelt.","Sie wollte nicht, dass er Poker spielt.",
"Datt keem rut, datt datt, wat he bi de Schandarms vertellt harrn, nicht wohr wäsen is.","Es kam heraus, dass das, was er der Polizei erzählt hatte, nicht wahr war.",
Disse Spraak is unutspreekbar!,Diese Sprache ist unaussprechbar!,
Ik wull in en Slott läven.,Ich möchte in einem Schloss wohnen.,
Tom hätt datt Licht ich utmookt.,Tom hat das Licht nicht ausgeschaltet.,
Nüms hölt mi op!,Niemand hält mich auf!,
In Schoklaad is mihr Iesen in as in Spinaat.,Schokolade enthält mehr Eisen als Spinat.,
De Goorner het ’n Knick liek snöödt.,Der Gärtner hat die Hecke gerade geschnitten.,
De Weg is lange.,Der Weg ist lang.,
To Paosken blaiet de Kiäsenbäume.,Zu Ostern blühen die Kirschbäume.,
Miene Nover is vörige Nacht fastnahmen worrn.,Mein Nachbar ist gestern Nacht festgenommen worden.,
"Een, twe, drie, veer, fief, söss, söven, achte, negen, tein.","Eins, zwei, drei, vier, fünf, sechs, sieben, acht, neun, zehn.",
De vörige Satz is wohr.,Der vorherige Satz ist wahr.,
Woneem is se hengohn?,Wo ist sie hingegangen?,
Wat wees dienen eersten Indruck vun London?,Was war dein erster Eindruck von London?,
Ik bün mit ’t Taxi na Kawagoe fohrt.,Ich bin mit dem Taxi nach Kawagoe gefahren.,
Ik bün in en poor Minuten trügg.,Ich bin in ein paar Minuten zurück.,
"Se un ik, wi sünd in de desülve Klass.","Sie und ich, wir sind in derselben Klasse.",
Haruki hätt nech veele Geld dorbi.,Haruki hat nicht viel Geld bei sich.,
He het grott Angst vüör Hunnen.,Er hat große Angst vor Hunden.,
Disse Stuuv kriegt nicht noog Sünnlicht.,Dieses Zimmer bekommt nicht genug Sonnenlicht.,
Lat mi datt Avendenten betahlen.,Lass mich das Abendessen bezahlen.,
He schull komen.,Er sollte kommen.,
Spaniers hebbt twe Achternaam.,Spanier haben zwei Nachnamen.,
Ik kör ich geern övers mi.,Ich rede nicht gern über mich.,
De Bänk maakt freedags later dicht.,Die Bank schließt freitags spät.,
Ik gah elk Ovend Klock ölven na Bedde.,Ich gehe jede Nacht um 23 Uhr ins Bett.,
Een hätt miene Reisschecks stahlen.,Jemand hat meine Reiseschecks gestohlen.,
"Wenn du wat nech versteihst, dunn fraag.","Wenn du etwas nicht verstehst, dann frage.",
Ik bün keene Amerikaners.,Ich bin kein Amerikaner.,
De Dag is meist vörbi.,Der Tag ist fast vorüber.,
An ’n Beek sitt en Quicksteert un wüppt mit ’n Steert.,Am Bach sitzt eine Bachstelze und wippt mit dem Schwanz.,
Tom arbeiden nicht gern alleen.,Tom arbeitet nicht gern allein.,
Siene Aden rükt na Snaps.,Sein Atem riecht nach Schnaps.,
Ik söök en Assistent.,Ich suche einen Assistenten.,
Köönt ji Gitarr speelen?,Könnt ihr Gitarre spielen?,
Ik heff ich noog Geld för miene Reis.,Ich habe nicht genug Geld für meine Reise.,
Höllst du mi för en Dummbüdel?,Hältst du mich für einen Idioten?,
"Nee, ik heff datt noch nech schräven.","Nein, ich habe es noch nicht geschrieben.",
"Ik heff Tom al seggt, wat ik köpen wull.","Ich habe Tom schon gesagt, was ich kaufen will.",
De Schachtel is leddige.,Die Schachtel ist leer.,
Wat gest du to ’n Freuhstück äten?,Was hast du zum Frühstück gegessen?,
"Pass op, wat he seggt.","Pass auf, was er sagt.",
Ik bün to lat opwaakt.,Ich bin zu spät aufgewacht.,
Töven schaadt doch nix!,Warten schadet doch nichts!,
"Datt maakt mi nix ut, wenn du huer blievst.","Es macht mir nichts aus, wenn du hier bleibst.",
Wat is joon Tasch?,Welche ist eure Tasche?,
Spreekt ji platt?,Sprecht ihr Plattdeutsch?,
Ook en Weg von dusende Mielen anfangt mit een Schridd an.,Auch ein Weg von tausend Meilen beginnt mit einem Schritt.,
Ik harrn mi miene eersten Kuss romantischer vörstellt.,Ich hatte mir meinen ersten Kuss romantischer vorgestellt.,
Wat het miene Book huer to söken?,Was hat mein Buch hier zu suchen?,
’Keene hess du in ’t Theater sehen?,Wen hast du im Theater gesehen?,
"Swieg un lüüster, Jund!","Schweige und höre zu, Junge!",
Se hung den Klenner an de Wand.,Sie hat den Kalender an der Wand aufgehängt.,
"Miene Katte snurrt, wenn ik ehr rachter de Ohren krau.","Meine Katze schnurrt, wenn ich sie hinter dem Ohr kraule.",
Se deed em tostimmen.,Sie stimmte ihm zu.,
"Tom deit an meist allen, wat he itt, Solt.","Tom macht Salz an fast alles, was er isst.",
De Lichten güngen ut.,Die Lichter gingen aus.,
Een von Jesus siene Apostels hätt Paulus heten.,Einer der Apostel Jesu hieß Paulus.,
"Datt wees nicht eenfach, em to övertügen.","Es war nicht einfach, ihn zu überzeugen.",
Köönt ji datt moken?,Könnt ihr das machen?,
En leddige Faat maakt ich natte.,Ein leeres Fass macht nicht nass.,
Tom is nülich up’n Bodden wesen.,Tom war kürzlich auf dem Dachboden.,
Woveel Gäst gest du inlaadt?,Wie viele Gäste hast du eingeladen?,
De Wind het veele Bööm ümreten.,Der Wind hat viele Bäume entwurzelt.,
Kunnst du de Person in dit Bild kennen?,Kannst du die Person auf diesem Bild erkennen?,
Du musst tomaken.,Du musst dich beeilen.,
He seet op de Bänk.,Er saß auf der Bank.,
Se wüllt bi de Olympschen Speelen mitmaken.,Sie wollen an den Olympischen Spielen teilnehmen.,
Ut de Wunn lööp Blood.,Aus der Wunde floss Blut.,
Du büs sweterig.,Du bist verschwitzt.,
"Ji stahn nech so fröh op as joon öllere Süster, ne?","Ihr steht nicht so früh auf wie eure ältere Schwester, oder?",
Lees dit Book.,Lies das Buch!,
"Ik will, ik unn mit.","Ich wollte, ich könnte mit.",
Se kaakt för em.,Sie kocht für ihn.,
Ik söök en witten Minirock!,Ich suche einen weißen Minirock!,
Ik heff USB-Kavels mit söss verschillen Steckers. Un sowat nöömt sick „universell“!,"Ich habe USB-Kabel mit sechs verschiedenen Steckern. Sowas nennt sich ""universell""!",
Lat uns wat speelen.,Lasst uns etwas spielen.,
Ik heff de Schieteree.,Ich habe Durchfall.,
Ik rüük Benzin.,Ich rieche Benzin.,
Ik mag Snee.,Ich mag Schnee.,
De Bodden is fuchtig.,Der Erdboden ist feucht.,
Datt is miene Puns.,Das ist meine Muschi.,
Tom hätt nicht noog Frünnen.,Tom hat nicht genug Freunde.,
"Wi jappt, wenn wi ich noog Suurstoff kriggt.","Wir gähnen, wenn wir nicht genug Sauerstoff bekommen.",
Datt geit di gornix an!,Das geht dich gar nichts an!,
Se keem lat in ’e Nacht in ’t Hotel an.,Sie kam spät nachts im Hotel an.,
Uns Bökeree is in ’n tweeten Stock.,Unsere Bibliothek ist im zweiten Stock.,
"Datt Äten wees gresige, liekers heff ik dor nech övers rümmuult.","Das Essen war schrecklich, trotzdem habe ich mich nicht darüber beschwert.",
Düsse Popp is en Geschenk von miene Tante.,Diese Puppe ist ein Geschenk meiner Tante.,
Datt Seewater kellt in miene Sniddwunn.,Das Seewasser schmerzt in meiner Schnittwunde.,
Ik stüür ehr na Kalifornien.,Ich schicke sie nach Kalifornien.,
Se het em to ehr Party inlaadt.,Sie hat ihn zu ihrem Fest eingeladen.,
Datt Avendenten kan töven.,Das Abendessen kann warten.,
De Fotos dor sünd ehr.,Die Fotos dort sind ihre.,
Een un twee mäk drai.,Eins plus zwei ist gleich drei.,
Betty fohrt gau.,Betty fährt schnell.,
He wull keene Krigg.,Er will keinen Krieg.,
Ik wull dit Hemd nicht.,Ich will dieses Hemd nicht.,
De Weertschop von China is 2010 önnig wussen.,Chinas Wirtschaft wuchs 2010 beachtlich.,
Se hätt mi in ’n Ellbagen knepen.,Sie zwickte mich in den Ellbogen.,
He is al en grotten Junge.,Er ist schon ein großer Junge.,
Ik bün Moslem.,Ich bin Muslim.,
Ik bün Moslem.,Ich bin Moslem.,
Is he tohuus?,Ist er daheim?,
Lat mi di wat to Drinkt utgäven.,Lass mich dir einen Drink ausgeben.,
Ik heff noch ich alle miene Huusopgaven trech.,Ich habe noch nicht alle meine Hausaufgaben erledigt.,
Wat heet datt nipp un nau?,Was heißt das genau?,
Woveel hess du för den Wagen betahlt?,Wie viel hast du für den Wagen bezahlt?,
Dröff ik mitkamen?,Darf ich mitkommen?,
De Vogels singt in ’e Bööm.,Die Vögel singen in den Bäumen.,
Düsse Supp brukt en bäten mihr Solt.,Diese Suppe braucht ein bisschen mehr Salz.,
Gest du wat to seggen?,Hast du irgendwas zu sagen?,
"Düsse Bloom is geel, man alle de anneren sünd blau.","Diese Blume ist gelb, aber alle anderen sind blau.",
"Düsse Bloom is geel, man alle de anner sünd blau.","Während alle anderen blau sind, ist diese Blume gelb.",
He verdeint twe Maol so veele as ik.,Er verdient zweimal so viel wie ich.,
He verdeint twe Mal so veele as ik.,Er verdient zwei Mal so viel wie ich.,
He verdeint twe Maol so veele as ik.,Er verdient doppelt so viel wie ich.,
Wi kinnt datt.,Wir kennen es.,
Waorüm dröögst du di de Hoor?,Warum trocknest du dir die Haare?,
Du schullst na ’n Tähndokter gohn.,Du solltest einen Zahnarzt konsultieren.,
De Emma kickt dwars.,Die Emma schielt.,
Hebbt de Kinners al eten?,Haben die Kinder schon gegessen?,
Se het nüms besökt.,Sie hat niemanden besucht.,
Se hätt nüms besökt.,Sie besuchte niemanden.,
Wi mööt den Schrievdisch afstöven.,Wir müssen den Schreibtisch abstauben.,
Hosni Mubarak het man een Fründ. Un datt is Israel.,Hosni Mubarak hat nur einen Freund. Und der ist Israel.,
Tatoeba is en intressante Speelwisch for Klookschieter.,Tatoeba ist eine interessante Spielwiese für Klugscheißer.,
"Ik heff sehen, woans he di keken hätt.","Ich habe gesehen, wie er dich angeguckt hat.",
Ik bün vonmorgen Klock söven opstahn.,Ich bin heute Morgen um sieben aufgestanden.,
"Mak, wat du wullt!",Mach was du willst!,
Ik heff den helen Dag lange op em tövt.,Ich habe den ganzen Tag lang auf ihn gewartet.,
"Ik wedd dor 10.000 Yen op, datt he winnt.","Ich wette zehntausend Yen darauf, dass er gewinnt.",
Woveel Säck hess du?,Wie viele Säcke hast du?,
"Wullt du, datt ik di en Taxi roop?","Willst du, dass ich dir ein Taxi rufe?",
Düsse Maschienen is nu al veröllert.,Diese Maschine ist inzwischen veraltet.,
Bitieden hör ik miene Papa bi ’t Baden süngen.,Manchmal höre ich meinen Papa beim Baden singen.,
Tom het siene Romaan up’n Schrievmaschien schräven.,Tom hat seinen Roman auf einer Schreibmaschine geschrieben.,
He hätt al äten.,Er hat schon gegessen.,
Een kan nech sünner Woter läven.,Man kann nicht ohne Wasser leben.,
De Sween höddt siene Hood.,Der Schweinehirte hütet seine Herde.,
Dit Bladd kost nix.,Diese Zeitung ist kostenlos.,
Dit Bladd kost nix.,Diese Zeitung gibt es gratis.,
Man kan siene Koken nicht gliektiedig behollen un opeten.,Man kann seinen Kuchen nicht gleichzeitig aufheben und essen.,
Man kan siene Koken ich gliektiedig behollen un opeten.,Man kann seinen Kuchen nicht gleichzeitig behalten und aufessen.,
Baseball is Spoort un Bargstiegen jüstso.,"Baseball ist Sport, und Bergsteigen ebenso.",
Wat heet datt?,Was heißt das?,
De Kultuur von de Maori spreedt sick mang uns jümmerto mihr ut un jemehr Spraak is een von de Amtsspraken worrn.,"Die Kultur der Maori breitet sich bei uns immer weiter aus, und ihre Sprache ist eine der Amtssprachen geworden.",
De Mai is miene leevsten Maand.,Der Mai ist mein Lieblingsmonat.,
De Maand schient nachtens.,Der Mond scheint nachts.,
Klei mi an ´n oors!,Du kannst mich mal!,
Miene Enkel is noch en Baby.,Mein Enkel ist noch ein Baby.,
De Lüdd hebbt in Dörper wohnt.,Die Leute wohnten in Dörfern.,
Mien Welt is ook dien Welt.,Meine Welt ist auch deine Welt.,
"Datt sünd de blausten Bickbeern, de ik miene Leevdag sehen heff. Jemehr Blau süht meist künstlich ut.","Das sind die blausten Heidelbeeren, die ich je gesehen habe. Ihr Blau sieht fast künstlich aus.",
Ehr Hoor wees natte von ’n Sweet.,Ihr Haar ist schweißnass.,
Ik bün keene Athener un keene Greek.,Ich bin kein Athener und kein Grieche.,
Ik kan den Larm nech uthollen.,Ich kann den Lärm nicht aushalten.,
Ik schriev den Jund.,Ich schreibe dem Jungen.,
Woveel Frömdspraken afkennst du?,Wie viele Fremdsprachen kennst du?,
"Rias, ik heff di leif!","Maria, ich liebe dich!",
He luurt op miene Anroop.,Er erwartet einen Anruf.,
"Ik kenn den Grund, waorüm as se ehr Steed opgeven het.","Ich kenne den Grund, weshalb sie ihre Stelle aufgab.",
Dor sünd man noch twe Daag na.,Es bleiben nur noch zwei Tage.,
Dor wees en Barg Vogels in ’n Boom.,Es waren einen Menge Vögel in dem Baum.,
Ik heff vüör en half Joht mit Smeuken ophöört.,Ich habe vor einem halben Jahr mit Rauchen aufgehört.,
Wat bedüdt datt?,Was bedeutet das?,
Schall ik den Satz ännern?,Soll ich den Satz ändern?,
As de Katz üm ’n hitten Bree slieken.,Wie die Katze um den heißen Brei schleichen.,
Siene Söön is bi en Duell dootbleven.,Sein Sohn wurde bei einem Duell getötet.,
Datt Book is op Spaansche schräven.,Das Buch ist auf Spanisch geschrieben.,
Tom driggt jeden Dag en Hoot.,Tom trägt jeden Tag einen Hut.,
Ik heff en poor Böker.,Ich habe ein paar Bücher.,
Datt Känguru springen teemlich hoog.,Das Känguru springt sehr hoch.,
Datt Hotel steiht op en Barg.,Das Hotel steht auf dem Berg.,
"Stahn op, wenn ik mit jo snack!","Stehen Sie auf, wenn ich mit Ihnen rede!",
"Stahn op, wenn ik mit jo snack!","Steht auf, wenn ich mit euch rede!",
Du gest so smucke Wimpern.,Du hast so schöne Wimpern.,
De Goorn wees vull Blomen.,Der Garten war voller Blumen.,
"Wat meenst du, wat he maakt hätt?","Was meinst du, was er gemacht hat?",
"Düsse Parlen sünd echt, nicht namaakt.","Diese Perlen sind echt, nicht künstlich.",
Siene Laden löpt goods.,Sein Laden läuft gut.,
Se mag ehr School heel giern.,Sie mag ihre Schule sehr gerne.,
Ik will lever dood wäsen as di to freen!,Ich will lieber tot sein als dich heiraten!,
Wi güngen na ’n Park üm to speelen.,"Wir gingen in den Park, um zu spielen.",
"Wi schullen di missen, wenn du weg böst.","Wir werden dich vermissen, wenn du weg bist.",
"In de Karnaval vun Köln röppt man ""alaaf"" un in Düsseldorf ""helau"".","Im Kölner Karneval ruft man ""alaaf"" und in Düsseldorf ""helau"".",
"Miene Ökelnaam is ""Itschi"".",Mein Spitzname ist „Itschi“.,
Se hebbt em den Kopp raseert.,Man rasierte ihm den Kopf.,
Wo wullt du düssen Sommer hengohn?,Wo willst du diesen Sommer hingehen?,
Datt geiht bi hum to een Ohr herin un to 't anneren Ohr wees herut,Das geht bei ihm zum einen Ohr hinein und zum anderen wieder hinaus.,
De Priesen sünd dubbelte so hoog as vüör twe Joht.,Die Preise sind doppelt so hoch wie vor zwei Jahren.,
Wat hess du dit Wekenenn vüör?,Was hast du dieses Wochenende vor?,
Se het en verkehrte Indruck von em kriegen.,Sie hat einen falschen Eindruck von ihm bekommen.,
Du gest mi wat seggt.,Du hast mir etwas gesagt.,
Heff ik maakt.,Habe ich gemacht.,
"Ik heff lihrt, ahn ehr to läven.","Ich habe gelernt, ohne sie zu leben.",
"De von Schullt dröömt, de itt gern Butt.","Wer von Schollen träumt, der isst sie gern.",
Ran ’e Arbeit!,An die Arbeit!,
De Tinsen schullen Schridd för Schridd stiegen.,Die Zinsen werden schrittweise steigen.,
Wat hess du vergangen Nacht maakt?,Was hast du gestern Nacht gemacht?,
Snied de Meloon in söss liek grott Delen.,Schneide die Melone in 6 gleiche Teile.,
"Ik kan datt gornich aftöven, in de Feerne to fohren.","Ich kann es gar nicht erwarten, in den Urlaub zu fahren.",
Wannehr bünt du in New York wäsen?,Wann bist du in New York gewesen?,
Villicht gest du vun mi höört.,Vielleicht hast du von mir gehört.,
Allen wat ik wull büs du.,"Alles, was ich will, bist du.",
Tom is övers en Wuttel stolpert.,Tom ist über eine Wurzel gestolpert.,
Dit is en Stadplaan von Sendai.,Dies ist ein Stadtplan von Sendai.,
"Wenn du datt wullt, dann do ik datt.","Im Falle, dass du es möchtest, werde ich es tun.",
De Elefant is grau.,Der Elefant ist grau.,
He brukt en Brill.,Er braucht eine Brille.,
De Snee smült in ’t Vörjohr.,Der Schnee schmilzt im Frühling.,
Ik heff Tom nix to seggen.,Ich habe Tom nichts zu sagen.,
Physik interesseert mi gornich.,Physik interessiert mich überhaupt nicht.,
Deit datt dulle weh?,Tut es sehr weh?,
"En Schipp, datt Ööl transporteert, warrn Tanker nöömt.","Ein Schiff, das Öl transportiert, nennt man Tanker.",
"Ach, dorvon!","Ach, darum!",
Miene Blooddruck is 155 to 105.,Mein Blutdruck ist 155 zu 105.,
Ik bün nie bi miene Unkels wäsen.,Ich bin nie bei meinem Onkel gewesen.,
Ik seh keene Ünnerscheed.,Ich sehe keinen Unterschied.,
Holthacker Hick hackt Holt.,Holzhacker Hick hackt Holz.,
Datt is aver düür!,Das ist aber teuer!,
Se hätt en Bloom in ehr Hand.,Sie hat eine Blume in der Hand.,
De Mississippi münnt in ’n Golf von Mexiko.,Der Mississippi mündet in den Golf von Mexiko.,
Ik bün en Person.,Ich bin eine Person.,
He is n Tüderbüdel.,Er ist ein Quatschkopf.,
Du hess al äten.,Du hast schon gegessen.,
Datt Schipp seilt Klock drie af.,Das Schiff legt um drei ab.,
Miene Opa geit giern spazieren.,Mein Großvater geht gerne spazieren.,
Datt heff ik reinweg vergäten.,Das habe ich ganz und gar vergessen.,
Ik bün nee huer.,Ich bin neu hier.,
Sien Temperatur is normaal.,Seine Temperatur ist normal.,
De eerste Johrstied in ’t Joht is datt Vörjohr.,Die erste Jahreszeit im Jahr ist der Frühling.,
Wat för en smucker Regenbagen!,Was für ein schöner Regenbogen!,
Ünner sick hebbt Tom un Rias jümmerto Platt utsnackt.,Unter sich haben Tom und Maria immer Platt gesprochen.,
Miene Goorn is lütt.,Mein Garten ist klein.,
Ik funn datt Book heel intressant.,Ich fand das Buch sehr interessant.,
Waorüm kümmst du ich eens vörbi?,Warum kommst du nicht mal vorbei?,
Ik verstoh diene Fraag nech.,Ich verstehe deine Frage nicht.,
Ik söök siene Telefonnummer in ’t Telefoonbook.,Ich suchte seine Telefonnummer im Telefonbuch.,
Is datt diene Book?,Ist das dein Buch?,
Is datt diene Book?,Ist dies dein Buch?,
Verköffst du Batterien?,Verkaufst du Batterien?,
Sawako wull na Frankriek gohn.,Sawako will nach Frankreich gehen.,
Wannehr is he huer ankamen?,Wann kam er hier an?,
De Maand is al opgahn.,Der Mond ist schon aufgegangen.,
Datt Huus hört mi to.,Das Haus gehört mir.,
Düsse Jack is en bäten to groot.,Diese Jacke ist ein bisschen zu groß.,
Wi brukt diene Geld nicht.,Wir brauchen dein Geld nicht.,
Nüms kan em begriepen.,Niemand kann ihn begreifen.,
Mien Aapkatt is weglopen.,Mein Affe ist fortgelaufen.,
Gest du düssen Film ankeken?,Hast du diesen Film gesehen?,
Hebbt ji Franzöösch utsnackt?,Habt ihr Französisch gesprochen?,
Nachtens Klock drie heff ik mi övergäven.,Um drei Uhr nachts habe ich gespieben.,
Nachtens Klock drie heff ik mi övergäven.,Um drei Uhr nachts habe ich mich übergeben.,
Kaam gau trügg.,Komm schnell zurück.,
Mary un Jane sünd Kusinen.,Mary und Jane sind Cousinen.,
Ik hol datt ich mihr ut!,Ich halte das nicht mehr aus!,
Ik hol datt nech mihr ut!,Ich halte es nicht mehr aus!,
Dit huer?,Ist es das?,
Sett di un roh di ut.,Setze dich und ruhe dich aus.,
"De twe Kinners hebbt an ’t Reep tagen, bet datt reten is.","Die zwei Kinder zogen am Seil, bis es riss.",
Wat is diene leevst TV-Programm?,Was ist dein liebstes Fernsehprogramm?,
"Datt is hart för em, mit siene lütten Rent uttokamen.","Das ist hart für ihn, mit seiner kleinen Rente auszukommen.",
Datt stöfft.,Es staubt.,
Du böst smucket.,Du bist hübsch.,
Ik roop di Klock söven an.,Ich rufe dich um sieben an.,
Krigg geit uns alle wat an.,Krieg geht uns alle etwas an.,
Roop de Polizei!,Rufe die Polizei!,
Wi sünd alleen.,Wir sind allein.,
He will de Pissmieren loos warrt.,Er wollte die Ameisen loswerden.,
Woneem bünt du vergangen Nacht wäsen?,Wo warst du letzte Nacht?,
Woneem büs du vergangen Nacht wäsen?,Wo bist du die vergangene Nacht gewesen?,
Ik hol em för en grotten Schriever.,Ich halte ihn für einen großen Schriftsteller.,
He see: „Datt stimmt nicht.“,"Er sagte: ""Das stimmt nicht.""",
Se gefallt uns alle.,Sie gefällt uns allen.,
Ik heff Maagpien na ’t Äten.,Ich habe Magenschmerzen nach dem Essen.,
Ik heff Maagpien na ’t Äten.,Ich habe nach dem Essen Magenschmerzen.,
"He is ich wis, aver plietsch.","Er ist zwar nicht weise, aber doch schlau.",
Hess du von Natur krüllen Hoor?,Haben Sie Naturlocken?,
Ik heff em bet nu to ierst een Mal dropen.,Ich habe ihn bis jetzt erst einmal getroffen.,
Gest du de Inladen vun Tom kriegen?,Hast du Toms Einladung erhalten?,
"Küer man to, ick do wat ick wil.","Rede du nur, ich tue, was ich will.",
De twe Froon kinnt sick.,Die zwei Frauen kennen sich.,
Se het mi en Hemd schunken.,Sie hat mir ein Hemd geschenkt.,
Ik weet wat he daan hätt.,"Ich weiß, was er getan hat.",
Ik unn ehr nech övertügen.,Ich konnte sie nicht überzeugen.,
Hebbt Tom un Rias wat doot?,Haben Tom und Maria etwas getan?,
Wi hebbt en ganzen Platen vull backt.,Wir haben ein ganzes Backblech voll gebacken.,
Natt Kledaasch backt an ’n Liev.,Nasse Kleidung klebt am Körper.,
Düsse Hüüs wören düüster un smuddelig.,Diese Häuser waren dunkel und schmutzig.,
Wo lange duurn datt to Foot na ’n Bahnhoff?,Wie lange dauert es zu Fuß zum Bahnhof?,
Dit Metall warrn Zink nöömt.,Dieses Metall nennt man Zink.,
"De grott Junge het datt Kind reddt, datt an ’t Verdrinken wees.",Dieser große Junge rettete das ertrinkende Kind.,
Dit Ruumschipp warrn von en Ionenmotoor andreven.,Dieses Raumschiff wird von einem Ionenmotor angetrieben.,
He keem Klock söven na Huus.,Er kam um sieben nach Haus.,
Vergitt em.,Vergiss ihn.,
He füng datt Rennen an.,Er begann zu rennen.,
Snack keene Unsinn!,Rede keinen Unsinn!,
Snack keene Unsinn!,Sage keinen Unsinn!,
Snack keene Unsinn!,Red keinen Quatsch!,
Möögt ji Tennis?,Mögt ihr Tennis?,
Datt Hart is dor üm Blood to pumpen.,"Das Herz dient dazu, um Blut zu pumpen.",
Du böst doch keene Spijoon?,Du bist doch kein Spion?,
"Wat mööt, datt mööt.","Was sein muss, das muss sein.",
"Wat mööt, datt mööt.","Was sein muss, muss sein.",
Ik lees en Book övers amerikaanschen Geschicht.,Ich lese ein Buch über die amerikanische Geschichte.,
"Datt deit mi leeg, wenn ik di stöört heff.","Es tut mir leid, wenn ich dich gestört habe.",
Goden Reis!,Gute Reise!,
De Barg is gröön.,Der Berg ist grün.,
Ik wull datt nicht mihr.,Ich möchte das nicht mehr.,
Magst du gern pepert Äten?,Magst du gerne gepfefferte Speisen?,
Wat is datt? frööh Tony.,Was ist das? fragte Tony.,
Düsse Appelsien smeckt tæmlich goods.,Diese Orange schmeckt sehr gut.,
Wo bruukst du datt Geld to?,Wozu brauchst du das Geld?,
Ik bün en Jund.,Ich bin ein Junge.,
Düsse Salaat smeckt na Zitroon.,Dieser Salat schmeckt nach Zitrone.,
Kiek ich in miene Kamern.,Schau nicht in mein Zimmer.,
Miene Maag grummelt.,Mein Magen knurrt.,
Datt Nest von de Droßel is op en hogen Pöppel.,Das Nest der Drossel ist auf einer hohen Pappel.,
Wi hebbt grade temlich wat üm’e Hand.,Wir sind gerade ziemlich beschäftigt.,
Wi hebbt grade tæmlich wat üm’e Hand.,Wir haben gerade ziemlich viel zu tun.,
De Katte is in ehr Korf.,Die Katze ist in ihrem Korb.,
Wullt du en Dinosauriers äten?,Willst du einen Dinosaurier essen?,
Ik bün giern in Iesland!,Ich bin gerne in Island!,
"Wenn een rieke is, hätt een veele Frünn.","Wenn man reich ist, hat man viele Freunde.",
He het sick de Büxen vullscheten.,Er hat sich in die Hosen geschissen.,
Ik warr jo nienich vergäten.,Ich werde euch nie vergessen.,
"Se hätt tostahn, datt se sick verdaan harrn.","Sie gab zu, dass sie sich geirrt habe.",
Appelsienen hebbt veele Vitamin C.,Orangen sind reich an Vitamin C.,
Ik heff keene Sweerd.,Ich habe kein Schwert.,
Ik mag de gröne Klöör.,Ich mag die grüne Farbe.,
Lat di von Tom helpen.,Lass dir von Tom helfen.,
Ik kan miene Droom nech opgeven.,Ich kann meinen Traum nicht wiedergeben.,
De Komer wees warm.,Das Zimmer war warm.,
He deed siene Arger dalsluken un möök mit de Arbeit wieder.,Er schluckte seinen Ärger hinunter und arbeitete weiter.,
Se het mi ehr Album wiest.,Sie hat mir ihr Album gezeigt.,
De Lamp deed uttogahn un allen wees düüster.,Die Lampe ging aus und alles war dunkel.,
Elk Steern is en Kugel.,Jeder Stern ist kugelförmig.,
Datt is en kumplett Kuddelmuddel un datt geit mi op de Nerven.,Das ist ein totales Schlamassel und es geht mir auf die Nerven.,
Se hätt em op en Köppken Koffie inlaadt.,Sie hat ihn auf ein Tässchen Kaffee eingeladen.,
"De Dokter het mi seggt, datt ik to Bedde gohn schull.","Der Doktor hat mir gesagt, dass ich ins Bett gehen soll.",
Is datt Fenster tau wesen?,War das Fenster geschlossen?,
Datt Wederk is beters worrn.,Das Wetter ist besser geworden.,
Datt Lidd lett sick nicht afnehmen.,Der Deckel lässt sich nicht abnehmen.,
Datt Lidd lett sick ich afnehmen.,Das Glied lässt sich nicht abnehmen.,
Hess du en Thema utsöcht?,Hast du ein Thema ausgesucht?,
"Se schell em ut, datt he siene Huusopgaven nech daan harrn.","Sie schimpfte ihn aus, weil er seine Hausaufgaben nicht gemacht hatte.",
Wi hebbt datt Geld nicht.,Wir haben das Geld nicht.,
As he ophollen deed to snacken wees datt still.,"Als er aufhörte zu sprechen, war es still.",
Se is noch ich opduukt.,Sie ist noch nicht aufgetaucht.,
He is stärker as du.,Er ist stärker als du.,
Wannehr is de Apokalyps?,Wann ist die Apokalypse?,
De Vogels fleegt na ’n Süden.,Die Vögel fliegen in den Süden.,
Bill wees in Japan.,Bill war in Japan.,
Se kofft jümmerto Melk.,Sie kauft immer Milch.,
"Ik tro alle Lüdd, aber nech alle lieker lange.","Ich traue jedem Menschen, aber nicht jedem gleich lange.",
De Studenten hebbt jüst Feerne.,Die Studenten haben gerade Ferien.,
"Ik heff Eibhlín in ’e Bökeree sehen, nicht Sorcha.","Ich sah Eibhlín in der Bibliothek, nicht Sorcha.",
"Miene Opa is in de desülve Kamern dootbleven, in de he boren worrn is.","Mein Opa starb im gleichen Zimmer, in dem er geboren wurde.",
Datt Thermometer stünn bi 15 Graad.,Das Thermometer blieb bei 15 Grad stehen.,
Ik kan den Sack ook ich böhren.,Ich kann den Sack auch nicht heben.,
Jessica deed en Leeg süngen.,Jessica sang ein Lied.,
Kunnst du Plattdüütsch snacken?,Sprichst du Plattdeutsch?,
Kunnst du Plattdüütsch snacken?,Sprichst du Niederdeutsch?,
He hätt miene Portmanneet nech klaut.,Er hat meine Geldbörse nicht geklaut.,
He het miene Portmanneet nicht klaut.,Er hat meinen Geldbeutel nicht gestohlen.,
Düsse Laden verköfft Daagbläder un Tiedschriften.,Dieses Geschäft verkauft Zeitungen und Zeitschriften.,
Kunnst du mi datt Solt recken?,Würdest du mir das Salz geben?,
Mayuko hätt goden Ogen.,Mayuko hat gute Augen.,
"Wettst du, woveel Lüdd op de Welt elk Joht verhungert?","Weißt du, wie viele Menschen auf der Welt jährlich verhungern?",
Ik heff en poor Breevmarken in miene Aktentasch.,Ich habe einige Briefmarken in meiner Aktentasche.,
Ik bleev dor bet Klock söss.,Ich bleibe dort bis um sechs Uhr.,
Datt Museum is för alle apen.,Das Museum ist für die Öffentlichkeit geöffnet.,
He is en gode Gegener.,Er ist ein guter Gegner.,
Een Kreih hackt de annern keene Oog ut.,Eine Krähe hackt der anderen kein Auge aus.,
Datt Geld schall wol för üm un bi een Maand recken.,Das Geld wird für ungefähr einen Monat reichen.,
Tom het siene Brill verlorene.,Tom hat seine Brille verloren.,
Wi levt in datt Tiedöller von ’t Atoom.,Wir leben im Atomzeitalter.,
Bünt du in en Schüün boren worrn?,Bist du in einer Scheune geboren worden?,
De Klub hätt mihr as föfftig Liddmaten.,Der Klub hat mehr als 50 Mitglieder.,
Ik haat miene Naberske.,Ich hasse meine Nachbarin.,
Datt is miene Huus.,Das ist mein Haus.,
Ik heff em siene Book trügggeven.,Ich habe ihm sein Buch zurückgegeben.,
Ik seh en Huus.,Ich sehe ein Haus.,
"Arbeit gau, eet sinnig!","Arbeite schnell, iss langsam!",
Vergangen Nacht keem he lat na Huus.,Letzte Nacht kam er spät nach Hause.,
Se seht goods ut!,Sie sehen gut aus!,
He slöppt nu al tein Stunnen.,Er schläft nun schon zehn Stunden.,
Se is teemlich nehrig.,Sie ist sehr fleißig.,
Waorüm het he mit Smeuken ophöört?,Warum hat er mit dem Rauchen aufgehört?,
Is datt joon Book?,Ist das euer Buch?,
Ik will di ich weh doot.,Ich wollte dir nicht weh tun.,
Kunnst du mit de Schrievmaschien schrievt?,Kannst du mit der Schreibmaschine schreiben?,
Op datt Schild steiht: „Gefohr! 10.000 Volt“.,"Auf dem Schild steht: ""Gefahr! 10000 Volt"".",
Ria Fründ heet Tom.,Marias Freund heißt Tom.,
’Keene tahlt?,Wer zahlt?,
He güng na ’n Dokter.,Er ging zum Arzt.,
Wat is datt för en Tüdelkraam?,Was ist das für ein Unsinn?,
Elkeen in ’t Dörpe kinnt em.,Im Dorf kennt ihn jeder.,
Elkeen in ’t Dörpe kinnt em.,Jeder im Dorf kennt ihn.,
Lat mi man moken!,Lass mich nur machen!,
Kunnst du skaten?,Kannst du skaten?,
De Kinners schullt na buten gohn un speelen.,Die Kinder sollten nach draußen gehen und spielen.,
"Jo, mi dücht, du schußt gohn.","Ja, ich denke, dass du gehen sollst.",
Gilles lööp övers de Dünen.,Gilles lief über die Dünen.,
Luft is lichter as Woter.,Luft ist leichter als Wasser.,
Un waorüm fraagst du?,Und warum fragst du?,
Dor is en Lock in düsse Sock.,Da ist ein Loch in dieser Socke.,
Ik heff de Fraag korrekt antert.,Ich habe die Frage richtig beantwortet.,
Ik mieg nech veele.,Ich uriniere nicht viel.,
"Wis mi, woneem Puerto Rico op de Koorten liggt.","Zeig mir, wo Puerto Rico auf der Karte liegt.",
"Wis mi op de Koorten, woneem Puerto Rico liggt.","Zeige mir auf der Karte, wo Puerto Rico liegt.",
Is datt nicht so?,Ist das nicht so?,
Snack düüdlich.,Sprich deutlich!,
He tuuster ehr wat to.,Er flüsterte ihr etwas zu.,
Se geit ehr egen Weg.,Sie geht ihren eigenen Weg.,
Villicht heff ik toveel drunken.,Vielleicht habe ich zu viel getrunken.,
Datt woren ganz normale jung Lüdd.,Das waren ganz normale Jugendliche.,
Weer bedankt för diene gauen Antwoort.,Vielen Dank für deine schnelle Antwort.,
"Dunn Politik, seggt de Buer, is anners as doot.","Denn Politik, sagt der Bauer, ist anders als es zu machen.",
Ik heff ’n Goorner en poor Bööm planten loten.,Ich ließ den Gärtner einige Bäume pflanzen.,
Gaht ji to Foot na School?,Geht ihr zu Fuß zur Schule?,
Gah düsse Trepp hoog.,Geh diese Treppe hoch.,
"Tom sä, datt he na Boston wull.","Tom sagte, er wolle nach Boston.",
Miene Gesicht tuckt.,Mein Gesicht zuckt.,
Ik kan datt alleen.,Ich kann das alleine.,
He will ich veele Geld.,Er verlangt nicht viel Geld.,
De Fleger flöög övers de Wulken.,Das Flugzeug flog über den Wolken.,
Aver du magst datt doch!,Aber du magst es doch!,
De Sünn keem rut un datt Ies deed smülten.,Die Sonne kam zum Vorschein und das Eis schmolz.,
Se drinken veele Bruus.,Sie trinken viel Limonade.,
"Ik kan nech begriepen, waorüm he datt daan hätt.","Ich kann nicht verstehen, warum er das gemacht hat.",
De Maand is rachter de Wulken nicht to sehen.,Der Mond ist hinter den Wolken nicht zu sehen.,
Woans is di dann so en goden Exküüs infullen?,Wie ist dir denn so eine gute Ausrede eingefallen?,
Datt deed gresige stinken.,Es stank fürchterlich.,
Disse Katz höört Tom.,Diese Katze gehört Tom.,
Wi wahnt in Russland.,Wir wohnen in Russland.,
Ik heff den Satz verbätert.,Ich habe den Satz korrigiert.,
Ik heff den Satz verbätert.,Ich habe den Satz berichtigt.,
Ik heff den Satz verbätert.,Ich habe den Satz verbessert.,
"Systemaatsch versocht Dima de Nummern von 962 bet 965 antoropen, man jümmerto kreeg he den verkehrte Al-Sayib, ofschoonst se alle Fanta müchen un nix von Noobs höllen.","Systematisch versuchte Dima die Nummern von 962 bis 965 anzurufen, aber immer bekam er den verkehrten Al-Sayib, obwohl alle Fanta mochten aber nichts von Anfängern hielten.",
"Se is in de Vereenigten Staten von Amerika upwossen, man ehr Moddersprook is Japaanschen.","Sie ist in den Vereinigten Staaten von Amerika aufgewachsen, aber ihre Muttersprache ist Japanisch.",
Se het siene Dood ich wullt.,Sie hat seinen Tod nicht gewollt.,
Un so hätt Rias Tom kennenlihrt.,Und so hat Maria Tom kennengelernt.,
De dicken Lienen op de Koorten sünd Weeg.,Die dicken Linien auf der Karte sind Wege.,
He deed sick den Snappen in ’t Sackdook afwischen.,Er wischte sich den Rotz in ein Taschentuch.,
Büs du för odder tegen den Krigg?,Bist du für oder gegen den Krieg?,
Se is in ’t Düüster verswunnen.,Sie ist in der Dunkelheit verschwunden.,
Ik heff em mit en annere Fru sehen.,Ich habe ihn mit einer anderen Frau gesehen.,
Uns Lehrer süht heel jund ut.,Unser Lehrer sieht sehr jung aus.,
De Muus is in ’t Lock rönnt.,Die Maus ist ins Loch gerannt.,
Datt Sushi in düssen Laden is lecker.,Das Sushi in diesem Laden ist lecker.,
"Ik weet nech, wo du von snackst.","Ich weiß nicht, wovon du sprichst.",
He het mi siene Fotoalbum wiest.,Er hat mir sein Fotoalbum gezeigt.,
He hätt mi siene Fotoalbum wiest.,Er zeigte mir sein Fotoalbum.,
Datt Eenhoorn is en Fabelwesen.,Das Einhorn ist ein Fabelwesen.,
"Nicht winnen is wichtig, man mitmaken.","Nicht das Gewinnen ist wichtig, sondern das Mitmachen.",
Nüms wees tofreden.,Niemand war zufrieden.,
Na de Legenn spöökt datt in dit Huus.,Der Legende nach spukt es in diesem Haus.,
Ik heff de verkehrten Adress op ’n Ümslag schräven.,Ich habe die falsche Adresse auf den Umschlag geschrieben.,
Se deed datt vörsicht.,Sie machte das vorsichtig.,
Do is mi de Luft wegbleven.,Da blieb mir die Luft weg.,
Un nu keem de Floot veertig Daag un veertig Nachten övers de Eerd.,Und ein Regen kam auf Erden vierzig Tage und vierzig Nächte.,
"Datt is noch to fröh, üm optostahn.",Es ist noch zu früh um aufzustehen.,
"Mak datt so, as ik datt seggt heff.","Mach es so, wie ich es dir gesagt habe.",
Höörst du em to?,Hörst du ihm zu?,
"As se jünger wees, drunk se lever Kaffee as japaansch Tee.","Als sie jünger war, trank sie lieber Kaffee als japanischen Tee.",
"Gah an, dammi noch eens!","Geh an, verdammt nochmal!",
De Daag sünd länger as de Nachten.,Die Tage sind länger als die Nächte.,
Lever toveel hebben as to wenig.,"Lieber zu viel haben, als zu wenig.",
Datt Packies is dünner worrn.,Das Packeis ist dünner geworden.,
Ik heff tonahmen.,Ich habe zugenommen.,
Ik heff tonahmen.,Ich hab zugenommen.,
Gröötnis ut Frankriek!,Grüße aus Frankreich!,
Buurn klaagt jümmerto övers datt Wederk.,Bauern klagen immer über das Wetter.,
Ik mag sien Musik.,Ich mag seine Musik.,
Ik bün jüst ierst torüchkamen.,Ich bin gerade erst zurückgekehrt.,
De Buss brukt üm un bi 45 Minuten.,Der Bus braucht ungefähr 45 Minuten.,
Elk von siene Kinners het en egen Komer.,Jedes von seinen Kindern hatte ein eigenes Zimmer.,
Elk von siene Kinners hätt en egen Kamern.,Jedes seiner Kinder hat sein eigenes Zimmer.,
He het lange tövt.,Er hat lange gewartet.,
Drinkst du jümmerto veele Bier?,Trinkst du immer viel Bier?,
Waorüm gest du mi ich glövt?,Warum hast du mir nicht geglaubt?,
Ik bün den Larm wennt.,Ich bin an den Lärm gewöhnt.,
Woneem hess du di de Hoor snieden loten?,Wo hast du dir die Haare schneiden lassen?,
He wees to füünsch to ’n Snacken.,Er war zu wütend zum Sprechen.,
Ik hööp ook op Sünnschienweder an ’t Wekenenn.,Ich hoffe auch auf Sonnenschein am Wochenende.,
Ik wees noch nien in Europa.,Ich war noch nie in Europa.,
He hätt wedder siene Regenscherm verlorene.,Er hat erneut seinen Regenschirm verloren.,
Wannehr schall ik wedder anropen?,Wann soll ich wieder anrufen?,
Poolsche Nagel sünd dürer as chineesch.,Polnische Nägel sind teurer als chinesische.,
De Lehrer het uns veele Huusopgaven opgeven.,Der Lehrer gab uns viele Hausaufgaben auf.,
Ik möt nu nao hus.,Ich muss nun nach Hause gehen.,
Jümmerto kluckst du vüör ’n Kiekschapp.,Ständig sitzt du vor der Glotze.,
Ik heff twe Döchter.,Ich habe zwei Töchter.,
"Ik heff mit Tom allen deelt, wat ik harrn.","Ich teilte mit Tom alles, was ich hatte.",
He is rieke op de Welt komen.,Er kam reich auf die Welt.,
Ik kan so ’n Läven nech läven.,Ich kann so ein Leben nicht leben.,
Nu man tau! Vun sülvst warrn datt nicht!,Dann mal los! Von selbst erledigt sich das nicht!,
Wat is datt tweetgröttste Land op de Welt?,Welches ist das zweitgrößte Land der Welt?,
Datt is en roren Vörfall.,Das ist ein seltener Vorfall.,
"As he utstudeert harrn, füng he in en Avkatenkontoor an to arbeden.","Nachdem er sein Studium beendet hatte, fing er in einer Anwaltskanzlei an zu arbeiten.",
Dann hätt mi elkeen Tony nöömt.,Damals nannte mich jeder Tony.,
Het se datt Book al utleest?,Hat sie das Buch schon ausgelesen?,
De Wind deed sachten de Bööm küssens.,Der Wind küsste sanft die Bäume.,
Is de Himmel blau? Ja.,„Ist der Himmel blau?“ „Ja.“,
Jabbel ich.,Jammere nicht.,
Sien Hoor sünd swarte un lange.,Seine Haare sind schwarz und lang.,
Miene Huus steiht in de Neeg von ’n Bahnhoff.,Mein Haus steht in der Nähe des Bahnhofs.,
Miene Huus steiht in de Neeg von ’n Bahnhoff.,Mein Haus befindet sich in der Nähe des Bahnhofs.,
"Nee, se wees datt nech.","Nein, sie war's nicht.",
Veele Länner maakt bi de Olympschen Speelen mit.,Viele Länder nahmen Teil an den Olympischen Spielen.,
He is rachter ’t Stüür slapen un harrn en Unfall.,Er ist hinter dem Lenkrad eingeschlafen und hatte einen Unfall.,
Wat is sworer: een Kilo Gold odder een Kilo Sülver?,Was ist schwerer: ein Kilo Gold oder ein Kilo Silber?,
Woveel Milligramm nimmst du opstunns?,Wie viel Milligramm nehmen Sie im Moment?,
Miene Katte hätt en Katteker doodmaakt.,Meine Katze hat ein Eichhörnchen getötet.,
"Ik verstoh nicht, wat du meenst.","Ich verstehe nicht, was du meinst.",
Lat mi diene Temperatur meten.,Lass mich deine Temperatur messen.,
He is to Bedde gohn.,Er ist ins Bett gegangen.,
"He wees bange, datt du em scheten deedst.","Er hatte Angst, dass du ihn erschießen würdest.",
Gah suutje.,Geh langsam.,
Datt is ook miene ierst Maol.,Das ist auch mein erstes Mal.,
Hebbt ji in Japan Wiehnachten free?,Habt ihr in Japan Weihnachten frei?,
He is ich besünners denn.,Er hat eine schlechte Auffassungsgabe.,
Wi hebbt en Barg to doot.,Wir haben eine Menge zu tun.,
He het schon jau seggt.,Er hat bereits ja gesagt.,
Datt Broot rükt würklich goods.,Das Brot riecht wirklich gut.,
"Tom, waorüm gest du datt doot?","Tom, warum hast du das getan?",
De Klock lüddt.,Die Glocke läutet.,
"Ik bün fröh, datt Tom us helpen wull.","Ich bin froh, dass Tom uns helfen wird.",
Ik lehr in Peking Chineesche.,Ich lerne in Peking Chinesisch.,
Würklich? Du sühst jünger ut.,Wirklich? Du siehst jünger aus.,
"Wecker sik mit Schwienekötels franget, krich schmeerige Hande!","Wer sich mit Schweinescheiße zankt, bekommt dreckige Finger!",
He füng en neet Läven an.,Er begann ein neues Leben.,
Ik bün Pool.,Ich bin Pole.,
Ik wohn 200 Meter von ’n Bahnhoff weg.,Ich wohne 200 Meter vom Bahnhof entfernt.,
"Ik heff en Fründin, de in Spanien wohnt.","Ich habe eine Freundin, die ihn Spanien wohnt.",
Se is nech dükert.,Sie tauchte nicht auf.,
Hess du en Bananenkoken äten?,Hast du einen Bananenkuchen gegessen?,
Tom is in Däänmark opwussen.,Tom ist in Dänemark aufgewachsen.,
Tom hätt den ganzen Dag in siene Bedde tobröcht un leest.,Tom hat den ganzen Tag lesend im Bett verbracht.,
Se het em mit en Scheer angräpen.,Sie hat ihn mit einer Schere angegriffen.,
He is to mööd to ’n Wiedergahn.,Er ist zu müde zum Weitergehen.,
Kiek mi an.,Sieh mich an.,
Kiek mi an!,Schau mich an!,
Kiek mi an!,Sieh mich an!,
Kiek mi an!,Kuck mich an!,
Datt kost mi miene Bahntje.,Das kostet mich meine Stelle.,
Ik kenn em tein Joht.,Ich kenne ihn seit zehn Jahren.,
Se harrn keene Poppeer mihr.,Sie hatte kein Papier mehr.,
Ik heff miene Portmanneet verlorene.,Ich habe meine Geldbörse verloren.,
Weer mi nicht böös.,Sei mir nicht böse.,
Ik verseuk to toslapen.,Ich versuche zu schlafen.,
Se hätt em an ’n 20. Oktober besökt.,Sie hat ihn am 20. Oktober besucht.,
Woneem gest du Diutsch lihrt?,Wo hast du Deutsch gelernt?,
"Ik freu mi dulle, di to sehen.","Ich freue mich sehr, dich zu sehen.",
Datt seeg leed ut.,Das sah böse aus.,
Ehr Fohrrad is beters as miene.,Ihr Fahrrad ist besser als meines.,
God is dood. Un mi geit datt ook ich besünners goods.,Gott ist tot. Und mir geht's auch nicht so gut.,
He leed dor mit siene Been tohoopbunnen.,Er lag da mit seinen zusammen gebundenen Beinen.,
Woveel Eilannen hebbt de Philippinen?,Wie viele Inseln haben die Philippinen?,
Se kan goods mit Kinners üm.,Sie kann gut mit Kindern umgehen.,
Se het mi wat fraagt.,Sie hat mich etwas gefragt.,
Tom will wat schräven.,Tom wollte etwas schreiben.,
Lat jo nech faatkriegen.,Lasst euch nicht erwischen.,
"Tom lihrt jüst, Programmen in Javascript to schrievt.","Tom lernt gerade, Programme in JavaScript zu schreiben.",
Wo föhlst du di?,Wie fühlst du dich?,
Ehr Hoor is to lange.,Ihre Haare sind zu lang.,
De Mount Everest is de höögste Barg op de Welt.,Der Mount Everest ist der höchste Berg der Welt.,
Ik wees eensaam ahn ehr.,Ich war einsam ohne sie.,
Jüst datt wull ik.,Genau das will ich.,
Miene Unkels is doov.,Mein Onkel ist taub.,
Wi nehmt den Klock-Acht-Tog.,Wir nehmen den Acht-Uhr-Zug.,
1900 is he ut Ingland weggahn un nien torüchkamen.,1900 verließ er England und kehrte nie zurück.,
"De Padd to Produktivität in veele Rebeden -- un in Origami -- is, dode Lüdd diene Arbeit för di moken to loten.","Der Weg zu Produktivität auf vielen Feldern - auch in Origami - ist, tote Menschen deine Arbeit für dich machen zu lassen.",
Uns is merrn in ’e Wööst datt Benzin uttogahn.,Uns ging mitten in der Wüste das Benzin aus.,
"Se frööh em, woneem he läven deed.","Sie fragte ihn, wo er lebte.",
He hätt mihr as noog Geld.,Er hat mehr als genug Geld.,
Ik bün gägen den Krigg.,Ich bin gegen den Krieg.,
Een Spraak is nienich noog.,Eine Sprache ist nie genug.,
"Hett hätt datt opschreven, datt he datt nicht vergeet.","Er hat das aufgeschrieben, damit er das nicht vergisst.",
De Haavk füng en Muus.,Der Habicht fing eine Maus.,
Waorüm hess du so ’n Dummtüüg seggt?,Warum hast du so etwas Blödes gesagt?,
"Datt is swor, datt Smeuken optogeven.","Es ist schwer, das Rauchen aufzugeben.",
Snack ich mit vullen Mund.,Redet nicht mit vollem Mund.,
Du böst nien tofreden!,Du bist nie zufrieden!,
"Tom weet nech, wo he von utsnackt.","Tom weiß nicht, wovon er spricht.",
Tom is noch nicht in Australien wesen.,Tom war noch nicht in Australien.,
"Ik wüss ich, datt du so goods kaken kunnst.","Ich wusste nicht, dass du so gut kochen kannst.",
He is von ’e Ledder afglippt un het sick doodfullen.,Er ist auf der Leiter abgerutscht und zu Tode gestürzt.,
Tom utsnackt mit sick sülvst.,Tom spricht mit sich selbst.,
Ik bün en gauer Swemmer.,Ich bin ein schneller Schwimmer.,
He süht ut as en gode Junge.,Er sieht wie ein guter Junge aus.,
Wullt du rieke wäsen?,Willst du reich sein?,
Du bünt miene Sünnschien.,Du bist mein Sonnenschein.,
Wi harr n langen Klöönsnack.,Wir hatten ein langes Gespräch.,
Wi harr n langen Klöönsnack.,Wir haben lange gequasselt.,
De Melkstraat is gewaltig groot.,Die Milchstraße ist gewaltig groß.,
Du kunnst mi nech ophollen.,Du kannst mich nicht aufhalten.,
Veele kunservative Amerikaner hebbt em tostimmt.,Viele konservative Amerikaner stimmten ihm zu.,
Se hebbt Jean to ’n Käppen von de Mannschop wählt.,Sie wählten Jean zum Mannschaftskapitän.,
Wi sünd veele jünger as Tom.,Wir sind viel jünger als Tom.,
"Ruten ut, seggt de Glaser.","Die Fensterrauten raus, sagt der Glaser.",
Ik heff mi de Knee schrammt.,Ich habe mir die Knie verschrammt.,
Ik heff mi de Knee schrammt.,Ich habe mir die Knie aufgeschrammt.,
Wi hebbt en groot Pakeet kriegen.,Wir erhielten ein großes Paket.,
Wat köönt wi vonavend äten?,Was könnten wir heute Abend essen?,
Handwark hätt gollen Bodden.,Das Handwerk hat goldenen Boden.,
Datt geit mi nix an.,Das geht mich nichts an.,
Wo is datt Wederk?,Wie ist das Wetter?,
De Regenbagen het söven Klören.,Der Regenbogen hat sieben Farben.,
Ik wull datt sehen.,Ich möchte es sehen.,
Wannehr büs du toletzt bi en Gräffnis wäsen?,Wann warst du zuletzt bei einer Beerdigung?,
Ik unn alle Frogen antern.,Ich konnte alle Fragen beantworten.,
Se harrn sick nicht beielen müsst.,Sie hätten sich nicht beeilen müssen.,
Ik lehr japaanschen.,Ich lerne Japanisch.,
Se kunnen kuum wat sehen.,Sie konnten kaum etwas sehen.,
He hätt miene Klock stahlen.,Er stahl meine Uhr.,
"Datt is eengaal, wannehr du kümmst.","Es ist egal, wann du kommst.",
Schenkt maakt faken mihr Freid as schunken kregen.,Schenken macht oft mehr Freude als beschenkt werden.,
De Temperatur von ’n minschlichen Liev liggt üm de 37 °C.,Die Temperatur des menschlichen Körpers bewegt sich um 37 °C.,
De Jund het den Hund bi ’n Steert packt.,Der Junge packte den Hund am Schwanz.,
’Keene is he?,Wer ist er?,
"Huer liggt datt Book, datt du sochst.","Hier liegt das Buch, das du suchst.",
Miene Hund is witt.,Mein Hund ist weiß.,
Siene Ogen sünd gröttern as siene Maag.,Seine Augen sind größer als sein Magen.,
Do nipp datt wat ik segg.,"Mach genau das, was ich sage.",
De Vogels fleegt hoog an ’n Heven.,Die Vögel fliegen hoch am Himmel.,
"Wat sick gern hätt, datt brüüdt sick.","Was sich liebt, das neckt sich.",
He het brune Ogen.,Er hat braune Augen.,
Du schallst in de School keene Lippenstift drägen.,Du sollst in der Schule keinen Lippenstift tragen.,
"Jo, ik heff datt mit Afsicht maakt.","Ja, ich habe das mit Absicht gemacht.",
"Harrn ik düssen Fleger nohmen, dunn schull ik nu dood wäsen.","Hätte ich dieses Flugzeug genommen, wäre ich nun tot.",
Ik heff ich afnahmen.,Ich habe nicht abgenommen.,
Ik bün Lin.,Ich bin Lin.,
De Kock sitt in ’e Köök.,Der Koch sitzt in der Küche.,
"De datt leste ut de Kan hebben wull, den sleiht datt Lidd op de Nees.","Wer das Letzte aus der Kanne haben will, dem schlägt der Deckel auf die Nase.",
De Dokter hätt ehr op en strenge Diäät sett.,Der Doktor hat sie auf eine strenge Diät gesetzt.,
In ’t Huus spöökt datt.,Im Haus spukt es.,
"Ik hoff, datt Tom nech denkt, datt wi em nicht afkünnt.","Hoffentlich glaubt Tom nicht, dass wir ihn hassen.",
De Arme harr se leif.,Die Armen liebten sie.,
Ik heff dit Fohrtüüg kofft.,Ich habe dieses Fahrzeug gekauft.,
"De Straat is en Iesbahn, weer vörsicht.","Die Straße ist eine Eisbahn, sei vorsichtig.",
Du kaakst würklich goods.,Du kochst wirklich gut.,
De Mann het de lütte Kinners verfehrt.,Der Mann hat die kleinen Kinder erschreckt.,
Wo schöön de Sünnopgang is!,Wie schön die aufgehende Sonne ist!,
"Uns Bargen sünd ich so hoog, joon sünd veele höger.","Unsere Berge sind nicht so sehr hoch, die euren sind viel höher.",
Miene Mest is stuuv worrn.,Mein Messer ist stumpf geworden.,
Moin!,Guten Morgen!,
Moin!,Guten Tag!,
Moin!,Guten Abend!,
Moin!,Ich grüße dich.,
Ik heff jüst Falafel äten.,Ich habe gerade ein Falafel gegessen.,
Ik heff jüst Falafel äten.,Ich habe gerade eine Falafel gegessen.,
Mary hätt datt Smeuken opgeven.,Mary hat das Rauchen aufgegeben.,
Woans süht se ut?,Wonach sieht sie aus?,
Se nehm mien Hand.,Sie nahm meine Hand.,
Ik heff datt Book ümsüs kriegen.,Ich habe das Buch umsonst erhalten.,
Woneem liggt ehr Huus?,Wo befindet sich ihr Haus?,
Datt is miene Süster. Se heet Julia.,Das ist meine Schwester. Sie heißt Julia.,
Ik wis di en poor Fotos.,Ich zeige dir einige Fotos.,
"Wat Tom seggt het, hätt veele Lüdd Hööp gäven.","Was Tom gesagt hat, hat vielen Leuten Hoffnung gegeben.",
Versöökt wi datt noch wedder.,Versuchen wir es noch einmal!,
Miene Koppwehdaag is weg.,Mein Kopfweh ist weg.,
Mi gefallt de Geschicht.,Mir gefällt die Geschichte.,
He trecken en Flunsch.,Er zieht eine Flunsch.,
"He wees dwungen, na Washington trüggtogahn.","Er war gezwungen, nach Washington zurückzukehren.",
Ik heff en Fründ dropen.,Ich habe einen Freund getroffen.,
Köönt alle Vogels flegen?,Können alle Vögel fliegen?,
Lehnst du mi diene Fohrrad för en Stünn?,Leihst du mir dein Fahrrad für eine Stunde?,
Ik schell en Appelsien för di.,Ich schäle eine Orange für dich.,
"Deit mi leeg, ik heff datt vergäten.","Tut mir leid, ich habe es vergessen.",
Wi hebbt James to ’n Präsident wählt.,Wir haben James zum Präsidenten gewählt.,
Gluup keene Lüdd an.,Starre keine Leute an.,
Ik wull Skisteveln köpen.,Ich möchte Skistiefel kaufen.,
Ik hebb twe Bröörs un drie Süstern.,Ich habe zwei Brüder und drei Schwestern.,
Se will datt verstohn.,Sie wollte es verstehen.,
Ik wees vergangen Winter Skilopen in Kanada.,Ich war letzten Winter Skilaufen in Kanada.,
Ronnie James Dio siene Dood het mi tæmlich trurig maakt.,Ronnie James Dios Tod hat mich ziemlich traurig gemacht.,
"„Weet ik doch nech“, sä Tom.","„Ich weiß es nicht“, sagte Tom.",
Miene Söön kan al bet hunnert tellen.,Mein Sohn kann schon bis hundert zählen.,
He kluckt al den ganzen Dag op ’t Klo.,Er sitzt den ganzen Tag auf der Toilette.,
Lat uns Sushi äten.,Lass uns Sushi essen.,
Lat uns Sushi äten!,Lasst uns Sushi essen!,
He deed en poor Daag vüör siene hunnerdsten Geboortsdatum doodblieven.,Er starb ein paar Tage vor seinem hundertsten Geburtstag.,
Se hätt em vergäven.,Sie hat ihm vergeben.,
Datt Vörjohr is dor. Datt warrn jeden Dag warmer.,Der Frühling ist da. Es wird jeden Tag wärmer.,
"Wi brukt Mehl, Sucker un Eier, üm düssen Koken to moken.","Wir brauchen Mehl, Zucker und Eier, um diesen Kuchen zu machen.",
Miene Mest is afbraken.,Mein Messer ist zerbrochen.,
Woveel kost en Bier?,Wie viel kostet ein Bier?,
Ik heff vonmorgen keene Radio hört.,Ich habe heute Morgen nicht Radio gehört.,
"Ik hööp, datt du flugs wedder gesund warrst.","Ich hoffe, dass du schnell wieder gesund wirst.",
Theo is dicker worrn.,Theo ist dicker geworden.,
Welken von de twe is dürer?,Welche von den zweien ist teurer?,
Wullt du gohn?,Willst du gehen?,
Du wullt gohn?,Du möchtest gehen?,
Ik mag em.,Ich mag ihn.,
Ik leev för een Maand bi miene Unkels.,Ich lebe für einen Monat bei meinem Onkel.,
"Ik weet nicht, wat ik winnen odder verlesen do.","Ich weiß nicht, ob ich gewinnen oder verlieren werde.",
"Ik weet ich, wat ik winnen odder verlesen do.","Ich weiß nicht, was ich gewinne oder verliere.",
Wat ittst du giern?,Was isst du gerne?,
Ik heff eenfach opgeven.,Ich habe einfach aufgegeben.,
Mien Mama het mi en neet Fohrrad kofft.,Meine Mama kaufte mir ein neues Fahrrad.,
Köönt wi jo helpen?,Können wir dir helfen?,
Se hebbt mi de Hoor to kott sneden.,Sie haben mir die Haare zu kurz geschnitten.,
Se is en Stievkopp.,Sie ist eigensinnig.,
Se is en Stievkopp.,Sie ist ein Sturkopf.,
Se is en Stievkopp.,Sie ist halsstarrig.,
Se is en Stievkopp.,Sie ist widerspenstig.,
Kunnst du mi teihndusend Yen utlehnen?,Kannst du mir zehntausend Yen leihen?,
’Keene schall dann vüör diene Katz sorgen?,Wer wird dann für deine Katze sorgen?,
Na’n tweten Glas Wien is Tom spreeksch worrn.,Nach dem zweiten Glas Wein wurde Tom gesprächig.,
Ik wull datt mit egen Ogen sehen.,Das will ich mit eigenen Augen sehen.,
"Datt Ies is to dünn, üm diene Wicht uttohollen.","Das Eis ist zu dünn, um dein Gewicht auszuhalten.",
Ik kan di nech noog laven.,Ich kann dich nicht genug loben.,
"Deit mi leeg, man wi hebbt datt ook hill.","Entschuldigen Sie, aber wir haben es ebenfalls eilig.",
Datt Röhr is ünner den Waterdruck bossen.,Das Rohr barst unter dem Wasserdruck.,
Woter is in düsse Kuntrei knapp.,Wasser ist in dieser Gegend knapp.,
Datt Ies smeckt goods. Wullt du würklich nix hebben?,Das Eis schmeckt gut. Möchtest du wirklich nichts haben?,
De Garcías sünd noch nicht ankamen.,Die Garcías sind noch nicht angekommen.,
Ik heff veele lihrt ut siene Böker.,Ich habe viel aus seinen Büchern gelernt.,
He deed Tennis speelen.,Er spielte Tennis.,
Miene Unkels verköfft Fischen.,Mein Onkel verkauft Fische.,
"Se is rieke, man he is arm.","Sie ist reich, aber er ist arm.",
Gröön lett goods an di.,Grün steht Ihnen.,
Se is 81 worrn.,Sie ist 81 geworden.,
"Datt is antoraden, de Priesen vörher to vergliekt.","Es ist empfehlenswert, die Preise vorher zu vergleichen.",
Datt kan ich angahn!,Das ist nicht möglich!,
Datt kan nech angahn!,Das kann nicht sein!,
Datt kan nicht angahn.,Das kann nicht wahr sein.,
Ik kenn ehr gornich.,Ich kenne sie überhaupt nicht.,
In de Ümgegend von Chicago hätt datt regen.,In der Gegend um Chicago hatte es geregnet.,
Hüdigendaags speelt de Kinners ich mihr buten.,Heutzutage spielen die Kinder nicht mehr draußen.,
En Klock hangt an ’e Wand.,Eine Uhr hängt an der Wand.,
Ik mag ehrn Hoot nech.,Ich mag ihren Hut nicht.,
Ik sta op diene Siet.,Ich bin auf deiner Seite.,
Ik wull nicht mit em spelen.,Ich will nicht mit ihm spielen.,
Woveel het de Brill kost?,Wie viel hat die Brille gekostet?,
Miniröck kaamt wedder in Mood.,Miniröcke kommen wieder in Mode.,
Ik verstoh diene Spraak.,Ich verstehe deine Sprache.,
"Du böst en Düütsche, nicht?","Du bist Deutscher, nicht?",
"Wo beters he de Spraak kinnt, wo minner mag he ehr.","Je besser er die Sprache kennt, desto weniger mag er sie.",
"Nee, ik bün datt nech, du bünt datt!","Nein, ich bin es nicht, du bist es!",
Nu sniet datt.,Jetzt schneit es.,
Klock söven gah ik na School.,Um sieben Uhr gehe ich zur Schule.,
Ik söök miene Kamera.,Ich suche meine Kamera.,
He kan keene Düütsk un ook keene Fransch snacken.,Er kann kein Deutsch und auch kein Französisch.,
De Zoo hätt twe Okapis.,Der Zoo hat zwei Okapis.,
"Dor is keene Twievel, datt he unschüllig is.","Es gibt keinen Zweifel, dass er unschuldig ist.",
Ik heff en Inladen kriegen.,Ich habe eine Einladung bekommen.,
Vogels fleegt faken tohoop.,Vögel fliegen oft zusammen.,
Miene lütten Süster is en bäten lösig.,Meine kleine Schwester ist ein bisschen faul.,
Tom het noch mihr Frogen.,Tom hat noch mehr Fragen.,
Wi lachen un lachen.,Wir lachten und lachten.,
Se is ut Somalia.,Sie ist aus Somalia.,
He toog sick an.,Er zog sich an.,
He toog sick an.,Er hat sich angezogen.,
"Ik weet, datt Tom de Söön vun en Polizist is.","Ich weiß, dass Tom der Sohn eines Polizisten ist.",
"Weren Tom un Rias huer, as du ankeemst?","Waren Tom und Maria hier, als du ankamst?",
Ik heff noch nie en lebennigen Blackfisch äten.,Ich habe noch nie einen lebendigen Tintenfisch gegessen.,
"De, de mi kinnt, weet, datt ik kathoolsch bün.","Der, der mich kennt, weiß, dass ich katholisch bin.",
Se hätt datt Geld von em kriegen.,Sie hat das Geld von ihm bekommen.,
"Ik bruuk en Spegel, üm mi to kämmen.","Ich brauche einen Spiegel, um mich zu kämmen.",
Woneem gest du ehr sehen?,Wo hast du sie gesehen?,
Woveel Brukers ünnerstütt Websteden so as Tatoeba?,Wie viele Benutzer unterstützen Webseiten wie Tatoeba?,
Op jeden Pott passt en Stulp.,Auf jeden Topf passt ein Deckel.,
Woveel chineesch Frünnen hess du?,Wie viele chinesische Freunde hast du?,
Miene Schoolmeester heet Breno.,Mein Lehrer heißt Breno.,
"Tom seggt, datt jedereen, den he kinnt, datt deit.","Tom sagt, dass jeder, den er kenne, das tue.",
De Hochtied is an ’n Sünnavend.,Die Hochzeit findet am Samstag statt.,
Waorüm kunnst du nicht komen?,Warum kannst du nicht kommen?,
"Du snackst, as wenn du de Baas weerst.","Du redest, als wärst du der Chef.",
De Junge praat as wenn he en Vullwussenen is.,"Der Junge spricht, als ob er ein Erwachsener wäre.",
Ik heff en Fru.,Ich habe eine Frau.,
Se seeg siene Gesicht.,Sie erblickte sein Gesicht.,
"Se het em allen lihrt, wat se wüss.","Sie hat ihm alles beigebracht, was sie wusste.",
"Wo lange duurn datt, mit ’n Fleger na Okinawa to flegen?","Wie lange dauert es, mit dem Flugzeug nach Okinawa zu fliegen?",
Se nömen em en Bangbüx.,Sie nannten ihn einen Feigling.,
Tom sleut hinner us de Dœr.,Tom schloss hinter uns die Tür.,
Se schrieft nu en Book.,Sie schreibt jetzt ein Buch.,
He füng siene Dag mit en goods Freuhstück an.,Er begann seinen Tag mit einem guten Frühstück.,
He füng siene Dag mit en goods Freuhstück an.,Er fing seinen Tag mit einem guten Frühstück an.,
De Akkus sünd al wedder leddige.,Schon wieder sind die Akkus leer.,
"’Keene sünd ji, datt ji so mit mi utsnackt?","Wer seid ihr, dass ihr so mit mir sprecht?",
Dröff ik huer Fotos moken?,Darf ich hier fotografieren?,
En Glasbuddel wiggt veele mihr as en Plastikbuddel.,Eine Glasflasche wiegt viel mehr als eine Plastikflasche.,
Dit Puzzle hätt fievhunnerd Delen.,Dieses Puzzle hat fünfhundert Teile.,
"Mi dücht, Computerviren schöölt as Levensform keken warrt.","Ich denke, man sollte Computerviren als Lebensform betrachten.",
Stell de Ledder an ’e Müür.,Stelle die Leiter an die Mauer.,
In de Leevd un in ’n Krigg is allen verlöövt.,In der Liebe und im Krieg ist alles erlaubt.,
Tom siene Süster heet Rias.,Toms Schwester heißt Maria.,
"Kan angahn, datt he de Formel ich kinnt het.","Es kann sein, dass er die Formel nicht kannte.",
Disse Vagel is en Wipstiärt.,Dieser Vogel ist eine Bachstelze.,
Ik fang vonavend an.,Ich fange heute Abend an.,
Ik fang vonavend an.,Ich beginne heute Abend.,
He verdeint drie Mal so veele as ik.,Er verdient drei Mal so viel wie ich.,
He is al na Huus gohn.,Er ist bereits heimgegangen.,
Ik verdrink!,Ich ertrinke!,
"Gest du nech seggt, datt diene Wogen stahlen worrn is?","Hast du nicht gesagt, dass dein Wagen gestohlen worden sei?",
"Egentlich will ik en Borgfrölen in en von söven Draken bewaakt Toorn wäsen, un dunn schull en Prinz op en witt Peerd de Draken de Köpp afhaun un mi befreen.","Eigentlich wollte ich ein Burgfräulein in einem von sieben Drachen bewachten Turm sein, und dann würde ein Prinz auf einem weißen Pferd den Drachen die Köpfe abschlagen und mich befreien.",
Wannehr kaamt wi an?,Wann kommen wir an?,
"Du hess doch seggt, datt du dor mit fardig büs.","Du sagtest doch, du wärest damit fertig.",
Wi sünd jüst an ’n Bahnhoff anlangt.,Wir sind gerade am Bahnhof angekommen.,
"Se will nicht, datt he mit annere Froonslüüd utgeiht.","Sie wollte nicht, dass er mit anderen Frauen ausgeht.",
Ik wohn in de Neeg von’n Diek.,Ich wohne in der Nähe vom Deich.,
Ik wohn in de Neeg von’n Diek.,Ich wohne in der Nähe des Deiches.,
Ik söök miene Frünn.,Ich suche meine Freunde.,
Ik schriev teemlich faken Bidrääg för Wikipedia.,Ich schreibe sehr oft Beiträge für Wikipedia.,
"Egen bün ik ich, aver wenn ik nech op ’n Saal pissen dröff, dann wull ik ook nicht danzen.","Eigen bin ich nicht, aber wenn ich nicht in den Saal pinkeln darf, dann will ich auch nicht tanzen.",
Mien Grôtmoder kan flegen.,Meine Großmutter kann fliegen.,
Datt Schipp hätt siene Kurs ännert.,Das Schiff wechselte seinen Kurs.,
Datt Schipp het siene Kurs ännert.,Das Schiff hat seinen Kurs geändert.,
Ik harrn en Idee.,Ich hatte eine Idee.,
Ik harrn vergangen Nacht ehrder toslapen gohn schöölt.,Ich hätte letzte Nacht früher schlafen gehen sollen.,
Wees datt Book intressant?,War das Buch interessant?,
De Demonstranten smeten Steen na de Polizei.,Die Demonstranten warfen Steine auf die Polizei.,
He steiht Klock söven op.,Er steht um sieben Uhr auf.,
Hol op mit de Tung to smirksen.,Hör auf mit der Zunge zu schnalzen.,
Jack siene Book is intressant.,Jacks Buch ist interessant.,
Wat hätt datt mit di to doot?,Was hat das mit dir zu tun?,
"Süht ut, as wenn keeneen weet, woneem John afbleven is.","Niemand scheint eine Ahnung zu haben, wo John ist.",
Wat het he socht?,Was hat er gesucht?,
"De Tähnfee lihrt Kinners, datt se Delen von jemehr Liev för Geld verköpen köönt.","Die Zahnfee lehrt die Kinder, dass sie Körperteile für Geld verkaufen können.",
Tom hätt en Peerd köfft.,Tom hat ein Pferd gekauft.,
Ik wees vüör tein Joht in Fukuoka.,Ich war vor zehn Jahren in Fukuoka.,
Wo lange is dit Visum güllig?,Wie lange ist dieses Visum gültig?,
Wat schriffst du?,Was schreibst du?,
Tom wull arbeidt.,Tom will arbeiten.,
Datt is en Book övers Steerns.,Das ist ein Buch über Sterne.,
Ik kan datt ich utsluten.,Ich kann das nicht ausschließen.,
Ik betahl de Reken.,Ich bezahle die Rechnung.,
Jümmerto to Deensten!,Stets zu Diensten!,
Siene Süster süht jund ut.,Seine Schwester sieht jung aus.,
Eet so veele du wullt.,Iss so viel du willst.,
Se kan noch nech Fohrrad fohren.,Sie kann noch nicht Fahrrad fahren.,
"Oost west, tohuus beste.","Ob im Osten oder Westen, in der Heimat ist's am besten.",
Ken het sick blangen mi sett.,Ken setzte sich neben mich.,
De Halvscheed von de Oort sünd Seken.,Die Hälfte der Art sind Weibchen.,
Tom hätt en Hümpel Stüürschullen.,Tom hat eine Menge Steuerschulden.,
Ik güng na Huus.,Ich ging nach Hause.,
Du böst jüstso groot as ik.,Du bist genauso groß wie ich.,
Düsse Maand güng tæmlich gau rüm.,Dieser Monat verging sehr schnell.,
Tom deed den Ammel bet na ’n Rand vullmaken.,Tom füllte den Eimer bis zum Rand.,
Datt geit em beters.,Es geht ihm besser.,
Sünd Tom un Rias alle beid in Boston boren worrn?,Sind Tom und Maria alle beide in Boston geboren worden?,
Ik bün Inschenör.,Ich bin Ingenieur.,
Wannehr maakt de Laden dicht?,Wann schließt der Laden?,
Alle wullen datt weten.,Alle wollten es wissen.,
Gau rut huer!,Schnell raus hier!,
"Goods, dunn drück mi de Dumen, datt datt klappt.","Gut, dann drück mir mal die Daumen, dass es klappt.",
"Ik bün dor tegen, datt se dor alleen hengeiht.","Ich bin dagegen, dass sie allein dorthin geht.",
"Wat gest du drunken: Bier, Snaps, Wien odder Champagner?","Was hast du getrunken: Bier, Schnaps, Wein oder Champagner?",
Een von de Stalen is afbraken un ik bün mit ’n Stohl ümkippt.,Eins von den Stuhlbeinen ist abgebrochen und ich bin mit dem Stuhl umgekippt.,
Wannehr föhrst du los?,Wann fährst du los?,
Se möök em sitten.,"Sie forderte ihn auf, sich zu setzen.",
"Se is krüüsch, wat Äten angeiht.","Sie ist wählerisch, was Essen betrifft.",
"Deit mi leeg, datt datt so komen is.","Es tut mir leid, dass es so gekommen ist.",
He versöcht sick sülvens ümtobringen.,Er versuchte Selbstmord zu begehen.,
"Pass op, datt du di nicht verköhlst.","Pass auf, dass du dich nicht erkältest.",
Ik heff en Miegprobleem.,Ich habe ein Urinproblem.,
"Allen, wat ik harrn, heff ik di gäven.","Alles, was ich hatte, habe ich dir gegeben.",
Wohre Keerls drinken Tee.,Wahre Männer trinken Tee.,
Wi frein uns op ’n Besöök von uns Unkels.,Wir freuen uns auf den Besuch unseres Onkels.,
Wi frein uns op ’n Besöök von uns Unkels.,Wir freuen uns auf den Besuch von unserem Onkel.,
Kunnst du mi diene Wöörbook utlehnen?,Kannst du mir dein Wörterbuch leihen?,
Mary kaakt ahn Solt.,Mary kocht ohne Salz.,
Du snackst toveel.,Du redest zu viel.,
Du snackst toveel.,Du sprichst zu viel.,
Du hess wol toveel vüör’n Kiekkasten seten.,Du hast wohl zu viel ferngesehen.,
Von de nableven Wöör op de List sünd fief Nomen.,Von den übriggebliebenen Wörtern auf der Liste sind fünf Hauptwörter.,
Glenn het twe Fründinnen.,Glenn hat zwei Freundinnen.,
"He deed vörgeven, datt he en Dokter is.","Er hat vorgetäuscht, dass er ein Doktor ist.",
"Ik begriep ich, wat du dor mit beraken wullt.","Ich begreife nicht, was du damit erreichen willst.",
Snackst du Lettsch?,Sprichst du Lettisch?,
He harrn Schauspeler warrt schullen.,Er hätte Schauspieler werden sollen.,
Drück nienich düssen Knoop.,Drücke niemals diesen Knopf.,
Lat uns tein Minuten Paus moken.,Lasst uns zehn Minuten Pause machen.,
"Oh, ik seh jüst, Kalmücksch is to en Tatoeba-Spraak worrn.","Oh, wie ich sehe, ist Kalmückisch gerade zu einer Tatoeba-Sprache geworden.",
Ik wees mööd.,Ich war müde.,
Mama maakt jüst en Koken.,Mama macht gerade einen Kuchen.,
"Weten is as Mest, datt is man dann goods, wenn datt utbröcht warrn.","Wissen ist wie Stallmist, nur gut, wenn er ausgebracht wird.",
Se is wiss jüstso smucket as ehr Süster.,Sie ist mindestens genauso schön wie ihre Schwester.,
"Pass op mit datt Stroh, ans musselst du den ganzen Hoff vull.","Gib acht mit dem Stroh, sonst sudelst du den ganzen Hof voll.",
"He is nech in de Laag, datt to doot.","Er ist nicht in der Lage, es zu tun.",
Ik bün beters as du.,Ich bin besser als du.,
Ik bün en gode Lehrer.,Ich bin ein guter Lehrer.,
Wi sünd mit em na ’n Flegerhaven komen.,Wir begleiteten ihn zum Flughafen.,
Mika un Ken sünd Frünn.,Mike und Ken sind Freunde.,
He deed den Politikers mit en grotten Hümpel Geld smeren.,Er schmierte den Politiker mit einem großen Haufen Geld.,
Datt sniet.,Es schneit.,
Broot warrn von Roggen maakt.,Brot wird aus Roggen gemacht.,
De eerste Runne geit op ’t Huus.,Die erste Runde geht aufs Haus.,
Siene Wunn blödd.,Seine Wunde blutete.,
"Datt is verbaden, Saken ut datt Finsters to smieten.","Es ist verboten, Gegenstände aus dem Fenster zu werfen.",
Waorüm deist du datt?,Warum tust du das?,
Se hätt bi ’t Tennis gägen em verlorene.,Sie hat gegen ihn im Tennis verloren.,
Ik mag hitten Tee lever as kolen.,Ich mag heißen Tee lieber als kalten.,
Se kan Fransch snacken.,Sie kann Französisch sprechen.,
Dor wees meist nüms in ’n Ruum.,Es war kaum jemand im Zimmer.,
Hebbt ji Dörst?,Habt ihr Durst?,
Ik bün Ungaar.,Ich bin Ungar.,
"Wo gröttern de Gefohr, wo gröttern de Ehr.","Je größer die Gefahr, desto größer die Ehre.",
Mak mol foffteihn.,Mach mal halblang.,
In ’t Vörjohr warrn de Daag länger.,Im Frühling werden die Tage länger.,
Wi wüllt uns nicht in ’e Will kregen.,Wir wollen uns nicht in die Wolle kriegen.,
Datt Daagbladd kost nix.,Diese Zeitung kostet nichts.,
Ik verseuk Geld to sporen.,"Ich versuche, Geld zu sparen.",
Drie hoog drie maakt sövenuntwintig.,Drei hoch drei macht siebenundzwanzig.,
Spaansche is licht.,Spanisch ist leicht.,
Ik heff ehr en Popp tostüürt.,Ich sandte ihr eine Puppe.,
Gewuënhait häf graute Kraft.,Gewohnheit hat große Kraft.,
"Isset wohr, datt Midori so goot Vigelien speelt?","Stimmt es, dass Midori so gut Geige spielt?",
Du bünt mit ’n Dummbüdel slahn.,Du bist bekloppt.,
Datt rükt teemlich goods.,Es riecht sehr gut.,
Datt is keene Speel!,Das ist kein Spiel!,
Ik lehr Törksch.,Ich lerne Türkisch.,
"Wis mi, wat du in ’e Tasch gest.","Zeig mir, was du in der Tasche hast.",
Se speelt mit di as en Katte mit en Muus.,Sie spielt mit dir wie eine Katze mit einer Maus.,
Tom keem mit’n Buss na Huus.,Tom kam mit dem Bus nach Hause.,
Se nehm datt Foto wedder in ehr Hand.,Sie nahm das Foto wieder in ihre Hand.,
Wi hebbt en witte Katz.,Wir haben eine weiße Katze.,
"Wat magst du lever, Tee odder Kaffee?","Was magst du lieber, Tee oder Kaffee?",
He het mi mit Afsicht peddt.,Er hat mich mit Absicht getreten.,
Ik heff jüst soveel to doot as Tom.,Ich bin genauso beschäftigt wie Tom.,
Den Röök von Sireen mag ik besünners.,Den Duft von Flieder mag ich ganz besonders.,
Tom wüsch in de Speule de Pötte un Pannen av.,Tom wusch in der Spüle die Töpfe und Pfannen ab.,
Waorüm hess du so en düür Wöörbook kofft?,Warum hast du ein so teures Wörterbuch gekauft?,
"So plietsch un sachten as he is, is düsse Hund goden Sellschop för mi.","So klug und freundlich wie er ist, ist dieser Hund eine gute Begleitung für mich.",
"Ik weet ich, wat du meenst.","Ich weiß nicht, was du meinst.",
Wi mööt em helpen.,Wir müssen ihm helfen.,
Op jeden Fall geit di datt nix an.,Jedenfalls geht dich das nichts an.,
Datt geit di op jeden Fall nix an.,Das geht dich jedenfalls nichts an.,
He föhr mit Rias na Boston.,Er fuhr mit Maria nach Boston.,
Köönt ji mi datt Stehlen lihren?,Könnt ihr mir das Stehlen beibringen?,
Ik deed em nagahn.,Ich folgte ihm.,
Ik deed em nagahn.,Ich ging ihm nach.,
In ’n Winter heff ik jümmerto Snööv.,Im Winter bin ich ständig erkältet.,
Wi hebbt uns mit datt Fohren afwesselt.,Wir haben uns mit dem Fahren abgewechselt.,
He levt in en unbannig groot Huus.,Er lebt in einem riesigen Haus.,
’keene hätt datt Universum schapen?,Wer hat das Universum erschaffen?,
Ik heff in Room levt.,Ich lebte in Rom.,
He höört gern Radio.,Er hört gerne Radio.,
De Regent het veer Daag duurn.,Der Regen hielt vier Tage an.,
Mak diene Book nech apen.,Nicht das Buch aufschlagen!,
Ik heff di socht.,Ich habe dich gesucht.,
Datt is nu Harvst.,Es ist jetzt Herbst.,
Waorüm kannst du vergangen Nacht nicht toslapen?,Warum konntest du letzte Nacht nicht schlafen?,
He süng un süng.,Er sang und sang.,
Mayuko schree luut.,Mayuko schrie laut.,
He nehm en Taxi na ’n Flegerhaven.,Er nahm ein Taxi zum Flughafen.,
"Ik mag de Oort, woans du löppst.","Ich mag die Art, wie du läufst.",
"Wi hebbt datt, wat du wullt, ich.","Wir haben das, was du willst, nicht.",
Uns Söön is in ’n Krigg dootbleven.,Unser Sohn ist im Krieg gefallen.,
Wannehr fohrt ji dit Joht in de Feerne?,Wann fahrt ihr dieses Jahr in die Ferien?,
Bi Gefohr op düssen Knoop drücken.,Bei Gefahr auf diesen Knopf drücken.,
Du harrst ehrder komen schöölt.,Du hättest früher kommen sollen.,
Prag is tæmlich schöön.,Prag ist sehr schön.,
Hebbt ji datt Finstern apen loten?,Habt ihr das Fenster offen gelassen?,
Kartuffelchips sünd nech goods för di.,Kartoffelchips sind nicht gut für dich.,
"Wettst du, waorüm de Heven blau utsütt?","Kennst du den Grund, warum der Himmel blau aussieht?",
Dorop kaast du spejen!,Darauf kannst du dich verlassen!,
Wo küsst du her?,Woher kommst du?,
Wo küsst du her?,Wo kommst du her?,
Ik eet giern Schokoladenies.,Ich esse gern Schokoladeneis.,
"Wenn Tom datt rutkriggt, bringen he mi üm.","Wenn Tom dahinterkommt, bringt er mich um.",
He pleeg Bier to drinkt.,Ich pflege Bier zu trinken.,
Överrsett un swieg!,Übersetz und schweig!,
"En Idee is en immateriell Modell von en reaal odder annahmen Element von de Realität. En Idee is en Deel von uns Gedanken. Wenn wi wat denkt, is düsse enkelte dachte Saak en Idee. De Ideen sünd de Atooms von de Gedanken un de Gedank is en Kumbinatschoon von Ideen.","Eine Idee ist ein immaterielles Modell eines tatsächlichen oder angenommenen Elements der Realität. Eine Idee ist ein Bestandteil unseres Gedankens. Wenn wir etwas denken, ist diese einzelne gedachte Sache eine Idee. Die Ideen sind die Atome des Gedankens und der Gedanke ist eine Kombination von Ideen.",
Düsse Seed is de deepste Seed in Japan.,Dieser See ist der tiefste See in Japan.,
Siene Gesicht wees mit Mudd vullkleit.,Sein Gesicht war von Schlamm bedeckt.,
Wat gest du för Plään för vonavend?,Was hast du für Pläne für heute Abend?,
Ies smölt un warrn to Woter.,Eis schmilzt und wird zu Wasser.,
Ik heff en Appelkoken backt.,Ich backte einen Apfelkuchen.,
Ik heff en Appelkoken backt.,Ich habe einen Apfelkuchen gebacken.,
Se geit gern na ’n Strand.,Sie geht gerne an den Strand.,
Kööp op diene Nahuusweg en bäten Tofu.,Kauf auf deinem Heimweg ein bisschen Tofu.,
Datt is mi puttegal.,Das ist mir total egal.,
He mag de Arbeit in ’n Goorn.,Er mag die Gartenarbeit.,
"Jo, wi schöölt ganz vörsicht wäsen.","Ja, wir sollten sehr vorsichtig sein.",
Hess du vonmorgen de Narichten in ’t Radio hört?,Hast du heute Morgen die Nachrichten im Radio gehört?,
Oma kiekt giern Feernsehn.,Oma schaut gerne Fernsehen.,
’Keene utsnackt se mit?,Mit wem spricht sie?,
Ik heff veele Geld op miene Spoorbook.,Ich habe viel Geld auf meinem Sparbuch.,
Fleesch un Eier hebbt veele Protein.,Fleisch und Eier enthalten viel Proteine.,
De Bier rükt goods.,Die Birne riecht gut.,
"So junge as he is, is he doch en gode Avkaat.","So jung er ist, ist er doch ein guter Anwalt.",
Lat mi nienich gohn.,Lasse mich niemals gehen.,
Ik tööv op miene Fründin.,Ich warte auf meine Freundin.,
En Thermometer is en Reedschop üm de Temperatur to meten.,"Ein Thermometer ist ein Gerät, um die Temperatur zu messen.",
Datt Fever hätt daalt.,Das Fieber ist gesunken.,
"Stöört jo datt, wenn ik smöök?","Stört es euch, wenn ich rauche?",
Datt Wöörbook op ’n Disch hört mi to.,Das Wörterbuch auf dem Tisch gehört mir.,
Mien Tante het mi Blomen bröcht.,Meine Tante hat mir Blumen gebracht.,
Waorüm wüllt ji datt Book köpen?,Wieso wollt ihr das Buch kaufen?,
Wokeen hätt datt Universum schapen?,Wer hat das Universum erschaffen?,
Datt wees en Hunnert-Dollar-Schien.,Das war ein Hundert-Dollarschein.,
Bi Nacht süht allen anners ut.,In der Nacht sieht alles anders aus.,
"Datt süht veele leger ut, as datt is.","Es sieht viel schlimmer aus, als es ist.",
Du seggst beters nix.,Du sagst besser nichts.,
"Oh nee, ik heff ut Versehn miene Fingers afsaagt! Wat nu?",O nein! Ich habe aus Versehen meinen Finger abgesägt! Und was jetzt?,
"Oh nee, ik heff ut Versehn miene Fingers afsaagt! Wat nu?",O nein! Ich habe mir aus Versehen den Finger abgesägt! Was nun?,
Tom stünn in ’e Midd von ’e Komer.,Tom stand in der Mitte des Zimmers.,
Wi kickt naenanner.,Wir schauen nach den anderen.,
Magst du lever Katten odder Hunnen?,Magst du lieber Katzen oder Hunde?,
Datt deed na Rook reken.,Es roch nach Rauch.,
"Den een siene Broot, den anneren siene Dood.","Des einen Brot, des anderen Tod.",
Ik harrn datt nicht seggen schöölt.,Ich hätte das nicht sagen sollen.,
Ik heff dulle Tähnwehdaag.,Ich habe starke Zahnschmerzen.,
Smöken in’t Bett is gefährlich.,Rauchen im Bett ist gefährlich.,
Man kan em nix afslahn.,Man kann ihm nichts abschlagen.,
Sundheit is mihr weerd as Gold.,Gesundheit ist mehr wert als Gold.,
Tom mag Kees.,Tom mag Käse.,
Köönt ji datt Fenster apen moken?,Könnt ihr das Fenster öffnen?,
Veele Kinners speelt an ’n Sandstrand.,Viele Kinder spielen am Sandstrand.,
Kelantan is een von de Staten in West-Malaysia.,Kelantan ist einer der Staaten von West-Malaysia.,
Köönt ji en bäten suutjer snacken?,Könntet ihr ein bisschen langsamer sprechen?,
Ik schull beters an miene Diploomarbeid arbeden.,Ich sollte lieber an meiner Diplomarbeit arbeiten.,
"Ik heff en Splinter in ’n Fingers, man ik krigg em ich rut.","Ich habe einen Splitter im Finger, aber ich bekomme ihn nicht raus.",
Utsnackt huer een Japaanschen?,Spricht hier jemand Japanisch?,
Dor is keene Film in ’e Kamera.,Es ist kein Film in der Kamera.,
Ik kiek na miene Brill.,Ich schaue nach meiner Brille.,
He het man leddige Stroh döscht.,Er drosch nur leeres Stroh.,
Gröttern is nech jümmerto beters.,Größer ist nicht immer besser.,
Datt geit nicht.,Das ist nicht möglich.,
Opwaken is datt Gegendeel von Slapen.,Aufwachen ist das Gegenteil von Einschlafen.,
Wannehr schall de Fleger in Guadalajara ankamen?,Wann soll das Flugzeug in Guadalajara ankommen?,
Wannehr schall de Fleger in Guadalajara ankamen?,Wann soll der Flieger in Guadalajara ankommen?,
"Se fraagt, wo datt mööglich is.","Sie fragt, wie das möglich ist.",
"Kunnst du verkloren, wat datt huer is?","Kannst du mir erklären, was das hier ist?",
Datt is ünner ’n Disch.,Es ist unter dem Tisch.,
"Wat ook de Grund wäsen mag, se hebbt sick ich freet.","Was auch der Grund gewesen sein mag, sie haben nicht geheiratet.",
Ook so.,Ebenfalls.,
"He utsnackt, as wenn he allen weet.","Er redet, als wüsste er alles.",
Sünd dor noog Stöhl för alle?,Gibt es noch genügend Stühle für alle?,
Ik besöök en Fründ in ’t Krankenhuus.,Ich besuche einen Freund im Krankenhaus.,
Wi hebbt uns Hund White nöömt.,Wir haben unseren Hund White genannt.,
Disse Satz is keene Satz.,Dieser Satz ist kein Satz.,
Se bliev still.,Sie blieb still.,
Ik heff miene Navers to ’t Avendenten inlaadt.,Ich habe meine Nachbarn zum Abendessen eingeladen.,
Waals sünd jüstso Söögdeerten as Peer.,Wale sind genauso Säugetiere wie Pferde.,
"Du gest vergeten, an’t Enn vun’n Satz en Punkt to setten.","Du hast vergessen, am Ende des Satzes einen Punkt zu setzen.",
"’Keene is de klöökste Person, de ji kinnt?","Wer ist die klügste Person, die ihr kennt?",
Wat wullt du in Tōkyō?,Was willst du in Tōkyō?,
Wat wullt du in Tōkyō?,Was willst du in Tokyo?,
Ehr Nees blöddt.,Ihre Nase blutet.,
He hätt de ganze Melk utpütschert.,Er verschüttete die ganze Milch.,
He is meist jüstso groot as se.,Er ist ungefähr so groß wie sie.,
Dor keem nüms.,Es kam niemand.,
Wat maakt joon öllere Süster nu?,Was macht eure ältere Schwester gerade?,
Holthüüs brent licht.,Holzhäuser sind leicht entflammbar.,
Ik heff datt hill.,Ich habe es eilig.,
Hess du al Meddag eten?,Hast du schon zu Mittag gegessen?,
"Wullt du seggen, datt ik keene Brägen heff?","Willst du sagen, dass ich kein Hirn habe?",
Ik kan nech smeuken.,Ich kann nicht rauchen.,
Ik roop in twintig Minuten wedder an.,Ich rufe in zwanzig Minuten wieder an.,
He harrn en masse Frünn.,Er hat eine ganze Menge Freunde.,
Gest du mi verstaht?,Hast du mich verstanden?,
"Jo, ik heff söss Maol fraagt.","Ja, ich habe sechs Mal gefragt.",
Alle Dörper woren schöön.,Alle Dörfer waren schön.,
En Golfball het Tom drapen.,Ein Golfball hat Tom getroffen.,
Besinnen du di?,Erinnern Sie sich?,
"Men brukt so bi tein Minuten, üm en Ei to kaken.","Man braucht etwa zehn Minuten, um ein Ei zu kochen.",
Se is nicht in ’e Köök un ook ich in ’e Stuuv.,Sie ist weder in der Küche noch im Wohnzimmer.,
Düsse Jund is fuul.,Dieser Knabe ist faul.,
Un nu schöölt wi allen vergäten.,Und jetzt sollten wir alles vergessen.,
"Ik kenn den Börgermeester nech, man ik deed em gern kennenlehren.","Ich kenne den Bürgermeister nicht, aber ich würde ihn gern kennenlernen.",
Se seet un hätt en Zigarett anstaken.,Sie saß und steckte sich eine Zigarette an.,
He kriegt en gode Lohn.,Er bekommt einen guten Lohn.,
Aftöven un Tee drinkt.,Abwarten und Tee trinken.,
Darop kaas du spejn.,Das kannst du so annehmen.,
He frööh: „Wat deist du?“,Er fragte: „Was tust du?“,
"Ik heff hört, Tom is keene gode Schoolmeester.","Ich hörte, Tom sei kein guter Lehrer.",
"Ierst wenn du in ’n Sark liggst, hebbt se di datt letzte Mal rinleggt!","Erst wenn du im Sarg liegst, hat man dich das letzte Mal reingelegt!",
Af un to deööm ik von tohuus.,Ab und zu träume ich von zuhause.,
Af un to deööm ik von tohuus.,Manchmal träume ich von daheim.,
An wat för en Dag hess du normalerwies free?,An welchem Tag hast du normalerweise frei?,
Ik bün hellschen bange vüör Snaken.,Ich fürchte mich vor Schlangen.,
Wi hebbt se temlich goot kinnt.,Wir kannten sie sehr gut.,
De Disko is leddige.,Die Disko ist leer.,
Se hebbt düsse Bööm plant.,Sie haben diese Bäume gepflanzt.,
He nöhm Afscheen von uns un tröck dor von af.,Er nahm Abschied von uns und ging fort.,
"Wenn en Steertpogg wasst, dunn geit de Steert weg un de Been anfangt datt Wassen an.","Wenn eine Kaulquappe wächst, verschwindet der Schwanz und die Beine beginnen sich zu bilden.",
Se wees vüör ehrn egenen Schadden bange.,Sie fürchtete sich vor ihrem eigenen Schatten.,
No drie Minuten is Tom datt langwielig worrn.,"Nach drei Minuten fing Tom an, sich zu langweilen.",
"Du snackst Russ’sch, odder?","Du sprichst Russisch, oder?",
Datt Gebüüd is hunnert Meter hoog.,Das Gebäude ist hundert Meter hoch.,
Se deed de Tietschrift dörbladern.,Sie hat die Zeitschrift durchgeblättert.,
Se deed de Tietschrift dörbladern.,Sie hat die Illustrierte durchgeblättert.,
Ik heff mi en Kamern mit em deelt.,Ich habe mit ihm ein Zimmer geteilt.,
"Ik kan datt nicht rutkriegen, wat de Schriever seggen wull.","Ich kann nicht herausfinden, was der Autor versucht zu sagen.",
He is al drie Joht in Japan.,Er ist schon drei Jahre in Japan.,
Miegremen hebbt en goods organiseert Sellschop.,Ameisen haben eine gut organisierte Gemeinschaft.,
Ik bün goods in Mathe.,Ich bin gut in Mathe.,
Ik bün rachter allen achterkamen!,Ich habe alles entdeckt!,
Datt is Kabbes.,Das ist Mist.,
Waorüm büs du so wöterig?,Warum bist du so zornig?,
Waorüm böst du so wöterig?,Warum bist du so erbost?,
Ik wees fööfteihn Joht lange Schoolmeester.,Ich war fünfzehn Jahre lang Lehrer.,
Du schullst em üm Raat frogen.,Du solltest ihn um Rat fragen.,
"Segg ees, bünt du mall?","Sag mal, bist du verrückt?",
Ik weet ich. Datt hangt von ’n Pries af.,Ich weiß nicht. Das hängt vom Preis ab.,
Ik harrn tovör noch nien von Lviv hört.,Ich hatte nie zuvor von Lviv gehört.,
Se kinnt Tom.,Sie kennt Tom.,
Düsse Scheer is nee.,Diese Schere ist neu.,
Nöhm de Appelsienen ut ’n Köhlschapp.,Nehmen Sie die Orangen aus dem Kühlschrank.,
Ik wull diene Geld nech.,Ich will dein Geld nicht.,
De Katte itt jüst.,Die Katze frisst gerade.,
"Ik heff Tom froogt, of he se goot kenn.","Ich fragte Tom, ob er sie gut kenne.",
Wat is lichter: een Kilo Gold odder een Kilo Sülver?,Was ist leichter: ein Kilo Gold oder ein Kilo Silber?,
Se het mit em danst.,Sie hat mit ihm getanzt.,
Ik heff een Stünn lange mit ehr utsnackt.,Ich redete eine Stunde lang mit ihr.,
"Dicke hätt vüör, alleen to gohn.","Dick plant, alleine zu gehen.",
Hebbt ji al Avenbrood äten?,Habt ihr schon zu Abend gegessen?,
Bob un Tom sünd Bröder.,Bob und Tom sind Brüder.,
Wat het düsse Stohl huer to söken?,Was hat der Stuhl hier zu suchen?,
Tom geiht to sülve School as Mary.,Thomas besucht die gleiche Schule wie Maria.,
"Gest du Lust, mit mi to danzen?","Hättest du nicht Lust, mit mir zu tanzen?",
He is ut Georgia.,Er ist aus Georgia.,
Tom bröch Rias to’n Lachen.,Tom brachte Maria zum Lachen.,
"Wat schull wol passeren, wenn twe Grootmächt mit verschedene Spraken, so as to ’n Bispell de USA un China, sick enig warrt schullt, versöökswies in de Grundscholen Esperanto to lihren?","Was würde geschehen, wenn zwei Großmächte mit verschiedenen Sprachen, wie z. B. USA und China, übereinkommen würden, versuchsweise das Lernen von Esperanto in den Grundschulen einzuführen?",
Mi hätt en Katz kleit.,Ich wurde von einer Katze gekratzt.,
"Se het en Dochter, de Mary heet.",Sie hat eine Tochter namens Mary.,
Mayuko unn mi keene Antwoort op miene Fraag gäven.,Mayuko kann mir keine Antwort auf meine Frage geben.,
Se is dreeundörtig.,Sie ist dreiunddreißig.,
"Du musst sweren, datt du diene Verspreken höllst.","Du musst schwören, dass du dein Versprechen halten wirst.",
"Datt is roor, datt de Postbaad noch nicht komen is.","Es ist merkwürdig, dass der Postbote noch nicht gekommen ist.",
Vertell wieder.,Erzähl weiter.,
De automaatsche Spraakkenner geit wedder ich.,Die automatische Spracherkennung funktioniert schon wieder nicht mehr.,
Ik heff frisch Broot kofft.,Ich habe frisches Brot gekauft.,
Wi künnt nix moken.,Wir können nichts machen.,
"Ik bün dwungen worrn, Spaansche to lihren.","Ich wurde gezwungen, Spanisch zu lernen.",
"’Keene in de Kerk geit, löövt an God.","Wer in die Kirche geht, glaubt an Gott.",
"Du kunnst weglopen, aver du kunnst di nech versteken.","Du kannst weglaufen, aber du kannst dich nicht verstecken.",
Is Tony dor?,Ist Tony da?,
He pack mi an ’n Kragen.,Er packte mich am Kragen.,
Greta geit na de Baadschop.,Greta geht zur Botschaft.,
"Se wees blind, doof un stumm.","Sie war blind, taub und stumm.",
Se müss mihr as een Stünn töven.,Sie musste mehr als eine Stunde warten.,
Wo romantisch!,Wie romantisch!,
Een Swülk maakt noch keene Sommer.,Eine Schwalbe macht noch keinen Sommer.,
De Daak deed gau dichters warrt.,Der Nebel wurde schnell dichter.,
"Slöppst du, Tom?","Schläfst du, Tom?",
Siene Vaderland is Georgien.,Sein Vaterland ist Georgien.,
Ik heff Sachiko lever as Akiko.,Ich habe Sachiko lieber als Akiko.,
He is veele beters as du.,Er ist viel besser als du.,
Een unn sien Frogen nicht verstohn.,Man konnte seine Fragen nicht verstehen.,
Alle datt Fleesch wees slecht.,Das ganze Fleisch war schlecht.,
Ik heff Tom al schräven.,Ich habe Tom bereits geschrieben.,
Wat en warme Dag!,Was für ein warmer Tag!,
De Steern is mit datt blote Oog to sehen.,Der Stern ist mit bloßem Auge sichtbar.,
Ik heff tein Eier kofft.,Ich habe zehn Eier gekauft.,
He is groot un se ook.,Er ist groß und sie auch.,
Fohrt he mit ’n Buss na Arbeit?,Fährt er mit dem Bus zur Arbeit?,
He fohrt mit ’n Buss na Arbeit?,Er fährt mit dem Bus zur Arbeit?,
Ik heff dit Leeg för ehr schräven.,Ich habe dieses Lied für sie geschrieben.,
Wi togen us an.,Wir zogen uns an.,
De Junge hätt nix to äten.,Der Junge hat nichts zu essen.,
Se nickköppen sick to.,Sie nickten sich zu.,
Se nickköppen sick to.,Sie nickten einander zu.,
De Stroom warrn an düsse Steed opmaal enger.,Der Fluss wird an dieser Stelle plötzlich enger.,
"Ik verstoh ich, wat he seggt.","Ich verstehe nicht, was er sagt.",
Ik unn em meist nech verstaht.,Ich konnte ihn kaum verstehen.,
Se draagt en smucker Slips.,Sie tragen einen hübschen Schlips.,
Wi sünd achte Lüdd.,Wir sind 8 Personen.,
Ik verkööp online Klamotten.,Ich verkaufe Kleider online.,
Ik verkööp online Klamotten.,Ich verkaufe Kleider im Internet.,
Tom open en Book.,Tom öffnete ein Buch.,
Du musst opholen mit Drinkt.,Du musst mit Trinken aufhören.,
De Jund smeet mit en Steen na ’n Pogg.,Der Junge schmiss einen Stein nach dem Frosch.,
Ji sünd Kinners.,Ihr seid Kinder.,
Veele Kinners hört den Verscheel nicht so goods.,Viele Kinder hören den Unterschied nicht so gut heraus.,
Ik wull di to ’n Geboortsdatum en Fohrrad schenkt.,Ich möchte dir zum Geburtstag ein Fahrrad schenken.,
Wullt du en Köppken Kaffee?,Möchtest du ein Tässchen Kaffee?,
Datt warrn jeden Dag hitter.,Es wird täglich heißer.,
Kan ik mi huer hensetten?,Kann ich mich hier hinsetzen?,
"Man lihrt en fremde Spraak op’t beste, wenn man in datt Land leevt, wo de utsnackt warrn.","Man lernt eine fremde Sprache am besten, wenn man in dem Land lebt, in dem sie gesprochen wird.",
"Nu wasst tohoop, wat tohoop hört!","Jetzt wächst zusammen, was zusammen gehört!",
He het twe Maol heiraadt un harrn mihr as twintig Kinners.,Er hat zweimal geheiratet und hatte mehr als zwanzig Kinder.,
Woveel Äppel hess du eten?,Wie viele Äpfel hast du gegessen?,
Se hätt em in ’n Zoo mitnahmen.,Sie hat ihn in den Zoo mitgenommen.,
Miene Huus is groot.,Mein Haus ist groß.,
De Bäten bliev em in ’n Hals steken.,Der Bissen blieb ihm im Halse stecken.,
Du büs datt föffte Rad an ’n Wogen.,Du bist das fünfte Rad am Wagen.,
"Opa is na ’t Krankenhuus fohrt, as siene Enkel sick siene Enkel braken harrn.","Opa ist ins Krankenhaus gefahren, als sich sein Enkel seinen Knöchel gebrochen hatte.",
De Junge is in de Slaveree verköfft worrn.,Der Junge wurde in die Sklaverei verkauft.,
Kunnst du mi helpen?,Kannst du mir helfen?,
Kunnst du mi helpen?,Kannst du mir mal helfen?,
Ik heff von di dröömt.,Ich habe von dir geträumt.,
Wat deedst du an miene Steed seggen?,Was würdest du an meiner Stelle sagen?,
De Muur is vull mit Graffiti.,Die Mauer ist voll von Graffiti.,
He seet op en Bänk.,Er saß auf einer Bank.,
Uns hebbt se ich op de Party inlaadt.,Uns hat man nicht auf die Party eingeladen.,
He is tæmlich vörsicht.,Er ist sehr vorsichtig.,
"Ik hööp, datt ji jo nech verkeuhlt.","Ich hoffe, dass ihr euch keine Erkältung holt.",
Düsse Flatteree bringen di gornix.,Diese Schmeichelei bringt dir gar nichts.,
De Wunn in ’n Arm het en Noor trügglaten.,Die Wunde an dem Arm hinterließ eine Narbe.,
Ik bün en Mann.,Ich bin ein Mann.,
He kan ehr Frogen nicht antern.,Er kann ihre Fragen nicht beantworten.,
Miene Reekner is miene besten Fründ.,Mein Computer ist mein bester Freund.,
"Wenn se ich gohn wees, harrn he ehr wohrschienlich blödig slahn.","Wäre sie nicht gegangen, hätte er sie wahrscheinlich blutig geschlagen.",
’Keene von jo wees toeerst huer?,Wer von euch war als erster hier?,
Alice güng üm tein in ’t Bedde.,Elke ging um zehn ins Bett.,
He harrn en hungerigen Blick.,Er hatte einen hungrigen Blick.,
Se itt jüst.,Sie isst gerade.,
Tom is vun en Hund angrepen worrn.,Tom wurde von einem Hund angegriffen.,
Ik lat de Böker huer.,Ich lasse die Bücher hier.,
De Jund sweeg.,Der Junge schwieg.,
Böst du mit diene Läven tofreden?,Bist du mit deinem Leben zufrieden?,
Miene Hart is gröön un geel.,Mein Herz ist grün und gelb.,
Is Papa in ’e Köök?,Ist Papa in der Küche?,
"Ik finn, datt du Tom man seggen schullst, datt du em geern gest.","Ich finde, du solltest Tom sagen, dass du ihn liebst.",
"Kiek mol, wat ik för Tom köfft heff!","Sieh mal, was ich für Tom gekauft habe!",
Se hätt em an ’n Seed mitnahmen.,Sie hat ihn an den See mitgenommen.,
Tohuus is allen bi de Reeg.,Zu Hause ist alles in Ordnung.,
He het datt Huus arvt.,Er hat das Haus geerbt.,
Düsse Fohrkoort gellt drie Maand lange.,Diese Fahrkarte ist drei Monate lang gültig.,
De Film anfangt gliek an.,Der Film fängt gleich an.,
Kan ik jo üm en Gefallen bidden?,Kann ich euch um einen Gefallen bitten?,
De best Speler von alle Tieden wees Pelé.,Der beste Spieler zu allen Zeiten war Pelé.,
He is bange as en Haas.,Er ist furchtsam wie ein Hase.,
De annere geit nech.,Die andere funktioniert nicht.,
Wat schrifft ji?,Was schreibt ihr?,
Wi hebbt en witt Dischlaken op ’n Disch leggt.,Wir legten ein weißes Tischtuch auf den Tisch.,
"De Welt is nicht mihr datt, wat se wees.","Die Welt ist nicht mehr das, was sie war.",
De tweie Popp hört mi to.,Die zerbrochene Puppe gehört mir.,
Datt is miene Dochter.,Das ist meine Tochter.,
Datt Kind utsnackt al ganz goods.,Das Kind spricht schon ganz gut.,
Stunnen gaht rüm un se tellt de Minuten.,Stunden vergehen und sie zählt die Minuten.,
Du musst mit mi komen.,Du musst mit mir kommen.,
Ik harrn gern düsse Kamera.,Ich hätte gerne diese Kamera.,
"En Atoom is Protonen, Neutronen un Elektronen maakt.","Ein Atom besteht aus Protonen, Neutronen und Elektronen.",
Elk Kongressafornte unn wählen.,Jeder Kongressabgeordnete konnte wählen.,
Ik wull en poor Tüffeln.,Ich möchte ein paar Kartoffeln.,
Wat heff ik di seggt?,Was hab ich dir gesagt?,
Ik heff mi jüst duuscht.,Ich habe mich gerade geduscht.,
De hillige Schrift von de Moslems is de Koraan.,Die Heilige Schrift der Moslems ist der Koran.,
"Ik heff datt Book, von datt du snackst, noch ich leest.","Ich habe das Buch, von dem du sprichst, noch nicht gelesen.",
Ik kan nech mihr!,Ich kann nicht mehr!,
Ik seh em af un to in ’t Feernsehn.,Ich sehe ihn manchmal im Fernsehen.,
He slööp gliek to.,Er schlief gleich ein.,
De Krant kost nix.,Die Zeitung ist gratis.,
De Köhers bröchen de Kudd bieen.,Die Kuhhirten trieben die Herde zusammen.,
Hätt di de Film gefallen?,Hat dir der Film gefallen?,
Het di de Film gefallen?,Gefiel dir der Film?,
Düsse Regel lett sick op allen anwennen.,Diese Regel kann man auf alles anwenden.,
Datt schall tominnst fief Dollar kösten.,Es wird mindestens fünf Dollar kosten.,
Is datt wohr?,Ist das wahr?,
Taro is vüör twe Joht dootbleven.,Taro ist vor zwei Jahren gestorben.,
Ümweltschuul anfangt bi mi an.,Umweltschutz fängt bei mir an.,
"Düsse Komer is so lütt, datt een dor nicht in speelen kan.","Dieses Zimmer ist so klein, dass man darin nicht spielen kann.",
Em is de rechte Foot inslapen.,Ihm ist der rechte Fuß eingeschlafen.,
Se geit jümmerto na ’n Tähndokter un kriegt dorüm ook meist keene Tähnwehdaag.,"Da sie regelmäßig zum Zahnarzt geht, bekommt sie so gut wie nie Zahnschmerzen.",
De Ollsch is gesund un stark as ’n Eek.,Die Alte ist gesund und stark wie ein Baum.,
De Ollsch is gesund un stark as ’n Eek.,Die alte Frau ist gesund und stark wie ein Baum.,
Hess du diene Huusopgaven al maakt?,Hast du deine Hausaufgaben schon gemacht?,
Ik heff em to mi na Huus inlaadt.,Ich habe ihn zu mir nach Hause eingeladen.,
"Datt is beters för mi, wenn ik en Fischen heff un keene Vugel.","Es ist besser für mich, dass ich einen Fisch habe und keinen Vogel.",
"De Dokters hebbt datt ich verwachten, datt sick miene Süster so gau verhalen deed.","Die Ärzte haben das nicht erwartet, dass sich meine Schwester so schnell erholt.",
Ik sing nech oft.,Ich singe nicht oft.,
Ik mag Karnmelk.,Ich mag Buttermilch.,
Wi eet drie Mal an ’n Dag.,Wir essen dreimal am Tag.,
Wi eet drie Maol an ’n Dag.,Wir essen drei Mal am Tag.,
Susan mag Katten.,Susan mag Katzen.,
Wi köönt ehr nicht helpen.,Wir können ihr nicht helfen.,
"Oh, dor is en Botterlicker!","Oh, da ist ein Schmetterling!",
"Ik heff dor meist Angst vüör, mit di to snacken.","Ich habe beinahe Angst davor, mit dir zu reden.",
Veele Lüdd sünd in den Krigg verhungert.,Viele Menschen sind im Krieg verhungert.,
Wi brukt en Plaan.,Wir brauchen einen Plan.,
Se hätt em ünnerkregen.,Sie hat ihn bezwungen.,
Ik unn ich allen sehen.,Ich konnte nicht alles sehen.,
He het kuum Böker.,Er hat kaum Bücher.,
Caesar hätt keene Fohrrad hefft.,Caesar hatte kein Fahrrad.,
"Jo, datt denk ik ook.","Ja, das denke ich auch.",
Peking ännert sick so gau.,Peking ändert sich so schnell.,
Datt wees achte Meter lange.,Es war acht Meter lang.,
"Wat de Buur nech kennt, datt fret he nicht.","Was der Bauer nicht kennt, das frisst er nicht.",
Wat för en scheune Bloom!,Was für eine schöne Blume!,
Op datt Puult liggt en Appel.,Auf dem Pult liegt ein Apfel.,
"Wi bemeuht us, opminnst eenmal in’t Joht na Boston to fohren.","Wir bemühen uns, wenigstens einmal im Jahr nach Boston zu fahren.",
Tom weet datt al.,Tom weiß es bereits.,
Tom weet datt al.,Tom weiß das schon.,
Tom weet datt al.,Tom weiß das bereits.,
Datt süht ut as en Aant.,Es sieht aus wie eine Ente.,
Drink de Medizin.,Trinke die Medizin.,
Wi twe sünd vergangen Joht uteneen gohn.,Wir zwei haben uns letztes Jahr getrennt.,
Ik heff diene Telefoonnnummer vergäten.,Ich habe deine Telefonnummer vergessen.,
"He wees 1,83 m groot un wöög 180 kg.","Er war 1,83 m groß und wog 180 kg.",
Ik bün al veer Joht mit Rias verheiraadt.,Ich bin schon vier Jahre mit Maria verheiratet.,
Elkeen Voss laavt siene Steert.,Jeder Fuchs lobt seinen Schwanz.,
"Veer Been goods, twe Been leed.","Vier Beine gut, zwei Beine schlecht.",
Datt is noog för fief Daag.,Es ist genug für fünf Tage.,
Het se en Hobby?,Hat sie ein Hobby?,
Wannehr bünt du na Huus komen?,Wann bist du nach Hause gekommen?,
Datt gütt.,Es gießt.,
He hätt sick antrocken un is rutgahn.,Er hat sich angezogen und ist rausgegangen.,
Woveel Opnahmen schall ik moken?,Wie viele Aufnahmen soll ich machen?,
Ik heff Tom siene Naricht kriegen.,Ich habe Toms Nachricht bekommen.,
Se pult in ’e Nees.,Sie pult in der Nase.,
Hebbt ji allen leest?,Habt ihr alles gelesen?,
Ik tööv op Godot.,Ich warte auf Godot.,
Ook datt gauste Peerd het man veer Been.,Auch das schnellste Pferd hat nur vier Beine.,
Ewondo is de Spraak von ’n Ewondo-Stamm ut Kamerun.,Ewondo ist die Sprache von einem Ewondo-Stamm in Kamerun.,
De Vereen is 1990 grünnt worrn.,Der Verein wurde 1990 gegründet.,
’Keene kan mi helpen?,Wer kann mir helfen?,
Mi warrn ganz düselig.,Mir wird ganz schwindlig.,
‚Tammi‘ mit twe m. Also T-A-M-M-I.,Tammi mit zwei M. Also T-A-M-M-i.,
He hätt keene Fründin.,Er hat keine Freundin.,
En leddige Faat klingt veele luder.,Ein leeres Fass klingt viel lauter.,
"Wat wullt du doot, wenn du vullwussen büs?","Was willst du machen, wenn du erwachsen bist?",
Ik wull Süüdkorea beseuken.,Ich will Südkorea besuchen.,
De Amerikaanschen Börgerkrieg het veer Joht duurn.,Der Amerikanische Bürgerkrieg dauerte vier Jahre.,
"De Fraag is, woans wi datt Geld kregen schullen.","Die Frage ist, wie wir das Geld bekommen werden.",
"’Keene vüör Frost bevert, de brukt keene Thermometer, man en Schaal.","Wer vor Frost zittert, braucht kein Thermometer, sondern einen Schal.",
De Junge hätt mi mit Steen smeten.,Der Junge hat mit Steinen nach mir geworfen.,
Datt Huus wees dürer as dach.,Das Haus war teurer als erwartet.,
He het siene Geld tohoop verlorene.,Er hat sein ganzes Geld verloren.,
Wat du seggt gest is schieren Tüdelkraam.,"Was du gesagt hast, ist alles Blödsinn.",
He is veele rümkamen.,Er ist viel herumgekommen.,
Alle hebbt se mi utlacht.,Alle lachten mich aus.,
In uns Goorn is en lütte Diek.,In unserem Garten ist ein kleiner Teich.,
"Ik heff hört, datt datt Woter afstellt warrn, wenn een de Waterreken ich betohlt. Is datt wohr?","Ich habe gehört, dass wenn man die Wasserrechnung nicht bezahlt, die Wasserversorgung abgestellt wird. Ist das wahr?",
Ik heff dit Book al toenn leest.,Ich habe dieses Buch schon zu Ende gelesen.,
"Wi gaht na School, üm to lihren.","Wir gehen zur Schule, um zu lernen.",
Du dröffst nech gahn.,Du darfst nicht gehen.,
Se hebbt den Fungenen freelaten.,Sie ließen den Gefangenen frei.,
Du schullst man toslapen.,Du solltest schlafen.,
Datt hess du daan!,Das hast du getan!,
Du gest datt daan!,Du hast es getan!,
"De Eerd is keene Steern, man en Planeet.","Die Erde ist kein Stern, sondern ein Planet.",
Roop den Dokter!,Rufe den Doktor!,
Ik heff em vüör de Gefohr wohrschaut.,Ich habe ihn vor der Gefahr gewarnt.,
Wo lange hess du Football speelt?,Wie lange hast du Fußball gespielt?,
"Ik wüss nicht, woneem ik hengohn odder wat ik doot schull.","Ich wusste nicht, wohin ich gehen oder was ich tun sollte.",
"Ik wüss ich, woneem ik hengohn odder wat ik doot schull.","Mir war nicht klar, wohin ich mich wenden oder was ich machen sollte.",
Un dann?,Und dann?,
De Kuhl is to lütt. Graav man driest to!,Das Loch ist zu klein. Grabe weiter!,
Ik wull en Book. Woneem is de Bookladen?,Ich will ein Buch. Wo ist der Buchladen?,
Datt is en Kiekschapp.,Das ist ein Fernseher.,
Dien Kamera is man half so groot as miene.,Deine Kamera ist nur halb so groß wie meine.,
Ik bün en Bangbüx.,Ich bin ein Angsthase.,
Ik bün en Bangbüx.,Ich bin ein Feigling.,
Is Jim noch nech trügg?,Ist Jim noch nicht zurück?,
Weer still un hör to.,Sei still und hör zu!,
He hööl de Luft an.,Er hielt seinen Atem an.,
Düsse Rasenmeiher löpt mit Benzin.,Dieser Rasenmäher läuft mit Benzin.,
Ik wull mit di wat besnackt.,Ich möchte mit dir etwas besprechen.,
Wat wullt du hebben?,Was möchtest du haben?,
Böst du mit uns Plaan inverstohn?,Bist du mit unserem Plan einverstanden?,
Wi mööt Suur köpen.,Wir müssen Essig kaufen.,
"He harrn wat, wat ik nicht harrn - Vertroost.","Er hatte etwas, das ich nicht hatte - Vertrauen.",
"He harrn wat, wat ik ich harrn - Vertroot.","Er hat etwas, was ich nicht habe - Vertrauen.",
"Vergitt nien, datt Füer uttomaken.","Vergiss nie, das Feuer zu löschen.",
"Wenn du na Israel kümmst, bruukst du veele Schekels. Woter kost 0,50 ₪.","Wenn du nach Israel kommst, brauchst du viel Geld. Wasser kostet 0,50 ₪.",
Waorüm versteckst du diene Titten?,Warum versteckst du deine Brüste?,
Wat kan se em seggen?,Was kann sie ihm sagen?,
De Snee wees en poor Meter deep.,Der Schnee war mehrere Meter tief.,
Nüms küert mit mi.,Keiner spricht mit mir.,
Ik unn in de Feerne en Toorn kennen.,Ich konnte in der Ferne einen Turm ausmachen.,
Ik heff Gott dootmaakt.,Ich habe Gott erschlagen.,
Ik heff Gott dootmaakt.,Ich habe Gott getötet.,
"Un wenn se nech storben sünd, lewt se noch.","Und wenn sie nicht gestorben sind, leben sie noch.",
Tom backt so mannichmol Keks.,Tom backt oft Kekse.,
Datt Läven geit wieder.,Das Leben geht weiter.,
Ik draag giern Holsken.,Ich trage gerne Holzschuhe.,
Ik heff mi jüst sneden.,Ich habe mir gerade in den Finger geschnitten.,
Ik heff keene Tohuus mihr.,Ich habe kein Zuhause mehr.,
Rias hätt twe butenlandsche Frünnen.,Maria hat zwei ausländische Freunde.,
Vertell nüms von uns Plaan.,Erzähle niemandem von unserem Plan.,
He fehlt mi.,Er fehlt mir.,
Smiet keene Steen.,Wirf keine Steine.,
Mi doon alle Muskeln weh.,Mir tun alle Muskeln weh.,
"Tom kinnt den Keerl, wo Rias mit komen is.","Tom kennt den Mann, mit dem Maria gekommen ist.",
Thailand liggt in Asien.,Thailand liegt in Asien.,
Mien Süster kaakt in ’e Köök.,Meine Schwester kocht in der Küche.,
"Tom seggt vun sick, datt he en fraam Christ is.","Tom sagt von sich, dass er ein gläubiger Christ sei.",
Ik heff Koppwehdaag.,Ich habe Kopfweh.,
Ik heff Koppwehdaag.,Ich habe Kopfschmerzen.,
Ik heff Koppwehdaag.,Mein Kopf tut weh.,
"Mi dücht, de Supp brukt en Pries Solt.","Ich denke, die Suppe benötigt eine Prise Salz.",
"Miene Droom is datt, Füürwehrfroo to wäsen.","Mein Traum ist es, Feuerwehrfrau zu sein.",
Wiest jo!,Zeigt euch!,
Kenn diene Worteln.,Kenne deine Wurzeln.,
Se het al betere Daag sehen.,Sie hat schon bessere Tage gesehen.,
Ik freu mi övers datt Wederk.,Ich bin über das Wetter erfreut.,
Se kan teemlich goods neihn.,Sie kann ziemlich gut nähen.,
Miene Verscheel is datt Gegendeel von diene.,Meine Meinung ist das Gegenteil von deiner.,
Magst du keene Bier?,Magst du kein Bier?,
Datt is beters as nix.,Es ist besser als nichts.,
"Datt bringen nix, to wenen.","Es bringt nichts, zu weinen.",
Tom hätt se noch maal en Söte gäven.,Tom hat sie noch mal geküsst.,
Ik heff em ganz unverwacht dropen.,Ich traf ihn völlig unerwartet.,
Ik heff em ganz unverwacht dropen.,Ich habe ihn ganz unverhofft getroffen.,
Unafhängigkeitsdag is an ’n 7. September.,Der Unabhängigkeitstag ist am 7. September.,
Veele Bööm smiet jemehr Loff in ’n Winter af.,Viele Bäume verlieren im Winter ihr Laub.,
Veele Bööm smiet jemehr Loff in ’n Winter af.,Viele Bäume verlieren im Winter ihre Blätter.,
He het vörig Joht Kyoto besökt.,Er hat letztes Jahr Kyōto besucht.,
He hätt vörig Joht Kyoto besökt.,Er hat voriges Jahr Kyōto besucht.,
He het vörig Joht Kyoto besökt.,Er hat im letzten Jahr Kyōto besucht.,
He hätt vörig Joht Kyoto besökt.,Er war im vergangenen Jahr in Kyōto.,
Ik tööv bet Klock veer.,Ich werde bis vier Uhr warten.,
Ik tööv bet Klock veer.,Ich warte bis vier Uhr.,
Ik tööv bet Klock veer.,Ich warte bis 4 Uhr.,
Datt Bedde is to hart.,Das Bett ist zu hart.,
Datt Huus is nicht besünners groot.,Das Haus ist nicht sehr groß.,
Ik gah in ’n Park.,Ich gehe in den Park.,
Wi hebbt en Kind annahmen.,Wir haben ein Kind adoptiert.,
An klore Daag kan een den Barg Fuji sehen.,An heiteren Tagen kann man den Fuji sehen.,
Is datt diene Fründ?,Ist das dein Freund?,
"’Keene ahn Sünn is, schall den eersten Steen smieten.","Wer ohne Sünde ist, werfe den ersten Stein.",
Yumi ehr Koreaansch warrn jümmerto beters.,Yumis Koreanisch wird immer besser.,
Ick bün alle dor.,Ich bin schon da.,
Ick bün alle dor.,Ich bin schon hier.,
Dröff ik nu na Huus gohn?,Darf ich nun nach Hause gehen?,
De Paus is toenn.,Die Pause ist zu Ende.,
Wohnt ji alleen?,Wohnt ihr allein?,
Ik kan keene Bier mihr drinkt.,Ich kann kein Bier mehr trinken.,
Datt is Middageten.,Es ist Zeit zum Mittagessen.,
Roodwien passt goods bi Fleesch.,Rotwein passt gut zu Fleisch.,
"He wees so arm, datt he keene Broot köpen unn.","Er war so arm, dass er kein Brot kaufen konnte.",
Se warrn von Dag to Dag beters.,Sie wird von Tag zu Tag besser.,
Ik heff keene Süster.,Ich habe keine Schwester.,
Wi sünd gliek dor.,Wir sind gleich da.,
Kiek mi in de Ogen.,Schau mir in die Augen.,
Wat ’n mooi Dag!,Was für ein schöner Tag!,
"De Roboter wees so levensecht, datt datt grugelig wees.","Der Roboter war so lebensecht, dass es gruselig war.",
Datt is nu alle in Tüder.,Das ist jetzt alles durcheinander.,
In ’t Gegendeel to en Emmendaler het en Limbörger faken en weken Karn.,Im Gegensatz zu einem Emmentaler hat ein Limburger oft einen weichen Kern.,
Vonmorgen wören datt tein Graad ünner Null.,Heute Morgen war es zehn Grad unter Null.,
Ik heff mi mit en Mest sneden.,Ich habe mich mit einem Messer geschnitten.,
He is ut Georgien.,Er ist aus Georgien.,
De Buss keem leddige an.,Der Bus kam leer an.,
Se levt in de Neeg.,Sie lebt in der Nähe.,
Ik bün jüst an ’n Flegerhaven ankamen.,Ich bin gerade am Flughafen angekommen.,
Ik mag frische Luft.,Ich mag frische Luft.,
"Kaak de Supp so lange, bet se dicke warrn.","Koche die Suppe so lange, bis sie andickt.",
Wi grillen jüst.,Wir grillen gerade.,
Antimateer is tæmlich instabil.,Antimaterie ist ziemlich instabil.,
Woneem is de School?,Wo ist die Schule?,
Tom hätt den Weddloop wunnen.,Tom hat den Wettlauf gewonnen.,
Shishir löpt mi na.,Shishir folgt mir.,
Shishir löpt mi na.,Shishir läuft mir nach.,
Wat maakt diene Süster nu?,Was macht deine Schwester jetzt?,
Wannehr passt di datt?,Wann passt es dir?,
Is datt witt?,Ist das weiß?,
Is datt witt?,Ist es weiß?,
Ik schall ich mit di snacken.,Ich soll nicht mit dir reden.,
Uns Naversch wees al wedder bi ’n Putzbüdel.,Unsere Nachbarin war schon wieder beim Friseur.,
"Nee, ik gah narms hen vonnacht.","Nein, ich gehe heute Nacht nirgendwohin.",
Datt wees stockdüüster.,Es war stockdunkel.,
"Ik weet noch, datt ik lacht heff.","Ich erinnere mich, dass ich lachte.",
Ik speel nech so goods Tennis.,Ich spiele nicht so gut Tennis.,
"Du musst weten, datt ik snurk.","Du musst wissen, dass ich schnarche.",
„Waorüm gest du mi datt nicht vertellt?“ – „Du hess mi ich fraagt.“,„Warum hast du’s mir nicht gesagt?“ – „Du hast mich nicht gefragt.“,
Kiek rachter di!,Schau' hinter dich!,
"Wenn du dood bünt, hölpt di datt ook nech mihr.","Wenn du tot bist, nützt es dir auch nichts mehr.",
Tom lehrt jeden Dag na’n Avendäten Franzöösch.,Tom lernt jeden Tag nach dem Abendessen Französisch.,
Paul is in Room boren.,Paul ist in Rom geboren.,
Paul is in Room boren.,Paul wurde in Rom geboren.,
Wi brukt wat to äten.,Wir brauchen etwas Essbares.,
"Se verlöövt uns nicht, in ’e Disko to gohn.","Sie erlauben uns nicht, in die Disko zu gehen.",
Dor isset.,Da ist es.,
Se is en Voss.,Sie ist ein Fuchs.,
Büs du de Profeet?,Bist du der Prophet?,
Wi mööt op em töven.,Wir müssen auf ihn warten.,
En Joht het twölv Maand.,Ein Jahr hat zwölf Monate.,
He nööm mi Ichiro.,Er nannte mich Ichiro.,
Weer bedankt för diene Antwoort.,Danke für deine Antwort.,
Se küßte em up’e Wangen.,Sie küsste ihn auf die Wange.,
"Wo een ook henkickt in europa, de Taters hebbt allerwegens en sworen Stand.","Wohin man auch in Europa schaut, die Zigeuner haben überall einen schweren Stand.",
Ik wees in ’n Feberwoor in São Paulo.,Ich war im Februar in Sao Paulo.,
Ik wees in ’n Feberwoor in São Paulo.,Ich war im Februar in São Paulo.,
Wo föhlst du di nu?,Wie fühlst du dich jetzt?,
Israel siene Existenzrecht schull nüms anlangen.,Das Existenzrecht Israels sollte nicht in Frage gestellt werden.,
Lat mi en bäten nadenken.,Lass mich ein bisschen nachdenken.,
Ik heff em en Koorten gäven.,Ich habe ihm eine Karte gegeben.,
Ik bün na Paris gohn.,Ich bin nach Paris gegangen.,
’Keene hätt Brasilien opdeckt?,Wer hat Brasilien entdeckt?,
Ik kan datt.,Ich kann das.,
Inge het en dicken Neers.,Inge hat einen dicken Hintern.,
He beert sick as en Kind.,Er benimmt sich wie ein Kind.,
Is dit Franzöösch?,Ist das Französisch?,
Datt heelt sick sülvens.,Das verheilt von selbst.,
Ik troo di ich.,Ich traue dir nicht.,
Ik heff Snökerkraam för de Kinners mitbröcht.,Ich habe Naschzeug für die Kinder mitgebracht.,
Se hört em to.,Sie hört ihm zu.,
He harrn siene Scherm in ’n Buss vergäten.,Er hat seinen Schirm im Bus vergessen.,
Böst du inverstohn?,Bist du einverstanden?,
De Bahnhoff is huer in de Neeg.,Der Bahnhof ist hier in der Nähe.,
De Papegai is dood.,Der Papagei ist tot.,
Kan ik mit miene VISA-Koort betahlen?,Kann ich mit meiner VISA-Karte bezahlen?,
Miene Unkels hätt groot Intress an Künst.,Mein Onkel hat großes Interesse an Kunst.,
Is datt joon odder uns Schuld?,Ist das eure oder unsere Schuld?,
Se vergeet jümmerto miene Telefonnummer.,Sie vergisst immer meine Telefonnummer.,
Dit is miene Personaalutwies.,Dies ist mein Personalausweis.,
Breng mi wat to äten.,Bring mir was zum Essen.,
Un leed vüör allens nech.,Und lüge vor allem nicht.,
"Wat för en Farv het diene Mieg: hell, düüstergeel, roodachtig odder goldbruun?","Welche Farbe hat dein Urin: hell, dunkelgelb, rötlich oder goldbraun?",
Du schußt di beters nicht in annern Lüdd ehr Saken rinmengeln.,Du solltest dich besser nicht in die Angelegenheiten anderer Leute einmischen.,
Se hebbt wenig Böker.,Sie haben wenige Bücher.,
Drööm warrn ich jümmerto wohr.,Träume werden nicht immer wahr.,
Miene Foot slöppt wedder in!,Mein Fuß schläft wieder ein!,
Dor fehlt en Gavel.,Eine Gabel fehlt.,
Dor fehlt en Gavel.,Es fehlt eine Gabel.,
Villicht is he doon.,Vielleicht ist er tot.,
Wannehr bünt du torüchkamen?,Wann bist du zurückgekommen?,
Mien Unkel levt in London.,Meine Onkel leben in London.,
Nech knicken odder folen!,Nicht knicken oder falten!,
"Wi woren bi de Möhl, dicht bi ’t Hempfeld.","Wir waren bei der Mühle, dicht am Hanffeld.",
Huer de blanken Fakten.,Hier die nackten Tatsachen.,
Tom is veele gröttern as ji.,Tom ist viel größer als ihr.,
"Du sühst ut, as wenn du to doot gest.",Du siehst beschäftigt aus.,
Wi sünd 100 Mielen na Westen fohrt.,Wir sind 100 Meilen nach Westen gefahren.,
Düsse Brügg is ut Holt.,Diese Brücke ist aus Holz.,
Ik see „Stopp!“,"Ich sagte ""Halt!""",
Ik harrn gern en Gin Tonic.,Ich hätte gern einen Gin Tonic.,
Katten anfangt Müüs.,Katzen fangen Mäuse.,
Jiro is nicht huer.,Jiro ist nicht hier.,
Ik tööv op miene Fründ.,Ich warte auf meinen Freund.,
Ik lat mi ich ünnerkriegen.,Ich lasse mich nicht unterkriegen.,
Se keem alleen.,Sie kam allein.,
Datt sniet dor.,Es schneit dort.,
Dor sniet datt.,Dort schneit es.,
"Rias weet nech, ’keene se frogen schall.","Maria weiß nicht, wen sie fragen soll.",
Du schullst de Fief nehmen.,Du solltest die Fünf nehmen.,
Dit Böötsystem bött mit Eerdööl.,Diese Heizvorrichtung verwendet Erdöl als Brennstoff.,
"Wenn du mi bittst, dunn biet ik trügg.","Wenn du mich beißt, dann beiße ich zurück.",
Lütt un kregel is beters as en grotten Flegel.,Klein und munter sein ist besser als ein großer Flegel zu sein.,
Sett di daal!,Setz dich!,
Tom hätt en Finsterschiev kaputtmookt.,Tom hat eine Fensterscheibe kaputtgemacht.,
He het di geern.,Er hat dich gern.,
"Wenn een nicht itt, dann blieft een dood.","Wenn man nicht isst, stirbt man.",
"He see, datt sick de Eer üm de Sünn dreiht.","Er sagte, dass sich die Erde um die Sonne dreht.",
Leed ich.,Lüge nicht.,
Leed nech!,Lüge nicht!,
Nimm datt!,Nimm es!,
De Satz is goot.,Der Satz ist gut.,
"As he sick datt Been bröök, müss he drie Maand lange Krücken bruken.","Als er sich sein Bein brach, musste er drei Monate lang Krücken verwenden.",
Se hätt en Katte. De Katz is witt.,Sie hat eine Katze. Die Katze ist weiß.,
Hess du en Föhn mitnahmen?,Hast du einen Fön mitgenommen?,
Datt Book is lütt.,Das Buch ist klein.,
Ik gah toslapen.,Ich gehe schlafen.,
Woveel kost de Büx?,Wie viel kostet die Hose?,
Waorüm büs du huer?,Warum bist du hier?,
"Du gest Dörst, wullt du Woter?","Du hast Durst, möchtest du Wasser?",
"Allen mit Maten, see de Snieder, do hau he siene Wiev mit de Eel dood.","Alles mit Maßen, sagte der Schneider, also schlug er seine Frau mit der Elle tot.",
Se keek em in ’t Gesicht.,Sie sah ihm ins Gesicht.,
Harrn ik di datt nicht seggt?,Hatte ich es dir nicht gesagt?,
Woneem schall ik datt henleggen?,Wo soll ich das hinlegen?,
Wi hebbt den Hund Tim nöömt.,Wir nannten den Hund Tim.,
"Wo mihr een het, wo mihr wull een hebben.","Je mehr man hat, desto mehr möchte man haben.",
"Raat ees, woneem ik wäsen bün.","Rate mal, wo ich gewesen bin.",
Överrsett düsse Sätz in ’t Japansche.,Übersetze die folgenden Sätze ins Japanische!,
"Nee, nee, datt geit op miene Reken.","Nein, nein, das geht auf meine Rechnung.",
Romeo freet Julia.,Romeo heiratet Julia.,
Allerbest. Bedankt.,Sehr gut. Danke.,
Ik kan datt ich verstohn.,Ich kann es nicht verstehen.,
Ik wull nech mit ehr spelen.,Ich will nicht mit ihr spielen.,
"Ik weet nicht mihr, wo dit lütten Dingsbums rinhöört.","Ich weiß nicht mehr, wo das kleine Ding reingehört.",
Du büs duun!,Du bist besoffen!,
Dor liggt grott Steen an ’e Eerd.,Da liegen große Steine auf der Erde.,
Ik heff en anneren Verscheel as du.,Meine Meinung unterscheidet sich von deiner.,
Nüms wüss datt.,Kein Mensch wusste das.,
Ik wull Diutsch snacken.,Ich will Deutsch sprechen.,
Ik wull betahlen.,Ich möchte zahlen.,
Ik söök en Geschenk för miene Fründ.,Ich suche ein Geschenk für meinen Freund.,
Wasch di datt Gesicht un de Hannen.,Wasch dir das Gesicht und die Hände!,
Fule Schäper hebbt goden Hunnen.,Faule Schäfer haben gute Hunde.,
"Deit mi leeg, datt du so lange töven hess müsst.","Tut mir leid, dass du so lange warten musstest.",
Schriffst du datt allen op?,Schreibst du das alles auf?,
"Ik will, ik unn miene Humor mit een delen. En enkelte Person deed mi för ’n Anfang al recken!","Ich wünschte, ich würde meinen Humor mit jemandem teilen. Eine einzige Person würde mir ja für den Anfang schon reichen!",
Miene Dag is Klock fief toenn.,Mein Tag ist um fünf Uhr zu Ende.,
"Datt is mi eengaal, wat du geihst odder blievst.","Es ist mir egal, ob du gehst oder bleibst.",
Du bünt gröttern as se.,Du bist größer als sie.,
Mi sünd de Hannen bunnen.,Mir sind die Hände gebunden.,
Smeuken is verlöövt.,Rauchen ist erlaubt.,
Ik heff mi datt Been braken.,Ich habe mir das Bein gebrochen.,
Wi hefft nu veele to doot.,Wir sind gerade sehr beschäftigt.,
"Wenn du von tein veer wegnimmst, dunn gest du söss.","Wenn du von zehn vier wegnimmst, dann hast du sechs.",
Ik heff groot Vertroost in ’n Dokter.,Ich habe ein großes Vertrauen in den Doktor.,
Se is worraftig en Hex!,Sie ist wirklich eine Hexe!,
Ich so hart!,Nicht so schnell!,
De Schramm an ’t Kneen is etterig.,Die Schürfwunde am Knie ist vereitert.,
Düsse Koken is teemlich sööt.,Dieser Kuchen ist ziemlich süß.,
Ik heff negen Stunnen lange toslapen.,Ich schlief neun Stunden lang.,
En Pogg in en Sood kinnt ’n Ozeaan nech.,Ein Frosch in einem Brunnen kennt den Ozean nicht.,
"De Koh hätt vergäten, datt se en Kalv wäsen is.","Die Kuh hat vergessen, dass sie ein Kalb gewesen ist.",
Ik bün an ’n Bahnhoff anlangt.,Ich bin am Bahnhof angekommen.,
Wo utsnackt wi jüst övers?,Worüber sprachen wir gerade?,
Wo utsnackt wi jüst övers?,Worüber sprechen wir gerade?,
Magst du lever Fleesch odder Fischen?,Magst du lieber Fleisch oder Fisch?,
Ik heff den Roman mit Pleseer leest.,Ich habe den Roman mit Vergnügen gelesen.,
Borgst du mi diene Stift?,Leihst du mir deinen Stift?,
Weer keene Oorslock.,Sei kein Arschloch.,
Wo hess du mi sehen?,Wo hast du mich gesehen?,
Rias het langsam Japaanschen utsnackt.,Maria sprach langsam Japanisch.,
Frölen Meier is tæmlich smucket.,Fräulein Meier ist sehr schön.,
De Bläder an ’e Bööm warrn in ’n Harvst root.,Die Blätter an den Bäumen werden im Herbst rot.,
Ik kan morsen.,Ich kann morsen.,
Ik wull dit Wöörbook köpen.,Ich will dieses Wörterbuch kaufen.,
Lat jem snacken!,Lass sie reden!,
"De weet alle, datt ik Muslim bin.","Die wissen alle, dass ich Muslim bin.",
"Ik wull nicht, datt de Liud mi ich mehr lieden kœnt.","Ich will nicht, dass die Leute mich hassen.",
He unn Akiko von Anfang an goods lieden.,Von Anfang an war er von Akiko sehr angetan.,
Wat gest du diene Fründ kofft?,Was hast du deinem Freund gekauft?,
Tein Daag güngen vörbi.,Zehn Tage gingen vorbei.,
De Ledder is ut Metall.,Die Leiter ist aus Metall.,
Datt is binah Klock söss.,Es ist fast sechs Uhr.,
Ik heff en Allergie tegen Pollen.,Ich habe eine Pollenallergie.,
Se utsnackt övers Musiek.,Sie reden über Musik.,
Datt stimmt nech.,Das stimmt nicht.,
He möök den kaputten Disch wedder ganz.,Er reparierte den kaputten Tisch.,
"Wenn du en Mathematiker fraagst, wat he grootwussen is odder noch lütt, dann wunners di nicht, wenn he „jo“ antert.","Wenn du einen Mathematiker fragst, ob er erwachsen oder minderjährig ist, dann sei nicht überrascht, wenn er ""ja"" antwortet.",
Ik heff mi in ’n Fingers sneden.,Ich habe mir in den Finger geschnitten.,
Datt hätt mi reddt.,Das hat mich gerettet.,
Se seet ünner en Boom.,Sie saß unter einem Baum.,
Wat is diene leevst Leeg von ZZ Top?,Was ist dein Lieblingslied von ZZ Top?,
Se is twe Joht jünger as he.,Sie ist zwei Jahre jünger als er.,
Gliek üm ’e Eck!,Gleich um die Ecke!,
Ik heff em datt Geld gäven.,Ich habe ihm das Geld gegeben.,
In ’t Vörjohr warrn datt warmer un warmer.,Im Frühling wird es wärmer und wärmer.,
"Sniddst du en Eerdkrüper den Steert af, wasst he na.","Schneidest du einer Eidechse den Schwanz ab, wächst er nach.",
Du hess ehr anbrüllt un datt gefallt mi ich.,"Du hast sie angeschrien, und das gefällt mir nicht.",
Wi sünd de Besten.,Wir sind die Besten.,
Jack stünn fröh op.,Jack stand früh auf.,
Cristiano Ronaldo is Footballer.,Cristiano Ronaldo ist Fußballer.,
Marie is op ehr Kamern un lihrt.,Marie lernt in ihrem Zimmer.,
Häbt ji dissen Mann sain.,Habt ihr diesen Mann gesehen?,
Wat nu?,Und was nun?,
Ik heff opstunns veele to doot.,Ich habe derzeit viel zu tun.,
Dit Hemd kost tein Dollar.,Das Hemd kostet zehn Dollar.,
"Judy süht ut, as wenn se en Spook sehen harrn.","Judy sieht aus, als wenn sie ein Gespenst gesehen hat.",
Dor is en Hoor in miene Supp.,Da ist ein Haar in meiner Suppe.,
Binnen twe Stunnen geit de Sünn ünner.,In den nächsten zwei Stunden geht die Sonne unter.,
He het mit Afsicht lagen.,Er hat absichtlich gelogen.,
Ik wull keene Wehdaag mihr hebben.,Ich will keinen Schmerz mehr fühlen.,
Ik wull keene Wehdaag mihr hebben.,Ich will keine Schmerzen mehr haben.,
Ik lat mi wat infallen.,Ich lass mir etwas einfallen.,
"Ik heff mi dor rasch an wennt, vüör Tokiekers to snacken.","Ich gewöhnte mich rasch daran, vor Publikum zu sprechen.",
Ik dröff keene Alkohool drinkt.,Ich darf keinen Alkohol trinken.,
Lat uns dor na de School övers snacken.,Lass uns nach der Schule darüber reden.,
Se hätt mi en SMS schräven.,Sie schrieb mir eine SMS.,
Woveel kost dit Snuuvdook?,Wie viel kostet dieses Taschentuch?,
Dit Joht is en wichtig Joht för mi.,Dieses Jahr ist ein wichtiges Jahr für mich.,
Datt ganze Äten wees weg.,Das ganze Essen war weg.,
Kunnst du uns Handsteen repareren?,Kannst du unser Spülbecken reparieren?,
He stünn op.,Er stand auf.,
He stünn op.,Er ist aufgestanden.,
Een von de Kuffer is ganz leddige.,Einer von den Koffern ist vollkommen leer.,
Se het ehr ierst Kind mit twintig kriegen.,Sie bekam ihr erstes Kind mit 20.,
Ryoko hätt en sööt lütt Gesicht.,Ryoko hat ein süßes kleines Gesicht.,
Intresseerst du di för Blomen?,Interessierst du dich für Blumen?,
Woveel Biller gest du köfft?,Wie viele Bilder hast du gekauft?,
Datt fallt mi swor.,Das fällt mir schwer.,
"He wees nech in ’e School, dunn he wees krank.","Er war nicht in der Schule, weil er krank war.",
Datt is en neet Book.,Das ist ein neues Buch.,
"Weer jümmerto slauer as de Lüdd, de di instellt.","Sei immer schlauer als die Leute, die dich einstellen.",
Hess du datt op ’n Swartmarkt kofft?,Hast du das auf dem Schwarzmarkt gekauft?,
Ik heff datt von di lihrt.,Ich habe das von dir gelernt.,
He deed mit toe Ogen Musiek hören.,Er hörte der Musik mit geschlossenen Augen zu.,
Datt maakt dörtig Euro.,Das macht 30 Euro.,
Ik heff twe Daag nicht toslapen.,Ich habe zwei Tage lang nicht geschlafen.,
Wat geit di datt an?,Was geht dich das an?,
"Miene Fohrrad wees weg, as ik trüggkeem.","Mein Fahrrad war weg, als ich zurückkam.",
De Vörwahl för Italien is +39.,Die Vorwahl für Italien ist +39.,
Wat is Kunst?,Was ist Kunst?,
Ik heff en Poor Stevel kofft.,Ich kaufte ein Paar Stiefel.,
De Jägers het en Voss schaten.,Der Jäger hat einen Fuchs geschossen.,
"Ik heff vergeten, datt Finsters totomoken.","Ich habe vergessen, das Fenster zu schließen.",
Uns Fleger wees üm un bi dörtig Minuten lat.,Unser Flieger hatte ungefähr dreißig Minuten Verspätung.,
Kunnst du mit slaten Ogen gohn?,Kannst du mit geschlossenen Augen gehen?,
Ik heff kuum noch Geld övers.,Ich habe kaum noch Geld übrig.,
"Se deed, wat se unn, üm mi to schaden.","Sie tat, was sie konnte, um mir zu schaden.",
Ik bün en grotten Fan von Getter Jaani.,Ich bin ein großer Bewunderer von Getter Jaani.,
De Bäcker hätt best Rundstücker.,Der Bäcker hat hervorragende Brötchen.,
Gest du hiut al en Satz mit mehr as söß Wœr schräven?,Hast du heute schon einen Satz mit mehr als sechs Wörtern geschrieben?,
Magst du witte Schokelaad?,Magst du weiße Schokolade?,
Elvis Presley levt!,Elvis Presley lebt!,
Dor is de Seine un huer is de Brügg.,Dort ist die Seine und hier ist die Brücke.,
Ik wull ich miene Läven op ’t Speel setten.,Ich will nicht mein Leben riskieren.,
Ünner Europa siene Iesköst liggt villicht en Waterozeaan.,Unter Europas Eisplatte ist vielleicht ein Wasserozean.,
’Keene hess du datt Book gäven?,Wem hast du das Buch gegeben?,
Wullt du noch bet na ’n Füürtoorn gohn?,Möchtest du noch bis zum Leuchtturm gehen?,
Sülvens in ’n Winter hebbt wi nech veele Snee.,Selbst im Winter haben wir nicht viel Schnee.,
Ik wull mit di toslapen.,Ich will mit dir schlafen.,
"Ik kan mi nicht verkloren, waorüm as se ich komen is.","Ich kann mir nicht erklären, warum sie nicht gekommen ist.",
Ik kaam jüst ut datt Kino.,Ich komme gerade aus dem Kino.,
Se köönt mi verstaht.,Sie können mich verstehen.,
Se hört em nech to.,Sie hört ihm nicht zu.,
He deed bi de Inders läven.,Er lebte bei den Indern.,
Fabio siene Wogen parkt güntsied von Elena ehr Huus.,Fabios Wagen parkt gegenüber von Elenas Haus.,
Alle Weeg fohrt na Room.,Alle Wege führen nach Rom.,
Se het em peddt.,Sie hat ihn getreten.,
Wat kaakt ji?,Was kocht ihr?,
De Hund blödd.,Der Hund blutet.,
In datt Glas is keene Melk.,In dem Glas ist keine Milch.,
Ik heff en grotten Pint!,Ich habe ein großes Glied!,
Wi verhannelt nicht mit Terroristen!,Wir verhandeln nicht mit Terroristen!,
Datt is för di!,Das ist für dich!,
Ik heff Tom anropen.,Ich rief Tom an.,
Ik heff Tom anropen.,Ich habe Tom angerufen.,
Al na drie Daag wees de Kiekschapp wedder kaputt.,Schon nach drei Tagen war der Fernseher wieder kaputt.,
Waorüm fraagst du ich diene Fründ?,Warum fragst du nicht deinen Freund?,
Nu weet ik wedder.,Jetzt weiß ich es wieder.,
Nu leev ik in Kyoto.,Ich lebe jetzt in Kyōto.,
Ik mag Sachiko mihr as Akiko.,Ich mag Sachiko mehr als Akiko.,
Buten regen datt.,Draußen regnet es.,
Sitt dor en Katte op ’n Disch?,Sitzt da eine Katze auf dem Tisch?,
Düsse Jund is plietsch.,Dieser Junge ist intelligent.,
He reegt sick licht op.,Er regt sich leicht auf.,
Se kan nech Ski fohren.,Sie kann nicht Ski fahren.,
Vüör uns Ogen düker datt lütter Eiland op.,Vor unseren Augen tauchte die kleine Insel auf.,
"Von uns Inkamen elk Maand mööt wi de Kösten för Äten, Meed, Kledaasch, Fohrtkösten un so wieder betahlen.","Aus unserem monatlichen Einkommen müssen wir die Kosten für Essen, Miete, Kleidung, Fahrkosten usw. bestreiten.",
"As ik en lütt Kind wees, unn ik överall toslapen.","Als ich ein kleines Kind war, konnte ich überall schlafen.",
Häs du mi laiw?,Liebst du mich?,
"Datt Vörjohr seit, de Harvst aust.","Der Frühling sät, der Herbst erntet.",
Datt Radio is kaputt.,Das Radio ist kaputt.,
En ümfullen Boom deed den Weg versperren.,Ein umgefallener Baum versperrte den Weg.,
Ik kan snacken.,Ich kann sprechen.,
Se harr nix to äten.,Sie hatten nichts zu essen.,
De Fleger flöög övers datt Eiland.,Das Flugzeug überflog die Insel.,
Kan ik huer en Kunzertkoort köpen?,Kann ich hier eine Konzertkarte kaufen?,
Miene Unkels geit mit siene Geld riev üm.,Mein Onkel geht großzügig mit seinem Geld um.,
"Rias deed so, as of Tom se nicht interesseer.","Maria tat so, als würde Tom sie nicht interessieren.",
"Wi hebbt keene warm Woter, de Röhren sünd kaputt.","Wir haben kein warmes Wasser, weil die Rohre kaputt sind.",
De Lichten sünd ut.,Die Lichter sind aus.,
Waorüm nehmt wi uns ich en Taxi?,Warum nehmen wir uns nicht ein Taxi?,
Lat uns düssen Weg gohn.,Lasst uns diesen Weg gehen.,
Datt is licht seggt!,Das ist leicht gesagt!,
Dit Book is dicke un datt annere dünn.,Dieses Buch ist dick und das andere dünn.,
Ik bün in Yokohama boren.,Ich bin in Yokohama geboren.,
Datt rummelt un regen!,Es donnert und regnet!,
Överrsett dissen Satz in’t Franzöösche.,Übersetze diesen Satz ins Französische.,
De Stroom wees muddig.,Der Fluss war vom Schlamm trübe.,
Speelst du keene Tennis?,Spielst du kein Tennis?,
Büs du doof?,Bist du taub?,
Ik wull Tom en bäten Geld geven.,Ich will Tom ein bisschen Geld geben.,
"Mak datt Finstern dicht, datt tütt!",Mach das Fenster zu! Es zieht!,
Lehrst du Düütsk?,Lernst du Deutsch?,
Wi kunnen uns verstohn.,Wir konnten einander verstehen.,
De Toorn nüül licht na links.,Der Turm tendierte leicht nach links.,
Lat uns an ’n Strand gohn.,Lasst uns an den Strand gehen.,
"Denkst du, he hätt de Arbeit alleen daan?","Denkst du, er hat die Arbeit allein getan?",
"Harrn Lena man op Diutsch sungen, harrn se wohrschienlich wunnen.","Hätte Lena nur auf Deutsch gesungen, wäre ihr der Sieg gelungen.",
"Ik wull nech, datt he mi finnt.","Ich will nicht, dass er mich findet.",
Wi hebbt uns Familienfeern in Tahiti maakt.,Wir haben einen Familienurlaub nach Tahiti unternommen.,
"Miene Franzöösch is nicht goot noog, üm datt tau verkloren.","Mein Französisch ist nicht gut genug, um das zu erklären.",
Wat is diene Bloodgrupp?,Wie heisst deine Blutgruppe?,
Tom het hüüt nix eten.,Tom hat heute nichts gegessen.,
Magdalena un Ania sünd goden Frünn.,Magdalena und Ania sind gute Freunde.,
"As du anropen gest, hebbt wi jüst övers di utsnackt.","Als du angerufen hast, haben wir gerade über dich geredet.",
Ik will gern Yen in Dollar wesseln.,Ich würde gerne Yen in Dollar wechseln.,
De Heven betreckt sick mit düüstere Wulken.,Der Himmel füllt sich mit schwarzen Wolken.,
Se kan Ski fohren un skaten.,Sie kann Ski fahren und Schlittschuh laufen.,
Lees datt huer.,Lies das hier.,
Böst du ok dor wesen?,Warst du auch dort?,
Se gefallt mi teemlich goods.,Sie gefällt mir sehr gut.,
Ik bruuk en Kuffers. Lehnst du mi een?,Ich brauche einen Koffer. Leihst du mir einen?,
Se hätt tein Kinners.,Sie hat zehn Kinder.,
Ik foder giern Duven.,Ich füttere gerne Tauben.,
Düt Woter is geod to drinkt.,Dieses Wasser ist gut zu trinken.,
Kunnst du düsse Wöör uttospreken?,Kannst du diese Wörter aussprechen?,
Se wull mit em uttogahn.,Sie will mit ihm ausgehen.,
En Katteker deed sick mank de Telgen versteken.,Ein Eichhörnchen versteckte sich zwischen den Zweigen.,
Den Junge siene Fohrrad is in ’e Garaasch.,Das Fahrrad des Jungen ist in der Garage.,
Mika güng op den Jund to.,Mike ging auf den Jungen zu.,
He het wat mit de Saak to doot.,Er hat etwas mit der Angelegenheit zu tun.,
Ik bün en bäten mööd.,Ich bin ein bisschen müde.,
Ik bün en bäten mööd.,Ich bin ein wenig müde.,
Ik bün en bäten mööd.,Ich bin etwas müde.,
"As se de Noricht hören deed, is se bleek worrn.","Als sie die Nachricht hörte, ist sie blass geworden.",
Wo bün ik för tostännig?,Wofür bin ich zuständig?,
Ik bün an ’n 10. Oktober 1972 boren.,Ich bin am 10. Oktober 1972 geboren worden.,
Düsse Diek dröögt sogor in ’n Sommer ich ut.,Dieser Teich trocknet sogar im Sommer nicht aus.,
"Rias sä, datt se Tom dor nech bi helpen will.","Maria sagte, sie wolle Tom nicht dabei helfen.",
"Twe Maand sünd datt nu al, datt he na Frankriek trocken is.","Zwei Monate sind es nun schon, seit er nach Frankreich gezogen ist.",
De Wind hätt datt Vagelhuus von ’n Boom dalstött.,Der Wind stieß das Vogelhaus vom Baum herunter.,
Alle Eier sünd fulig worrn.,Alle Eier wurden faul.,
Datt Ei wull kläuker wäsen as de Hehn.,Das Ei will klüger sein als die Henne.,
Ik heff de Böker alle beid leest.,Ich habe beide Bücher gelesen.,
Ik wull datt Peerd nicht.,Ich will das Pferd nicht.,
Ik swemm ich besünners goods.,Ich schwimme nicht sehr gut.,
Ik heff jüst duuscht.,Ich habe gerade geduscht.,
Smüüstern is en goodkopen Weg üm smucken to wäsen.,Lächeln ist ein billiger Weg um schöner zu sein.,
"Wat meenst du, wo löpt de Padd hen?","Wohin glaubst du, dass der Pfad führt?",
"Na Klock 6 fungen de Anstellten an, na Huus to gohn.","Nach 6 Uhr begannen die Angestellten, nach Hause zu gehen.",
Ik smöök nech mihr.,Ich rauche nicht mehr.,
Wi hebbt jeden Dag söss Lexen.,Wir haben jeden Tag sechs Stunden.,
Se sünd dood.,Sie sind tot.,
Woveel Studenten het dien Universitäät?,Wie viele Studenten gibt es an deiner Universität?,
Waorüm is de Banaan krumm?,Warum ist die Banane krumm?,
Ik bün rachter de Flegen.,Ich bin hinter den Fliegen her.,
Dröff ik smeuken?,Darf ich rauchen?,
Hess du datt ganz leest?,Hast du es ganz gelesen?,
Uns Höövdkantoor is in Osaka.,Unsere Zentrale ist in Ōsaka.,
Miene Fründin danst goods.,Meine Freundin tanzt gut.,
Ehr Hoor hung in adrette Krüllt dal.,Ihr Haar hing in netten Locken herab.,
Ziri is to Bedde gohn.,Ziri ist ins Bett gegangen.,
Datt Door warrn Klock achte slaten.,Das Tor wird um acht Uhr geschlossen.,
Ik heff vüör tweeunhalv Stunnen äten.,Ich habe vor zweieinhalb Stunden gegessen.,
De Polizei hätt em faatkregen.,Die Polizei hat ihn gefasst.,
Betty unn beters süngen.,Betty könnte besser singen.,
För veele Lüdd in Indien sünd Keih hillig.,Für viele Leute in Indien sind Kühe heilig.,
Bill het mi dit Book mitbröcht.,Bill hat mir dieses Buch mitgebracht.,
"Hunnen, de blafft, biet nicht.","Hunde, die bellen, beißen nicht.",
"Hunnen, de blafft, biet ich.",Bellende Hunde beißen nicht.,
Dor is nech mihr veele Poppeer övers.,Es ist nur noch wenig Papier übrig.,
Alle Maten hebbt Togang to düsse Böker.,Alle Mitglieder haben Zugang zu diesen Büchern.,
Diene Antwoort is verkehrt.,Deine Antwort ist falsch.,
In ’n Köhlschapp is Melk.,Im Kühlschrank ist Milch.,
Miene Mieg is druuv.,Mein Urin ist trübe.,
Ehr Töhn blödd.,Ihr Zeh blutet.,
Wullt du lütten odder grott Schiens?,Möchtest du kleine oder große Scheine?,
Dor bruukst du mi nicht för to danken.,Da brauchst du mir nicht für zu danken.,
He drinken ich noog Tittmelk.,Er trinkt nicht genug Muttermilch.,
Swoore Arbeit bün ik nech wennt.,Schwere Arbeit bin ich nicht gewohnt.,
Dor is keene Läven in düssen Liev.,Es ist kein Leben in diesem Körper.,
"He weet nicht, wat he seggt.","Er weiß nicht, was er sagt.",
Se füng bilütten an to verstaht.,Sie begann allmählich zu verstehen.,
He is in de teihnte Klass.,Er ist in der zehnten Klasse.,
"Jimmy hätt mi anbedelt, datt ik mit em na ’n Zoo gah.","Jimmy hat mich angebettelt, dass ich mit ihm in den Zoo gehe.",
To lat.,Zu spät.,
Ik heff noch to doot.,Ich habe noch zu tun.,
De Priesen sünd hoog.,Die Preise sind hoch.,
Se smüüstert jümmerto.,Sie lächelt immer.,
Het diene Komer twe Fenster?,Hat dein Zimmer zwei Fenster?,
Ik heet Jack.,Ich heiße Jack.,
De Amerikaner sünd en agressiv Volk.,Die Amerikaner sind ein aggressives Volk.,
Miene Unkels hätt mi en Geschenk gäven.,Mein Onkel hat mir ein Geschenk gemacht.,
Miene Unkels het mi en Geschenk gäven.,Mein Onkel gab mir ein Geschenk.,
De Studenten stunnen un töven op ’n Buss.,Die Studenten standen und warteten auf den Bus.,
"Tom harrn Rias anropen, wenn he ehr Telefoonnnummer hatt harrn.","Tom hätte Maria angerufen, wenn er ihre Telefonnummer gehabt hätte.",
Wi mööt de Familientraditionen hooghollen.,Wir müssen die Familientraditionen aufrechterhalten.,
En Huus ut Holt brent lichter as en Huus ut Steen.,Ein Holzhaus brennt leichter als ein Steinhaus.,
De Tiger is en Roovdeert.,Der Tiger ist ein Raubtier.,
Kan ik noch wat mihr Ries un Kohl kregen?,Kann ich noch etwas mehr Reis und Kohl bekommen?,
Ik heff den ganzen Dag in’n Park verbröcht.,Ich habe den ganzen Tag im Park verbracht.,
"Schaad, datt du ich to de Party komen kannst!","Schade, dass du nicht zu der Party kommen konntest!",
De lütter Mann driggt en swarten Antog.,Der kleine Mann trägt einen schwarzen Anzug.,
He harrn Vigelien un Striekstock dorbi.,Er hatte Geige und Bogen dabei.,
"Ik weet nech, wannehr ik wees tohuus bün.","Ich weiß nicht, wann ich wieder zu Hause bin.",
Nüms wüss wat.,Keiner wusste etwas.,
Ik wull tokamen Joht Chineesche lihren.,Ich möchte nächstes Jahr Chinesisch lernen.,
"Diene Plaan is goods, man miene Plaan is beters.","Dein Plan ist zwar gut, aber mein Plan ist besser.",
Jack is een von miene Frünnen.,Jack ist einer meiner Freunde.,
Wi seht mit uns Ogen.,Wir sehen mit unseren Augen.,
"Ik unn datt nicht tügen, mi en Fohrrad to köpen.","Ich konnte es mir nicht leisten, ein Fahrrad zu kaufen.",
"„Ik weet datt ich“, sä Tony.","„Ich weiß es nicht“, sagte Tony.",
Ik tööv al sied Klock twe op di.,Ich warte schon seit zwei Uhr auf Sie.,
Waorüm gest du versocht uttobüxen?,Warum hast du versucht wegzulaufen?,
Datt is ’n goden Infall!,Das ist eine gute Idee!,
Sünd ji op Facebook?,Seid ihr auf Facebook?,
Wo hoog is de Barg?,Wie hoch ist der Berg?,
Schiet! Miene Fründin is al trügg! Wat schullt wi moken?,Mist! Meine Freundin ist schon zurück! Was sollen wir machen?,
Tom wees för Mary ehr Raat dankboor.,Tom war für Marys Rat dankbar.,
Ik heff hiut den ganzen Dag tohuus verbröcht.,Ich habe heute den ganzen Tag zu Hause verbracht.,
"Se hätt vergäten, em to schrievt.","Sie hat vergessen, ihm zu schreiben.",
De sünd al jümmerto so wesen.,Die sind schon immer so gewesen.,
’Keene het datt Finsters tweibraken?,Wer hat das Fenster zerstört?,
Ik heff gern veele to doot.,Ich habe gerne viel zu tun.,
Wi speelt elk Saterdag Football.,Wir spielen jeden Samstag Fußball.,
Wi speelt elk Saterdag Football.,Wir spielen jeden Sonnabend Fußball.,
Elk Saterdag speelt wi Football.,Jeden Samstag spielen wir Fußball.,
Elk Saterdag speelt wi Football.,Jeden Sonnabend spielen wir Fußball.,
Wi sünd mit ’n Buss na ’n Kongress fohrt.,Wir sind mit dem Bus zum Kongress gefahren.,
Se is en Flasskopp.,Sie ist ein blondes Mädchen.,
Se weet nech maol waorüm.,"Sie wissen nicht einmal, wieso.",
"Wi söökt een, de goods Fransch kan.","Wir suchen jemanden, der gut in Französisch ist.",
Hätt Tom al en Inladen kriegen?,Hat Tom schon eine Einladung bekommen?,
Ik heff miene neet Poor Hanschen in de Bökeree liggen loten.,Ich ließ mein neues Handschuhpaar in der Bibliothek zurück.,
Üm drie kan ik komen.,Um drei Uhr kann ich kommen.,
Üm drie kan ik komen.,Um drei kann ich kommen.,
He kladder op ’n Barg Fuji.,Er bestieg den Berg Fuji.,
Helen maakt sick grott Sorgen üm ehr Dochter.,Helen macht sich große Sorgen um ihre Tochter.,
Blievst du huer en Stoot?,Bleibst du hier einen Augenblick?,
"He frööh mi, wat ik chineesche Äten mag.","Er fragte mich, ob ich chinesische Speisen mag.",
Ken is üm un bi so groot as Bill.,Ken ist ungefähr so groß wie Bill.,
Kunnst du ook op Italieensche tellen?,Kannst du auch auf Italienisch zählen?,
"Ik will, ik unn so goods Klaveer speelen as Susi.","Ich wünschte, ich könnte so gut Klavier spielen wie Susi.",
Ik heff den Koken ut ’n Aven nohmen.,Ich nahm den Kuchen aus dem Ofen.,
Goods sühst du ut.,Gut schaust du aus.,
Du sühst goods ut.,Gut siehst du aus.,
Du sühst goods ut.,Du siehst gut aus.,
Woveel Böker besitt he?,Wie viele Bücher besitzt er?,
De Pries hangt von de Grött af.,Der Preis ist von der Größe abhängig.,
Is huer jichtens en Post?,Ist hier irgendwo eine Post?,
He deed ehr Wöör as Kumpelment opfaten.,Er fasste ihre Worte als Kompliment auf.,
Ik heff gorkeen Lust to studeren.,"Ich habe überhaupt keine Lust, zu studieren.",
De Handöker sünd smuddelig.,Die Handtücher sind dreckig.,
Freu di nicht to fröh!,Freue dich nicht zu früh!,
Is dor een?,Ist dort jemand?,
Is dor een?,Ist da wer?,
De Welt is en lütt Dörpe.,Die Welt ist ein kleines Dorf.,
Kunnst du datt kaputte Radio repareren?,Kannst du das kaputte Radio reparieren?,
Datt deit ich weh.,Das tut nicht weh.,
Lat uns tohoop utkniepen.,Lasst uns zusammen fliehen.,
Ik will ik wees noch wedder junge.,"Ich wünschte, ich wäre wieder jung.",
Mit wat för en Tog willst du föhren?,Mit was für einem Zug willst du fahren?,
Miene Hobby is Gitarr speelen.,Mein Hobby ist Gitarre spielen.,
Se deed datt Baby baden.,Sie badet das Baby.,
Woneem is datt Telefoonbook?,Wo ist das Telefonbuch?,
Kultuurn ut Oost un West draapt sick in dit Land.,Kulturen aus Ost und West treffen sich in diesem Land.,
"De Opgaav vun de Ethik as 'n filosoofsch Fack is datt dorüm nech, inhaltlich neeartige moraalsche Gesetten to formeliern.","Die Aufgabe der Ethik als philosophisches Fach besteht nicht darin, inhaltlich neue moralische Gesetze zu formulieren.",
Veele Lüdd hebbt ünner en Mangel an Äten to lieden.,Viele Menschen haben unter Mangelernährung zu leiden.,
Dor is keene Woter in’n Emmer.,Es ist kein Wasser im Eimer.,
"Schell den Appel, ehrdat du em ittst.","Schäl den Apfel, bevor du ihn isst.",
Miene besten Fründ is jüst in Room.,Mein bester Freund ist gerade in Rom.,
Ik bün tofreden mit düsse Schoh.,Ich bin zufrieden mit diesen Schuhen.,
Tom drinken veele Melk.,Tom trinkt viel Milch.,
Miene Ogen sünd blau.,Meine Augen sind blau.,
Datt is lichter as ik dacht.,"Es ist einfacher, als ich dachte.",
Tom het noch veele to lihren.,Tom muss noch viel lernen.,
"Du kunnst allen nehmen, wat du wullt.","Du kannst alles nehmen, was du willst.",
Tom will Geld.,Tom wollte Geld.,
Tom bruukt Antwoorden.,Tom braucht Antworten.,
Waorüm hess du mi anropen?,Warum hast du mich angerufen?,
He lüggt!,Er lügt!,
He lüggt.,Er lügt.,
He möök en Schridd na vörn.,Er machte einen Schritt nach vorn.,
Sünd dusende Yen noog?,Sind tausend Yen genug?,
Wo lange afkennst du Jack?,Wie lange kennst du Jack?,
Ik heff in ’n Düüstern en Swevelsticken anstaken.,Ich zündete im Dunkeln ein Streichholz an.,
Rias is Tom siene Grootmoder.,Mary ist Toms Großmutter.,
Legg datt Book baven op de anner.,Lege das Buch auf die anderen.,
"Ik heff nicht wüßt, datt he verheirodt is.","Ich wusste nicht, dass er verheiratet ist.",
"Ik heff ich wüßt, datt he verheirodt is.","Ich habe nicht gewusst, dass er verheiratet ist.",
Du wettst tæmlich veele övers Sumo.,Du weißt ziemlich viel über Sumo.,
Ik harrn en Unfall.,Ich hatte einen Unfall.,
"Se hätt ehrn Mann binnenkregen, datt se de Feerne in Frankriek verbringt.","Sie überredete ihren Mann, die Ferien in Frankreich zu verbringen.",
Bünt du do tofräden wesen?,Warst du damals glücklich?,
Huer is een Appel.,Hier ist ein Apfel.,
Jane will en Iestuut.,Jane wollte eine Eistüte.,
Ik bün mit miene nee Huus ganz un gor tofreden.,Ich bin mit meinem neuen Haus vollkommen zufrieden.,
De Kraan het nien von ’t Flegen dröömt. Aver de Hund.,"Der Kranich hat nie vom Fliegen geträumt, wohl aber der Hund.",
Datt is en Schoner.,Das ist ein Schoner.,
Nööm mi Ishmael.,Nenne mich Ishmael.,
De Frömme keem op mi to.,Der Fremde kam auf mich zu.,
Datt Book hätt veele Sieden.,Das Buch hat viele Seiten.,
Wat is diene leevste Soort Fischen?,Was ist deine Lieblings-Fischart?,
De Jund kan bet tein tellen.,Der Junge kann bis zehn zählen.,
"Ik slah vüör, datt ji jo mol mit Tom ünnerhoolt.","Ich schlage vor, dass ihr euch mal mit Tom unterhaltet.",
De Aso is en aktiven Vulkaan.,Der Aso ist ein aktiver Vulkan.,
He bröch de Kinners to ’n Lachen.,Er brachte die Kinder zum Lachen.,
De Mann sitt güntsied von ’n Beek.,Der Mann sitzt jenseits des Baches.,
Bickbeern wasst vüör allens op Moorbodden goods.,Blaubeeren wachsen vor allem gut auf Moorboden.,
Gest du datt verstohn?,Hast du es kapiert?,
Hess du datt verstaht?,Hast du das verstanden?,
Grammatik lihrt bi Yoda du gest!,Grammatik gelernt bei Yoda du hast!,
In use Woolden leevt keene Boren.,In unseren Wäldern leben keine Bären.,
De Stroom Kiso warrn faken de Rhien von Japan nöömt.,Der Fluss Kiso wird oft der Rhein Japans genannt.,
He mag giern Appelsienen.,Er mag Orangen sehr.,
Fohrt düsse Buss na ’t Hilton Hotel?,Fährt dieser Bus zum Hilton Hotel?,
Ik heff bi ’n Weddstried mitmaakt.,Ich nahm am Wettbewerb teil.,
Waorüm wüllt ji em ümbringen?,Warum wollt ihr ihn umbringen?,
De Minirock is wedder Mood.,Der Minirock ist wieder in Mode.,
He is al dor.,Er ist bereits da.,
"Datt is na Paragraaf 2, Afsatz 5 verbaden.","Das ist nach Paragraph 2, Absatz 5 verboten.",
’Keene siene is datt?,Wem gehört das?,
Se het Lust to danzen.,Sie hat Lust zu tanzen.,
Du hess datt ook nech wüsst.,Du hast das auch nicht gewusst.,
En Keed is nicht stabiler as ehr swäckst Lidd.,Eine Kette ist nicht stabiler als ihr schwächstes Glied.,
Ik leng na Sellschop.,Ich sehne mich nach Gesellschaft.,
Düsse Schoh is een Grött gröttern.,Dieser Schuh ist eine Nummer größer.,
"Ik hööp, datt gefallt jo.","Ich hoffe, es wird euch gefallen.",
Ut wat för en Land kümmst du?,Aus welchem Land kommst du?,
Bruuk ich düssen Disch blangen ’t Finstern.,Benutzen Sie nicht diesen Tisch neben dem Fenster.,
Ik wees vergangen Nacht so duune.,Ich war letzte Nacht so betrunken.,
Tom greut siene Noverin.,Tom grüßte seine Nachbarin.,
Tom is Inschenör för Elektrotechnik.,Tom ist Ingenieur für Elektrotechnik.,
Ik gah normalerwies to Foot.,Ich gehe normalerweise zu Fuß.,
Sien Schoh sünd bruun.,Seine Schuhe sind braun.,
Düsse Medizin schall diene Rämm betern.,Diese Medizin wird Ihre Krämpfe lindern.,
"Gleich und gleich gesellt sich giern, säd de Düvel, denn güng hei mit en Afkaten spazeren.","Gleich und gleich gesellt sich gern, sagte der Teufel, dann ging er mit einem Advokaten spazieren.",
Ik fang namiddag an.,Ich fange heute Nachmittag an.,
Woveel kost düsse Klock?,Wie viel kostet diese Uhr?,
Een Tung is nien noog.,Eine Zunge ist nie genug.,
"Ik heff den Pracher allen Geld gäven, wat ik harrn.","Ich gab dem Bettler alles Geld, was ich hatte.",
Se eet veele Ries.,Sie essen viel Reis.,
Woneem is diene Hund?,Wo ist dein Hund?,
Wisch den Stoff von ’t Regaal.,Wische den Staub vom Regal.,
Wat maakst du dor?,Was machst du da?,
Wat maakst du dor?,Was tust du da?,
He hätt keene Fründ to ’n Speelen.,Er hat keinen Freund zum Spielen.,
Se het ehrn Söön alleen in ’n Wogen loten.,Sie hat ihren Sohn allein im Auto gelassen.,
Wo lange wohnt ji al huer?,Wie lange wohnt ihr schon hier?,
Wo lat is datt nu in San Francisco?,Wie spät ist es nun in San Francisco?,
"Du kunnst miene Schrievdisch bruken, wenn du wullt.","Du kannst meinen Schreibtisch benutzen, wenn du willst.",
Se is vüör twe Joht von de School afgahn.,Sie ist vor zwei Jahren von der Schule abgegangen.,
Waorüm anterst du mi nech op mien Narichten?,Warum antwortest du nicht auf meine Nachrichten?,
Sliek di nicht ut datt Konzert rut!,Schleiche dich nicht aus dem Konzert hinaus!,
Tom hätt Rias Geld schickt.,Tom hat Maria Geld geschickt.,
Ik kenn di ich.,Ich kenne dich nicht.,
Veele Europäers kinnt datt modeerne Japan nech.,Viele Europäer kennen nicht das moderne Japanisch.,
Ik heff datt nicht müggt.,Ich habe das nicht gemocht.,
Mien Süster is teemlich plietsch.,Meine Schwester ist ziemlich schlau.,
En poor Maand later is Israel in Ägypten inmarscheert.,Ein paar Monate später ist Israel in Ägypten einmarschiert.,
Smeuken kan di ümbringen.,Rauchen kann tödlich sein.,
Se is noch jünger as Tom.,Sie ist noch jünger als Tom.,
Düsse Diek wees vull mit lütten Fischen.,Dieser Teich war voller kleiner Fische.,
Ik wull ich na Italien gohn.,Ich will nicht nach Italien gehen.,
Datt is de Tasch vun miene Lehrerin.,Das ist die Tasche meiner Lehrerin.,
Datt het den ganzen Dag jümmer regen.,Es hat den ganzen Tag ununterbrochen geregnet.,
Nu wohn ik bi miene Unkels.,Jetzt wohne ich bei meinem Onkel.,
Ik wees an ’t Söken.,Ich war am Suchen nach dir.,
Dit Book is in veer Delen ünnerdeelt.,Dieses Buch ist in vier Teile unterteilt.,
Du kunnst nech verlesen.,Du kannst nicht verlieren.,
Mi hätt en Teek bäten.,Ich wurde von einer Zecke gebissen.,
Ik heff de Schieterigge.,Ich habe flotten Otto.,
Drie Lüdd sünd noch jümmerto misst.,Drei Leute sind immer noch vermisst.,
Röög mi nicht an!,Rühr mich nicht an!,
"Wenn ik doodblieven schull, ’keene deed sick dunn üm mien Kinners kümmern?","Wenn ich sterben sollte, wer würde sich dann um meine Kinder kümmern?",
"Kloar deed ik trurig wäsen, wenn he doodblieven deed.","Natürlich wäre ich traurig, wenn er sterben würde.",
Mama het för miene Geboortsdatum en Koken backt.,Mama hat zu meinem Geburtstag einen Kuchen gebacken.,
Lat mi de Wuddeln snieden.,Lass mich die Möhren schneiden.,
’Keene hätt den Boom plant?,Wer hat den Baum gepflanzt?,
Ik wull en warmen Supp äten.,Ich möchte eine warme Suppe essen.,
He pack mi bi miene Kraag.,Er packte mich bei meinem Kragen.,
"De Hund het jümmerto jiffelt, dor heff ik em een op de Snuut gäven, un he is aftrocken un hätt jault.","Der Hund hat ständig gekläfft, da habe ich ihm was auf die Schnauze gegeben, und er ist weggelaufen und hat gejault.",
Dit is en Peerd.,Dies ist ein Pferd.,
Dit is en Peerd.,Das ist ein Pferd.,
He het en Swin.,Er hat ein Schwein.,
Ik heff en poor Frünn.,Ich habe einige Freunde.,
Ik gah giern mit miene Frünn na ’t Kino.,Ich gehe gerne mit meinen Freunden ins Kino.,
’Keene siene Porträät is op düsse Breevmark?,Wessen Porträt ist auf dieser Briefmarke?,
Ik wünk em trügg.,Ich winkte ihm zurück.,
Ik bün ich mit em inverstohn.,Ich bin nicht mit ihm einverstanden.,
De Inwahnertall stiggt.,Die Bevölkerung nimmt zu.,
Villicht sniet datt.,Vielleicht schneit es.,
Hebbt wi noog Suur?,Haben wir noch Essig?,
Allerwegens regen datt.,Überall regnet's.,
Blangen de Bänk steiht en Bank.,Neben der Bank steht eine Bank.,
Wi nöömt düssen Barg Tsurugidake.,Wir nennen diesen Berg Tsurugidake.,
Ik heff dor en dumme Fraag.,Ich habe da eine dumme Frage.,
De Tanker hätt man en lütter Kru.,Der Tanker hat nur eine kleine Mannschaft an Bord.,
Datt is Klock söven.,Es ist sieben Uhr.,
Pandas sünd tæmlich plietsch.,Pandas sind sehr schlau.,
Wœr datt to licht?,War das zu einfach?,
Wœr datt to licht?,War das zu leicht?,
Ji wüllt na’e Ukrain.,Ihr wollt in die Ukraine.,
Woneem is miene Klock?,Wo ist meine Uhr?,
He geit gern spazieren.,Er geht gerne spazieren.,
Wettst du woneem ik wohn?,"Weisst du, wo ich wohne?",
Faken müss se sülvens hengohn.,Oft musste sie selbst hingehen.,
Ik studeer in't Butenland.,Ich studiere im Ausland.,
"Wenn du de Katz op dit Bild sühst, dann roop an.","Wenn du auf diesem Bild eine Katze siehst, ruf mich an.",
"Wenn du de Katte op dit Bild sühst, dunn roop an.","Wenn du die Katze auf diesem Bild siehst, ruf an.",
„Radioaktivität“ is en Begreep ut de Chemie.,„Radioaktivität“ ist ein Begriff aus der Chemie.,
Legg di op ’n Buuk.,Lege dich auf den Bauch.,
Düt Land het en rieke Kultuur.,Dieses Land hat eine reiche Kultur.,
"Wo mihr ji lihrt, wo mihr weet ji.","Je mehr ihr lernt, desto mehr wisst ihr.",
In ’e Sandkuhl möök he sick den Sandpott för ’t Flett vull.,In der Sandgrube machte er sich den Sandeimer voll für die Diele.,
Dröff ik di Bob nömen?,Darf ich dich Bob nennen?,
Du snackst.,Du sprichst.,
Mak datt Fenster apen.,Mach das Fenster auf.,
Ik heff Buss 61 nohmen.,Ich nahm den Bus Nummer 61.,
Du schußt datt beters nech moken.,Du solltest es besser nicht machen.,
Dit is en Hund.,Das ist ein Hund.,
"Kunnst du mi helpen, düssen Kuffers to dregen?","Kannst du mir helfen, diesen Koffer zu tragen?",
He folgde ehr up.,Er folgte ihr nach.,
Reeg di nicht so op!,Reg dich nicht so auf!,
Se wören de eersten in ’n Buss.,Sie waren die Ersten im Bus.,
En Katz hätt twe Ohren.,Eine Katze hat zwei Ohren.,
Se het veele utsnackt.,Sie hat viel gesprochen.,
Gest du en Föön mitnahmen?,Hast du einen Fön mitgenommen?,
"Rias weet, wat se wull.","Maria weiß, was sie will.",
Kööp de Vullversion.,Kaufe die Vollversion.,
Datt is noch ich Vörjohr.,Es ist noch nicht Frühling.,
Datt Kleed is gröön.,Das Kleid ist grün.,
He hätt nech veele Geld.,Er hat nicht viel Geld.,
Ik wull Töverer warrt.,Ich will Zauberer werden.,
"Solang ik leev, schall ik em nienich vergäten.","Solange ich lebe, werde ich ihn niemals vergessen.",
Ik heff alle söss Finsters dichtmaakt.,Ich habe alle sechs Fenster geschlossen.,
Wettst du en goods Wöörbook?,Kennst du ein gutes Wörterbuch?,
Mi hört en Peerd to.,Mir gehört ein Pferd.,
Afkennst du de röömschen Tallen?,Kennst du die römischen Zahlen?,
"Na, du büs aver en Slüngel.","Na, du bist aber ein Schlingel.",
En Swarm Peerhöörnken het de Kinners angräpen.,Ein Schwarm Hornissen hat die Kinder angegriffen.,
Wat för en Klöör hätt Henri IV. siene witt Peerd?,Welche Farbe hatte das weiße Pferd Heinrichs des Vierten?,
Böst du Student?,Sind Sie Student?,
Ik kaam in een Stünn trügg.,Ich komme in einer Stunde zurück.,
Man unn em mit datt blote Oog sehen.,Man konnte ihn mit bloßem Auge sehen.,
"Hallo, is Luisa dor?","Hallo, ist Luisa da?",
"Se deed den Koken pröven, wat he sööt noog is.","Sie probierte den Kuchen, um zu sehen, ob er süß genug sei.",
Hess du en Kind?,Hast du ein Kind?,
Wat wisst du doarmet seggen?,Was willst du damit sagen?,
Kan ik dit äten?,Darf ich das essen?,
"Ik heff vergeten, em wat to seggen.","Ich habe vergessen, ihm etwas zu sagen.",
Ik versuup!,Ich ertrinke!,
Do datt Füer ut!,Lösch das Feuer!,
Was Tom dor?,War Tom da?,
"Datt letzt Mal, datt ik di sehen heff, wees vüör twintig Joht.","Das letzte Mal, als ich dich gesehen habe, war vor zwanzig Jahren.",
De Stried geit wieder!,Der Streit geht weiter!,
Tom spält ok goot Schach.,Tom spielt auch gut Schach.,
Jüst datt!,Genau!,
De Buurn hebbt övers den veele to natten Sommer klaagt.,Die Bauern klagten über den viel zu nassen Sommer.,
Datt kost nix.,Das ist kostenlos.,
Datt kost nix.,Das ist gratis.,
Kost datt nix?,Ist das kostenlos?,
Datt Slimmste an ’n Winter is de Snee.,Das Schlimmste am Winter ist der Schnee.,
De Katte speelt giern in ’n Goorn.,Die Katze spielt gerne im Garten.,
"Wenn Se wüllt, künnt Se huer teuven.","Wenn Sie wollen, können Sie warten.",
Waorüm fraagst du?,Warum fragst du?,
So het he de Maschienen rutfunnwn.,So hat er die Maschine erfunden.,
Düsse Stohl is ut Plastik.,Dieser Stuhl ist aus Plastik.,
Datt Woter ut düssen Born is keene Drinkwater.,Das Wasser aus diesem Brunnen ist kein Trinkwasser.,
Datt anfangt nicht vüör halvig negen an.,Das fängt nicht vor acht Uhr dreißig an.,
Wi speelt gern Football.,Wir spielen gern Fußball.,
Ik snack diene Spraak.,Ich spreche deine Sprache.,
Ik smeck na Solt.,Ich schmecke Salz.,
Datt Gesett gellt för elkeen egaalweg.,Das Gesetz gilt für alle.,
"Hör op, datt to seggen!","Hör auf, das zu sagen!",
Use Heens leggt veele Eier.,Unsere Hennen legen viele Eier.,
De Präsidenten hätt de Slaveree afschafft.,Der Präsident hat die Sklaverei abgeschafft.,
Siene Foto wees in ’t Bladd.,Sein Foto war in der Zeitung.,
Isabela wees miene eerste Fründin.,Isabela war meine erste Freundin.,
Ik heff miene Autoslötels verlorene.,Ich habe meinen Autoschlüssel verloren.,
"’Keene de Koh tohöört, fatt se bi ’n Steert.","Wem die Kuh gehört, der fasse sie beim Schwanz.",
Een het miene Tasch wegnahmen.,Jemand hat meine Tasche weggenommen.,
Dor woren man söss Lüdd op de Fier.,Es waren nur sechs Leute auf der Party.,
Ik schüddköpp.,Ich schüttelte den Kopf.,
Wullt du noch en Tass Tee?,Willst du noch eine Tasse Tee?,
Ik müss wählen twischen A un B.,Ich musste zwischen A und B wählen.,
Kaam ich to lat!,Verspäte dich nicht!,
Gest du noch nix daan?,Hast du noch nichts getan?,
Tom hätt nu en egen Kamern.,Tom hat jetzt ein eigenes Zimmer.,
Ik heff braken.,Ich habe erbrochen.,
"’Keene siene Broot ik eet, den siene Leeg ik sing.","Wes Brot ich ess, des Lied ich sing.",
Ik kenn ehr twe Joht.,Ich kenne sie seit zwei Jahren.,
Tom deed en Liek op ’t Poppeer teken.,Tom zeichnete eine Gerade auf das Papier.,
Se het en groot Tittwark.,Sie hat dicke Titten.,
London is een von de gröttsten Städer op de Welt.,London ist eine der größten Städte der Welt.,
Ik verstoh em nech.,Ich verstehe ihn nicht.,
Waorüm wullt du düsse Spraak lihren?,Warum willst du diese Sprache lernen?,
Se hööl ehr Ogen slaten.,Sie hielt ihre Augen geschlossen.,
Ik wull giern Zigarren hebben.,Ich möchte gern Zigarren haben.,
Wi hebbt en poor Daag lange keene Fleesch äten.,Wir haben ein paar Tage lang kein Fleisch gegessen.,
Dissen Disk is ut Holt maakt.,Dieser Tisch ist aus Holz gemacht.,
Ik kenn diene Spraak.,Ich kenne deine Sprache.,
Ik deed gern Araabsch lihren.,Ich würde gern Arabisch lernen.,
Se wees so dumm un hätt datt glövt.,Sie war so dumm und hat es geglaubt.,
Datt het veele sniet.,Es hat viel geschneit.,
He mag Schokoladenkoken.,Er mag Schokoladenkuchen.,
Bünt du dor faken wäsen?,Bist du dort oft gewesen?,
Judy danst teemlich goods.,Judy tanzt sehr gut.,
Nu is he an ’e Reeg.,Nun ist er an der Reihe.,
Ik bün en Masochist.,Ich bin ein Masochist.,
"Ik weet, datt ik nix weet.","Ich weiß, dass ich nichts weiß.",
Na 125 Johren Entwicklung is kloor: Esperanto is mihr as blos ene Sprook.,Nach 125 Jahren Entwicklung ist klar: Esperanto ist mehr als nur eine Sprache.,
Datt warrn koler.,Es wird kälter.,
Woneem is de Kass?,Wo ist die Kasse?,
En Imm summt.,Eine Biene summt.,
"Datt süht ut, as wenn datt sneen warrn.","Es sieht aus, als wird es schneien.",
Gefallt jo datt?,Gefällt euch das?,
Ik bün doch keene Baby!,Ich bin doch kein Baby!,
Wiehnachten is an ’n 25. Dezember.,Weihnachten ist am 25. Dezember.,
Ut nix warrn nix.,Aus nichts wird nichts.,
Datt is en lütter Hund.,Es ist ein kleiner Hund.,
Datt is en lütte Hund.,Das ist ein kleiner Hund.,
Wat hess du kofft?,Was hast du gekauft?,
Allen is prima.,Alles ist bestens.,
Allen is prima.,Alles ist prima.,
Wo lange speelst du al Football?,Wie lange spielst du schon Fußball?,
Steve seeg tæmlich tofreden ut.,Steve sah sehr zufrieden aus.,
Ik heff wat mit di to bekören.,Ich muss mit dir über etwas reden.,
Ik heff wat mit di to bekören.,Ich habe etwas mit dir zu besprechen.,
Se wohnt in en Dörpe.,Sie wohnt in einem Dorf.,
He is na Paris reist.,Er ist nach Paris gereist.,
George wiggt tominnst 70 Kilo.,George wiegt mindestens 70 Kilogramm.,
Se güng alleen in ’t Kino.,Sie ging allein ins Kino.,
Ik kan Football speelen.,Ich kann Fußball spielen.,
Arabien is rieke an Ööl.,Arabien ist reich an Öl.,
Ik wull datt ook nicht mihr wedder doot.,Ich will es auch nicht mehr wieder tun.,
Ik wull as Picasso wäsen.,Ich möchte wie Picasso sein.,
Ik wull as Picasso wäsen.,Ich will wie Picasso sein.,
Ik heff Jim von miene Kinnertied af an kinnt.,"Ich habe Jim gekannt, seitdem ich ein Kind war.",
Allerbest!,Klasse!,
En Tiegers opdükert in de Neeg op.,Ein Tiger erscheint in der Nähe.,
Carl Benz hätt 1886 datt Patent för datt eerste Automobil kriegen.,Carl Benz hat 1886 das Patent für das erste Automobil erhalten.,
Holt brent.,Holz brennt.,
De Süsters sünd alle beid teemlich smucket.,Alle beide Schwestern sind sehr hübsch.,
Wat von miene Geld is stahlen worrn.,Ein Teil von meinem Geld ist gestohlen worden.,
Datt is miene Fohrrad.,Das ist mein Fahrrad.,
"Is nu jüst een Joht verleden, datt miene Fründ dootbleven is.","Es ist nun gerade ein Jahr vergangen, dass mein Freund gestorben ist.",
Ik heff twe Bröder.,Ich habe zwei Brüder.,
"Oh, datt süht lecker ut!","Oh, das sieht lecker aus!",
En gode Ünneroffzeer süht sick al as General.,Ein guter Unteroffizier sieht sich schon als General.,
En typische Krankenswester maakt so Saken as mit de Miegbuddel helpen un vüör en Operation de Steed raseren.,"Eine typische Krankenschwester macht solche Dinge, wie mit der Urinflasche zu helfen und das Operationsfeld zu rasieren.",
Is datt diene Komer?,Ist das dein Zimmer?,
Ik mag em ich.,Ich mag ihn nicht.,
’Keene is joon Engelsch-lehrer?,Wer ist euer Englischlehrer?,
Un wat maakt wi nu?,Und was machen wir jetzt?,
"Ik warr allen doot, üm di to gefallen.","Ich werde alles tun, um dir zu gefallen.",
Datt kost twintig Euro.,Das kostet zwanzig Euro.,
Weer nech so streng to de Kinners.,Sei nicht so streng zu den Kindern.,
Magst du düssen Goorn?,Magst du diesen Garten?,
Se is jümmerto blied un smüüstert.,Sie ist immer heiter und lächelt.,
Ik bün in de vergangen tein Joht nienich krank wäsen.,Ich war in den letzten zehn Jahren nie krank.,
Du schullst diene Kinners en goods Vörbild wäsen.,Du solltest deinen Kindern ein gutes Vorbild sein.,
Se hebbt elk för sick betohlt.,Sie zahlten jeder für sich.,
Waorüm schient de Maand nachtens?,Warum scheint der Mond nachts?,
Ik heff ehr Telefonnummer opschreven.,Ich schrieb ihre Telefonnummer auf.,
Datt Huus is hunnerd Meter hoog.,Das Haus ist hundert Meter hoch.,
Datt Huus is hunnerd Meter hoog.,Das Hochhaus ist hundert Meter hoch.,
Gaht wi wieder.,Gehen wir weiter.,
Mika tövt ünnen.,Mike wartet unten.,
"De Buurn harr fief Ossen un negen Keih un twölv Schaap vüör datt Dörpe brocht, de wullen se verköpen.","Die Bauern hatten fünf Ochsen und neun Kühe und zwölf Schäfchen vor das Dorf gebracht, die wollten sie verkaufen.",
"Ik heff gornich mitkregen, datt he rutgahn is.","Ich habe gar nicht mitbekommen, dass er rausgegangen ist.",
Ik bün den ganzen Dag tohuus bleven.,Ich bin den ganzen Tag zu Hause geblieben.,
Ik bün bange vüör wille Deerten.,Ich habe Angst vor wilden Tieren.,
Wi sünd lat.,Wir sind spät dran.,
Holthüüs anfangt licht Füer.,Holzhäuser fangen leicht Feuer.,
Wi seten vörn.,Wir saßen vorne.,
Ik bruuk em nicht mihr.,Ich brauche ihn nicht mehr.,
Ik schull datt letztere seggt harr.,"Das ist das, was ich sagen wollte.",
"Harrn ik en Hund, deed ik em Tom nömen.","Hätte ich einen Hund, würde ich ihn Tom nennen.",
Ik wull na Lemberg...,Ich möchte nach Lemberg fahren.,
"Jümmerto wenn ik mi verkeuhlt heff, löpt mi de Nees.","Immer wenn ich eine Erkältung habe, läuft meine Nase.",
Sied vörig Joht leev ik ich mihr in Sanda.,Seit vorigem Jahr habe ich nicht mehr in Sanda gewohnt.,
Mit Geld geit allen.,Mit Geld geht alles.,
He verköfft Grööntüüg in düssen Laden.,Er verkauft Gemüse in diesem Laden.,
Wat is diene leevst Gedicht?,Was ist dein Lieblingsgedicht?,
De Junge drinken Melk.,Der Junge trinkt Milch.,
Het he Maria besökt?,Hat er Maria besucht?,
Se kofft en Book in ’n Laden.,Sie kaufte ein Buch in dem Laden.,
Wat för en prächtigen Goorn!,Was für ein prächtiger Garten!,
"Ik heff vergäten, wat ik seggen will.","Ich habe vergessen, was ich sagen wollte.",
"Vonwegen datt he mi nech doodmaken unn, heff ik em doodmaakt.","Da er mich nicht töten konnte, tötete ich ihn.",
"Datt wees reinen Tofall, datt he datt Speel wunnen hätt.","Es war reiner Zufall, dass er das Spiel gewann.",
Een Euro sünd een Dollar föfftig Cent.,Ein Euro sind ein Dollar fünfzig Cent.,
Ik gah duuschen.,Ich gehe duschen.,
Ik wünsch di en goden Reis.,Ich wünsche dir eine gute Reise.,
"En gode Ünneroffzeer dröömt dor von, en General to wäsen.","Ein guter Unteroffizier träumt davon, ein General zu sein.",
De Minister müss Bott gäven.,Der Minister musste von seinem Amt zurücktreten.,
Se hebbt brune Huud un swarte Hoor.,Sie haben braune Haut und schwarze Haare.,
Ik heff nix to seggen.,Ich habe nichts zu sagen.,
In China warrn na ’n Maandklenner Neejohr fiert.,In China wird nach dem Mondkalender Neujahr gefeiert.,
Ik lees jüst en Book.,Ich lese gerade ein Buch.,
Ik wull datt opeten.,Ich möchte das aufessen.,
"Datt is mooi, un dit is ook mooi.","Das ist schön, und das ist auch schön.",
He het de Maschienen anmaakt.,Er hat die Maschine eingeschaltet.,
Tom keek se en poor Ogenblicken an.,Tom sah sie einige Augenblicke lang an.,
Datt is man Gissen.,Das sind nur Vermutungen.,
Waorüm warrn wi boren?,Warum werden wir geboren?,
Hiroko seet dor ganz alleen.,Hiroko saß dort ganz alleine.,
Ik speel giern Shogi.,Ich spiele gerne Shogi.,
Ik heff ehr noch nien vörher sehen.,Ich habe sie noch nie zuvor gesehen.,
Datt Vörjohr is vörbi un de Sommer anfangt an.,Das Frühjahr ist vorbei und der Sommer fängt an.,
Wat gest du seggt? Kunnst datt noch wedder seggen?,Was hast du gesagt? Kannst du das wiederholen?,
De April is de veerte Maand in ’t Joht.,April ist der vierte Monat im Jahr.,
De April is de veerte Maand in ’t Joht.,April ist der vierte Monat des Jahres.,
De Batterie is leddige.,Die Batterie ist leer.,
De Batterie is leddige!,Die Batterie ist leer!,
Ik wull keene Sucker.,Ich will keinen Zucker.,
He kümmert sick nicht üm siene Kinners.,Er kümmert sich nicht um seine Kinder.,
"Deit mi leeg, ik heff ganz un gor vergäten datt to doot.","Verzeihung, ich habe es total vergessen, das zu tun.",
De Diek is drie Meter deep.,Der Teich ist 3 Meter tief.,
De Diek is drie Meter deep.,Der Teich ist drei Meter tief.,
Hebbt ji al äten?,Habt ihr schon gegessen?,
Heff ik mi verjaagt! Sliek di doch ich so von achtern an!,Hab ich mich erschreckt! Schleich dich doch nicht so von hinten an!,
Dor wees nüms in ’n Goorn.,Da war niemand im Garten.,
Du musst gedülliger wäsen.,Du musst geduldiger sein.,
Peter is opstunns nech dor.,Peter ist im Moment abwesend.,
Afkennst du ehr?,Kennst du sie?,
Du afkennst ehr?,Du kennst sie?,
Se kriegt ehr Kind in ’n Juli.,Sie bekommt ihr Kind im Juli.,
Gah nicht weg!,Gehe nicht weg!,
Gah ich weg!,Geh nicht weg!,
Woans warrn düsse Vågel nöömt?,Wie nennt man diesen Vogel?,
Hebbt ji en Stadplaan?,Haben Sie einen Stadtplan?,
Hebbt ji en Stadplaan?,Habt ihr einen Stadtplan?,
Ik wull dor nix mit to doot hebben.,Ich möchte damit nichts zu tun haben.,
Dor wull ik nix mit to doot hebben.,Damit will ich nichts zu tun haben.,
Tom hätt ok keene Smacht.,Tom hat auch keinen Hunger.,
"Ik weet, wo swoor di datt fallt.","Ich weiß, wie schwer dir das fällt.",
Tom reist veele.,Tom reist viel.,
Ik heff Schmacht.,Ich habe Hunger!,
Datt is en Sneemann.,Das ist ein Schneemann.,
Tom het al Meddag äten.,Tom hat schon zu Mittag gegessen.,
Wi stahn mit uns Rügg gägen de Müür.,Wir stehen nun mit unserem Rücken an der Wand.,
Ik plan in en Puff te arbeiden.,"Ich plane, in einem Bordell zu arbeiten.",
Se wüllt na’e Ukrain.,Sie wollen in die Ukraine.,
Uns Vörfohr kemen vüör 150 Joht in dit Land.,Unsere Vorfahren kamen vor 150 Jahren in dieses Land.,
Ik mag Tee lever as Kaffee.,Ich mag Tee lieber als Kaffee.,
Ik mag Kaffee lever as Tee.,Kaffee mag ich lieber als Tee.,
En Pogg keem ut datt Woter.,Ein Frosch kam aus dem Wasser.,
Datt Slott steiht an en schönen Seed.,Das Schloss steht an einem schönen See.,
Ik söök en Pullover.,Ich suche einen Pullover.,
Ik heff datt Bild al maol sehen.,Ich habe das Bild schon mal gesehen.,
Du dröffst en poor Daag lange nix äten.,Du darfst ein paar Tage lang nichts zu dir nehmen.,
Ik heff mien Fantasie brukt.,Ich habe meine Phantasie benutzt.,
Ik heff mien Fantasie brukt.,Ich habe meine Phantasie bemüht.,
De Levensduur von son Batterien is üm un bi drie Joht.,Die Lebensdauer solcher Batterien beträgt ungefähr drei Jahre.,
Lat uns de Kassett anhören.,Lasst uns die Kassette anhören.,
"Wenn allen goods löpt, slütt he datt Studium 2001 af.","Wenn alles gut läuft, schließt er das Studium 2001 ab.",
Gah trügg op diene Platz.,Geh zurück auf deinen Platz.,
Schmidt het küert un Kohl hett schöölt.,Schmidt hat gesprochen und Kohl hat geschimpft.,
Mien Frünnen hebbt mi to ’n Äten nödigt.,Meine Freunde luden mich zum Essen ein.,
Se is mit ’n Buss na Chicago fohrt.,Sie fuhr mit dem Bus nach Chikago.,
Du musst ehre Wanung seen.,Du musst ihre Wohnung sehen.,
Du musst ehre Wanung seen.,Du solltest ihre Wohnung sehen.,
Düsse Blomen hebbt en apartigen Röök.,Diese Blumen haben einen einzigartigen Geruch.,
"Nickel is en hart, hell sülvern Metall.","Nickel ist ein hartes, hell silbernes Metall.",
"Ik weet nech, ’keene den Koken maakt hätt.","Ich weiß nicht, wer den Kuchen gemacht hat.",
Se het mit em weddt.,Sie hat mit ihm gewettet.,
"De Tweeschen gliekt sick so dulle, datt datt meist nicht mööglich is, de twe uteneentohollen.","Die Zwillinge sehen sich so ähnlich, dass es so gut wie unmöglich ist, den einen vom anderen zu unterscheiden.",
Smökt ji?,Raucht ihr?,
Se is binah sösstig.,Sie ist beinahe sechzig.,
Ik bün kaputt.,Ich bin kaputt.,
Datt Book hört mi to.,Das Buch gehört mir.,
Datt Book hört mi to.,Dieses Buch gehört mir.,
"Ick wüss ich, datt he dor wees.","Ich wusste nicht, dass er da war.",
"Ick wüss nech, datt he dor wees.","Ich wusste nicht, dass er hier war.",
Stööv datt Reck af.,Staube das Reck ab.,
"Hess du dor wat tegen, wenn ik datt finstern apendo?","Hättest du etwas dagegen, wenn ich das Fenster öffne?",
"Sodraag he mi sehen deed, lööp he weg.","Sobald er mich gesehen hatte, lief er weg.",
He seet rachter Tralljen.,Er saß hinter Gittern.,
Meg ehr Hoor sünd von Natuur krüllen.,Megs Haare haben natürliche Locken.,
De Seed is störmsch.,Die See ist stürmisch.,
"Ik kan mi noch op en Geschicht besinnst, de mien Oma mi vertellt hätt.","Ich erinnere mich an eine Geschichte, die meine Oma mir erzählt hat.",
Kan ik mit miene Kreditkoort betahlen?,Kann ich mit meiner Kreditkarte bezahlen?,
Häng diene Mantel an ’n Haken.,Häng deinen Mantel an den Haken.,
"Datt is nicht so slimm, as du denkst.","Es ist nicht so schlimm, wie du denkst.",
Köönt ji mi bi de Bibliothek afsetten?,Könnt ihr mich an der Bibliothek absetzen?,
"Segg uns, wat wi nu doot schullt.","Sag uns, was wir als Nächstes tun sollen.",
Ik kan miene Navers ich utstahn.,Ich kann meine Nachbarn nicht ausstehen.,
"Wasch dien Fööt, datt du den Dreck kriggst.","Wasch deine Füße, damit du den Dreck herunter bekommst.",
Wi hebbt noog Woter.,Wir haben genug Wasser.,
Datt Läven is as en Reis.,Das Leben gleicht einer Reise.,
He keem ook nech.,Er kam auch nicht.,
Sünd Supp un Slaat in düssen Pries mit in?,Sind Suppe und Salat in diesem Preis enthalten?,
Waorüm sünd in miene Salaatbedd soveel Sniggen?,Warum sind in meinem Salatbeet so viele Schnecken?,
’Keene het mi miene Korf mit Fleesch stahlen?,Wer hat mir meinen Korb mit Fleisch gestohlen?,
Wi hebbt an ’n Strand speelt.,Wir haben am Strand gespielt.,
Villicht harrn ik datt beters nicht doot schullen.,Vielleicht hätte ich das besser nicht tun sollen.,
Wi hebbt ehrder as ans Meddag äten un sünd halvig een loosgahn.,Wir haben früher als sonst zu Mittag gegessen und sind um 12:30 Uhr losgegangen.,
"Ik verstoh ich, wo ji von utsnackt.","Ich verstehe nicht, worüber ihr redet.",
Datt Klima huer is as in Frankriek.,Das Klima hier ist wie in Frankreich.,
Ik heff en Hartanfall hatt.,Ich habe einen Herzanfall gehabt.,
Datt schall nu en lütt bäten weh doot.,Das wird jetzt ein klein wenig weh tun.,
Ik bün ’n Udel.,Ich bin von Beruf Polizist.,
Ik speel up wat anners an.,Ich spiele auf etwas anderes an.,
Ik mag düssen Hund.,Ich mag diesen Hund.,
Ik schall di datt Autoföhren lihren.,Ich werde dir das Autofahren beibringen.,
Du dröffst nech rechts fohren.,Du darfst nicht rechts fahren.,
De Brügg is ut Steen.,Die Brücke dort ist aus Stein.,
Wullt du wat to äten?,Möchtest du etwas zu essen?,
Wat wullt du to äten?,Was möchtest du zu essen?,
’Keene arbeidst du för?,Für wen arbeitest du?,
Börgermeester Beccaria is dood.,Bürgermeister Beccaria ist tot.,
He is Busfohrers.,Er ist Busfahrer.,
Man siene Frünnen nöömt em Ken.,Aber seine Freunde nennen ihn Ken.,
"Kiek na, ’keene datt is.","Schau nach, wer es ist.",
Du rückst ut ’n Mund.,Du hast Mundgeruch.,
Datt lett as wenn he slapen is.,Er scheint eingeschlafen zu sein.,
En Moskito hätt mi jüst staken.,Ein Moskito hat mich gerade gestochen.,
Mien Mudder het datt Huus vüör tein Minuten verloten.,Meine Mutter hat das Haus vor zehn Minuten verlassen.,
De Toilett wees rachter de Trepp.,Die Toilette befindet sich hinter der Treppe.,
Datt Baby ween de ganze Nacht.,Das Baby weinte die ganze Nacht.,
"Gebildt' Lüd dropen sik, säd de Voss, denn güng hei mit de Gaus spazeren.","Gebildete Leute treffen sich, sagte der Fuchs, dann ging er mit der Gans spazieren.",
Wi segen em narms.,Wir sahen ihn nirgends.,
Se is ook Verköpersch.,Sie ist auch Verkäuferin.,
Datt köönt wi nicht doot.,Das können wir nicht tun.,
Se köff en niggen polter.,Sie kaufte ein neues Hemd.,
Datt Hauhn is in de Köök.,Das Huhn ist in der Küche.,
Ik heff en bäten Fever.,Ich habe ein wenig Fieber.,
Wat is diene Verscheel övers miene Book?,Was ist deine Meinung über mein Buch?,
Datt Experiment harrn Spood.,Das Experiment war erfolgreich.,
A is fief Mal länger as B.,A ist fünfmal länger als B.,
En Riesschaal wiggt üm un bi 180 Gramm.,Eine Reisschale wiegt ca. 180 Gramm.,
Se schullt Gummistevel hebben.,Sie sollten Gummistiefel haben.,
Ik gah to Foot na School.,Ich gehe zu Fuß zur Schule.,
He will en to grotten Boom mit siene Biel ümmaken.,Er wollte einen zu großen Baum mit seinem Beil fällen.,
Ik heff en Katz un en Hund.,Ich habe eine Katze und einen Hund.,
Datt Lock is groot noog.,Das Loch ist groß genug.,
Vergangen Nacht heff ik en Book leest.,Letzte Nacht las ich ein Buch.,
Bill di dor man nix op in!,Bilde dir nur nichts darauf ein!,
Ick heff de Schieterigge.,Ich habe Durchfall.,
Se hätt veele Frünnen in Hongkong.,Sie hat viele Freunde in Hongkong.,
Siene Läven is in Gefohr.,Sein Leben ist in Gefahr.,
Wullt du Geld?,Möchtest du Geld?,
Datt is ich miene Schuld!,Das ist nicht meine Schuld.,
Datt is nech miene Schuld.,Das ist nicht meine Schuld.,
Japaanschen is miene Moddersprook.,Japanisch ist meine Muttersprache.,
He is de gröttst von de drie.,Er ist der größte von den dreien.,
Ik söök na diene Süster. Woneem is de?,Ich suche nach deiner Schwester. Wo ist sie?,
He bevert as Eschenloov.,Er zittert wie Espenlaub.,
Waorüm gest du mi hüüd nacht nicht anropen?,Wieso hast du mich letzte Nacht nicht angerufen?,
"’Keene swiggt, stimmt to.","Wer schweigt, stimmt zu.",
Se slöög em in ’t Gesicht.,Sie ohrfeigte ihn.,
Se slöög em in ’t Gesicht.,Sie schlug ihm ins Gesicht.,
Se harr jemehr egen Kultur.,Sie hatten ihre eigene Kultur.,
Datt blieft ünner uns.,Das bleibt unter uns.,
Du dröffst ich rinkamen.,Du darfst nicht reinkommen.,
Büs du al maol in düssen Kroog wäsen?,Warst du schon mal in dieser Wirtschaft?,
Ahn Maschien kunnen wi nech mihr läven.,Ohne Maschinen können wir nicht mehr leben.,
Segg sowat nicht noch wedder.,Sag sowas nicht noch einmal.,
Snack ich leed von annere.,Rede nicht schlecht von anderen.,
"„Wo finnst du datt, datt sick Tom stickum mit Anna drippt?“ – „Dulle finn ik datt nech, man datt is mi ook nicht wichtig noog, üm mi dor övers uptorägen.“","„Wie findest du es, dass sich Tom heimlich mit Anna trifft?“ – „Toll finde ich es nicht, aber es ist mir auch nicht wichtig genug, um mich darüber aufzuregen.“",
De Gardien füng Füer.,Die Gardine fing Feuer.,
Weest miene Gäst!,Seid meine Gäste!,
In twe Weken fohrt wi Skilopen in ’e Bargen.,In zwei Wochen fahren wir zum Skilaufen in die Berge.,
De Mandant het mit siene Avkaat utsnackt.,Der Mandant sprach mit seinem Anwalt.,
Dröff ik en Bild von di moken?,Darf ich ein Bild von dir machen?,
De Brügg warrn opstunns nee anstreken.,Die Brücke wird gerade neu gestrichen.,
Wi singen tohoop de Esperanto-Hymne.,Wir sangen zusammen die Esperanto-Hymne.,
Ik kan mi noch swack op datt Begeevnis besinnst.,Ich erinnere mich schwach an das Ereignis.,
Ik verwachten nix von di.,Ich erwarte nichts von dir.,
He hätt sick an siene Been links opereren loten.,Er hat sich an seinem linken Bein operieren lassen.,
En Mann keem neger.,Ein Mann kam näher.,
Ahn di bün ik nix.,Ohne dich bin ich nichts.,
"Se het jümmerto wedder seggt, datt se unschüllig is.","Sie hat immer wieder gesagt, dass sie unschuldig ist.",
He deed datt Glas mit Wien füllen.,Er füllte das Glas mit Wein.,
Wat wullt du doot?,Was willst du tun?,
Hess du goods toslapen?,Hast du gut geschlafen?,
He is miene Nover.,Er ist mein Nachbar.,
China is datt gröttst Land in Asien.,China ist das größte Land in Asien.,
Datt dalladen vun de Data is afslaten.,Das Runterladen der Datei ist abgeschlossen.,
Du musst diene Opgaven doot.,Du musst deine Aufgaben erledigen.,
He is bi ’t Skiföhren henfullen un hätt sick den Arm braken.,Er ist beim Skifahren hingefallen und hat sich den Arm gebrochen.,
Gest du em dropen?,Hast du ihn getroffen?,
Datt warrn elk Dag hitter un hitter.,Es wird von Tag zu Tag heißer.,
Datt is en Toorn.,Das ist ein Turm.,
De Katte lickt sick den Noors.,Die Katze leckt sich den Hintern.,
Wi harr dichten Daak in London.,Wir hatten dichten Nebel in London.,
Lat uns huer langs gohn.,Lasst uns diesen Weg gehen.,
Datt warrn düüster buten.,Es wird draußen dunkel.,
Wat maakst du nu?,Was tust du gerade?,
He wees in Frankriek.,Er war in Frankreich.,
Ehr Hoor is lange.,Ihre Haare sind lang.,
De Supp is to solt.,Die Suppe ist zu salzig.,
He het de Deek blau anstreken.,Er strich die Decke blau.,
De Boor is tæmlich tamm un bitt ich.,Der Bär ist ziemlich zahm und beißt nicht.,
Snackst du Sweedsch?,Sprichst du Schwedisch?,
He hätt siene Arbeit verlorene.,Er hat seine Arbeit verloren.,
An diene Steed deed ik datt anners moken.,"Wenn ich du wäre, würde ich das so nicht machen.",
Ik bün allergisch gägen Fischen.,Ich bin allergisch gegen Fisch.,
Ik lees keene Böker.,Ich lese keine Bücher.,
"Datt wees swor, datt Radels to lösen.","Es war schwer, das Rätsel zu lösen.",
Ik heff em övers de Straat gohn sehen.,"Ich sah, wie er die Straße überquerte.",
Ik heff de Katz in ’t Gnick packt.,Ich packte die Katze am Nacken.,
Ik bün nu teemlich mööd.,Ich bin jetzt sehr müde.,
Du schußt nech toveel Bontjes äten.,Du solltest nicht zu viele Bonbons essen.,
Hess du opstunns to doot?,Bist du im Moment beschäftigt?,
He driggt sien Böker ünner ’n Arm.,Er trägt seine Bücher unter dem Arm.,
Hebbt ji en Antwoort kriegen?,Habt ihr eine Antwort bekommen?,
De Rosen in ’n Goorn rüükt goods.,Die Rosen im Garten riechen gut.,
"Ik harrn vüör, Dokter to warrt.","Ich hatte vor, Arzt zu werden.",
Se het em bäten.,Sie hat ihn gebissen.,
He is groot un dicke un hätt jümmerto to doot.,Er ist groß und dick und immer beschäftigt.,
Ik heff em in ’t Huus gohn sehen.,Ich sah ihn ins Haus gehen.,
De Kuur het di goods daan.,Die Kur hat dir gut getan.,
Blievst du vonavend tohuus?,Bleibst du heute Abend zuhause?,
Gest du keene Dörst?,Hast du keinen Durst?,
"Du hess Glück hatt, datt he di nicht bäten hätt.","Du hast Glück gehabt, dass er dich nicht gebissen hat.",
De Dichters het en bäten mihr as twintig Johr huer levt.,Der Dichter lebte etwas mehr als zwanzig Jahre hier.,
"Goods, nimm datt.","Gut, nimm es.",
"’Keene is de Jund, de de Rull von Peter Pan speelt?","Wer ist der Junge, der die Rolle des Peter Pan spielt?",
Se hätt stünnenlang op em tövt.,Sie hat stundenlang auf ihn gewartet.,
Wat datt wat warrn? Datt warrn wat!,Ob das etwas wird? Das wird was!,
Wat datt wat warrn? Datt warrn wat!,Kann es gelingen? Es wird gelingen!,
Ehr Geschicht het sick as wohr rutstellt.,Ihre Geschichte hat sich als wahr herausgestellt.,
He hätt so siene Nücken.,Er hat so seine Eigenarten.,
He het so siene Nücken.,Er hat so seine Grillen.,
Man woneem sünd wi?,Aber wo sind wir?,
Ik bün för drie Doog huer.,Ich bin für drei Tage hier.,
Se hätt miene Anbott aflehnt.,Sie lehnte mein Angebot ab.,
Dröff ik dit Book lehnen?,Darf ich dieses Buch ausleihen?,
Ik deed gern in Frankriek wahnen.,Ich würde gerne in Frankreich wohnen.,
Datt is kaputt.,Das ist kaputt.,
Ik kaam ut Brasilien.,Ich komme aus Brasilien.,
Datt is ich miene Bier!,Das ist nicht mein Bier!,
In ’n Harvst fallt de Bläder.,Im Herbst fallen die Blätter.,
In ’n Harvst fallt de Bläder.,Im Herbst fällt das Laub.,
Düsse Schilleree is veele Geld weert.,Dieses Gemälde ist viel Geld wert.,
De Maand geit toenn.,Der Monat geht dem Ende zu.,
Soldaten sünd Gefohr wennt.,Soldaten sind Gefahr gewohnt.,
Holl dinen Sabbel un luster to.,Halt den Mund und hör zu.,
Holl dinen Sabbel un luster to.,Halt den Mund und hör zu!,
En Dwargknienken schull nienich alleen läven.,Ein Zwergkaninchen sollte niemals allein leben.,
"Wo mihr du arbeidst, wo mihr verdeenst du.","Desto mehr du arbeitest, desto mehr verdienst du.",
Se höll de Luft an.,Sie hielt den Atem an.,
He güng na ’t Butenland.,Er ging ins Ausland.,
Wo lat is datt?,Wie spät ist es?,
Wo bedankt man sick up Japaanschen?,Wie bedankt man sich auf Japanisch?,
He jökelt jümmerto rüm.,Er macht ständig Witze.,
He jökelt jümmerto rüm.,Er scherzt immer herum.,
In ’n Krigg hebbt se veele Klocken insmulten.,Im Krieg haben sie viele Glocken eingeschmolzen.,
Tom rokt.,Tom raucht.,
"Ik will, ik harrn en Koorten för datt Konzert kofft.","Ich wünschte, ich hätte eine Karte für das Konzert gekauft.",
"Het mi een anropen, as ik buten wees?","Hat mich jemand angerufen, während ich draußen war?",
Gest du Schoh un Söcken?,Hast du Schuhe und Socken?,
Ik bün Muslim.,Ich bin Muslim.,
Ik bün Muslim.,Ich bin ein Moslem.,
Ik bün Muslim.,Ich bin Moslem.,
Beters wat as gornix.,"Besser etwas, als gar nichts.",
Se deed em en Pullover knütten.,Sie strickte ihm einen Pullover.,
Ik wees kaputt.,Ich war erschöpft.,
Ji mööt nech gliek gohn.,Ihr müsst nicht sofort gehen.,
"Briänniëdelmiddag: Schmikket guëd, aober wenn et gieden häs, mosse di henleggen, süs mosse briäken.","Brennnesseleintopf: Schmeckt gut, aber wenn du ihn gegessen hast, musst du dich hinlegen, sonst musst du brechen.",
"Ik heff em dropen, as he in Japan wees.","Ich habe ihn getroffen, als er in Japan war.",
Miene Huus is diene Huus.,Mein Haus ist dein Haus.,
Waorüm böst du to lat komen?,Warum bist du zu spät gekommen?,
Jüst datt will ik.,Genau das wollte ich.,
Ik heff ehr tofällig op ’n Bahnhoff dropen.,Ich habe sie zufällig auf dem Bahnhof getroffen.,
Ik besitt man tein Böker.,Ich besitze nur zehn Bücher.,
He deed sick gau an ’t kole Wederk wennen.,Er gewöhnte sich schnell an kaltes Wetter.,
Ik weet nix von ehr.,Ich weiß nichts von ihr.,
Ik weet nix von ehr.,Ich weiß nichts über sie.,
He verlett sick jümmerto op annere.,Er verlässt sich stets auf andere.,
Se möök datt Radio lieser.,Sie stellte das Radio leiser.,
Nancy schall wol nienich mit mi uttogahn. Ik speel nicht in ehr Liga.,Nancy wird niemals mit mir ausgehen. Ich spiele nicht in ihrer Liga.,
He wees bet op de Knaken dörnaat von ’n Regent.,Er war bis auf die Knochen durchnässt vom Regen.,
Wat hess du vonavend vüör?,Was hast du heute Abend vor?,
De Postbaad maakt den Breefkassen leddige.,Der Postbote leert den Postkasten.,
Nu is ’t hen.,Jetzt isses im Eimer.,
Japaner sünd Asiaten.,Japaner sind Asiaten.,
Ik bün uttogahn.,Ich ging aus.,
Ik bün uttogahn.,Ich bin ausgegangen.,
Fraag ich.,Frag nicht.,
"Ik will würklich giern weten, waorüm as he sowat daan hätt.","Ich möchte wirklich gerne wissen, weshalb er so etwas gemacht hat.",
Roop foorts 110.,Ruf sofort die 110.,
De eerste Deel von dit Book speelt in Florenz.,Der erste Teil dieses Buches ist in Florenz angesiedelt.,
Kiek man sturr op miene Fingers.,Bitte betrachte starr meinen Finger.,
Ik kan mi goods op em besinnst.,Ich kann mich gut an ihn erinnern.,
"Wenn use Katten 'ne Kau wör, dunn mösten we up 'n Balken taun melken!","Wenn unsere Katze eine Kuh wäre, müssten wir zum Melken hoch auf den Balken.",
"Ik begriep, wat du seggst.","Ich begreife, was du sagst.",
Datt Schipp het keene Radar.,Dieses Schiff ist nicht mit Radar ausgestattet.,
Magst du lever Wittwien odder Roodwien?,Magst du lieber Weißwein oder Rotwein?,
Denk dor nech mal an!,Denke darüber nicht einmal nach!,
De Kinners hebbt sick na de School en Pizza deelt.,Die Kinder teilten sich nach der Schule eine Pizza.,
Ik bruuk en Hamer.,Ich brauche einen Hammer.,
Miene Reekner fohrt nicht mihr hooch.,Mein Rechner fährt nicht mehr hoch.,
Kien Minske kan twehunnert Jaor liäwen.,Kein Mensch wird zweihundert Jahre alt.,
Beweeg diene Achterdeel un gah dor op dal!,Lüfte deinen Hintern und geh los!,
Beweeg diene Achterdeel un gah dor op dal!,Krieg deinen Arsch hoch und mach voran!,
Se deed blangen em sitten un harrn de Ogen slaten.,Sie saß neben ihm mit geschlossenen Augen.,
De Mudder deed datt Kind küssens.,Die Mutter küsste das Kind.,
In 2001 hebbt Terroristen datt World Trade Center vun New York angräpen.,2001 haben Terroristen das World Trade Center in New York angegriffen.,
"Wenn et löppt, denn löppt et.","Wenn es läuft, dann läuft es.",
En half Broot is beters as gornix.,Ein halber Laib Brot ist besser als gar nichts.,
Föhrst du mit ’n Buss na School?,Fährst du mit dem Bus zur Schule?,
Huer is en Book.,Hier ist ein Buch.,
Kunnst du datt Radels lösen?,Kannst du das Rätsel lösen?,
He kan sick al ich mihr op de Been hollen.,Er kann sich schon nicht mehr auf den Beinen halten.,
Wi mööt noch datt Hau kehren un Holt hacken.,Wir müssen noch das Heu wenden und Holz hacken.,
"Denkst du, datt Fischen hören köönt?","Meinst du, dass Fische hören können?",
Ik bün ut Sambia.,Ich bin aus Sambia.,
"Snacken köönt wi alle, doot is en Ding.","Handle, rede nicht.",
De Laden is op de anneren Stratensied.,Der Laden ist auf der anderen Straßenseite.,
Un waorüm datt?,Und warum das?,
Ik heff mien Autoslötel verlorene.,Ich habe meine Autoschlüssel verloren.,
Diene Portmoneet liggt op ’n Kiekschapp.,Dein Portemonnaie liegt auf dem Fernseher.,
He deed ehr von Kopp bet Foot munstern.,Er musterte sie von Kopf bis Fuß.,
"Em is datt eengaal, wat he itt.","Ihm ist es egal, was er isst.",
Düsse Soort Kledaasch is jüst Mood.,Diese Art von Kleidung ist gerade in Mode.,
Wat is mit em?,Was ist mit ihm?,
Woneem doon se datt?,Wo machen sie das?,
To ’n Glück is nüms natte worrn.,Glücklicherweise wurde niemand nass.,
Sühst du den Ingang von ’n Park?,Siehst du den Eingang von dem Park?,
Uns Feernseher geit al wedder nech.,Unser Fernseher ist schon wieder defekt.,
Du gest in ’t Swart dropen.,Du hast ins Schwarze getroffen.,
Tom keek in den Nachthimmel.,Tom sah in den Nachthimmel.,
Se hätt tæmlich kott Hoor.,Sie hat sehr kurzes Haar.,
"Wo denkst du an, wenn du dit Bild kickst?","Woran denkst du, wenn du dieses Bild betrachtest?",
Du musst nicht gliek gohn.,Du musst nicht sofort gehen.,
Dor sitt en Bayer mit en Ledderbüx.,Dort sitzt ein Bayer in einer Lederhose.,
Tom het ich soveel Frünnen as Rias.,Tom hat nicht so viele Freunde wie Maria.,
Dit is en DVD.,Das ist eine DVD.,
Vörig Nacht hebbt wi von op ’t Dack de Steerns bekeken.,Letzte Nacht haben wir die Sterne vom Dach aus angesehen.,
"Ik heff vergeten, ehr wat to vertellen.","Ich habe vergessen, ihr etwas zu sagen.",
Bet na ’n Bahnhoff is datt en goods Enn.,Bis zum Bahnhof ist es ein ganzes Stück.,
Ik heff drie Hunnen.,Ich habe drei Hunde.,
"Ik heff hört, datt du wunnen hess. Glückwunsch!","Ich habe gehört, dass du gewonnen hast. Glückwunsch!",
Ik hol Verspreken jümmerto.,Versprechen halte ich immer.,
Ik bün jünger as he.,Ich bin jünger als er.,
Se is noch nech huer.,Sie ist noch nicht hier.,
Datt wees Nacht.,Es war Nacht.,
"Ik bün in Osaka boren, man in Tokyo upwossen.","Ich wurde in Osaka geboren, bin aber in Tokyo aufgewachsen.",
Düsse Tee is to bitter.,Dieser Tee ist zu bitter.,
"Wis mi, woneem datt weh deit.","Zeig mir, wo es weh tut.",
He harrn en Unfall.,Er hatte einen Unfall.,
Ik harrn Glück.,Ich hatte Glück.,
He is miene Fründ. Kinnt ji em?,Das ist mein Freund. Kennt ihr ihn schon?,
He is miene Fründ. Kinnt ji em?,Er ist mein Freund. Kennt ihr ihn?,
Datt steiht in siene Book.,Das steht in seinem Buch.,
De Butenminister von Libyen is överlopen.,Libyens Außenminister ist übergelaufen.,
An ’n Dingsdag dröppt sick datt Parlament.,Am Dienstag tagt das Parlament.,
"Segg mi, wat du denkst.","Sag mir, was du denkst.",
Woans warrn joon Achternaams utspraken?,Wie spricht man euren Nachnamen aus?,
Jim deed sick mellen.,Jim zeigte auf.,
Ik bün nicht dumm.,Ich bin nicht dumm.,
He deed sick blangen ehr setten.,Er setzte sich neben sie.,
Ik heff de Autobahn 58 nohmen.,Ich habe die Autobahn 58 genommen.,
Hebrääsch is en swore Spraak.,Hebräisch ist eine schwere Sprache.,
"Elk Dag brukt wi veele Saken, de Edison rutfunnwn hätt.","Jeden Tag benutzen wir viele Dinge, die Edison erfunden hat.",
Du kunnst ich wiedergahn.,Du kannst nicht weitergehen.,
Bi ’t Skiföhren heff ik mi miene Been braken.,Beim Skifahren habe ich mir mein Bein gebrochen.,
Ik heff en Hund.,Ich habe einen Hund.,
Ik mag lever Selter.,Ich mag lieber Sprudel.,
Ik mag lever Selter.,Ich mag lieber Mineralwasser.,
Ik mag lever Selter.,Ich mag lieber Selters.,
"Se hebbt en Graffsteen övers datt Graff opstellt, de övers den Haven kiekt.","Sie haben einen Grabstein über dem Grab errichtet, der über den Hafen blickt.",
Wullt du mit mi dansen?,Willst du mit mir tanzen?,
"Datt is datt Book, datt du sochst.","Das ist das Buch, das du suchst.",
He seet op de Bänk in ’n Park.,Er saß auf der Bank in einem Park.,
Mak datt Fenster dicht!,Mach das Fenster zu!,
Datt is meist vörbi.,Es ist fast vorbei.,
Wi bruukt em nech.,Wir brauchen ihn nicht.,
Ik heff drie Daag nix mihr äten.,Ich habe drei Tage nichts mehr gegessen.,
Du schullst di bi em bedanken.,Du solltest dich bei ihm bedanken.,
Tom deed siene Mantel un siene Hanschen uttehn.,Tom zog seinen Mantel und seine Handschuhe aus.,
Vonavend wull ik na en Konzert gohn.,Heute Abend will ich in ein Konzert gehen.,
De Mann springen övers ’n Beek röver.,Der Mann springt über den Bach hinweg.,
"Ik weet nicht mäer, wat ik doot schall.","Ich weiß nicht mehr, was ich tun soll.",
"Se unn föhlen, wo ehr Knee beven deden.","Sie konnte fühlen, wie ihre Knie zittern.",
’Keene wullst du datt verköpen?,Wo willst du das verkaufen?,
Du bünt alltied to lat.,Du bist immer zu spät.,
"Ik weet, datt datt swoorfallt.","Ich weiß, dass das schwerfällt.",
Miene Huus liekt diene.,Mein Haus ähnelt deinem.,
"Mi dücht, datt is to groot!","Ich denke, es ist zu groß!",
Ik mag ’n Winter.,Ich mag Winter.,
Goods daan is beters as goods seggt.,Gut getan ist besser als gut gesagt.,
He drunk Bier.,Er trank Bier.,
Waorüm maakst du keene Diät?,Warum machst du keine Diät?,
He het twe Böker schräven.,Er hat zwei Bücher geschrieben.,
Ik heff nüms to’n Snacken.,Ich habe niemanden zum Reden.,
Ik roop foorts en Dokter.,Ich werde sofort einen Arzt rufen.,
Dit is miene Schrievdisch.,Dies ist mein Schreibtisch.,
Se schall mi namiddag beseuken komen.,Sie wird mich heute Nachmittag besuchen kommen.,
Marcus hätt miene Book.,Markus hat mein Buch.,
"Deit mi leeg, ik heff di lange töven loten.","Entschuldige, ich habe dich lange warten lassen.",
Speel mi en bäten Chopin.,Spiel mir ein bisschen Chopin vor.,
Vonmorgen het datt musselt.,Heute früh hat es genieselt.,
De Wind hätt önnig weiht an den Dag.,Der Wind war stark an dem Tag.,
Miene Fransch is gresige.,Mein Französisch ist lausig.,
Woneem leevst du nu?,Wo lebst du nun?,
Uns Hund kuhlt siene Knaken in ’n Goorn in.,Unser Hund vergräbt seine Knochen im Garten.,
Gest du faken Neesblöden?,Hast du oft Nasenbluten?,
"Ik unn de Klöör von siene Hemd ich kennen, datt wees dor buten to düüster.","Ich konnte die Farbe seines Hemds nicht erkennen, denn es war zu dunkel draußen.",
He sett den Buer op ’n Eddelmann.,Er setzt den Bauern auf den Edelmann.,
Ik heff düsse Nacht goods toslapen.,Ich habe diese Nacht gut geschlafen.,
Ik bün bange vüör Rulltreppen.,Ich habe Angst vor Rolltreppen.,
"Regeln sünd dor, üm braken to warrt.","Regeln sind da, um gebrochen zu werden.",
Tom het al den ganzen Dag noch nix eten.,Tom hat den ganzen Tag noch nichts gegessen.,
He is Armeeoffzeer.,Er ist Armeeoffizier.,
Ik will Philosoph warrt.,Ich wollte Philosoph werden.,
Waorüm ween datt Baby?,Warum weint das Baby?,
Datt Lihren von en Frömdspraak feddern Gedüür.,Das Erlernen einer Fremdsprache erfordert Geduld.,
He drück mi tegen de Wand.,Er drückte mich gegen die Wand.,
Tom und Rias hebbt vüör twe Weken hieradt.,Tom und Maria haben sich vor zwei Wochen verheiratet.,
Tom und Rias hebbt vüör twe Weken hieradt.,Tom und Maria haben vor zwei Wochen geheiratet.,
Diene Neeslock is veele gröttern as miene.,Dein Nasenloch ist viel größer als meines.,
Wullt du en bäten Melk?,Möchtest du etwas Milch?,
Wullt du en bäten Melk?,Willst du ein bisschen Milch?,
Datt wees en gresigen Unfall.,Das war ein schrecklicher Unfall.,
Nüms hätt düssen Satz wegdaan.,Niemand hat diesen Satz gelöscht.,
Ik will na China.,Ich wollte nach China.,
Michael het Dora datt gäven.,Michael gab das Dora.,
Se hätt de hele Nacht roort.,Sie hatte die ganze Nacht geheult.,
Sünd ji alle Kanadier?,Seid ihr alle Kanadier?,
"De Schäpers tellt siene Schaap: „Een, twe, drie, veer, fief … eenhunnerd.“","Der Schäfer zählt seine Schafe: ""Eins, zwei, drei, vier, fünf ... einhundert.""",
Datt is en Zitronenboom.,Das ist ein Zitronenbaum.,
Mi kellt de Kusen.,Ich habe Zahnschmerzen.,
En Peerd het Tom beten.,Ein Pferd hat Tom gebissen.,
"Ik will jo ja gern helpen, man ik heff jüst to doot.","Ich würde euch ja gern helfen, aber ich bin gerade beschäftigt.",
Is Freedag en Disch för twe free?,Ist am Freitag ein Tisch für zwei frei?,
Se deed uns mit en Smüüstern begröten.,Sie begrüßte uns mit einem Lächeln.,
Is nech allen Gold wat blinkt.,"Es ist nicht alles Gold, was glänzt.",
Dor wören veele Lüdd.,Da waren viele Leute.,
De Kinners speelt mit datt Speeltüüg.,Die Kinder spielen mit dem Spielzeug.,
Ik seh diene Huus.,Ich sehe dein Haus.,
He hätt miene Geldbüdel nicht stahlen.,Er hat meinen Geldbeutel nicht gestohlen.,
Woveel Ogen harrn de Zykloop?,Wie viele Augen hatte der Zyklop?,
"Ik kan Tom ich utstahn, man ik heff em ok geern.","Ich hasse Tom, aber ich liebe ihn auch.",
He döggt för de Arbeit.,Er ist für die Arbeit geeignet.,
Dunn man tau!,Los dann!,
Dann man tau!,Dann fangen wir mal an.,
Waorüm stinkt datt huer so?,Warum stinkt das hier so?,
Dit Wöörbook het twölv Bänn.,Dieses Wörterbuch hat 12 Bände.,
Sett diene Mütz op.,Setz deine Mütze auf.,
Use Dochter hätt sick den Fingers an en Rietsticken verbrennen.,Unsere Tochter hat sich den Finger an einem Streichholz verbrannt.,
Ik gah na Arbeit.,Ich gehe arbeiten.,
"Unn ja ook angahn, datt he noch in ’n Stau steiht.","Es könnte ja auch sein, dass er noch im Stau steht.",
Se lachen em ut.,Sie lachten sie aus.,
Ik gah faken mit jem fisch.,Ich gehe oft mit ihnen fischen.,
Waorüm wullt du in ’t Butenland studeren?,Wieso willst du im Ausland studieren?,
Wannehr geihst du los?,Wann gehst du los?,
Lat datt dicht.,Lass es geschlossen.,
Lat datt dicht.,Lass das zu.,
Datt is nech in Wöör uttodrücken.,Das kann man nicht in Worte fassen.,
Datt verwachten de Briten von jemehr Köningin.,Das erwarten die Briten von ihrer Königin.,
Ik seh datt nicht.,Ich sehe es nicht.,
Ik bün ich goods in Eerdkunn.,Ich bin schwach in Erdkunde.,
Ik heff jüstso veele Geld as se.,Ich habe genauso viel Geld wie sie.,
Elk Vörjohr geit de Stroom huer övers de Över.,Jeden Frühling tritt der Fluss hier über die Ufer.,
Ik hol Tom för gefährlich.,Ich halte Tom für gefährlich.,
Datt is Woter op siene Möhl.,Das ist Wasser auf seine Mühle.,
Kunnst du Klock negen vörbikamen?,Können Sie um neun vorbeikommen?,
Gägen Dörst hölpt Kööm un Bier.,Gegen Durst helfen Kümmel und Bier.,
Se leest gern.,Sie liest gerne.,
Ik heff huer wohnt.,Ich habe hier gewohnt.,
Ik weet nech wat ik doot schall.,"Ich weiß nicht, was ich tun soll.",
Waorüm büs du dunn so fuchtig?,Warum bist du denn so fuchtig?,
Smöökt he toveel Zigaretten?,Raucht er zu viele Zigaretten?,
Ken deed sick blangen mi setten.,Ken setzte sich neben mich.,
Ik heff en Holtdisch.,Ich habe einen Holztisch.,
Ik harrn giern drie von düsse.,Ich hätte gerne drei von diesen hier.,
Rachter de Kimm liggt miene tohuus.,Hinter dem Horizont liegt mein Zuhause.,
Is noch Melk dor?,Ist noch Milch da?,
De Schriever deed Wien drinkt.,Der Schreiber hat Wein getrunken.,
De Schriever deed Wien drinkt.,Der Schreiber trank Wein.,
De Sünn güng rachter de Bargen ünner.,Die Sonne ging hinter den Bergen unter.,
Ik heff so lange op de Hacken seten bet miene Been doof worrn sünd.,"Ich hab so lange auf den Fersen gesessen, bis meine Beine taub geworden sind.",
Ik bün datt Gesett!,Das Gesetz bin ich!,
De Köhers dreven en Hood Keih tohoop.,Die Viehhirten trieben eine Herde Kühe zusammen.,
Ik heff mit Münten betohlt.,Ich bezahlte mit Münzen.,
He is för Dunast an ’t Stüür bestraaft worrn.,Er wurde für Trunkenheit am Steuer bestraft.,
"Datt Baguette ut datt Pakeet nehmen un in ’n vörbött Backaven bi 200 °C so 8 bet 10 Minuten, je nadem wo bruun datt warrt schall, op de middelste Plaat trechbacken.","Das Baguette aus der Packung nehmen und im vorgeheizten Backofen bei 200°C ca. 8-10 Minuten, je nach gewünschter Bräune, auf mittlerer Schiene fertigbacken.",
"Se süng en Leeg, von datt ik den Titel nicht kenn.","Sie sang ein Lied, dessen Titel ich nicht kenne.",
Tom speelt jüst Vigelien.,Tom spielt gerade Geige.,
Segg.,Sag es.,
Linda stünn op üm to süngen.,Linda stand auf um zu singen.,
Datt wees stickendüüster.,Es war zappenduster.,
Woneem het de Imm di staken?,Wo hat die Biene dich gestochen?,
Ik kan överall toslapen.,Ich kann überall schlafen.,
Wo geit di datt so?,Wie geht es dir so?,
Du böst in Europa!,Du bist in Europa!,
Rias is mien Dochter.,Maria ist meine Tochter.,
Tom hätt al wunnen.,Tom hat bereits gewonnen.,
He was mitn Heevschruver int Krankenhuus bröcht.,Er wurde mit dem Hubschrauber ins Krankenhaus geflogen.,
Ik bün to mööd to ’n Kladdern.,Ich bin zu müde zum Klettern.,
In ’n woveelten Maand bünt du swanger?,Im wievielten Monat bist du schwanger?,
Tom het keene Huus.,Tom hat kein Haus.,
De Aap füll von ’n Boom.,Der Affe fiel vom Baum.,
Wat is mallöört?,Was ist passiert?,
Wat is mallöört?,Was ist geschehen?,
Woneem sünd de Duuschen?,Wo sind die Duschen?,
Ik heff en Söön un en Dochter. De een is in New York un de annere in London.,Ich habe einen Sohn und eine Tochter. Die eine ist in New York und der andere in London.,
He hätt em en Pullover kofft.,Er kaufte ihm einen Pullover.,
Datt schall di gerüen!,Du wirst es bereuen!,
Datt schall di gerüen!,Das wirst du noch bereuen!,
Datt schall di gerüen!,Du wirst es noch bereuen!,
Wi tövt al en halve Stünn op di.,Wir warten schon eine halbe Stunde auf dich.,
Slaveree is en Verbreken tegen de Minschheid.,Sklaverei ist ein Verbrechen gegen die Menschheit.,
"Datt deit mi leeg. Ik nöhm trügg, wat ik seggt heff.","Es tut mir leid. Ich nehme zurück, was ich gesagt habe.",
De Supermarkt is apen.,Der Supermarkt ist offen.,
Datt Äten wees ich so dulle.,Das Essen war nicht so toll.,
Datt Äten wees nech so dulle.,Das Essen war nicht so doll.,
Mak nu diene Huusopgaven.,Mach jetzt deine Hausaufgaben.,
"Se hebbt freet, as se noch junge woren.","Sie haben geheiratet, als sie noch jung waren.",
Uns Schoolmeester utsnackt af un to to gau.,Unser Lehrer spricht bisweilen zu schnell.,
Frankriek grenzen an Spanien.,Frankreich grenzt an Spanien.,
Iesen warrn in ’n Schippbo brukt.,Eisen wird im Schiffbau verwendet.,
"Ik bruuk nicht to weten, ’keene us datt geven het.","Ich brauche nicht zu wissen, wer uns das gegeben hat.",
Ik baad elk Dag.,Ich bade jeden Tag.,
He maakt gern allen sülvens.,Er macht gern alles selbst.,
De Diek is opdröögt.,Der Teich ist ausgetrocknet.,
Dor lacht de Kraal.,Da lacht die Koralle.,
Wat is Glück?,Was ist Glück?,
He hätt en Dochter.,Er hatte eine Tochter.,
Ik gah to Foot.,Ich gehe zu Fuß.,
De Platz is free.,Der Platz ist frei.,
Woveel Liter Woter sünd dor in ’t Swemmbad?,Wie viel Liter Wasser sind in dem Schwimmbad drin?,
Tom utsnackt grood Russ’sch.,Tom spricht gerade Russisch.,
Roodhoorte Lüdd hebbt faken Sünnsprütten.,Rothaarige Menschen haben häufig Sommersprossen.,
Datt is aver en lütten Arvt!,Das ist aber eine kleine Erbse!,
"Se see uns, datt de Straat sparrt is.","Sie sagte uns, die Straße sei gesperrt.",
Ik heff di ich verstohn.,Ich habe dich nicht verstanden.,
Datt Huus mit datt gröne Dack hört mi to.,Das Haus mit dem grünen Dach gehört mir.,
Ik will ehr giern dropen.,Ich würde sie gerne treffen.,
Opstunns bün ik en bäten knapp bi Kass.,Im Moment bin ich ein bisschen knapp bei Kasse.,
Se harrn en Radio.,Sie hatte ein Radio.,
"Ik wohrschau di, gah dor nech hen.","Ich warne dich, geh nicht hin.",
He smirkst mit de Tung.,Er schnalzt mit der Zunge.,
Hess du ehr jüst ierst kennenlihrt?,Hast du sie gerade erst kennengelernt?,
Woneem is he?,Wo ist er?,
Het se en Süster?,Hat sie eine Schwester?,
Mi doon jümmerto de Been weh.,Mir tun ständig die Beine weh.,
Wi drinken uns Tee mit Sucker.,Wir trinken unseren Tee mit Zucker.,
Se hätt mi opmaal en Kuss gäven.,Sie hat mir auf einmal einen Kuss gegeben.,
Woneem kan ik telefoneren?,Wo kann ich hier telefonieren?,
Sünd al twe Weken vörbi un ik heff di nicht sehen.,Ich habe dich schon seit zwei Wochen nicht mehr gesehen.,
De Klock geit tein Minuten na.,Die Uhr geht zehn Minuten nach.,
Kan ik di binnen twintig Minuten wedder anropen?,Kann ich dich in den nächsten zwanzig Minuten zurückrufen?,
Utsnackt ji övers de Arbeit?,Sprecht ihr über die Arbeit?,
Dit is de eerste Kehr.,Das ist das erste Mal.,
Ik heff al lange ich mihr smökt.,Ich habe schon lange nicht mehr geraucht.,
Datt is keene Graffitis; datt is Banksy!,Es ist kein Graffiti; es ist Banksy!,
He is mit Afsicht op miene Foot peddt.,Er trat absichtlich auf meinen Fuß.,
Dor kenn ik mi nech ut.,Da kenne ich mich nicht aus.,
"De Insel in Japan, de opwiedst in ’n Süden is, is Okinawa.",Die südlichste Insel Japans ist Okinawa.,
Hebbt ji den Time-Artikel övers Asien leest?,Habt ihr den Time-Artikel über Asien gelesen?,
Wo gest du datt dann her?,Wo hast du das denn her?,
Sett di doch op den Stohl.,Setz dich doch auf den Stuhl.,
Datt kost för di 2000 Peseten.,Das kostet für dich 2.000 Peseten.,
"Wat mit us is, geit de doch an’n Moors vörbi.","Was mit uns ist, geht denen doch am Arsch vorbei.",
"„Moin, Tom!“ – „Moin, Rias!“","„Hallo, Tom!“ – „Hallo, Maria!“",
"Wenn ik groot bün, wull ik en Köning wäsen.","Wenn ich groß bin, will ich ein König sein.",
He singt gern in de Baadwann.,Er singt gerne in der Badewanne.,
Tom wüsch de Pötte un Pannen.,Tom wusch die Töpfe und Pfannen.,
Wat het se di toflüstert?,Was hat sie dir zugeflüstert?,
Sühst du de Lüdd in ’n Park?,Siehst du die Leute im Park?,
"Datt is en lichter, en Klock uteneentoboon as ehr wedder tohooptosetten.","Es ist leichter, eine Uhr auseinanderzunehmen, als sie wieder zusammenzusetzen.",
Hol diene Ogen apen.,Halt deine Augen offen.,
Miene grott Süster hätt Hoor bet na ehr Schullern.,Meine große Schwester hat schulterlanges Haar.,
Mary is groot.,Maria ist groß.,
"Se schell em ut, datt he to lat wees.","Sie schimpfte ihn aus, weil er zu spät war.",
Ik heff Woter in ’n Ammel füllt.,Ich habe Wasser in den Eimer gefüllt.,
Arbeden Tom un Rias noch?,Arbeiten Tom und Maria noch?,
"Chiro mag kene Litschis, he is en Kater.","Chiro mag keine Litschis, da er ein Kater ist.",
"Ik weet, datt du wettst, datt ik datt weet.","Ich weiß, dass du weißt, dass ich das weiß.",
Wi mœt us Huus verköpen.,Wir müssen unser Haus verkaufen.,
Moin Mimi! Wo geit di datt?,Hallo Mimi! Wie geht es?,
Dit Book hannelt von Steerns.,Dieses Buch handelt von Sternen.,
Ik kan nicht na datt böverste Fack recken.,Ich kann das oberste Fach nicht erreichen.,
Ik bün elk Abend tohuus.,Ich bin jeden Abend zu Hause.,
Dröff ik den Stoffsugers bruken?,Darf ich den Staubsauger benutzen?,
Se bröch de Kinners na Bedde.,Sie brachte die Kinder ins Bett.,
"Poppeer is witt, Kohlenstoff is swarte.","Papier ist weiß, Kohlenstaub ist schwarz.",
"He kan ich komen, he is krank.","Er kann nicht kommen, er ist krank.",
Düsse Schoh sünd to düür.,Diese Schuhe sind zu teuer.,
De Mann snack mit en depe Stemm.,Der Mann sprach mit einer tiefen Stimme.,
"Ik heff hört, datt du ook Breevmarken sammelst.","Ich habe gehört, dass du auch Briefmarken sammelst.",
Düsse Bruuk stammt ut de Edo-Tied.,Dieser Brauch stammt aus der Edo-Zeit.,
Ik drink nech veele Wien.,Ich trinke nicht viel Wein.,
Siene Weid is 20 Quadratmielen groot.,Seine Weide erstreckt sich über 20 Quadratmeilen.,
Waorüm studeerst du Fransch?,Warum studierst du Französisch?,
"Wi hebbt datt nicht henkregen, wat övers Oma un Opa ruttokriegen.","Es ist uns nicht gelungen, etwas über Oma und Opa herauszufinden.",
De Fraag deed em verbasen.,Die Frage erstaunte ihn.,
"Ik bün datt ich wennt, so behannelt to warrt.",Ich bin eine solche Behandlung nicht gewohnt.,
Vonavend gaht wi tibeetsch äten.,Heute Abend gehen wir tibetisch essen.,
Rußland is de gröttst Staat op de Welt un de Vatikaan is de lüttste Staat op de Welt.,Russland ist der größte Staat der Welt und der Vatikan ist der kleinste Staat der Welt.,
Datt wees en lang Nacht.,Es war eine lange Nacht.,
Ik mag Schokoladenies!,Ich mag Schokoladeneis!,
Ik mag Schokoladenies!,Ich mag Schokoladeneis.,
In ’n Pries sünd de Stüürn nech mit in.,Der Preis enthält keine Steuern.,
Dit Land is miene Egendom.,Dieses Land ist mein Eigentum.,
Drinkst du Alkohol?,Trinkst du Alkohol?,
Kau diene Äten goods un dunn kluck datt dal.,Kaue dein Essen gut und dann schlucke es hinunter.,
Wat maakt ji dor?,Was macht ihr da?,
Datt is en teemlich goden Idee.,Das ist eine sehr gute Idee.,
"Wat schall ik doot, wenn se starven?","Was soll ich tun, wenn sie stirbt?",
He deed wiedersnacken.,Er sprach weiter.,
Was he al jümmerto so?,War er schon immer so?,
Datt Handook is in ’t Bad.,Das Handtuch ist im Bad.,
Siene Reed het drie Stunnen duurn.,Seine Rede dauerte drei Stunden.,
Siene Reed hätt drie Stunnen duurn.,Seine Rede hat drei Stunden gedauert.,
Maria het sick wat to äten kofft.,Maria hat sich etwas zu essen gekauft.,
He kan nicht Gitarr speelen.,Er kann nicht Gitarre spielen.,
De Tweeschen ankeken na ’t Baby.,Die Zwillinge schauten nach dem Baby.,
Dit Joht hätt datt veele regen.,Dieses Jahr regnete es viel.,
"Du schußt wat äten, ehr du geihst.","Du solltest etwas essen, bevor du gehst.",
Sluut datt Door dicht.,Mach die Türe zu.,
"As ik de Vörhäng apen moken deed, snee datt.","Als ich die Vorhänge öffnete, schneite es.",
"Wat wünscht du di to Wiehnachten, Jenny?","Was wünschst du dir zu Weihnachten, Jenny?",
Ik heff em sehen.,Ich habe ihn gesehen.,
Datt is to siene Vördeel.,Es ist zu seinem Vorteil.,
"Ik heff jüst en Book leest, as he rinkeem.","Ich las gerade ein Buch, als er eintrat.",
Datt is verbaden bi de Arbeit to smeuken.,"Es ist verboten, während der Arbeit zu rauchen.",
Anter op de Fraag.,Antworte auf die Frage.,
Se het em datt Geld gäven.,Sie hat ihm das Geld gegeben.,
Tom is na de Arbeid glieks na Huus fohrt.,Tom fuhr nach der Arbeit gleich nach Hause.,
Se proovt den Ries.,Sie probieren den Reis.,
"Ik heff en Fründ, de in London wohnt.","Ich habe einen Freund, der in London wohnt.",
"Ik bün ich bange to seggen, wat ik denk.","Ich bin nicht bang zu sagen, was ich denke.",
"Tom dee, wat he mi versproken harrn.","Tom tat, was er mir versprochen hatte.",
De Ass an ’n Ackerwagen wees braken.,Die Achse an dem Ackerwagen war gebrochen.,
"Is datt datt, wat du wullt?","Ist es das, was du wolltest?",
He verdeint twintig Dollar an ’n Dag.,Er verdient zwanzig Dollar pro Tag.,
He verdeint twintig Dollar an ’n Dag.,Er verdient zwanzig Dollar am Tag.,
"Stimmt datt, datt Eerdfarken Miegremen freet?","Stimmt es, dass Erdferkel Ameisen fressen?",
Datt hess du verdeint.,Das hast du verdient.,
Ik bruuk faken SSH üm von annerwegens op miene Reekner roptokamen.,"Oft benutze ich SSH, um von anderswo auf meinen Computer zuzugreifen.",
Wat för en Huus gefallt di beters?,Welches Haus gefällt Ihnen mehr?,
Gode Ovend. Wo geit di datt?,Guten Abend. Wie geht es dir?,
Is datt de Buss na Oxford?,Ist das der Bus nach Oxford?,
Een Schluck künnt wi noch.,Einen Schluck können wir noch.,
Ik mag giern Krintenstuten äten.,Ich esse gerne Rosinenstuten.,
De Schmitt iss ´n wunnerbor Vigelienstrieker.,Herr Smith ist ein hervorragender Geiger.,
Lat uns en Kaffepaus moken.,Lass uns eine Kaffeepause machen.,
Datt Neeshoorn is tæmlich groot.,Das Nashorn ist sehr groß.,
Wo heet miene Dokter?,Wie heisst mein Doktor?,
In datt Graff leeg al en Liek.,In dem Grab lag schon eine Leiche.,
He utsnackt tein Spraken.,Er spricht zehn Sprachen.,
De Dichters schrieft veele Dichtels.,Der Dichter schrieb viele Gedichte.,
Ik bün Börger von de USA.,Ich bin ein US-Bürger.,
"Se harrn en Hoot op, de roor utsehn deed.","Sie trägt einen Hut, der komisch aussieht.",
Ik snack nech gern vüör Lüdd.,Ich spreche nicht gerne vor Menschen.,
De Rosen in ’n Goorn reekt goods.,Die Rosen im Garten riechen gut.,
Datt is to düür!,Das ist zu teuer!,
Datt is to düür.,Das ist zu teuer.,
Küsst mi.,Küsst mich.,
Amerikaner seggt dor Vietnam-Krieg to; de Vietnamesen seggt dor Amerikaansch Krigg to.,Die Amerikaner sagen Vietnam-Krieg dazu; die Vietnamesen sagen dazu Amerikanischer Krieg.,
"Wenn du Berliner magst, dann magst du wohrschienlich ook Amerikaner, de sünd jüstso sööt.","Wenn du Berliner magst, dann magst du wahrscheinlich auch Amerikaner, die sind genauso süß.",
Gah nicht övers de Straat!,Überquere nicht die Straße.,
Datt begünnt ich vüör halv negen.,Das fängt nicht vor halb neun an.,
Wat för een is diene Gitarr?,Welche ist deine Gitarre?,
Tell bet dörtig.,Zähl bis dreißig.,
Wi hebbt dor en gode Pries för kriegen.,Wir haben einen guten Preis dafür bekommen.,
Diene Stift is beters as miene.,Dein Stift ist besser als meiner.,
Sien Tähn föhlen sick ganz stuuv an.,Seine Zähne fühlen sich ganz stumpf an.,
Wi kinnt em.,Wir kennen ihn.,
Ik heff veele to doot.,Ich habe viel zu tun.,
Wi kinnt uns noch nech lange.,Wir kennen uns noch nicht lange.,
"In de tein Joht na ’n letzten Zensus is de Inwahnertall üm 7,15% daalt.","In den zehn Jahren nach der letzten Zählung ist die Einwohnerzahl um 7,15 % geschrumpft.",
Du sühst ja so tatergeel ut in ’t Gesicht!? Geit di datt nicht goods?,Du siehst ja so unheimlich gelb im Gesicht aus! Geht es dir nicht gut?,
Du kunnst huer ich äten.,Du kannst hier nicht essen.,
Tom hätt den Text in’t Franzöösche överrsett.,Tom hat den Text ins Französische übersetzt.,
He tövt op miene Anroop.,Er erwartet einen Anruf.,
Datt Fleesch is goods braden.,Das Fleisch ist gut gebraten.,
De Königin schall tokamen Joht in China to Besöök wäsen.,Die Königin wird nächstes Jahr in China zu Besuch sein.,
Caesar odder nix.,Entweder Caesar oder nichts.,
"Uns Huus het söven Komer, de Stuuv mittellt.","Unser Haus hat sieben Zimmer, das Wohnzimmer eingeschlossen.",
Ik heff keene Katte.,Ich habe keine Katze.,
He levt op ’n Topp von düssen Barg.,Er lebt oben auf diesem Berg.,
Ik heff een schreen hört.,Ich habe jemanden schreien gehört.,
Se is in ’n achten Maand swanger.,Sie ist im achten Monat schwanger.,
Gah doch na ’n Dokter!,Geh doch zum Arzt!,
Du büs en gode Fründ.,Du bist ein guter Freund.,
Schree nech so veele!,Schrei nicht so viel!,
Is datt sworer to vergäven odder to vergäten?,Ist es schwieriger zu verzeihen oder zu vergessen?,
Düsse Appel is önnig root.,Dieser Apfel ist ziemlich rot.,
"Wenn du diene Plicht nicht deist, dunn doon de Lüdd op di rafkieken.","Wenn du deine Pflicht nicht tust, werden die Leute auf dich herabschauen.",
Narr!,Narr!,
De Jund kofft en Hund.,Der Junge kauft einen Hund.,
Ik bün trech mit Blomengeten.,Ich bin fertig mit Blumengießen.,
De Mann hätt den ganzen Dag lange toslapen.,Der Mann hat den ganzen Tag lang geschlafen.,
Wat is datt för en Ding?,Was ist das für ein Ding?,
Kaam mit diene Noors ut ’e Puuschen!,Setz deinen Arsch in Bewegung!,
"Ik heff allen, wat ik wull.","Ich habe alles, was ich will.",
Mien Kamera is waterdicht.,Meine Kamera ist wasserfest.,
Du gest en bäten Ketchup op diene Slips kleckert.,Du hast ein bisschen Ketchup auf deinen Schlips gekleckert.,
Se keek an ’e Deek.,Sie schaute an die Decke.,
Düssen Film harrn ik giern sehen.,Diesen Film hätte ich gerne gesehen.,
Enkelt- odder Dubbeltkamer?,Einzel- oder Doppelzimmer?,
De Kerk is op de annern Stratensied.,Die Kirche ist auf der anderen Straßenseite.,
Se schellen Tuffeln.,Sie schält Kartoffeln.,
He stööt mit ’n Dööts gägen de Deek.,Er stieß mit dem Kopf gegen die Decke.,
Se is minner plietsch as du.,Sie ist weniger intelligent als du.,
De USA grenzen in ’n Noorden an Kanada.,Die USA grenzen im Norden an Kanada.,
Weer bedankt för datt Verbetern.,Danke für die Korrektur.,
"Ik warr allen doot, üm jo to gefallen.","Ich werde alles tun, um euch zu gefallen.",
"’Keene krüppt, kan ich strumpeln!","Wer kriecht, kann nicht stolpern!",
Alltohoop wören datt tein Eier.,Zusammen waren es zehn Eier.,
Magst du swart Katten?,Magst du schwarze Katzen?,
He utsnackt gau.,Er redet schnell.,
Datt Pidgin het kene Modersprekers.,Das Pidgin hat keine Muttersprachler.,
Dor is noog Äten för alle dor.,Es ist genug Essen für alle da.,
Datt is tohoop Tüdelkraam!,Das ist völliger Quatsch!,
"Ik heff di dulle misst, as du in Frankriek weerst.","Ich habe dich sehr vermisst, als du in Frankreich warst.",
De Straat is vonwegen en Unfall sparrt.,Die Straße ist aufgrund eines Unfalls gesperrt.,
"Ik verstoh nech, wat de Autor dor mit seggen wull.","Ich verstehe nicht, was der Autor damit sagen will.",
"Se hätt so daan, as wenn se nix weet.",Sie hat so getan als wüsste sie nichts.,
Ik wees von de Arbeit kumplett kaputt.,Ich war von der Arbeit total erschöpft.,
Ik schenk ehr datt.,Ich schenke es ihr.,
Se itt jüst Meddag.,Sie isst gerade zu Mittag.,
Ik bün jümmerto noch döstig.,Ich bin immer noch durstig.,
De Atoombomb is en grott Gefohr för de Minschheid.,Die Atombombe ist eine große Gefahr für die Menschheit.,
Ik wull dor nicht övers kören.,Ich will nicht darüber sprechen.,
"Segg mi, waorüm as se ween.","Sag mir, warum sie weint.",
"Segg mi, waorüm as se ween.","Sage mir, warum sie weint.",
He kreeg mi bi ’n Kanthaak.,Er packte mich am Kragen.,
Kiek di maol dit Bild an.,Schau dir mal dieses Bild an.,
Datt is gloodnee.,Es ist brandneu.,
Yōko kan sick keene Reekner köpen.,Yōko kann sich keinen Rechner kaufen.,
Dor woren man söss Lüdd op de Party.,Es waren nur sechs Leute auf der Party.,
Jung Lüdd draagt faken snaaksche Kledaasch.,Teenager tragen oft seltsame Kleidung.,
Se is rachter allen achterkamen! Ik arme Stackel!,Sie hat alles entdeckt! Ich Armer!,
Ik heff al en Plaan.,Ich habe schon einen Plan.,
He is üm Middernacht ankamen.,Er ist um Mitternacht angekommen.,
Ik heff een grölen hört.,Ich habe jemanden grölen gehört.,
Ik will jo datt seggen.,Ich wollte es euch sagen.,
"Ik hööp, datt uns Soldaten winnt.","Ich hoffe, dass unsere Soldaten siegen werden.",
De General keem sünner siene Adjudant.,Der General kommt ohne seinen Adjudanten.,
De Jund keek in de Komer.,Der Junge schaute in das Zimmer.,
"Böhr de Hand, wenn du de Antwoort wettst.","Hebe die Hand, wenn du die Antwort weißt.",
Kunnst du datt bewiesen?,Kannst du das beweisen?,
Wi fröhstücken Klock söven.,Wir frühstücken um sieben Uhr.,
Ik schell di en Appelsien.,Ich schäle dir eine Orange.,
Ik schell di en Appelsien.,Ich schäl dir eine Orange.,
Nüms deed datt verstaht.,Niemand verstand es.,
De Wehdaag wees ich uttoholen.,Der Schmerz war nicht auszuhalten.,
Du schullst en poor Daag lange nech na buten gohn.,Du solltest ein paar Tage lang nicht rausgehen.,
He het drie Döchter.,Er hat drei Töchter.,
Se sünd in Tranen utbraken.,Sie sind in Tränen ausgebrochen.,
Driggst du gern Nogellack?,Trägst du gern Nagellack?,
Heff jümmerto diene Wöörbook bi ’e Hand.,Habe immer ein Wörterbuch bei der Hand.,
Wat rummelt dor dann so?,Was grummelt da denn so?,
Du schußt mi datt beters nu seggen.,Du solltest es mir besser jetzt sagen.,
He nehm ehr Geschenk an.,Er nahm ihr Geschenk an.,
Jo un nee.,Ja und nein.,
Jo un nee.,Jein.,
De Vulkaan kan alltied utbreken.,Der Vulkan kann jederzeit ausbrechen.,
He hätt en goods Alibi.,Er hat ein gutes Alibi.,
Woveel Eilannen het Nederland?,Wie viele Inseln haben die Niederlande?,
De Wolga is mit 3530 Kilometer de längste Stroom in Europa.,Die Wolga ist mit 3530 km der längste Fluss in Europa.,
Ji sünd to fröh komen.,Ihr seid zu früh gekommen.,
Ik bün rachter em her.,Ich bin hinter ihm her.,
Magst du Plummenkoken?,Magst du Pflaumenkuchen?,
Dor is en Watermöhl övers de Brügg.,Da ist eine Wassermühle über der Brücke.,
Ik wasch jüst af.,Ich wasche gerade ab.,
He harrn een Dochter.,Er hatte eine Tochter.,
He schull inlaadt warrt.,Er sollte eingeladen werden.,
Geld regeert de Welt.,Geld regiert die Welt.,
Na ’n Ünnerricht speel ik Gitarr.,Nach dem Unterricht spiele ich Gitarre.,
Se hätt drie Bröder.,Sie hat drei Brüder.,
"Datt düürt mi, datt ik dor hengohn bün.","Ich bedaure, dass ich dort hingegangen bin.",
He lach.,Er lachte.,
Datt wees pickdüüster.,Es war stockduster.,
Is allen trech?,Ist alles fertig?,
Allen is trech.,Alles ist fertig.,
Ik heff jüst Meddag äten.,Ich habe gerade zu Mittag gegessen.,
He deed sick op datt Bedde setten.,Er setzte sich auf das Bett.,
Düsse Kist wiggt en Tünn. Wat is dor in?,Diese Kiste wiegt eine Tonne. Was ist da drin?,
Hess du di al de Hannen wuschen?,Hast du dir schon die Hände gewaschen?,
Se wees dapper.,Sie war tapfer.,
Wi hebbt övers den Andrag afstimmt.,Wir haben über den Antrag abgestimmt.,
Speelst du mit miene Fööt rüm?,Spielst du mit meinen Füßen?,
De Diekboo is för de Fresen alltied en Saak van Belang west.,Der Deichbau ist für die Friesen immer eine wichtige Sache gewesen.,
Ik wull ok Melk.,Ich will auch Milch.,
De Büx is to groot.,Die Hose ist zu groß.,
Datt weet man God.,Das weiß nur Gott.,
Kiek nicht trügg.,Schau nicht zurück.,
He is ich so groot.,Er ist nicht so groß.,
Waorüm sünd ji utneiht?,Warum seid ihr weggelaufen?,
De Kiekschapp geit nech.,Der Fernseher funktioniert nicht.,
Ik wull se wat fragen.,Ich will sie etwas fragen.,
"Datt is allen, wat ik övers em weet.","Das ist alles, was ich über ihn weiß.",
De Mannslüüd sünd op Jacht na Löwen gohn.,Die Männer sind auf Löwenjagd gegangen.,
Hebbt ji veele drunken?,Habt ihr viel getrunken?,
Ik harrn datt Geld nehmen schullen.,Ich hätte das Geld nehmen sollen.,
Is datt schier Gold?,Ist das reines Gold?,
Bi datt Unglück het he en Arm verlorene.,Bei dem Unglück verlor er einen Arm.,
Datt füng an bannig to plästern.,Das fing mächtig an zu regnen.,
"Ik heff nix seggt, man datt hätt em füünsch maakt.","Ich habe nichts gesagt, aber das hat ihn wütend gemacht.",
Opmaal bliev he staht un keek sick üm.,Plötzlich blieb er stehen und blickte sich um.,
"De swart Katz het snurrt, as se straakt worrn is.","Die schwarze Katze schnurrte, als sie gestreichelt wurde.",
"De swart Katte hätt snurrt, as se straakt worrn is.","Die schwarze Katze hat geschnurrt, als ob man sie streicheln würde.",
De Proppentrecker is Murks.,Der Korkenzieher ist eine Fehlkonstruktion.,
"Bi de Olympschen Speelen warrn en Goldmedalje för ’n eersten Platz, en Sülvermedallj för ’n tweeten Platz un en Bronzmedallj för ’n drüdde Platz utgäven.","Bei den olympischen Wettkämpfen wird eine Goldmedaille für den ersten Platz, eine Silbermedaille für den zweiten Platz und eine Bronzemedaille für den dritten Platz verliehen.",
Se liggt al twe Maand in ’t Krankenhuus.,Sie liegt schon zwei Monate im Krankenhaus.,
Afkennst du düsse Daam?,Kennst du diese Dame?,
De Mann itt Broot.,Der Mann isst Brot.,
Datt Läven is veele to kott för en lange Gesicht.,Das Leben ist viel zu kurz für ein langes Gesicht.,
Düsse Fischen sünd hoge Druck un datt Afwesen von Licht wennt.,Diese Fische sind hohen Druck und an die Anwesenheit von Licht gewöhnt.,
Elkeen het dusende Dollar betohlt.,Jeder zahlte tausend Dollar.,
Du sühst kregel ut.,Du siehst munter aus.,
Tom geit geern an’n Strand.,Tom geht gerne an den Strand.,
Wull Jenny na Huus?,Möchte Jenny nach Hause?,
Se bleven dor sitten.,Sie blieben dort sitzen.,
He is duun.,Er ist betrunken.,
Selter is al dor.,Mineralwasser ist schon da.,
De bunten Bökenbüsch in ’n Harvst gefallt mi bannig.,Die bunten Buchenwälder im Herbst gefallen mir sehr.,
De Seed is vull mit Fischen.,Der See ist voller Fische.,
Ik warr em doodscheten.,Ich werde ihn erschießen.,
"Kiek mi in de Ogen un segg mi, datt du datt nicht daan gest.","Schau mir in die Augen und sag mir, dass du es nicht getan hast.",
Mööt wi för dne Kurs en Book köpen?,Müssen wir für den Kurs ein Buch kaufen?,
Se unn keene Fleeg wat andoon.,Sie kann keiner Fliege was zu Leide tun.,
De Kamerdeern is noch ich komen.,Das Zimmermädchen ist noch nicht gekommen.,
Datt Kollosseum is datt Wohrteken von Room.,Das Colloseum ist das Wahrzeichen von Rom.,
Tom will us nech up sien Fier hebben.,Tom wollte uns nicht auf seiner Feier haben.,
Wettst du noch?,Weißt du noch?,
Wi sünd drie Joht verheirodt.,Wir sind seit drei Jahren verheiratet.,
"In ’n Winter drink ik lever warme Sake, in ’n Sommer lever kolen.","Im Winter trinke ich lieber warmen Sake, im Sommer trinke ich lieber kalten.",
He hätt nüms sehen.,Er hat niemanden gesehen.,
Wullt du mit na mi komen un Pannkoken äten?,Möchtest du zu mir kommen und Pfannkuchen essen?,
Maakt wi datt gliek trech.,Erledigen wir das sofort.,
Ik bün fett.,Ich bin fett.,
Wo hoog is düsse Toorn?,Wie hoch ist dieser Turm?,
"Mi wœr wol vergeven, wenn ik datt dä.","Mir würde wohl vergeben, wenn ich das täte.",
Em lückt eenfach allen.,Ihm gelingt einfach alles.,
Datt is en Sackstraat.,Das ist eine Sackgasse.,
Se kriggt en ganzen Hümpel Snee in Hokkaido.,In Hokkaidō gibt es eine Menge Schnee.,
"Jim, sluut datt Finsters.","Jim, schließe das Fenster.",
De Lüdd sünd alltiet fründlich.,Die Leute sind immer freundlich.,
"Ik heff mi jüst fraagt, wat för Spraken du snacken kunnst.","Ich fragte mich gerade, welche Sprachen du sprechen kannst.",
Wat wull datt vun mi?,Was will sie von mir?,
Ik krigg in ’n Winter faken en Snööv.,Ich erkälte mich oft im Winter.,
De Vogels singt.,Die Vögel singen.,
In de vergangen tein Joht sünd de Priesen üm föfftig Perzent instegen.,In den letzten zehn Jahren sind die Preise um 50 Prozent gestiegen.,
Alle Bläder von ’n Boom sünd geel worrn.,Alle Blätter des Baums sind gelb geworden.,
He mag italieensche Äten.,Er mag italienische Speisen.,
Hebbt wi uns al eens dropen?,Haben wir uns schon mal getroffen?,
Ut de Feerne lüggt sick datt licht.,Aus der Ferne lügt es sich leicht.,
Bringen wi datt gau rachter uns.,Bringen wir es schnell hinter uns!,
Siene Hoor is lange.,Seine Haare sind lang.,
Woneem hebbt ji jo kennenlihrt?,Wo habt ihr euch kennengelernt?,
Willkommen!,Willkommen!,
Hess du al mal son gode Film sehen?,Hast du jemals einen so guten Film gesehen?,
De Maisebbers burren liesen vüör sick hen un de Immen brummen un elk Vogel süng so goods he unn; överall wees Gesang un Freid.,"Die Maikäfer murmelten leise vor sich hin und die Bienen summten, und jeder Vogel sang, so gut er konnte; überall war Gesang und Freude.",
De Kiekschapp wull nicht mihr angahn.,Der Fernseher will nicht mehr angehen.,
Justin Bieber is beröhmter as Katie Holmes.,Justin Bieber ist berühmter als Katie Holmes.,
Frohen 4. Juli!,Alles Gute zum 4. Juli!,
"Datt heet, de Wikingers hebbt Amerika noch vüör Kolumbus opdeckt.","Es heißt, die Wikinger hätten Amerika noch vor Kolumbus entdeckt.",
’Keene schall den Hoot ophebben?,Wer soll den Hut aufhaben?,
Diene Küss smeckt na Kaneel.,Deine Küsse schmecken nach Zimt.,
"Tom deed root warrt, as he Mary naakt sehen deed.","Tom wurde rot, als er Maria nackt sah.",
Ik kaam jüst ut de Duusch.,Ich komme gerade aus der Dusche.,
Ik hör Musiek.,Ich höre Musik.,
Du schullst di de Hoor snieden loten.,Du solltest dir die Haare schneiden lassen.,
He driggt en Brill.,Er trägt eine Brille.,
De Tokaido-Lien is in Tokyo toenn.,Die Tokaido-Linie endet in Tokio.,
Miene Naversch het ehr Huus kumplett reneveert.,Meine Nachbarin hat ihr Haus vollständig renoviert.,
Ik snack Interlingua.,Ich spreche Interlingua.,
He hätt en Hund un söss Katten.,Er hat einen Hund und sechs Katzen.,
Ik wees dor en poor Maol.,Ich war dort ein paar Mal.,
Nüms in siene Klass is gauen as he.,Niemand in seiner Klasse ist schneller als er.,
Weer still.,Sei still.,
De Olympschen Speelen sünd alle veer Joht.,Die Olympischen Spiele finden alle vier Jahre statt.,
’Keene levt in datt Huus?,Wer lebt in diesem Haus?,
Ik seeg den Fleger datt Gebüüd binnenstöten.,Ich sah das Flugzeug ins Gebäude stürzen.,
Ik seeg den Fleger datt Gebüüd binnenstöten.,"Ich sah, wie das Flugzeug in das Gebäude stürzte.",
"Wenn ik en Vugel wees, dunn unn ik na di henflegen.","Wenn ich ein Vogel wäre, könnte ich zu dir fliegen.",
Rias wohnt in Kairo.,Maria wohnt in Kairo.,
"Du gest so schöön Hoor, Wat för en Schampoo bruukst du?",Du hast so schönes Haar. Was für ein Shampoo benutzt du?,
Magdalena un Ania sünd alle beid ut Polen.,Magdalena und Ania sind beide aus Polen.,
Ik wull di en gode Raat gäven.,Ich will dir einen guten Rat geben.,
Ik heff Lust Esperanto to lihren.,"Ich habe Lust, Esperanto zu lernen.",
Willkommen trügg. Wi hebbt di misst!,Willkommen zurück. Wir haben dich vermisst!,
Lat mi datt noch ees wedder versöken.,Lassen Sie es mich nochmal probieren.,
Dor sprickt nix tegen.,Es steht nichts entgegen.,
"„Schullt wi Kregen speelen?“ „Jo, waorüm ich.“","„Wollen wir Fangen spielen?“ — „Ja, gerne!“",
Datt is Tom siene Knief.,Das ist Toms Messer.,
’Keene het dit Gedicht schräven?,Wer schrieb dieses Gedicht?,
"Datt is nech licht, mit Kried to schrievt.","Es ist nicht leicht, mit Kreide zu schreiben.",
Dichter verglieken faken den Dood mit ’n Slaap.,Dichter vergleichen oft den Tod mit dem Schlaf.,
En Voss hätt de Küken ut ’n Stall stahlen.,Ein Fuchs hat die Küken aus dem Stall gestohlen.,
Düsse Katz slöppt gern an miene Siet.,Diese Katze schläft gerne an meiner Seite.,
Ik gah elk Dag na Kerk.,Ich gehe jeden Tag in die Kirche.,
Ik heff twe Stunnen sungen.,Ich habe zwei Stunden lang gesungen.,
"Ik wees en Nachtuul, aver nu kaam ik al jümmerto fröh op.","Ich war ein Nachtmensch, aber jetzt bin ich ein Frühaufsteher.",
He het en Sünnbrand op ’n Rügg.,Er hat einen Sonnenbrand auf dem Rücken.,
"’Keene wat to hunnert Perzent weet, weet wohrschienlich to wenig.","Wer hundertprozentig sicher ist, weiß wahrscheinlich zu wenig.",
Waorüm is se huer?,Warum ist sie hier?,
Ik stell den Wecker op söss.,Ich stelle den Wecker auf sechs.,
Ik wull en Tass Kaffee drinkt.,Ich möchte eine Tasse Kaffee trinken.,
Ik wis jo mal en poor.,Ich zeige euch mal ein paar.,
Tom is so gau as en Leopard.,Tom ist so schnell wie ein Leopard.,
Nachtens sünd alle Katten grau.,Nachts sind alle Katzen grau.,
Nachtens sünd alle Katten grau.,In der Nacht sind alle Katzen grau.,
Graav en deep Pütt.,Grabe ein tiefes Loch.,
Graav en deep Pütt.,Grabe einen tiefen Brunnen.,
Woneem sünd wi?,Wo sind wir?,
"„Ik heff Tom und Rias froogt, waorüm se nien heirodt hebbt.“ – „Un wat hebbt se antwoordt?“","„Ich habe Tom und Maria gefragt, warum sie nie geheiratet hätten.“ – „Und was haben sie geantwortet?“",
"Weet ji, wat UNESCO heet?","Wisst ihr, was UNESCO heißt?",
Se röppt em jede Nacht an.,Sie ruft ihn jede Nacht an.,
Kunnst du en bäten langsamer snacken?,Kannst du ein bisschen langsamer sprechen?,
"Tom unn sehen, datt Marie datt Kunzert nicht genaten harrn.","Thomas sah Maria an, dass sie das Konzert nicht genossen hatte.",
Miene Schuller deit mi weh.,Mir tut die Schulter weh.,
Ik bün Georg.,Ich bin Georg.,
Mien Kinners sünd in ’e School.,Meine Kinder sind in der Schule.,
Wenen hölpt ich gägen Wehdaag.,Weinen hilft nicht gegen Schmerzen.,
Du musst di op datt Slimmste instellen.,Du musst dich auf das Schlimmste vorbereiten.,
Se is mallerig.,Sie ist verrückt.,
Ik kenn diene Vörnaam.,Ich kenne deinen Vornamen.,
Woveel Nachten blifft Se?,Wie viele Nächte bleiben Sie?,
He is de Öllste von jem.,Er ist der älteste von ihnen.,
"Ik freu mi, di weddertosehn.","Ich freue mich, dich wiederzusehen.",
He hätt datt ut Jux seggt.,Er sagte das im Scherz.,
Se is en goden Kööksch.,Sie ist kein guter Koch.,
Bill is nech so groot as Bob.,Bill ist nicht so groß wie Bob.,
De Laag is slechter worrn.,Die Lage hat sich verschlechtert.,
Deist du mi en Kluuntje in miene Koffie?,Tust du mir ein Stückchen Zucker in meinen Kaffee?,
Dit Book heff ik socht.,Dieses Buch habe ich gesucht.,
Düsse Koken smeckt to sööt.,Dieser Kuchen schmeckt zu süß.,
Wo kan ik in ’n Himmel komen?,Wie kann ich in den Himmel kommen?,
He utsnackt Japaanschen as en Japaners.,Er spricht Japanisch wie ein Japaner.,
De Grenzt von miene Spraak sünd de Grenzt von miene Welt.,Die Grenzen meiner Sprache bedeuten die Grenzen meiner Welt.,
Stell datt Radio luder. Ik hör nix.,Stell das Radio lauter. Ich höre nichts.,
Wat is diene leevste Tall?,Was ist deine liebste Zahl?,
Wat is diene leevste Tall?,Was ist deine Lieblingszahl?,
De Seed Biwa keem in Sicht.,Der Biwa-See kam in Sicht.,
Datt hört huer nicht hen.,Das gehört nicht hierhin.,
Waorüm is Malteesch ich in ’e List mit Spraken mit in?,Warum ist Maltekisch nicht in der Sprachliste drin?,
Waorüm is Malteesch nech in ’e List mit Spraken mit in?,Warum ist Maltesisch nicht in der Sprachliste drin?,
"Datt geit nicht, bi WoW en Jedi to speelen.",Es ist nicht möglich bei WoW einen Jedi zu spielen.,
"Segg Rias, datt ik ehr leif heff!","Sage Maria, dass ich sie liebe!",
Wat is los mit di?,Was ist los mit dir?,
Wettst du wannehr de Laden slütt?,"Weißt du, wann der Laden schließt?",
"„Sprickt ji Düütsk?“ – „Nä, ik bün Französin.“","„Sprechen Sie Deutsch?“ – „Nein, ich bin Französin.“",
Se deden sick gegensiedig ansmüüstern.,Sie lächelten sich gegenseitig an.,
Susan hört giern Musiek.,Susan hört gerne Musik.,
Ik swemm meist elk Dag.,Ich schwimme fast jeden Tag.,
Datt Book liggt up’n Kiekkasten.,Das Buch liegt auf dem Fernseher.,
"Ik heff versöch, de Melodie butenkopps to lihren.","Ich habe versucht, die Melodie auswendig zu lernen.",
Ik will gern en Foto von di hebben.,Ich würde gern ein Foto von dir haben.,
"Slaap sachten, Sean.","Schlafe gut, Sean.",
YouTube is keene goden Websteed.,YouTube ist keine gute Website.,
Siene Huus steiht to ’n Verkoop.,Sein Haus steht zum Verkauf.,
Wullt du datt nu sehen?,Willst du es jetzt sehen?,
Wullt du datt nu sehen?,Willst du das nun sehen?,
Düsse Kinners sünd blied.,Diese Kinder sind fröhlich.,
De Düwel het Hiroshima un Nagasaki toschannen slahn.,Der Teufel hat Hiroshima und Nagasaki zerstört.,
"Wis mi de Fotos, de du in Paris opnahmen hess.","Zeige mir die Fotos, die du in Paris aufgenommen hast.",
Waorüm sünd de ich tau mi kamen?,Warum sind die nicht zu mir gekommen?,
"Ik heff nüms, wo ik mit snacken kan.","Ich habe niemanden, mit dem ich sprechen kann.",
Benehm di as en jungen Mann.,Benimm dich wie ein junger Mann.,
De Rekter deed elkeen von de Schoolafgängers de Hannen schüdden.,Der Rektor schüttelte jedem Schulabgänger die Hand.,
Settst du di nech op miene Kneen?,Setzt du dich nicht auf meine Knie?,
Japan is en rieke Land.,Japan ist ein reiches Land.,
Se leeg de Tietschrift op den Disch.,Sie legte die Zeitschrift auf den Tisch.,
Jedereen kinnt em.,Alle kennen ihn.,
Mayuko kan Fohrrad fohren.,Mayuko kann Fahrrad fahren.,
"Alle Kinners müssen na Bedde, ehrdat datt buten düüster warrt deed.","Alle Kinder mussten ins Bett, bevor es dunkel wurde.",
"Kunnst du mi seggen, wo datt üm geit?","Kannst du mir sagen, worum es geht?",
"Wat hebbt ji jüst maakt, as ik vonmorgen anropen heff?","Was habt ihr gerade gemacht, als ich heute Morgen angerufen habe?",
Du schallst datt schaffen.,Du wirst es schaffen.,
Lange schall de Sowjetunion läven!,Lang lebe die Sowjetunion!,
Ik heff em faken sehen.,Ich habe ihn oft gesehen.,
He is jüst ankamen.,Er ist gerade angekommen.,
Ik heff miene Klock verlorene.,Ich habe meine Uhr verloren.,
De Sünn is groot.,Die Sonne ist groß.,
Wi hebbt veele Alkohol drunken.,Wir haben viel Alkohol getrunken.,
Dor is keene Sucker.,Es ist kein Zucker da.,
Ik heff Dörst. Giff mi mol wat Koles to drinkt.,Ich habe Durst. Gib mir bitte etwas Kaltes zu trinken.,
Waorüm lihrst du Düütsch?,Warum lernst du Deutsch?,
Ik kan em nicht noog danken.,Ich kann ihm nicht genug danken.,
Du schußt ich na School gohn.,Du solltest nicht zur Schule gehen.,
Du schullst nech na School gohn.,Du solltest nicht in die Schule gehen.,
En Waal is lieker veele en Fischen as en Peerd datt is.,Ein Wal ist genauso viel Fisch wie es ein Pferd ist.,
"Segg mi, waorüm as he nicht dor wees.","Sag mir, warum er abwesend war.",
Waorüm is se ehrder na Huus komen?,Warum ist sie früher nach Hause gekommen?,
He harrn en Dochter.,Er hatte eine Tochter.,
Lat uns trügggahn.,Lass uns zurückgehen.,
He arbeiden in de Bueree.,Er arbeitet in der Landwirtschaft.,
Ji schöölt beters keene Alkohool mihr drinkt.,Ihr solltet besser keinen Alkohol mehr trinken.,
Ik kan düssen Steen ich lüchten.,Ich kann diesen Stein nicht heben.,
"Ries maakt dicke, eet dor nech toveel von!","Reis macht dick, iss nicht zu viel davon!",
"Wat he övers Ingland seggt hätt, datt is wohr.","Was er über England gesagt hat, ist wahr.",
"Sushi is goods, man thailandsch Äten is beters.","Sushi ist gut, aber thailändisches Essen ist besser.",
"Kiek, kiek!","Schau, schau!",
Ik heff datt Book nicht kofft.,Ich habe das Buch nicht gekauft.,
Frisch Aavt is goods för diene Sundheid.,Frisches Obst ist gut für deine Gesundheit.,
Se het ehrn Autoslötels verlorene.,Sie hat ihren Autoschlüssel verloren.,
De Ünnerricht anfangt halvig negen an.,Der Unterricht beginnt um 08:30 Uhr.,
Wat hätt he seggt?,Was hat er gesagt?,
He het wat seggt.,Er hat etwas gesagt.,
He is praat na Kanada to gohn.,Er ist bereit nach Kanada zu gehen.,
De Snee wees kneedeep.,Der Schnee war knietief.,
Düsse Disch is swor.,Dieser Tisch ist schwer.,
Datt Kind deed sick övers datt Geschenk freit.,Das Kind freute sich über das Geschenk.,
"Tieger levt in ’n Dschungel, Löwen in de Savann.","Tiger leben im Dschungel, Löwen in der Savanne.",
Ik kenn em ich.,Ich kenne ihn nicht.,
Datt is jümmerto so wäsen.,Das ist immer so gewesen.,
Ik kan Tom nech sünnerlich lieden.,Ich mag Tom nicht besonders.,
"Ik dröff in miene Daagbook schrievt, wat ik wull.","Ich darf in mein Tagebuch schreiben, was ich will.",
"Gode Abend! Ik bün Rias, en Fründin vun Tom.","Guten Abend! Ich bin Maria, eine Freundin von Tom.",
Mi doon alle Knaken weh.,Mir tun alle Knochen weh.,
Haal mi datt Book.,Hol mir das Buch.,
Se hebbt en Deel von de Wand dalreten.,Sie rissen einen Teil der Wand nieder.,
Tom hätt en Fru un twe Kinners.,Tom hat eine Frau und zwei Kinder.,
"Se is Elizabeth nöömt worrn, na ehr Tante.",Sie bekam den Namen Elisabeth nach ihrer Tante.,
Is datt Latien?,Ist das Latein?,
Ik heff datt Slötelbund in ’e Tasch.,Ich trage den Schlüsselbund in der Tasche.,
He will jüst toslapen gohn.,Er wollte gerade schlafen gehen.,
De Temperatur fallt.,Die Temperatur fällt.,
Treck en Lien von A na B.,Ziehe eine Linie von A nach B.,
Yukio Mishima het sick 1970 datt Läven nohmen.,Yukio Mishima nahm sich 1970 das Leben.,
Datt is al Dag; de lang Nacht is vörbi.,"Es wurde Tag, die lange Nacht ist vorbei.",
"Ik bün Noelia, un du?","Ich bin Noelia, und du?",
"Ik bün Noelia, un du?","Ich bin Noelia, und wer bist du?",
Dit Woter smeckt goods.,Dieses Wasser schmeckt gut.,
Uns Vöröllern kemen vüör 150 Joht in dit Land an.,Unsere Vorfahren kamen vor 150 Jahren in diesem Land an.,
Datt Hotel is afbrennt.,Das Hotel brannte ab.,
Séamas Mhicí Sheáin is vergangen Joht dootbleven.,Séamas Mhicí Sheáin ist vergangenes Jahr gestorben.,
Ik seet blangen em.,Ich saß neben ihm.,
"Denk dor övers na, wat du daan gest.","Denk darüber nach, was du getan hast.",
Wor maakst du datt för?,Warum machst du das?,
Ik do ’t nicht wedder.,Ich tu's nicht wieder.,
Tom un Rias wüllt datt ich mehr.,Tom und Maria wollen das nicht mehr.,
Schall ik jümmerto goods tomood wäsen?,Sollte ich immer guter Laune sein?,
Ik häb et in de Treckt daon.,Ich habe es in die Schublade gesteckt.,
De Bläder seilt een na ’t annere an ’e Eerd.,Die Blätter segeln eins nach dem anderen auf den Boden.,
Is datt de Bahnhoff?,Ist das der Bahnhof?,
Ik harrn giern en Sandwich.,Ich hätte gern einen Sandwich.,
Datt regen huer meist nien.,Es regnet hier fast nie.,
Ik heff en Poor Hanschen kofft.,Ich habe ein Paar Handschuhe gekauft.,
"Ik heff dissen Satz nech ut datt Fransche, man ut datt Russ’sche överrsett.","Ich habe diesen Satz nicht aus dem Französischen, sondern aus dem Russischen übersetzt.",
Üm un bi alle söss Stunnen hebbt wi Ebb.,Ungefähr alle sechs Stunden haben wir Ebbe.,
Ik heff in miene Tung bäten bet se blöden deed.,"Ich habe in meine Zunge gebissen, bis sie blutete.",
"Ik gläuv, Tom is bange vüör Slangen.","Ich glaube, Tom hat Angst vor Schlangen.",
Wi kinnt ehr nicht.,Wir kennen sie nicht.,
Du hess so glaue Ogen.,Du hast so schöne Augen.,
Ik heff huer tein Joht lange arbeden.,Ich habe hier zehn Jahre lang gearbeitet.,
"He hätt datt Vermaak, ik heff de Kösten.","Er hatte das Vergnügen, ich zahlte die Kosten.",
"Wenn du na ’n Supermarkt geihst, kunnst du mi en poor Appelsienen mitbringen?","Wenn du in den Supermarkt gehst, kannst du mir bitte ein paar Orangen mitbringen?",
Wenn ik man siene Adress kennen deed.,Wenn ich nur seine Adresse kennen würde!,
Wannehr kümmst du trügg?,Wann kommst du zurück?,
Se het em op de Steern küsst.,Sie hat ihn auf die Stirn geküsst.,
Ik wull datt ook weten!,Ich will es auch wissen!,
Datt wull ik ook weten.,Das will ich auch wissen.,
Wullt du en Sneed Pitaya?,Möchtest du eine Scheibe Pitaya?,
"Jane hätt twintig Stunnen brukt, üm na Japan to flegen.","Jane brauchte zwanzig Stunden, um nach Japan zu fliegen.",
"Wenn ik Geld harrn, deed ik düssen Reekner foorts köpen.","Wenn ich Geld hätte, würde ich diesen Computer sofort kaufen.",
Dit Book is övers Steerns.,Das Buch handelt von Sternen.,
Mi geit datt goods. Un di?,"Mir geht's gut, und dir?",
"Mi geit datt goods, un di?","Mir geht's gut, und dir?",
Se speel Basketball.,Sie spielte Basketball.,
Övers de Wulken schient de Sünn.,Über den Wolken scheint die Sonne.,
Du böst mallerig.,Du bist verrückt.,
Wen häöert disse Tasken?,Wem gehört diese Tasche?,
Ik lees jüst en Roman von Sidney Sheldon.,Ich lese gerade einen Roman von Sidney Sheldon.,
Lat di ich ünnerkriegen!,Lass dich nicht unterkriegen!,
Hört düsse Hoot di?,Gehört dieser Hut dir?,
Datt kost 30 Euro.,Das wird 30 € kosten.,
Ik heff datt in en Worenhuus kofft.,Ich kaufte es in einem Warenhaus.,
"Wo is dann datt Book henkamen, datt ik jüst huer henleggt harrn?","Wo ist denn das Buch hingekommen, das ich gerade hier hingelegt hatte?",
Gest du Soorbrennen?,Hast du Sodbrennen?,
"Ik finn, wi schullt Tom seggen, datt wi datt nech mihr mookt.","Ich finde, wir sollten Tom sagen, dass wir das nicht mehr tun werden.",
Föhr den Wogen in ’e Garaasch.,Fahr den Wagen in die Garage.,
Se wull em drücken.,Sie will ihn umarmen.,
Tom is nicht dor.,Tom ist nicht da.,
Se kaamt ut de USA.,Sie kommen aus den USA.,
Spraak un Kultuur lat sick ich vonenanner lösen.,Sprache und Kultur lassen sich nicht voneinander trennen.,
He het een Söön un twe Döchter.,Er hat einen Sohn und zwei Töchter.,
Datt kost di teihndusend Yen.,Das kostet dich zehntausend Yen.,
Verlaat di nech op annere.,Verlass dich nicht auf andere.,
Wat warrn diene Fru denken?,Was wird deine Frau denken?,
Ik kan en bäten Ainu.,Ich kann ein bisschen Ainu.,
Se hätt ehr Klass goods ünner Kuntroll.,Sie hat ihre Klasse gut unter Kontrolle.,
Wo warrn Botter ut maakt?,Woraus wird Butter gemacht?,
Ik bruuk Feerne!,Ich brauche Urlaub!,
Een Spraak is nien noog.,Eine Sprache ist nie genug.,
"Lat uns so doot, as wenn wi Buteneerdsche sünd.","Lasst uns so tun, als wären wir Außerirdische.",
Tom wull nicht mit jo snacken.,Tom will nicht mit euch reden.,
He güng staht.,Er erhob sich.,
Schall datt ne Jux wäsen?,Soll das ein Scherz sein?,
"’Keene is stärker, Tiegers odder Lööw?","Wer ist stärker, Tiger oder Löwe?",
De Slips passt goods to diene Hemd.,Die Krawatte passt gut zu deinem Hemd.,
Se het em an ’n Strand dropen.,Sie hat ihn am Strand getroffen.,
Se hätt em an ’n Strand dropen.,Sie traf ihn am Strand.,
He harrn bi de Arbeit en Unfall.,Er hatte einen Arbeitsunfall.,
Bünt du alleen?,Bist du alleine?,
Snackst du mit mi?,Redest du mit mir?,
Woveel Tassen Tee drinken ji an’n Dag?,Wie viele Tassen Tee trinken Sie am Tag?,
Woveel Tassen Tee drinken ji an’n Dag?,Wie viele Tassen Tee trinkt ihr am Tag?,
"Ik seed nix, un datt het em argern.","Ich sagte nichts, und das ärgerte ihn.",
Ik bün noch teemlich mööd.,Ich bin noch sehr müde.,
"Ik denk ich, datt Tom un Rias scheedt sünd.","Ich denke nicht, dass Tom und Maria geschieden sind.",
Wannehr hess du di mit em drapen?,Wann hast du dich mit ihm getroffen?,
Nüms brukt klingoonsch pIqaD op Tatoeba.,Niemand braucht klingonisches pIqaD auf Tatoeba.,
"Slaap is de best Medizin, wenn een sick verkeuhlt hätt.",Schlaf ist die beste Medizin bei einer Erkältung.,
Miene Kiekschapp is in ’n Dutt.,Mein Fernseher ist kaputt.,
Miene Kiekschapp is in ’n Dutt.,Mein Fernseher ist hinüber.,
Wannehr maakt de Bäckeree dicht?,Um wie viel Uhr schließt die Bäckerei?,
Ik wull Sex mit ehr hebben.,Ich will Sex mit ihr haben.,
Kees lett sick licht mit en Mest snieden.,Käse lässt sich leicht mit einem Messer schneiden.,
Ik bün nech plietscher as se.,Ich bin nicht intelligenter als er.,
Tom un ik hebbt us lange övers dit Thema ünnerholen.,Tom und ich haben uns lange über dieses Thema unterhalten.,
Hebbt ji joon Kamern oprüümt?,Habt ihr euer Zimmer aufgeräumt?,
Datt is dicht an söven. Wi mööt na School (gohn).,"Es ist schon fast sieben, wir müssen zur Schule gehen.",
Datt is dicht an söven. Wi mööt na School (gohn).,"Es ist schon fast sieben Uhr, wir müssen zur Schule gehen.",
Datt is dicht an söven. Wi mööt na School (gohn).,"Es ist schon fast sieben, wir müssen zur Schule.",
De Fleger is Klock söven loosflagen.,Das Flugzeug hob um sieben ab.,
In Chai-Tee is faken Kommuum in.,Chai-Tee enthält oft Kardamom.,
He keem ut Boston.,Er kam aus Boston.,
"Wenn ik en Bloodspenn von en Eddelmann krieg, warrn miene Blood dunn vigelett?","Wenn ich eine Blutspende von einem Adligen bekomme, wird mein Blut dann lila?",
Ik heet Farshad.,Ich heiße Farshad.,
God schall mit uns wäsen.,Gott sei mit uns.,
Wo schrieft man Ehr Achternaams?,Wie schreibt sich Ihr Nachname?,
Wo schrieft man Ehr Achternaams?,Wie schreibt man Ihren Nachnamen?,
Wo schrieft man Ehr Achternaams?,Wie wird Ihr Nachname geschrieben?,
Wo schrieft man Ehr Achternaams?,Wie schreibt sich Ihr Familienname?,
Wo schrieft man Ehr Achternaams?,Wie schreibt man Ihren Familiennamen?,
Wo schrieft man Ehr Achternaams?,Wie wird Ihr Familienname geschrieben?,
Se schöölt beters keene Alkohool mihr drinkt.,Sie sollten besser keinen Alkohol mehr trinken.,
"Datt hört sick snaaksch an, man datt stimmt.","Es mag sich seltsam anhören, aber es stimmt.",
"Wat denkst du, ’keene du büs?","Was denkst du, wer du bist?",
Hebbt ji Frogen?,Habt ihr Fragen?,
Gest du den Hund fodert?,Hast du den Hund gefüttert?,
"Süht na Regent ut, wi schullt beters de Ruten dichttomaken.","Es sieht nach Regen aus, wir sollten besser die Fenster schließen.",
Hess du düsse Noricht al hört?,Hast du diese Nachricht schon gehört?,
Borschtsch smeckt beters as datt klingt.,"Borschtsch schmeckt besser, als es klingt.",
He grabbel sick an ’n Kopp un deed en scheve Snuut treckt.,Er griff sich an den Kopf und zog eine schiefe Schnute.,
Alle bet op een wören dor.,Alle bis auf einen waren anwesend.,
Marks Zuckerberg het mi miene Idee klaut!,Mark Zuckerberg hat mir meine Idee geklaut!,
Dor hört twe to.,Es gehören immer zwei dazu.,
En Boor geit bi en Doden nicht bi.,Ein Bär berührt keinen Toten.,
Wo lange gest du in Sanda levt?,Wie lange hast du in Sanda gelebt?,
Datt Baby wees de ganze Nacht still.,Das Baby war die ganze Nacht still.,
Schiet! Ik heff mi verdoon.,"Mist, ich habe mich vertan!",
Düsse Komer is ich so groot.,Dieses Zimmer ist nicht so groß.,
Düsse Kamern is nech so groot.,Dieses Zimmer ist nicht sehr groß.,
"Ik heff vüör, na ’n Putzbüdel to gohn.","Ich habe vor, zum Friseur zu gehen.",
"Datt is en grott Ehr, ehr kennentolihren.","Es ist eine große Ehre, sie kennenzulernen.",
Huer warrn nicht smökt.,Hier wird nicht geraucht.,
He hätt tein Keih.,Er besitzt zehn Kühe.,
Se deed luder warrt.,Sie erhob die Stimme.,
Lat uns en Münt smieten.,Lass uns eine Münze werfen.,
An uns School hebbt wi Uniformen an.,An unserer Schule tragen wir Uniformen.,
Wi gaht af un an tohoop angeln.,Wir gehen ab und zu zusammen angeln.,
Ik heff twe Daagbläder aboneert.,Ich habe zwei Zeitungen abonniert.,
Woveel kost en Baguette?,Wieviel kostet ein Baguette?,
Woveel kost en Baguette?,Was kostet ein Baguette?,
Datt schall di noch ees spieten.,Das wirst du noch bedauern.,
Düsse Hoot is di to groot.,Dieser Hut ist dir zu groß.,
Nachtens seht wi huer mihr Steerns as in Tokyo.,Nachts sehen wir hier mehr Sterne als in Tokio.,
Ries wasst in warmen Klimazonen.,Reis wächst in warmen Klimazonen.,
Pablo un Maria woren huer.,Pablo und Maria waren hier.,
Se gaht elk Dag na Arbeit.,Sie gehen jeden Tag zur Arbeit.,
Se het em en Klock schenken.,Sie schenkte ihm eine Uhr.,
Ik bün de Gröttst in uns Klass.,Ich bin die Größte in unserer Klasse.,
Ik bün de Gröttst in uns Klass.,Ich bin der Größte in meiner Klasse.,
"Use Maria is in n Kaustall, to n melken.","Unsere Maria ist im Kuhstall, um zu melken.",
"Tom is na Boston kamen, üm Künst to studeren.","Tom ist nach Boston gekommen, um Kunst zu studieren.",
Ik ett lever Fischen as Fleesch.,Ich esse lieber Fisch als Fleisch.,
Datt kost twe Euro.,Das kostet zwei Euro.,
Woveel Spegelplaten hess du?,Wie viele CD's hast du?,
Woveel Spegelplaten gest du?,Wie viele Silberscheiben hast du?,
In Länner so as Noorwegen un Finnland hebbt se in ’n Winter en Hümpel Snee.,In Ländern wie Norwegen und Finnland haben sie im Winter einen Haufen Schnee.,
"Tom hätt ich wüßt, woneem Rias wees.","Tom wusste nicht, wo Maria war.",
Ik heff mihr as een Maand in Nagoya levt.,Ich habe mehr als einen Monat lang in Nagoya gelebt.,
Se het em von lütt op an kinnt.,Sie hat ihn von kleinauf gekannt.,
Wi hebbt jümmerto noch en Hümpel to doot.,Wir haben immer noch jede Menge zu tun.,
Egentlich harrn ik datt weten müsst.,Eigentlich hätte ich das wissen müssen.,
Nedderlandsch is naig vöwant an Diutsch.,Niederländisch ist eng verwandt mit Deutsch.,
Ik bün noch nien in Kuschiro wäsen.,Ich bin noch nie in Kuschiro gewesen.,
Se harrn ans nix to drinkt.,Sie hatte sonst nichts zu Trinken.,
Du geihst mit uns.,Du gehst mit uns.,
"Ik fraag mi, ’keene de Scheer tohöört.","Ich frage mich, wem die Schere gehört.",
He besitt veele düre Schilleraats.,Er besitzt viele wertvolle Gemälde.,
Ik wull dit Paket na Japan henstüren.,Ich möchte dieses Paket nach Japan schicken.,
"Dean itt würklich veele, meenst du nech?","Dean isst wirklich viel, meinst du nicht auch?",
"Ik weet nicht, wat ik dor noch to seggen schall.","Ich weiß nicht, was ich dazu noch sagen soll.",
De Sünn schient.,Die Sonne scheint.,
Mit ’keene wullt du snacken?,Wen willst du sprechen?,
He maakt ut en Mügg en Elefant.,Er macht aus einer Mücke einen Elefanten.,
Wat studeerst du?,Was studierst du?,
George is de Käpten von uns Mannschop.,George ist der Kapitän unserer Mannschaft.,
Woveel Geld hätt Tom di geven?,Wie viel Geld hat Tom dir gegeben?,
Du musst mihr lihren.,Du musst mehr lernen.,
He het en Appel tekent.,Er zeichnete einen Apfel.,
He is Romaanschriever un Dichters.,Er ist ein Schriftsteller und Dichter.,
Wat is datt för en Deert?,Was ist das für ein Tier?,
He liggt faken in ’t Bedde un leest.,Er liegt oft im Bett und liest.,
Tom hätt twe Kinners.,Tom hat zwei Kinder.,
Ik bruuk Plaasters.,Ich brauche Pflaster.,
Dit Daagbladd het en hogen Oplaag.,Diese Zeitung hat eine hohe Auflage.,
He seet dor en Piep to smeuken.,"Er saß da, um eine Pfeife zu rauchen.",
He wull di dräpen.,Er möchte dich treffen.,
He hätt uns Anbott aflehnt.,Er hat unser Angebot abgelehnt.,
Woneem is de Utgang?,Wo ist der Ausgang?,
He güng stiekum in ’n Goorn.,Er betrat den Garten heimlich.,
De Arbeit is noch lange ich alle trech.,Die Arbeit ist noch lange nicht erledigt.,
Snackst du Klingoonsch?,Sprichst du Klingonisch?,
"He verspröök de Slaven, jem free to loten.","Er versprach den Sklaven, sie freizulassen.",
Wat het datt to bedüden?,Was hat das zu bedeuten?,
De hele Welt kiekt to.,Die ganze Welt schaut zu.,
He itt gern Broot mit dicke Smolt op.,Er isst gerne dick mit Schmalz bestrichene Brote.,
Datt is al Klock söven.,Es ist schon um 7.,
Se seten op en Parkbank.,Sie saßen auf einer Parkbank.,
"Segg mi, wat ik dor mit doot schall.","Sag mir, was ich damit machen soll.",
Dit is Brian Rock.,Dies ist Brian Rock.,
Wullt du mit mi toslapen?,Möchtest du mit mir schlafen?,
Arm wäsen is keene Schann.,Arm sein ist keine Schande.,
Datt is dum Tüüg!,Das ist dummes Zeug!,
De Flegerhaven is dicht.,Der Flughafen ist geschlossen.,
Se hätt em en Pulli kofft.,Sie kaufte ihm einen Pulli.,
He is weg von tohuus.,Er ist fort von zuhause.,
Se utsnackt jümmerto slecht von annere.,Sie spricht immer schlecht über andere.,
Wat kost düsse Mütz?,Was kostet diese Mütze?,
Ik goh hiut ovend ut.,Ich gehe heute Abend aus.,
"Du hess versproken, nix to verraden.","Du hast versprochen, nichts zu verraten.",
Datt wees en afkatert Speel.,Das war ein abgekartetes Spiel.,
Mari arbeiden för en grott Firma.,Mari arbeitet für eine große Firma.,
Datt wees hart as Steen.,Das war hart wie Stein.,
Bourbon warrn ut Mais maakt.,Bourbon wird aus Mais gemacht.,
Datt het dor nix mit to doot.,Das hat damit nichts zu tun.,
Woneem is datt Book?,Wo ist das Buch?,
"Se deed blangen em sitten un deed sick wünschen, datt se annerwegens wees.","Sie saß neben ihm und wünschte sich, woanders zu sein.",
Wi hebbt keene Kaffee mihr.,Wir haben keinen Kaffee mehr.,
Ik do keene Sucker in miene Koffie.,Ich nehme keinen Zucker in meinen Kaffee.,
Wat is ut siene Söön worrn?,Was ist aus seinem Sohn geworden?,
Prööv düsse Snökeree.,Probiere diese Süßigkeit.,
En dunen Keerl is de Trepp dalfullen.,Ein betrunkener Mann fiel die Treppe hinunter.,
Roop beters foorts den Dokter.,Ruf besser sofort einen Arzt.,
Waorüm ik?,Warum ich?,
Mama! Hector argern mi!,Mama! Hector ärgert mich!,
Wasch di de Fööt.,Wasch dir die Füße.,
"Seh to, datt du datt trech afkriggst!","Sieh zu, dass du das fertig bekommst!",
Woneem kan ik en Stadplaan köpen?,Wo kann ich einen Stadtplan kaufen?,
Du gest doch een an ’e Marmel!,Du hast doch einen an der Waffel!,
He is von siene Unkels groottrucken worrn.,Er wurde von seinem Onkel erzogen.,
Waorüm wullt du dit Book köpen?,Warum willst du das Buch kaufen?,
De Batterie von miene MP3-Speler wees leddige.,Die Batterie meines MP3-Spielers war leer.,
Ik verstoh dit Gedicht nech.,Ich verstehe dieses Gedicht nicht.,
He wull na de USA gohn.,Er will in die USA gehen.,
En Mann fallt söven Maol un steiht achte Mal op.,Ein Mann fällt siebenmal hin und steht achtmal auf.,
Du harrst vergangen Nacht den Film kieken schullen.,Du hättest gestern Abend den Film sehen sollen!,
Tominnst twintig Hüüs sünd afbrennt.,Mindestens zwanzig Häuser sind abgebrannt.,
"Segent schullt de wäsen, de nicht mihr as drie Minuten utsnackt.","Gesegnet seien die, die nicht länger als drei Minuten sprechen.",
Wi sünd blied.,Wir sind glücklich.,
Israel is man en lütt Land.,Israel ist ein sehr kleines Land.,
In dit Viddel dröppt een faken japansche Turisten.,In diesem Viertel trifft man oft japanische Touristen.,
Hess du en Kreditkoort?,Hast du eine Kreditkarte?,
Nüms deed op em achten.,Niemand beachtete sie.,
De Planten brukt Regent.,Die Pflanzen brauchen Regen.,
Lat sehen.,Lass sehen.,
Böst du op Facebook?,Bist du auf Facebook?,
"Wettst du, woans Mahjongg speelt warrn?","Weißt du, wie man Mahjongg spielt?",
Bünt du ich uttogahn?,Bist du nicht ausgegangen?,
Lat ehr.,Lass sie.,
Düsse Stroom is drie Maol so lange as de annere.,Dieser Fluss ist dreimal so lang wie der andere.,
He ünnerricht Araabsch.,Er unterrichtet Arabisch.,
Villicht stimmt datt.,Vielleicht stimmt das.,
Se is mihr nüüdlich as smucket.,Sie ist eher niedlich als schön.,
Tom un Rias hebbt in’n Oktober heirodt.,Tom und Maria haben im Oktober geheiratet.,
He hätt datt mit all Macht oplücht.,Er hat das mit aller Macht hochgehoben.,
De Vörhang güng op.,Der Vorhang ging auf.,
"Weet een, wo Tom is?","Weiß jemand, wo Tom ist?",
Beters wat as nix.,Besser etwas als nichts.,
"Dit is datt Huus, in datt he levt.","Dies ist das Haus, in dem er lebt.",
"Datt sünd de Lüdd, de blangenan wohnt.","Sie sind die Leute, die nebenan wohnen.",
"Ik wees dwungen, ehrn Vörslag annehmen.","Ich war gezwungen, ihren Vorschlag zu akzeptieren.",
Kan een wat verkehrt verstohn?,Kann man etwas falsch verstehen?,
’Keene schall datt wäsen?,Wer wird das sein?,
Ik bün komen üm to seggen datt ik weggah.,"Ich bin gekommen, um dir zu sagen, dass ich weggehe.",
Datt Book is witt.,Das Buch ist weiß.,
En Tieger is gröttern un stärker as en Katte.,Ein Tiger ist größer und stärker als eine Katze.,
En Tiegers is gröttern un stärker as en Katz.,Tiger sind größer und stärker als Katzen.,
Alle Dören von ’t Huus wören dicht.,Alle Türen des Hauses waren zu.,
Ik bün in een Stünn wedder trügg.,Ich bin in einer Stunde wieder zurück.,
Tööv man en halve Stünn.,Warte bitte eine halbe Stunde.,
Kunnst du mi twe Paketer Sucker ut ’n Schapp halen?,Kannst du mir zwei Pakete Zucker aus dem Schrank holen?,
Miene leevste Klöör is Root.,Meine Lieblingsfarbe ist Rot.,
En Pull Hoor keek ünner ehr Huuv rut.,Ein Haarbüschel schaute unter ihrem Hut heraus.,
De Laag deed slechter warrt.,Die Lage wurde schlechter.,
De Plaan güng nech op.,Der Plan ging nicht auf.,
Se is nicht goods noog för em.,Sie ist nicht gut genug für ihn.,
Wi kunnen datt Lüden von de nahe Kerk hören.,Wir konnten das Läuten einer nahegelegenen Kirche hören.,
Wo steiht PTA för?,Wofür steht PTA?,
"Datt is en scharpen Toback, säd de Düvel, denn hadd de Jägers em 'ne Ladung Schrot int Gesicht schaten.","Das ist ein scharfer Tabak, sagte der Teufel, dann hatte der Jäger ihm eine Ladung Schrot ins Gesicht geschossen.",
Ik læs keene Beuker.,Ich lese keine Bücher.,
"Tom is to junge, üm Bier to drinkt.","Tom ist zu jung, um Bier zu trinken.",
Lang röck sünd nu ich mihr Mood.,Lange Röcke sind jetzt unmodern.,
Lang röck sünd nu nech mihr Mood.,Lange Röcke sind nun nicht mehr Mode.,
Ik bün keene Student.,Ich bin kein Student.,
Kan ik di üm en Gefallen bidden?,Kann ich dich um einen Gefallen bitten?,
Du schußt weniger smeuken.,Du solltest weniger rauchen.,
De Jund springen.,Der Junge springt.,
De Blötenblöder swömmen op datt Woter.,Die Blütenblätter schwammen auf der Wasseroberfläche.,
Japan un Süüdkorea sünd Naverlänner.,Japan und Südkorea sind Nachbarländer.,
He het nu een Stünn nix utsnackt.,Er hat eine Stunde nichts gesprochen.,
In ’n Pries is datt Porto mit in.,Im Preis ist das Porto enthalten.,
Düsse Schoh hört mi to.,Diese Schuhe gehören mir.,
Düsse Schoh hört mi to.,Diese Schuhe gehören ihr.,
Meg hätt en Doos Tomaten kofft.,Meg hat eine Dose Tomaten gekauft.,
"Kiek ees, ’keene dor is!",Schau mal wer da ist!,
Wi levt in datt Tiedöller von de Technik.,Wir leben im Zeitalter der Technik.,
He is groot un stark.,Er ist groß und stark.,
Ik loop lever as mit ’n Buss to fohren.,"Ich gehe lieber, als mit dem Bus zu fahren.",
’Keene leest?,Wer liest?,
He nöhm ehr bi de Hand.,Er nahm sie bei der Hand.,
Ik wohn nu meist fief Joht in Kanada.,Ich wohne seit fast 5 Jahren in Kanada.,
Ik leev in Kanton.,Ich lebe in Kanton.,
Ik leev in Kanton.,Ich lebe in Guǎngzhōu.,
Wat för en Deert is lütt?,Welches Tier ist klein?,
"Deit mi leeg, datt ik so groff wees.","Es tut mir leid, dass ich so grob war.",
Wi hebbt in de Seed swummen.,Wir schwammen im Meer.,
Ik unn nicht na siene Geboortsdagsparty gohn.,Ich konnte nicht zu seiner Geburtstagsparty gehen.,
Afkennst du en gode Tähndokter?,Kennst du einen guten Zahnarzt?,
Düsse Roman is swor to verstaht.,Dieser Roman ist schwierig zu verstehen.,
’Keene is de Schriever von dit Book?,Wer ist der Autor dieses Buches?,
Noorddüütschland is jüst as de Rest von Noordeuropa to ’n grotten Deel evangeelsch-luthersch.,"Norddeutschland ist, so wie der Rest von Nordeuropa, zum großen Teil evangelisch-lutherisch.",
Wis mi diene wohr Gesicht!,Zeig mir dein wahres Gesicht!,
Wis mi diene wohr Gesicht!,Zeige mir dein wahres Gesicht!,
Büs du al in England wesen?,Warst du schon einmal in England?,
Do keem mi en goden Idee.,Da kam mir eine gute Idee.,
Ik warr faken mit mien Bröder vergleken.,Ich werde oft mit meinen Brüdern verglichen.,
Se het noch mihr Böker.,Sie hat noch mehr Bücher.,
Ik bün op Holsken rutstevelt.,Ich bin auf Holzschuhen rumgestiefelt.,
Wo löpt he nu?,Wo rennt er jetzt?,
"Ik fraag mi, ’keene ik inladen schall.","Ich frage mich, wen ich einladen soll.",
En Dokter ahn gode Avtheker is as en General ahn goden Attillerie.,Ein Arzt ohne erstklassigen Apotheker ist wie ein General ohne Artillerie.,
Düsse Insel is fransch wäsen.,Diese Insel war französisch gewesen.,
Se is mit em in ’n Zoo gohn.,Sie ist mit ihm in den Zoo gegangen.,
Kan ik wat to äten kregen?,Kann ich etwas zu Essen bekommen?,
He is mit ’t Taxi na Kawogoe fohrt.,Er ist mit dem Taxi nach Kawogoe gefahren.,
Ungarn un de Slowakei sünd Navers.,Ungarn und die Slowakei sind benachbart.,
He hätt veele Böker.,Er besitzt viele Bücher.,
Du lüggst!,Du lügst!,
Du lüggst.,Du lügst.,
Wi sünd bange vüör ’n Dood.,Wir fürchten den Tod.,
Wi sünd bange vüör ’n Dood.,Wir fürchten uns vor dem Tod.,
He het den Ümslag apen maakt.,Er öffnete den Umschlag.,
"Datt lett, as wenn he datt hill harrn.","Es scheint, dass er es eilig hatte.",
"Ik waag datt ich, bi em weddertosnacken.","Ich wage nicht, ihm zu widersprechen.",
De Mulltünn is vull.,Die Mülltonne ist voll.,
’Keene is diene Schoolmeester?,Wer ist dein Lehrer?,
’Keene schall de Rull von de Prinzess speelen?,Wer soll die Rolle der Prinzessin spielen?,
Ik heff mit Smeuken un Drinkt ophöört.,Ich habe aufgehört zu rauchen und zu trinken.,
Datt Museum is en Besöök weert.,Dieses Museum ist einen Besuch wert.,
Miene Roboter heet Maruchi.,Mein Roboter heißt Maruchi.,
"Ik hoff, Tom kriegt de Prüfung hen.","Ich hoffe, Tom schafft die Prüfung.",
Kaam mi beseuken.,Komm mich besuchen.,
Bob hätt em wedder sehen.,Bob hat ihn wieder gesehen.,
Ik heff em na mi tohuus inlaadt.,Ich habe ihn zu mir nach Hause eingeladen.,
Ik heff äten.,Ich habe gegessen.,
De Eerd is en Planeet.,Die Erde ist ein Planet.,
Ken het namiddag to doot.,Ken ist heute Nachmittag beschäftigt.,
Woveel Inwahners hätt New York?,Wie viele Einwohner hat New York?,
De Wind weiht.,Der Wind weht.,
Datt wees siene egen Schuld.,Das war sein eigener Fehler.,
Rachter di!,Hinter dir!,
Krempel diene Mauen hoog un pack an.,Krempel die Ärmel hoch und pack an.,
Mi deit de Schuller weh.,Mir tut die Schulter weh.,
Ik sitt nech geern buten.,Ich sitze nicht gerne draußen.,
De seukt Friewillige.,Die suchen Freiwillige.,
Datt is en Schipp.,Das ist ein Schiff.,
Dor woren üm un bi twintig Lüdd.,Dort waren ungefähr 20 Leute.,
Datt Huus is von de Flood wegreten worrn.,Das Haus wurde von der Flut mitgerissen.,
Wat het Tom tegen mi?,Was hat Tom gegen mich?,
Ik heff en Braken ut ’n Boom saagt.,Ich habe einen Ast aus dem Baum gesägt.,
Kan ik diene Wöörbook bruken?,Kann ich dein Wörterbuch benutzen?,
Ik bün torüchkamen.,Ich bin zurückgekommen.,
Diene Slips passt to diene Hemd.,Diese Krawatte passt zu deinem Hemd.,
Ulen jaagt bi Nacht.,Eulen jagen bei Nacht.,
Ik unn keene Kuntakt mit em opnehmen.,Ich konnte keinen Kontakt mit ihm aufnehmen.,
Süst du süs noch wat?,Siehst du sonst noch etwas?,
Du schaßt de slechte Noricht wol hört hebben.,Du wirst die schlechte Nachricht gehört haben.,
Europa hätt mihr Kultuur!,Europa hat mehr Kultur!,
En Quadraat het veer lieker lang Kanten.,Ein Quadrat hat vier gleich lange Seiten.,
Datt Wederk deed slechter warrt.,Das Wetter verschlechterte sich.,
"Troo kenen Ossen vun vörn, den Peerd nicht vun achtern un den Lüdd vun allens Sieden","Traue dem Ochsen nicht von vorn, dem Pferd nicht von hinten, und den Menschen von allen Seiten nicht.",
’Keene hätt den Steen op miene Hund smeten?,Wer warf den Stein auf meinen Hund?,
Wi hebbt in ’t Museum en Mumie sehen.,Wir haben im Museum eine Mumie gesehen.,
Ik bün datt wennt.,Ich bin daran gewöhnt.,
De Utblick von ’n Topp is tæmlich schöön.,Der Ausblick vom Gipfel ist sehr schön.,
"Ik kan mi op datt Huus besinnst, in datt ik upwossen bün.","Ich erinnere mich an das Haus, in dem ich aufgewachsen bin.",
Se is jünger as he.,Sie ist jünger als er.,
Ik heff den ganzen Vonnamiddag dörslapen.,Ich habe den ganzen Nachmittag durchgeschlafen.,
Se het ehr Frünn to ’n Avendenten inlaadt.,Sie hat ihre Freunde zum Abendessen eingeladen.,
Wat is de längste Stroom in Japan?,Welcher ist der längste Strom in Japan?,
Se hätt in’e School Latien lihrt.,Sie hat in der Schule Latein gelernt.,
Se nömen datt Schipp „Mayflower“.,"Sie nannten das Schiff ""Mayflower"".",
Man driest to.,Nur weiter so!,
Man driest to.,Weiter so!,
Man driest to.,Weitermachen!,
"Ik kööm, ik seh, ik wunn.","Ich kam, sah und siegte.",
Nüms glöövt mi.,Niemand glaubt mir.,
Nüms löövt mi.,Keiner glaubt mir.,
"Ik will weten, wat vörfallen is.","Ich wollte wissen, was geschehen war.",
"Du musst doot, wat di seggt warrn.","Du musst tun, was man dir gesagt hat.",
Ik heff en Mann mit een Been sehen.,Ich habe einen Mann mit einem Bein gesehen.,
Gest du dit Book schräven?,Hast du dieses Buch geschrieben?,
Du hess dit Book schräven?,Du hast dieses Buch geschrieben?,
Düsse Boom het en Ümfang von drie Meter.,Dieser Baum hat einen Umfang von drei Metern.,
Wi hebbt övers veele Saken utsnackt.,Wir haben über viele Dinge geredet.,
Wi hebbt övers veele Saken utsnackt.,Wir sprachen über viele Dinge.,
In Sovjetrussland lihrt de Lex den Lehrer!,In Sowjetrussland lehrt die Lektion den Lehrer!,
Lat uns Feernsehn kieken.,Lass uns Fernsehen gucken.,
"Mi dücht, he hätt datt daan.","Ich denke, er hat es getan.",
Wullt du wat drinkt?,Möchtest du etwas zu trinken?,
Wullt du wat drinkt?,Willst du etwas trinken?,
Wullt du wat drinkt?,Möchtest du was trinken?,
Wullt du wat drinkt?,Willst du was trinken?,
Wat wullt du drinkt?,Was möchtest du trinken?,
Wi hebbt mit en övers sien Studienplään utsnackt.,Wir haben mit ihm über seine Studienpläne gesprochen.,
Professer Jones geit toern Joht in Rent.,Professor Jones geht nächstes Jahr in Rente.,
Is de Butenminister al ankamen?,Ist der Außenminister schon angekommen?,
"Keeneen het tohöört, wat ik segg.","Keiner hat zugehört, was ich sage.",
Datt is en DVD.,Das ist eine DVD.,
"Datt wees eens en grotten Köning, de hätt in Grekenland levt.","Es war einmal ein großer König, der lebte in Griechenland.",
Nadem harrn he keene licht Läven.,Er hatte danach kein leichtes Leben.,
Waorüm bestraafst du ehr?,Warum bestrafst du sie?,
Waorüm bestraafst du ehr?,Wieso bestrafst du sie?,
Wi importeert Kaffee ut Brasilien.,Wir importieren Kaffee aus Brasilien.,
He het toveel Hau op siene Fork nohmen.,Er hat zu viel Heu auf seine Gabel genommen.,
"Segg disse Lüe, datt se torügge gaan, damit de Heevschruver lannen kan.","Sagen Sie diesen Leuten, sie sollen zurückgehen, damit der Hubschrauber landen kann.",
Se hebbt al betere Daag sehen.,Sie haben schon bessere Tage gesehen.,
"Wis mi op de Koorten baven, woneem Puerto Rico liggt.","Zeigen Sie auf der obigen Karte, wo Puerto Rico liegt.",
Wat för en snaaksche Idee.,Was für eine seltsame Idee!,
He is as en Pogg in en Pütt.,Er ist wie ein Frosch in einem Brunnen.,
De Schauspelerin süht jünger ut as wat se is.,"Die Schauspielerin sieht jünger aus, als sie ist.",
Woans gest du ehr kennenlihrt?,Wie hast du sie kennengelernt?,
He peddt mi!!,Er tritt mich!,
Sucker smült in warm Woter.,Zucker schmilzt in warmem Wasser.,
Se is süchtig na Farmville.,Sie ist nach Farmville süchtig.,
Se is süchtig na Farmville.,Sie ist Farmville verfallen.,
Fabre hätt Böker övers Insekten schräven.,Fabre schrieb Bücher über Insekten.,
Fabre het Böker övers Insekten schräven.,Fabre hat Bücher über Insekten geschrieben.,
"Disse Steen wees so swor, datt ik em ich lüchten unn.","Dieser Stein war so schwer, dass ich ihn nicht heben konnte.",
Föhr sinnig.,Fahre langsam.,
De Wehdaag hätt bilütten nalaten.,Der Schmerz hat ein wenig nachgelassen.,
"Datt is allen, wat ik moken kan.","Das ist alles, was ich machen kann.",
"Giff mi wat, wo ik up schräven kan.","Gib mir etwas, worauf ich schreiben kann.",
En Frömmen steiht vüör datt Huus.,Ein Fremder steht vor dem Haus.,
Is datt diene DVD?,Ist das deine DVD?,
Fievdusend Dollar sünd en Hümpel Geld.,Fünftausend Dollar sind eine große Menge Geld.,
Fievdusend Dollar sünd en Hümpel Geld.,Fünftausend Dollar sind ein Batzen Geld.,
Höört ji?,Hörst du zu?,
Woans böst du an dit Geld komen?,Wie bist du an dieses Geld gekommen?,
Ik wull en Geschenk för mien Fründin utsöken.,Ich möchte ein Geschenk für meine Freundin aussuchen.,
Ik bün to mööd to ’n Fohren.,Ich bin zu müde zum Fahren.,
Ik föhr ook mit düssen Tog.,Ich fahre auch mit diesem Zug.,
Ik kan mi goods op miene Kinnertied besinnst.,Ich erinnere mich gut an meine Kindheit.,
Dor is he bleven.,Dort blieb er.,
He keem övers Sibirien na London.,Er kam über Sibirien nach London.,
Se het em doodslahn.,Sie hat ihn totgeschlagen.,
Tom hätt en gele Sportwagen.,Tom besitzt einen gelben Sportwagen.,
"Ik wees jüst bi ’t Äten, as ji mi anropen hebbt.","Ich war gerade beim Essen, als ihr mich angerufen habt.",
"Se het ehrn Hoot verlorene, em aver foorts wedderfunnen.","Sie hat ihren Hut verloren, ihn aber sofort wiedergefunden.",
Lange miene Spaghettibrügg nech an! De Liem hart noch ut.,Fass meine Spaghettibrücke nicht an! Der Kleber härtet noch aus.,
Miene Snieder is rieke.,Mein Schneider ist reich.,
"Jo, ik snack Spaansche.","Ja, ich spreche Spanisch.",
Ik heff em nien süngen hört.,Ich habe ihn nie singen gehört.,
Sien Tasch wees vull Woter.,Seine Tasche war voller Wasser.,
He hätt en Book övers China schräven.,Er hat ein Buch über China geschrieben.,
He het en Book övers China schräven.,Er schrieb ein Buch über China.,
"Mien Büx sitt teemlich lucker, ik heff veele afnahmen.","Meine Hose sitzt sehr locker, weil ich sehr abgenommen habe.",
Ik heff noch nien wat wunnen.,Ich habe noch nie etwas gewonnen.,
Wi stöört em.,Wir stören ihn.,
Wat wull he doot?,Was will er tun?,
Pandas freet Bambus.,Pandas ernähren sich von Bambus.,
Tom utsnackt faken mit siene Hund.,Tom spricht oft mit seinem Hund.,
"He lööp un lööp, man he unn siene Hund nicht inkriegen.","Er rannte und rannte, aber er konnte seinen Hund nicht einholen.",
Tom is Rabbi.,Tom ist Rabbi.,
De Böker liggt op ’n Disch.,Die Bücher liegen auf dem Tisch.,
Hätt se den Grund seggt?,Hat sie den Grund genannt?,
"Wenn ’n för 20 Euro inköfft, fallt de Versennkösten weg.","Wenn man für 20 Euro einkauft, entfallen die Versandkosten.",
Wat schall ik antrecken?,Was soll ich anziehen?,
Woveel Böker leest du in ’n Maand?,Wie viele Bücher liest du im Monat?,
He wiggt söventig Kilo.,Er wiegt siebzig Kilo.,
Ik deed datt lever ich äten.,Ich würde das lieber nicht essen.,
Wat schull he natoeten?,Welchen Nachtisch sollte er essen?,
Datt Ruumschipp maakt Reisen von Planeet to Planeet.,Das Raumschiff unternimmt Reisen von Planet zu Planet.,
Is datt diene Süster?,Ist das deine Schwester?,
Wi mööt uns jümmerto na de Regeln richten.,Wir müssen immer die Regeln befolgen.,
Hess du en Plaan?,Hast du einen Plan?,
"Ik bün trüggkamen, üm di to helpen.","Ich bin zurückgekommen, um dir zu helfen.",
"Wat fohrt harter, en Schipp odder en Tog?","Was fährt schneller, ein Schiff oder ein Zug?",
Nech mal ik!,Nicht einmal ich!,
So is datt.,So ist es.,
Datt is so.,Das ist so.,
Ik bün en gode Kock.,Ich bin ein guter Koch.,
Se togen sick an.,Sie haben sich angezogen.,
Se togen sick an.,Sie zogen sich an.,
Ik bün inslopen.,Ich bin eingeschlafen.,
George het mien Süster heiraadt.,George hat meine Schwester geheiratet.,
He is för mi en ganz Frömmen.,Er ist ein völlig Fremder für mich.,
Ik wohn in Tokyo.,Ich wohne in Tokio.,
Elk Joht hätt twölv Maand.,Jedes Jahr hat zwölf Monate.,
Schullen wi danzen?,Sollen wir tanzen?,
Schullt wi danzen?,Darf ich bitten?,
In ’n Boom het de Blix inslahn.,In den Baum hat der Blitz eingeschlagen.,
Se hebbt jemehr Söön John nöömt.,Sie nannten ihren Sohn John.,
Woveel Bröder gest du?,Wie viele Brüder hast du?,
Ik schnak kien Diutsch.,Ich spreche kein Deutsch.,
"Ik segg di allen, Marie!","Ich sage dir alles, Marie!",
Vonavend gaht wi in ’t Theater.,Heute Abend gehen wir ins Theater.,
Indien is 1947 von Grootbritannien unafhängig worrn.,Indien ist 1947 von Großbritannien unabhängig geworden.,
"He lett jümmerto datt Finstern apen, wenn he slöppt.","Er lässt immer das Fenster offen, wenn er schläft.",
He hätt Tom heten.,Er hieß Tom.,
He is fief Zentimeter gröttern as ik.,Er ist fünf Zentimeter größer als ich.,
Wi lihrt schrievt.,Wir lernen schreiben.,
He schall namiddags an ’n Föfften ankamen.,Er wird nachmittags am Fünften ankommen.,
Ik heff miene Hoor nicht wuschen.,Ich habe meine Haare nicht gewaschen.,
Atooms sünd för datt blote Oog ich sichtbore.,Atome sind für das bloße Auge nicht sichtbar.,
J. F. Kennedy is op ’n Karkhoff Arlington begraven.,J.F. Kennedy wurde auf dem Friedhof Arlington begraben.,
Ehr Hoor is heel kott.,Ihr Haar ist sehr kurz.,
Dor stimmt wat nech.,Da stimmt etwas nicht.,
Dor stimmt wat nicht.,Etwas ist nicht in Ordnung.,
Dor stimmt wat ich.,Es stimmt etwas nicht.,
"Ik wees neeschierig, waorüm as de Lüdd mi anglupen deden.","Ich war neugierig, warum mich die Menschen anstarrten.",
Wees de Film goods?,War der Film gut?,
De Film wees goods!,Der Film war gut!,
"Datt Maria loog, weet Tom.","Dass Mary log, weiß Tom.",
Datt sünd lege Tieden.,Es sind schlechte Zeiten.,
"Weeßt du, wen siene Wagen datt is?","Weißt du, wem dieser Wagen gehört?",
Ik bün al twe Stunnen dor.,Ich bin schon seit zwei Stunden da.,
Se is noch junge.,Sie ist noch jung.,
Waorüm gaht wi nech na Huus?,Warum gehen wir nicht nach Hause?,
"Datt deit mi leeg, villicht toern Maol.","Es tut mir leid, vielleicht nächstes Mal.",
Woneem is de nächste Bahnhoff?,Wo ist der nächste Bahnhof?,
Disse Kiekkassen is swöör.,Dieser Fernseher ist schwer.,
Wat mak ik dunn nu?,Was mache ich denn jetzt?,
Ozoon schuult uns.,Ozon schützt uns.,
Bríd het datt Geld.,Bríd hat das Geld.,
Hess du en Vigelien?,Hast du eine Geige?,
Ik hör datt nicht.,Ich höre es nicht.,
Ik snack keene Japaanschen.,Ich spreche kein Japanisch.,
Keeneen will dor övers snacken.,Niemand wollte darüber sprechen.,
Ik bün noch nien in en Fleger wäsen.,Ich bin noch nie in einem Flugzeug gewesen.,
Harrn ik datt weten!,Hätte ich das gewusst!,
Huer is diene Book.,Hier ist dein Buch.,
"He deed verspreken, ich wedder to lat to wäsen.","Er versprach, nicht wieder zu spät zu sein.",
Se hätt em en Ticket kofft.,Sie hat ihm eine Fahrkarte gekauft.,
Poggen fräät Flegen.,Frösche fressen Fliegen.,
Ik heff veele von di hört.,Ich habe viel von dir gehört.,
He kenn em sied siene Kinnertied.,Er kannte ihn seit seiner Kindheit.,
Ik heff Wülf in ’e Apenninen sehen.,Ich sah Wölfe in den Apenninen.,
Talent alleen langt nech.,Talent alleine genügt nicht.,
Datt is miene Verscheel.,Das ist meine Meinung.,
Wi sünd Kusengs.,Wir sind Cousins.,
"Ik ben duun, aver ik kan noch Platt küern.","Ich bin besoffen, aber ich kann immer noch Deutsch sprechen.",
"He jabbelt jümmerto, datt he slecht behannelt warrn.","Er quengelt immer, dass er schlecht behandelt wird.",
In ’t Stadion wees ’t ganz liesen.,Das Stadion war ganz still.,
School begünnt üm halv 9.,Die Schule fängt um halb neun an.,
School begünnt üm halv 9.,Der Unterricht beginnt um acht Uhr dreißig.,
Weer still un lüüster.,Sei still und hör zu.,
Du bruukst wol en Dokter!,Du brauchst wohl einen Arzt!,
Kaam huer nien wedder her!,Komm nie wieder hierher!,
"Datt is en leed Huus, wo de Hehn luder kreiht as de Hahn.","Das ist ein trauriges Haus, wo die Henne lauter kräht als der Hahn.",
De Storm het sworen Schaden för de Oost brocht.,Der Sturm hat schweren Schaden für die Ernte verursacht.,
De Klock hätt tein slahn.,Die Uhr schlug zehn.,
Legg nicht op; ik heff noch ich snackt.,Leg nicht auf; ich habe noch nicht zu Ende gesprochen.,
"Datt intresseert de nech, wat wi wüllt.","Es interessiert die nicht, was wir wollen.",
Ik lehr.,Ich lerne.,
"Datt is nu drie Joht her, datt ik bigohn bün, Franzöösch to lihren.","Es ist drei Jahre her, seit ich angefangen habe, Französisch zu lernen.",
He is bi datt ane Radio slapen.,Er ist unter laufendem Radio eingeschlafen.,
Gau sammel sick en Hümpel Lüdd üm ’t Füüwehrauto.,Sofort sammelte sich eine Menge Leute um das Feuerwehrauto.,
Gau sammel sick en Hümpel Lüdd üm ’t Füüwehrauto.,Sofort lief eine Menschenmenge um das Feuerwehrauto zusammen.,
Ik heff tofällig miene Schoolmeester an ’n Bahnhoff dropen.,Ich traf zufällig am Bahnhof meinen Lehrer.,
So hebbt se in de Johren sösstig utsnackt.,So redete man in den Sechziger Jahren.,
De Blomen sünd ahn Woter verdröögt.,Die Blumen vertrockneten ohne Wasser.,
De lütt Hund keek ehr so trurig an.,Das Hündchen schaute sie so traurig an.,
He harrn goden Utsichten op Spood.,Er hat gute Aussichten auf Erfolg.,
Wo stellst du di datt Läven in’t Joht 2121 vüör?,Wie stellst du dir das Leben im Jahr 2121 vor?,
De Jägers het ’n Voss fungen.,Der Jäger hat einen Fuchs gefangen.,
De Speelen sünd toenn.,Die Spiele sind zu Ende.,
Dröff ik rinkamen?,Darf ich reinkommen?,
Bünt du mit ’n Dummbüdel kloppt?,Bist du mit dem Klammerbeutel gepudert worden?,
Mudder hätt den Koken in achte Delen sneden.,Mutter schnitt den Kuchen in 8 Teile.,
"Üm den Inholt uttoreken, nöhm de Längd mal de Breed maol de Deepd.",Um den Inhalt auszurechnen nimm die Länge mal der Breite mal der Tiefe.,
Alle Liddmaten wören dor.,Alle Mitglieder waren anwesend.,
He het datt nicht doot.,Er hat das nicht getan.,
Tom hätt datt ok ich wüßt.,Tom wusste es auch nicht.,
Mak datt lütte.,Mach es kleiner.,
Ik kenn ehr nech.,Ich kenne sie nicht.,
Se verwachten alle beid Kinners.,Sie beide erwarten Kinder.,
Dor wees en Saalhund an de Küst.,Da war ein Seehund an der Küste.,
Dor wees en Saalhund an de Küst.,Da war eine Robbe an der Küste.,
Schull ik jümmerto goods tomood wäsen?,Sollte ich immer guter Laune sein?,
Büs du bi Facebook?,Bist du bei Facebook?,
Ik wull gern boor betahlen.,Ich würde gerne bar zahlen.,
De Twede Weltkrieg wees noch nicht vörbi.,Der Zweite Weltkrieg war noch nicht vorbei.,
"Tom het versocht, Rias to beindrucken.","Tom versuchte, Maria zu beeindrucken.",
Opmaal güng datt Licht ut.,Plötzlich ging das Licht aus.,
Wullst du Mary ook inladen?,Wolltest du Mary auch einladen?,
Ik wull en egen Komer.,Ich will ein eigenes Zimmer.,
Datt Ies smölt.,Das Eis schmilzt.,
Datt Ies smelt.,Das Eis taut ab.,
Ik kan di ich helpen.,Ich kann dir nicht helfen.,
Se is veele gröttern as ik.,Sie ist bei weitem größer als ich.,
Se is veele gröttern as ik.,Sie ist viel größer als ich.,
Treck di dien gode Schoh an.,Zieh dir deine guten Schuhe an!,
He mag keene Appelsienen.,Er mag keine Apfelsinen.,
He mag keene Appelsienen.,Er mag keine Orangen.,
Waorüm böst du so trurig?,Warum bist du so traurig?,
He stünn mit de Hannen in ’e Tasch.,Er stand mit den Händen in seiner Tasche.,
"’Keene nech arbeden, schall ook nicht äten.","Wer nicht arbeitet, soll auch nicht essen.",
Waorüm bünt du to Huus?,Warum bist du zu Hause?,
Ik heff em al anropen.,Ich habe ihn schon angerufen.,
Wi sünd domaals in de Feerne fohrt.,Wir sind damals in die Ferien gefahren.,
Wi hebbt dörteihn Knüppels.,Wir haben dreizehn Knüppel.,
Datt heff ik ich wusst.,Das wusste ich nicht.,
Flüggst du faken?,Fliegst du oft?,
Wat för en Soort Vågel is dit?,Was für eine Sorte Vogel ist das?,
"Ik harrn vüör, mit de Arbeit trech to wäsen.",Ich hatte vor mit der Arbeit fertig zu sein.,
Ik eet Broot.,Ich esse Brot.,
"He wees tæmlich groot un mager, mit lang Arms un Been.","Er war sehr groß und mager, mit langen Armen und Beinen.",
’Keene hört datt Book to?,Wem gehört das Buch?,
Se hätt veele Frünn in Hongkong.,Sie hat viele Freunde in Hongkong.,
Wi köönt dusend Steerns an ’n Heven sehen.,Wir können Tausende von Sternen am Himmel sehen.,
Wullt du noch en Bier?,Möchtest du noch ein Bier?,
"God het gäven, God hätt nohmen.","Gott hat gegeben, Gott hat genommen.",
Generaal Motors het 76.000 Lüdd aflohnt.,General Motors hat 76000 Arbeiter entlassen.,
Ik mak toveel Tippfehlers.,Ich mache zu viele Tippfehler.,
He wees al twe Stunnen bi to lihren.,Er lernte schon seit zwei Stunden.,
He wees al twe Stunnen bi to lihren.,Er war schon zwei Stunden lang am Lernen.,
De Laag warrn jeden Dag slimmer.,Die Lage wird täglich schlimmer.,
Datt is to warm üm to arbeidt.,"Es ist zu warm, um zu arbeiten.",
Ik gah avends faken mit Frünn ut.,Ich gehe abends oft mit Freunden aus.,
"Liekut, dann na rechts, un dunn?","Erst geradeaus, dann nach rechts, und dann?",
Waorüm is se so still?,Warum ist sie so still?,
Datt hätt nix mit di to doot.,Das hat nichts mit dir zu tun.,
Düsse Slips lett goods an di.,Diese Krawatte steht dir sehr gut.,
"Ik weet nech mihr, woneem ik datt kofft heff.","Ich weiß nicht mehr, wo ich das gekauft habe.",
"Ik bruuk een, mit den ik snacken kan.","Ich brauche einen, mit dem ich sprechen kann.",
"Wat wees toeerst dor, datt Hohn odder datt Ei?","Was war zuerst da, das Huhn oder das Ei?",
Ik bün en free Mann.,Ich bin ein freier Mann.,
Ries warrn in Kilo verköfft.,Reis wird in Kilo verkauft.,
"Ji weet nicht, ’keene ik bün.","Ihr wisst nicht, wer ich bin.",
Wi verwachten dit Joht en teemlich kolen Winter.,Wir erwarten dieses Jahr einen sehr kalten Winter.,
Gah weg.,Verkrümele dich!,
Wi brukt ich veele.,Wir brauchen nicht viel.,
De Aap keem dal.,Der Affe kam herunter.,
Anfangt wi an.,Fangen wir an!,
Du kunnst nech allen hebben.,Du kannst nicht alles haben.,
Twe Kinners sitt baven op ’n Tuun.,Zwei Kinder sitzen oben auf dem Zaun.,
Jund Tigers seht ut as Katten.,Junge Tiger sehen aus wie Katzen.,
"Tom het versöch, Rias to beindrucken.","Tom versuchte, Maria zu beeindrucken.",
Ik heff de Adress nicht dorbi.,Ich habe die Adresse nicht dabei.,
Ji hebbt datt daan!,Ihr habt es getan!,
He hätt en Hoot op.,Er hat einen Hut auf.,
Se kinnt mi.,Sie kennt mich.,
Wi hebbt uns in Ägypten versteken.,Wir werden uns in Ägypten verstecken.,
He is diene Söön.,Er ist dein Sohn.,
De Bülgen slögen gägen de Steen an ’t Övers.,Die Meereswellen schlagen gegen den Felsen am Ufer.,
Se woren op de Wisch un hebbt haut.,Sie waren auf der Wiese und haben geheut.,
He het jo en Book schickt.,Er hat euch ein Buch geschickt.,
Schell twe von de Bananen.,Schäle zwei von den Bananen.,
He harrn to doot.,Er war beschäftigt.,
He harrn to doot.,Er hat zu tun.,
"Datt is licht, düsse Fraag to antern.","Es ist leicht, diese Frage zu beantworten.",
He wees ganz un gor tosmuddelt.,Er war schmutzbedeckt.,
Datt is nödig.,Es ist notwendig.,
"Ik heff vergäten, de Parkschiev intostellen.","Ich habe vergessen, die Parkscheibe einzustellen.",
"Jim keek na rechts un links, ehrdat he övers de Straat güng.","Jim sah nach rechts und links, bevor er über die Straße ging.",
Ik snack keene Katalaansch.,Ich spreche kein Katalanisch.,
He hätt mi lange töven loten.,Er hat mich lange warten lassen.,
Ik bün drie Joht jünger as he.,Ich bin drei Jahre jünger als er.,
"Villicht gah ik, villicht ich.","Vielleicht werde ich gehen, vielleicht nicht.",
Datt is Tüdelkraam.,Das ist Quatsch.,
Datt is Tüdelkraam.,Das ist Unsinn.,
"Ik froog mi, wann dit huus es buet wodden.","Ich frage mich, wann dieses Haus gebaut worden ist.",
"Ik froog mi, wann dit huus es buet wodden.","Ich frage mich, wann dieses Haus gebaut wurde.",
Datt sünd nech mien Saken!,Das sind nicht meine Sachen!,
Do dor man nicht so dicke mit.,Gib nicht so sehr damit an.,
"Hey, kiek, en dreeköppten Aap!","Oh, schau mal, ein dreiköpfiger Affe!",
Ik heff düssen Hoot för 2000 Yen kofft.,Ich habe diesen Hut für 2000 Yen gekauft.,
Melk kaakt bi en högere Temperatur as Woter.,Milch kocht bei einer höheren Temperatur als Wasser.,
Tom het Rias wat totuustert.,Tom flüsterte Maria etwas zu.,
Tom hätt Rias wat totuustert.,Tom hat Maria etwas zugeflüstert.,
Dit Kleed passt di goods.,Dieses Kleid passt dir gut.,
We hebbt dit Joht ich veele Snee hatt.,Wir haben dieses Jahr nicht viel Schnee gehabt.,
Het Tom en Wagen?,Hat Tom ein Auto?,
"Datt is jüst datt, wat ik bruuk.","Dies ist genau das, was ich benötige.",
Wasch di önnig de Hannen.,Wasche deine Hände gut.,
"Nüms weet, wat em so pieren deed.","Niemand weiß, was ihn so quält.",
Huer in Boston sneet datt.,Hier in Boston schneit’s.,
De Köning von Frankriek hätt en Platt.,Der König von Frankreich hat eine Glatze.,
Lat di nech faatkriegen.,Lass dich nicht erwischen.,
Datt is miene Kuseng.,Das ist mein Cousin.,
Verwachten nicht toveel von em.,Erwartet nicht zu viel von ihm.,
Ehr Fohrrad is blau.,Ihr Fahrrad ist blau.,
De Junge is klook.,Ein kluger Junge!,
Dit Mal schullst du datt sülvens doot.,Dieses Mal solltest du es selbst tun.,
Dit Maol schußt du datt sülvens doot.,Dieses Mal musst du das selbst machen.,
"Ik heff nüms, de mi hölpt.","Ich habe niemanden, der mir hilft.",
Datt is miene CD.,Das ist meine CD.,
Ji künnt huer up se teuven.,Ihr könnt hier auf sie warten.,
He kan goods fohren.,Er kann gut fahren.,
Bleev en Stoot.,Bleib ein Weilchen.,
He het mi en Klock gäven.,Er gab mir eine Uhr.,
De Dener hätt den Bodden schrubbt.,Der Diener schrubbte den Boden.,
Wo denkst du an?,Woran denkst du?,
"De freuhe Vagel anfangt den Worm, man eerst de twede Mûs kriggt den Kees.","Der frühe Vogel fängt den Wurm, aber erst die zweite Maus kriegt den Käse.",
Wi eet oft rauhen Fischen.,Wir essen oft rohen Fisch.,
"Moin, Grootvader!","Guten Tag, Großvater!",
"Moin, Grootvader!","Guten Morgen, Großvater!",
"Moin, Grootvader!","Guten Abend, Großvater!",
"Moin, Grootvader!",Hallo Großvater!,
Dröög diene Tranen.,Trockne deine Tränen.,
Dröög diene Tranen.,Wische dir deine Tränen ab.,
Hüdigendaags glöövt nüms mihr an Spökels.,Heutzutage glaubt niemand mehr an Gespenster.,
Wat gest du antert?,Was hast du geantwortet?,
Wat snackst du för ’n Tüdelkraam?,Was redest du für einen Unsinn?,
"De Keerl, den se heiraden wull, is Rûmfohrer.","Der Mann, den sie heiraten will, ist Astronaut.",
Datt Door is nu apen.,Das Tor ist jetzt geöffnet.,
Se trecken in jemehr neet Huus.,Sie ziehen in ihr neues Haus ein.,
Se trecken in jemehr neet Huus in.,Sie ziehen in ihr neues Haus ein.,
"Se deed em verlöven, alleen to gohn.","Sie gestattete ihm, alleine zu gehen.",
Ik nöhm noch en Kreekbeer.,Ich nehme noch ein Kirschbier.,
Se süht ut as en Schoolmeestersch.,Sie sieht wie eine Lehrerin aus.,
Sochst du mi en Slips ut?,Suchst du mir eine Krawatte aus?,
Se unn em ich in ’t Gesicht kieken.,Sie konnte ihm nicht ins Gesicht sehen.,
"Ik gläuv, datt is Tom siene Menen, datt ik toveel denk.","Ich glaube, Tom ist der Meinung, ich denke zu viel.",
Waorüm jümmerto ik?,Warum immer ich?,
Se het de Steed aflehnt.,Sie hat die Stelle abgelehnt.,
Hess du de Telefoonnnummer opschreven?,Hast du die Telefonnummer aufgeschrieben?,
Ik heff noch keene Kaffee hatt.,Ich hatte noch keinen Kaffee.,
An en gode Dag kunnst du von Helsinki ut de Küst von Eestland sehen.,An einem guten Tag kannst du von Helsinki aus die Küste von Estland sehen.,
Gest du diene Fründ de Noricht al vertellt?,Hast du schon deinem Freund die Nachricht erzählt?,
Du musst datt sülvens doot.,Du musst es selber machen.,
De griese Pulli gefallt mi beters as de vigelette.,Der graue Pulli gefällt mir mehr als der violette.,
En welkeen Etaasch wohnt he?,In der wievielten Etage wohnt er?,
He hannelt mit Mobieltjes.,Er handelt mit Handys.,
"Masha dröömt dor von, en Revolution antofietern, man dor is se to schoo för.","Masha träumt davon, eine Revolution anzuzetteln, aber dazu ist sie zu schüchtern.",
Ik kan nech mihr töven.,Ich kann nicht mehr warten.,
Spraken lihren fallt mi swor.,Sprachen lernen fällt mir schwer.,
He smeet en Steen in ’n Diek.,Er warf einen Stein in den Teich.,
Tee ahn Ies.,Tee ohne Eis.,
De Katte wees op ’n Disch.,Die Katze war auf dem Tisch.,
He mag giern Botterbrood mit Lebberwust.,Ich mag gerne Butterbrot mit Leberwurst.,
’Keene hätt di von mi vertellt?,Wer hat dir von mir erzählt?,
Mien Dochter het Fever. Schall ik en Dokter ropen?,Meine Tochter hat Fieber. Soll ich einen Arzt rufen?,
Spinnen sünd keene Insekten.,Spinnen sind keine Insekten.,
Ik versteek mi nicht.,Ich verstecke mich nicht.,
He deed sick beren as en Unkloken.,Er gebärdet sich unklug.,
He is in de Swiez boren.,Er wurde in der Schweiz geboren.,
Wat för en Frömdspraak liehrst du?,Welche Fremdsprache lernst du?,
Woans warrn datt seggt?,Wie sagt man das?,
Ik drink keene Woter.,Ich trinke kein Wasser.,
Ik heff alle miene Frünn inlaadt.,Ich habe alle meine Freunde eingeladen.,
Ik do sone Saken ich.,Ich tue solche Dinge nicht.,
Lat uns huer en Foto moken.,Lasst uns hier ein Foto machen.,
Se hätt sick ganz gresige benahmen.,Sie hat sich ganz abscheulich betragen.,
Se is bange vüör Hunnen.,Sie hat Angst vor Hunden.,
De Wecker klingelt.,Der Wecker klingelt.,
Dit Bier smeckt basch.,Dieses Bier schmeckt bitter.,
Se kemen an ’n 9. Juli in Nee Delhi an.,Sie kamen am 9. Juli in Neu-Delhi an.,
Smöök nech bi de Arbeit!,Rauch nicht im Dienst.,
Se het söten lütten Kuhlen in ’e Backen.,Sie hat süße Grübchen in den Wangen.,
Ik heff mi mit en Mest in miene Fingers sneden.,Ich habe mir mit einem Messer in meinen Finger geschnitten.,
Tom drinken Woter.,Tom trinkt Wasser.,
He is mit Rias na Boston fohrt.,Er ist mit Maria nach Boston gefahren.,
Ik gah na Huus.,Ich geh nach Hause.,
Datt weet sogoor de Kinner.,Das wissen sogar die Kinder.,
Ik bün gern alleen.,Ich bin gerne allein.,
Tööv huer bet ik trüggkaam.,"Warte hier, bis ich zurückkomme.",
Hol op!,Hör auf!,
Ik heff nix sehen.,Ich habe nichts gesehen.,
Ken hätt en Gitarr.,Ken hat eine Gitarre.,
"Julien driggt runn Brillenglääs, so as John Lennon.","Julien trägt runde Brillengläser, wie John Lennon.",
Wat för en Maand hebbt wi?,Welchen Monat haben wir?,
"Wo kunnst du datt wogen, övers mi to lachen?","Wie kannst du es wagen, über mich zu lachen?",
He lööp in ’e Klass.,Er lief ins Klassenzimmer.,
Ik lees düsse Soort Book nicht faken.,Ich lese diese Art von Büchern nicht gerne.,
Is datt diene Fohrrad?,Ist das dein Fahrrad?,
In ’n Pohl is ich veele Woter.,Im Weiher ist nicht viel Wasser.,
He weet veele övers Botterlickers.,Er weiß viel über Schmetterlinge.,
Ik heff wat övers för Gedichten.,Ich habe ein Faible für Gedichte.,
En Major steiht övers en Hauptmann.,Ein Major ist mehr als ein Hauptmann.,
Apr. is afkörten för April.,Apr. ist die Abkürzung für April.,
"Huer liggt datt Bauk, wat du söchst.","Hier liegt das Buch, das du suchst.",
"Huer liggt datt Bauk, wat du söchst.","Hier liegt das Buch, welches du suchst.",
Datt was Fohrerflucht.,Das war Fahrerflucht.,
"He wull, se nech.","Er will, sie nicht.",
Ik wull in en Grootstad läven.,Ich möchte in einer Großstadt leben.,
"Tommy, kunnst du mi hören?","Tommy, kannst du mich hören?",
Se brukt datt.,Sie brauchen es.,
Se brukt datt.,Sie braucht es.,
Ik will jo helpen.,Ich wollte euch helfen.,
Ik will jo helpen.,Ich wollte Ihnen helfen.,
Wi sünd an ’n sülven Dag boren.,Wir sind an demselben Tag geboren.,
He wees alleen.,Er war allein.,
Dor bün ik nicht för tostännig.,Dafür bin ich nicht zuständig.,
Ik bün dor ich för tostännig.,Ich bin dafür nicht zuständig.,
"Vertell keene Tüdelkraam, du wettst, datt datt nech geit.","Erzähle keinen Unsinn, du weißt, dass das nicht geht.",
"Se het vergeten, war se seggen will.","Sie hat vergessen, was sie sagen wollte.",
Se güngen Wiehnachtenavend na Kerk.,Sie gingen am Heiligen Abend zur Kirche.,
De Japaner sünd en tapper Volk.,Die Japaner sind ein tapferes Volk.,
Datt geit mi al bäter.,Es geht mir schon besser.,
Woans hess du datt daan?,Wie hast du das getan?,
De Hund wees von Kopp bet Foot mit Mudd vullkleit.,Der Hund war von Kopf bis Fuß voll mit Matsch eingesaut.,
Ik heff keene Hoor op ’n Kopp.,Ich habe kein Haar auf meinem Kopf.,
"Elk Mal as ik ’t probeert heff, hätt datt nicht klappt.","Jedes Mal, wenn ich es probiert habe, hat es nicht funktioniert.",
Ik bün vüör twintig Joht boren.,Ich bin vor zwanzig Jahre geboren.,
Du büs en Dokter.,Du bist Arzt.,
Ik mag den Smack von Tomaten ich.,Ich mag nicht den Geschmack von Tomaten.,
Wo töövst du op?,Worauf wartest du?,
Weest still un lüüstert.,Seid ruhig und hört mir zu.,
Katja is mit ’n Bus na Huus komen.,Katja ist mit dem Bus nach Hause gekommen.,
"Is düsse Ledder stark noog, üm miene Wicht to hollen?","Ist diese Leiter stark genug, um mein Gewicht auszuhalten?",
Du böst mien Prinzess.,Du bist meine Prinzessin.,
Wobeel Stunnen Slaap gest du nödig?,Wie viele Stunden Schlaf hast du nötig?,
De Dood kinnt nech arm noch rieke.,Der Tod kennt weder arm noch reich.,
"De Kartuffel wees so heet, datt se mi den Mund verbrennen het.","Die Kartoffel war so heiß, dass sie mir den Mund verbrannte.",
He levt huer al tein Joht.,Er lebt hier schon zehn Jahre.,
Wat hebbt ji Paula seggt?,Was habt ihr Paula gesagt?,
An diene Steed deed ik datt nicht doot.,An deiner Stelle würde ich das nicht tun.,
In de Ukraine snack ik jümmerto Ukrainsch.,In der Ukraine spreche ich immer Ukrainisch.,
Siene Lohn is dubbelte so hoog as vüör söven Joht.,Sein Gehalt ist doppelt so hoch wie vor sieben Jahren.,
Datt sünd allen mien Böker.,Das sind alles meine Bücher.,
Se hätt em to ’n Afscheed towunken.,Sie hat ihm zum Abschied zugewinkt.,
"Amerika is keene Land, man en Kontinent.","Amerika ist kein Land, sondern ein Kontinent.",
He is sotoseggen en Nakieksel op twe Been.,Er ist sozusagen eine Enzyklopädie auf zwei Beinen.,
"De freuhe Vugel anfangt den Worm, man de twede Mûs kriggt den Kees.","Der frühe Vogel fängt den Wurm, aber die zweite Maus bekommt den Käse.",
An ’n Heven lücht de Steerns vonnacht besünners hell.,Heute am Nachthimmel scheinen die Sterne sehr hell.,
Söök in de gele Sieden!,Such in den gelben Seiten!,
"Mak man to, dann kümmst du noch rechttiedig.","Beeile dich, dann kommst du noch rechtzeitig an.",
He slööp foorts to.,Er schlief sofort ein.,
He güng rut ’e Kamern as ik rinkeem.,"Er verließ das Zimmer, als ich eintrat.",
He güng rut ’e Komer as ik rinkeem.,"Er ging aus dem Zimmer, als ich hereinkam.",
Ik harrn giern en Tass Kaffee.,Ich hätte gern eine Tasse Kaffee.,
Se levt alleen.,Sie lebt allein.,
Se het mi extra en verkehrten Adress seggt.,Sie hat mir extra eine falsche Adresse gesagt.,
Hebbt ji Angst hatt?,Hattet ihr Angst?,
Wat maakst du?,Was machst du?,
Ik roop di later an.,Ich ruf dich später an.,
Ik roop di later an.,Ich rufe dich später an.,
Ik eet huer.,Ich esse hier.,
Datt füng an to sneen.,Es begann zu schneien.,
Seggen un doot sünd twe Saken.,Sagen und machen sind zweierlei Dinge.,
Du schullst jeden Dag Vigelien öven.,Du solltest jeden Tag Geige üben.,
Ik heff to veele Böker.,Ich habe zu viele Bücher.,
De Arbeit is al meist trech.,Die Arbeit ist beinahe fertig.,
Vulltanken.,Volltanken.,
Ik drink jüst en Bier.,Ich trinke gerade ein Bier.,
Nu man suutje!,Nun mach mal halblang!,
"Wi sünd alle beid op de Söök na wat, wat ich dor is.","Wir sind alle beide auf der Suche nach etwas, was nicht da ist.",
De Suppenlepel is jümmerto ganz rechts buten.,Der Suppenlöffel befindet sich immer ganz rechts außen.,
Datt Geld is in ’n Born.,Das Geld ist im Brunnen.,
Lat uns Baseball speelen!,Lasst uns Baseball spielen!,
Wat is diene leevsten Kriegsfilm?,Was ist dein liebster Kriegsfilm?,
Wat is diene leevsten Kriegsfilm?,Was ist dein Lieblingskriegsfilm?,
Woveel wullt du?,Wie viel möchtest du?,
Wi hebbt schöne Blomen in’n Goorn.,Wir haben schöne Blumen im Garten.,
Hess du em al kennenlihrt?,Hast du ihn bereits kennengelernt?,
Gest du em al kennenlihrt?,Hast du ihn schon kennengelernt?,
De Krigg hätt meist tein Joht duurn.,Der Krieg dauerte fast zehn Jahre.,
Ik heff noog von di.,Ich habe genug von dir.,
Wullt du em diene Huus verköpen?,Möchtest du ihm dein Haus verkaufen?,
Ik kiek gern Kinners bi ’t Speelen to.,Ich schaue gerne Kindern beim Spielen zu.,
Se plaant en Reis.,Sie plant eine Reise.,
Se sprickt söven Spraken.,Sie spricht sieben Sprachen.,
Veele anfangt den Dag mit en Köppen Kaffe an.,Viele beginnen den Tag mit einer Tasse Kaffee.,
Ik bün faken mit em angeln gohn.,Ich ging oft mit ihm angeln.,
Sünd ji beide praat to gohn?,Seid ihr beide bereit zu gehen?,
"Hess du weten, datt de 6. Juli de Internatschonale Küss-Dag is?","Hast du gewusst, dass der 6. Juli der Internationale Tag des Kusses ist?",
Wi küert so n bietken övers düt un datt.,Wir schwatzten so ein bisschen über dies und das.,
Loop nech so hart.,Laufe nicht so schnell.,
Loop nich so hart.,Rennen Sie nicht so schnell!,
To Wiehnachtenavend eet wi jümmerto Tokakers.,Zu Heiligabend essen wir immer Steckrübeneintopf.,
"Üm en Tort to moken, bruukst du Eier, Botter un Sucker.","Um eine Torte zu machen, brauchst du Eier, Butter und Zucker.",
En Hund het Tom angrepen.,Ein Hund hat Tom angegriffen.,
He will ook mihr övers de Bööm weten.,Er wollte auch mehr über die Bäume erfahren.,
Ik hör jüst datt ne’este Leeg von Björk.,Ich höre gerade den neusten Song von Björk.,
Ik hör jüst datt ne’este Leeg von Björk.,Ich höre gerade das neueste Lied von Björk.,
Hör ees!,Horch!,
Ik heff ’n helen Dag arbeden; ik bün ganz mööd.,Ich habe den ganzen Tag gearbeitet; ich bin sehr müde.,
’Keene is an ’e Reeg?,Wer ist dran?,
Gest du noog Äten?,Hast du genug zu essen?,
Nüms kiekt na ehr.,Niemand achtet auf sie.,
Fründschop is mihr weerd as Gold.,Freundschaft ist wertvoller als Gold.,
Wat is diene Indruck von Amerika?,Was ist ihr Eindruck über Amerika?,
Backt ji tohuus Pizza op ’n Platen odder op ’t Gidder?,Backt ihr zu Hause Pizza auf dem Backblech oder auf dem Rost?,
We tellt em mank uns best Frünnen.,Wir zählen ihn zu unseren besten Freunden.,
He raseert sick elk Dag.,Er rasiert sich jeden Tag.,
Veele smucke Blomen blöht in ’t Vörjohr.,Viele schöne Blumen blühen im Frühling.,
Is dit Metall Kopper?,Ist dieses Metall Kupfer?,
Wat maakt di so trurig?,Was macht dich so traurig?,
Ik kiek ich giern Films.,Ich sehe nicht gern Filme.,
Miene Katz blafft.,Meine Katze bellt.,
He drunk en Bier.,Er trank ein Bier.,
Dubbelte neiht hüllt beters.,Doppelt genäht hält besser.,
Mari wees in Ungarn.,Mari war in Ungarn.,
Klock veer kunnen wi na Huus gohn.,Um vier Uhr können wir nach Hause gehen.,
Na ’n Ünnerricht speel ik faken Football.,Nach dem Unterricht spiele ich häufig Fußball.,
Datt is Vörjohr.,Es ist Frühling.,
Düsse List wiest ook de fröhern Maten von de Grupp.,Diese Liste enthält auch die früheren Mitglieder der Gruppe.,
He hätt en Reis na Amerika maakt.,Er machte eine Reise nach Amerika.,
Kate is mit ’n Buss na Huus komen.,Katrin kam mit dem Bus nach Hause.,
Kate is mit ’n Buss na Huus komen.,Kati ist mit dem Bus nach Hause gekommen.,
Dor wees anners nüms op de Straat.,Es war niemand auf der Straße.,
En Deel von de Kru is verdrunken.,Ein Teil der Besatzung ist ertrunken.,
He wiggt övers 80 Kilo.,Er wiegt über 80 Kilo.,
"Se wüssen nech, wat se toeerst doot schöölt.","Sie wussten nicht, was sie zuerst tun sollten.",
Ik heff twe Döchter un twe Söhns.,Ich habe zwei Töchter und zwei Söhne.,
Missünnerestemeer di nicht.,Fehlunterschätzen Sie sich nicht.,
Ik bün in een Stünn trügg.,Ich bin in einer Stunde zurück.,
Datt is en malle Idee.,Das ist eine schlechte Idee.,
Datt Baby wees naakt.,Das Baby war nackt.,
Tom utsnackt al wedder in’n Slaap.,Tom redet schon wieder im Schlaf.,
De Fohrer het von 1995 bet 1999 för Ferrari fohrt.,Der Fahrer fuhr von 1995 bis 1999 für Ferrari.,
Ik weet toveel.,Ich weiß zu viel.,
He hätt twe Picassos.,Er hat zwei Picassos.,
Hebbt wi Geld?,Haben wir Geld?,
Ik bün en bäten bange.,Ich hatte ein bisschen Angst.,
Wat wees datt för ’n Larm?,Was war dieser Krach?,
Wat wees datt för ’n Larm?,Was war das für ein Lärm?,
Weren veele Liud in’n Park?,Waren viele Leute im Park?,
Wat ankickst du mi so dwatsch an?,Was schaust du mich so dumm an?,
"Dit Book is för mi datt, wat för di de Bibel is.","Dieses Buch ist für mich das, was für dich die Bibel ist.",
Oscar wees miene Mama ehr Hund.,Oscar war der Hund meiner Mutter.,
Se is jund storven.,Sie ist jung gestorben.,
Ik eet gern hete Supp.,Ich esse gerne eine heiße Suppe.,
"Ik sla di gliek mit ’n Kaaplepel üm de Ohren, du Aap.","Ich schlage dich gleich mit dem Kochlöffel um die Ohren, du Affe.",
Du hess wenig to winnen un veele to verlesen.,Du hast wenig zu gewinnen und viel zu verlieren.,
He het ich een Fingers röögt.,Er hat nicht einen Finger gerührt.,
Oh nee! Ik heff miene Portmaneet vergäten.,O nein! Ich habe mein Portemonnaie vergessen.,
Oh nee! Ik heff miene Portmaneet vergäten.,O nein! Ich habe meinen Geldbeutel vergessen.,
Oh nee! Ik heff miene Portmaneet vergäten.,O nein! Ich habe meine Geldbörse vergessen.,
Woans heet diene Avtheek?,Wie heißt deine Apotheke?,
Ik bün mit de Noot op miene Mathetest tofreden.,Ich bin mit der Note meiner Mathearbeit zufrieden.,
Se vertroost em.,Sie vertraut ihm.,
Ik küss mit apen Ogen.,Ich küsse mit offenen Augen.,
He hätt drie Glääs Woter drunken.,Er hat drei Gläser Wasser getrunken.,
Dit is en snaakschen Satz.,Dies ist ein seltsamer Satz.,
Dit is en snaakschen Satz.,Dies ist ein merkwürdiger Satz.,
Esperanto is mi lever as Düütsk.,Esperanto gefällt mir mehr als Deutsch.,
Afkennst du em würklich nech?,Kennst du ihn wirklich nicht?,
"Mi dücht, du schußt ees en Paus moken, du sühst krank ut.","Ich denke, dass du mal eine Pause machen solltest, du siehst krank aus.",
"Rias sä, datt se dor nicht noog Geld för het, üm sick datt to köpen.","Maria sagte, sie habe nicht genug Geld, um sich das zu kaufen.",
"Se verlöövt mi ich, in de Disko to gohn.","Sie erlauben mir nicht, in die Disko zu gehen.",
Woneem is miene Brill?,Wo ist meine Brille?,
De Straat fohrt na datt Dörpe rop.,Die Straße führt zum Dorf hinauf.,
Japaansche Hüüs sünd lütt.,Japanische Häuser sind klein.,
"Se hätt hööpt, bi ’t Ficken verlorene gohn Geföhlen weddertofinnen.","Sie hoffte, beim Ficken verloren gegangene Gefühle wiederzufinden.",
Du musst gau moken.,Du musst dich beeilen.,
Du musst gau moken.,Du musst schnell machen.,
Dubbelte hölt beters.,Doppelt hält besser.,
He het Knööv as en Peerd.,Er ist so stark wie ein Pferd.,
Mien Oma weedt in ’n Goorn rachter ’t Huus Unkrudd.,Meine Oma jätete im Hintergarten Unkraut.,
Ik dank di.,Ich danke dir.,
Datt Huus leed merrn mank Koornfeller.,Das Haus lag inmitten von Getreidefeldern.,
De Haas blött an ’t Ohr.,Der Hase blutet am Ohr.,
Se hebbt veele Malesch dörmaakt.,Sie haben viele Schwierigkeiten ertragen.,
Bilütten warrn mi datt to dulle.,Allmählich wird es mir zu viel.,
Gest du datt Book betohlt?,Hast du das Buch bezahlt?,
"De Satz is so kort, datt de för mi kuum en Sinn hätt.","Der Satz ist so kurz, dass er für mich kaum einen Sinn hat.",
"De Satz is so kort, datt de för mi kuum en Sinn het.","Der Satz ist so kurz, dass er für mich kaum einen Sinn ergibt.",
"Geld is nech allen, man wenn ji keene Geld hebbt, köönt ji nix moken.","Geld ist nicht alles, aber wenn ihr kein Geld habt, könnt ihr nichts machen.",
He kan en Iesenstang mit siene Hannen bögen.,Er kann eine Eisenstange mit seinen Händen verbiegen.,
Ik wees nicht duune.,Ich war nicht betrunken.,
Datt is en Fassaan.,Das ist ein Fasan.,
Se hebbt stünnenlang op em tövt.,Sie warteten stundenlang auf ihn.,
Alle harr datt swor.,Alle hatten es schwer.,
"Deit mi leeg, ik kan ich mit di komen.",Tut mir leid! Ich kann dich nicht begleiten.,
Waorüm höörst du mi nech to?,Warum hörst du mir nicht zu?,
Waorüm höörst du mi nicht to?,Warum hörst du nicht auf mich?,
Datt woren negenunnegentig Luftballons.,Es waren neunundneunzig Luftballons.,
Un du?,Und du?,
Wi schullt uns Beste doot.,Wir sollten unser Bestes tun.,
Ik heff noch nien en Mango äten.,Ich habe noch nie eine Mango gegessen.,
Ik heff mi mit ehr ich goods verstohn.,Ich habe mich mit ihr nicht gut verstanden.,
Ik bün blied.,Ich bin glücklich.,
Wat hätt Tom Rias gäven?,Was hat Tom Maria gegeben?,
Ik bün in Portugal.,Ich bin in Portugal.,
He lööp so gau he unn.,"Er rannte so schnell, wie er konnte.",
Ik heff en Kamera för dörtig Dollar kofft.,Ich habe eine Kamera für 30 Dollar gekauft.,
Miene Verscheel un diene Verscheel sünd tohoop verschillen.,Meine und Ihre Meinung differieren komplett.,
Datt Huus is smucket.,Das Haus ist schön.,
Wo lange bünt du al mit Jane verheirodt?,Wie lange bist du schon mit Jane verheiratet?,
As Kind het Bob in Boston wohnt.,Als Kind hat Bob in Boston gewohnt.,
"He seggt, he hätt noch en Reken mit di apen.","Er sagt, er habe noch eine Rechnung mit dir offen.",
Wi sünd mit datt Reintomaken von de Klass trech.,Wir haben die Reinigung des Klassenraumes beendet.,
Ik heff ehr Adreß vergäten.,Ich habe ihre Adresse vergessen.,
Von Avend is et mek doch te late.,Heute Abend ist es mir doch zu spät.,
Een Dollar is 110 Yen.,Ein Dollar entspricht 110 Yen.,
"Ik söök Andy na. Weet ji, woneem he is?","Ich bin auf der Suche nach Andy. Wisst ihr, wo er ist?",
Geit düsse Klock?,Geht diese Uhr?,
"Tom deit mi leeg, man nech Rias.","Tom tut mir leid, Maria aber nicht.",
En Roos het Doornen an ehrn Steel.,Eine Rose hat Dornen an ihrem Stängel.,
Wat hess du in ’e Hand?,Was hast du in der Hand?,
Mag se Appelsienen?,Mag sie Orangen?,
Mag se Appelsienen?,Mag sie Apfelsinen?,
Se dreeg en Brill.,Sie trug eine Brille.,
Datt argern mi.,Das ärgert mich.,
Datt is swor.,Das ist schwierig.,
Datt is swor.,Das ist schwer.,
Üm wölke Klock gaht ji normalerwies toslapen?,Wann geht ihr normalerweise schlafen?,
"Ik harrn mi vörstellt, datt miene eersten Kuss wat romantischer wäsen schull.","Ich hatte mir vorgestellt, dass mein erster Kuss romantischer sein würde.",
’Keene speelt opbest Örgel?,Wer spielt am besten Orgel?,
Ik heff datt drunken.,Ich habe es getrunken.,
Dor is meist keene Woter in ’n Ammel.,Es ist fast kein Wasser in dem Eimer.,
Ik heff de ganze Nacht ween.,Ich habe die ganze Nacht geweint.,
Datt tütt.,Es zieht.,
Wat is diene Moddersprook?,Was ist deine Muttersprache?,
Ik kan datt nicht begriepen.,Es ist mir unbegreiflich.,
Datt Faat is leddige.,Das Gefäß ist leer.,
Mien best Fründin Felicia is huer.,Meine beste Freundin Felicia ist hier.,
Du büs miene Fründ.,Du bist mein Freund.,
Miene Nees blöddt.,Meine Nase blutet.,
De Eerd is keene akrate Kugel.,Die Erde ist keine ideale Kugel.,
Miene Hund dröömt von en Katte.,Mein Hund träumt von einer Katze.,
Ik sing giern.,Ich singe gerne.,
Ik wull Tom besöken.,Ich will Tom besuchen.,
Kate is ich so groot as Ann.,Kate ist nicht so groß wie Anne.,
"Ik mag keene Lüdd, de sick gau argern.","Ich mag keine Leute, die sich leicht ärgern.",
He drunk een Bier ut un bestell gliek noch een.,Er trank ein Bier aus und bestellte gleich das nächste.,
’Keene is düsse Fent?,Wer ist dieser Bursche?,
Wat för Musiek gest du hört?,Was für Musik hast du gehört?,
Se mööt datt nech äten.,Sie müssen es nicht essen.,
"He dröög en Mask, datt em nüms kennen unn.","Er trug eine Maske, so dass ihn niemand erkennen konnte.",
He arbeiden bi de Bänk.,Er arbeitet in einer Bank.,
Mak diene Mund dicht!,Halt deinen Mund!,
Siene Süster wohnt in Schottland.,Seine Schwester wohnt in Schottland.,
Mi gefallt diene Spudderigkeid nicht.,Mir gefällt deine Nachlässigkeit nicht.,
Allerhand Lüdd weet von de Schipperee nix af.,Viele Menschen kennen sich mit der Schifffahrt nicht aus.,
"Wat mi angeiht, ik mag lever Hohn as Swin.","Was mich betrifft, mag ich Huhn lieber als Schwein.",
Huer is miene Rad.,Hier ist mein Rad.,
Se is Doktersche.,Sie ist Ärztin.,
Wi kunnen nüms op de Straat sehen.,Wir konnten niemanden auf der Straße sehen.,
Tein Joht sünd rümgahn na siene Dood.,Zehn Jahre sind seit seinem Tod vergangen.,
En Hund deed en Katz jagen.,Ein Hund jagte eine Katze.,
Wi hört Radio.,Wir hören Radio.,
Alle hebbt ehr gern.,Alle lieben sie.,
Ik heff veele Geld.,Ich habe viel Geld.,
Böst du tofreden?,Bist du zufrieden?,
Wüllt ji rieke warrt?,Wollt ihr reich werden?,
Ik un drie von miene Frünn sünd in de Bar rinlaten worrn.,Ich und drei meiner Freunde wurden in die Bar hereingelassen.,
"Ik bün bange, datt keene Kaffee mihr na is.","Ich fürchte, dass kein Kaffee übrig ist.",
Ik weet nix to schrievt to düssen Satz.,Ich weiß nichts zu schreiben zu diesem Satz.,
Viël to vötälen giëwt viël totolustern.,Viel zu erzählen gibt viel zuzuhören.,
Ik mag di ich.,Ich mag dich nicht.,
Op siene Vörkopp deden sick Sweetdruppens billen.,Auf seiner Stirn bildete sich eine Schweißperle.,
De Dood maakt allen liek.,Der Tod gleicht alles aus.,
Huer tweelt de Weg.,Hier gabelt sich der Weg.,
Lat den Kopp nech hangen!,Lass den Kopf nicht hängen!,
Wenn ik jünger wees...,Wenn ich jünger wäre...,
Weer nicht trurig.,Sei nicht traurig.,
De Krigg güng toenn.,Der Krieg ging zu Ende.,
Wi hebbt jem vergangen Nacht sehen.,Wir haben ihn vergangene Nacht gesehen.,
De Kerk is för de Hochtied mit Blomen smückt.,Die Kirche ist für die Hochzeit mit Blumen geschmückt.,
Datt is miene egen Fohrrad.,Das ist mein eigenes Fahrrad.,
Ik kan goods Ski fohren.,Ich kann gut Ski fahren.,
Bill wees in siene Slaapkamer.,Bill war in seinem Schlafzimmer.,
De Ledder an ’n Ledderwagen wees mit Ledder beslahn.,Die Leiter an dem Leiterwagen war mit Leder beschlagen.,
Wat sünd de Besööktieden?,Wie sind die Besuchszeiten?,
Tom hätt siene Paßwort vergeten.,Tom hat sein Passwort vergessen.,
Is noch Kaffee in ’e Köök?,Ist noch Kaffee in der Küche?,
Uns School het negen Klassen.,Unsere Schule hat neun Klassen.,
De Schruventrecker is to lütt un hölpt mi nix.,Der Schraubendreher ist zu klein und nutzt mir nichts.,
"Se wees dumm noog, mit em utgahn.","Sie war dumm genug, mit ihm auszugehen.",
Se harrn en goods Hart.,Sie hatte ein gutes Herz.,
Se harrn en goods Hart.,Sie hat ein gutes Herz.,
He is en Dichters.,Er ist Dichter.,
Ik bün tohuus.,Ich bin zu Hause.,
Ik bün tohuus.,Ich bin zuhause.,
Se hebbt sick in en Krink opstellt.,Sie stellten sich im Kreis auf.,
Ik heff vergangen Nacht en grappigen Droom hadd.,Ich habe vergangene Nacht einen lustigen Traum gehabt.,
Hess du datt teekt?,Hast du das gezeichnet?,
Woneem is diene School?,Wo ist deine Schule?,
Ik will giern üm de Welt seilen.,Ich würde gerne um die Welt segeln.,
Se hätt em en bäten Snökerkraam kofft.,Sie hat ihm ein paar Süßigkeiten gekauft.,
He wull ehr ich.,Er will sie nicht.,
Wo in Kanada kümmst du her?,Von wo in Kanada kommst du her?,
Se möök em rieke.,Sie machte ihn reich.,
Is se al dor?,Ist sie schon da?,
Seiko het kene Süsters.,Seiko hat keine Schwestern.,
Ik seh em af un to in de Bibliothek.,Ich sehe ihn ab und zu in der Bibliothek.,
"Toeerst Frankriek, dunn de Irak.","Zuerst Frankreich, dann der Irak.",
Hau af!,Verzieh dich!,
Ik heff nu free.,Ich habe jetzt frei.,
Du dröffst nech rut.,Du darfst nicht raus.,
Datt is de Kamera von miene Süster.,Das ist die Kamera meiner Schwester.,
Se dreeg en snaakschen Hoot.,Sie trug einen seltsamen Hut.,
"As ik tohuus wees, bün ik gliek na Bedde.","Als ich zuhause war, bin ich gleich ins Bett.",
Ik seh den Junge.,Ich sehe den Jungen.,
Ik bün Klock tein trügg.,Ich bin um zehn Uhr zurück.,
Bruus is witt.,Schaum ist weiß.,
Legg datt Book op de anneren.,Leg das Buch auf die anderen.,
De Brenz is en Blangenstroom von de Donau.,Die Brenz ist ein Nebenfluß der Donau.,
Wenn ik man siene Adress wüss.,Wenn ich doch seine Adresse wüsste!,
"Mien Fründinnen seggt to miene Pint leevtadig „Gerücht“, vonwegen datt he von Mund to Mund geit.","Meine Freundinnen nennen meinen Schwanz liebevoll ""Gerücht"", weil er von Mund zu Mund geht.",
Datt gest du allerbest maakt.,Das hast du sehr gut gemacht.,
Wi hebbt Stimmen in de Stuuv höört.,Wir hörten Stimmen im Zimmer.,
Maakt nix!,Macht nichts!,
He is bange vüör Hunnen.,Er hat Angst vor Hunden.,
"Tom un Rias segen sick in den Spegel, de an’e Wand hüng.","Tom und Maria sahen sich in dem Spiegel, der an der Wand hing.",
Se brukt nicht optostahn.,Sie brauchen nicht aufzustehen.,
Se mag keene Football.,Sie mag kein Fußball.,
Frankriek hätt en Grenz mit Italien.,Frankreich hat eine Grenze mit Italien.,
Woveel Schrievers hess du?,Wie viele Stifte hast du?,
He speelt tæmlich goods.,Er spielt sehr gut.,
He is bi en Unfall blind worrn.,Er erblindete bei einem Unfall.,
Ik mak datt in een Stünn trech.,Ich mache es in einer Stunde fertig.,
Joon Fööt sünd smuddelig.,Eure Füße sind schmutzig.,
Rias is gröttern as ik.,Maria ist größer als ich.,
Wannehr sünd ji na Paris komen?,Wann seid ihr nach Paris gekommen?,
De Seelüüd segen Land.,Die Seeleute sahen Land.,
En Pull Hoor keek ünner ehr Mütz rut.,Ein Büschel Haare schaute unter ihrer Mütze heraus.,
Jean un Kate sünd Tweeschen.,Jean und Kate sind Zwillinge.,
Hör mi goods to.,Hör mir gut zu.,
Lat uns man op ’t Gras sitten gohn.,Lasst uns einfach ins Gras setzen.,
Miene Katte anfangt Vagels.,Meine Katze fängt Vögel.,
"Datt duur en poor Weken, bet datt Tom sick an siene neet Kontoor wennt harrn.","Es dauerte ein paar Wochen, bis Tom sich an sein neues Büro gewöhnte.",
Ik will ich starvt.,Ich wollte nicht sterben.,
Dit Museum is en Besöök weert.,Dieses Museum ist einen Besuch wert.,
Miene Fingernagel is inreten.,Mein Fingernagel ist eingerissen.,
Ik heff veele Platen.,Ich habe viele Platten.,
Du bünt nech uns Fründ.,Du bist nicht unser Freund.,
"Woveel Stunnen brukt een, üm na Okinawa to flegen?","Wie viele Stunden braucht man, um nach Okinawa zu fliegen?",
He is Saterdag in Kyoto ankamen.,Er ist am Samstag in Kyoto angekommen.,
He is Saterdag in Kyoto ankamen.,Er ist am Sonnabend in Kyoto angekommen.,
Ik wull en Mango äten.,Ich möchte eine Mango essen.,
Ik slaap in ’t Staht.,Ich schlafe im Stehen.,
Ik heff Intress an dit Book.,Ich bin an diesem Buch interessiert.,
He wees en gode Köning.,Er war ein guter König.,
In ’n Winter sünd de Daag körter.,Im Winter sind die Tage kürzer.,
"Ierst Frankriek, dann Irak.","Zuerst Frankreich, dann der Irak.",
En Voss het de Küken ut ’n Stall roovt.,Ein Fuchs hat die Küken aus dem Stall gestohlen.,
Ik bün to jund üm doodtoblieven!,"Ich bin zu jung, um zu sterben!",
Magst du lever en Appel odder en Bier?,Magst du lieber einen Apfel oder eine Birne?,
Willkommen in Australien!,Willkommen in Australien!,
En Vågel hätt Flünk.,Ein Vogel hat Flügel.,
Chopin siene Musiek is wunnerschöön.,Chopins Musik ist wunderschön.,
"Ik will, ik unn helpen.","Ich wünschte, ich könnte helfen.",
"Ik will, ik unn helpen.","Ich wollte, ich könnte helfen.",
"De Junge versocht, mit Eetsticken to äten.","Der Junge versuchte, mit Stäbchen zu essen.",
"Wenn de Armood an de Vördöör kloppt, flüggt de Leevd na de Achterdöör rut.","Wenn die Armut an der Vordertüre anklopft, flüchtet die Liebe zur hinteren Türe hinaus.",
Datt Mest is teemlich scharp.,Das Messer ist ziemlich scharf.,
Se het em allen vergäven.,Sie hat ihm alles vergeben.,
Ik gah dor nicht hen trügg.,Ich gehe nicht dorthin zurück.,
Datt kloort op. Ik harrn den Scherm ich mitbringen brukt.,Es klart auf. Ich hätte den Schirm nicht mitbringen brauchen.,
Geit dor ans noch een hen?,Geht da noch jemand fort?,
Twe von fief Kinners sünd scho.,Zwei von fünf Kindern sind furchtsam.,
Twe von fief Kinners sünd scho.,Zwei von fünf Kindern sind scheu.,
"Verstahn se, wat he vertellt?","Versteht sie, was er sagt?",
He hätt mi en Bispeel gäven.,Er hat mir ein Beispiel gegeben.,
Ik twievel dor an.,Ich bezweifle das.,
Anfangt wi mit düsse Fraag an.,Beginnen wir mit dieser Frage.,
Anfangt wi mit düsse Fraag an.,Fangen wir mit dieser Frage an.,
Waorüm roorst du?,Wieso heulst du?,
Wannehr gest du dit Fohrrad kriegen?,Wann hast du dieses Fahrrad bekommen?,
Du büs an ’e Reeg.,Du bist dran.,
Jack is nu still.,Jack ist jetzt ruhig.,
"He is rieke, aver unfründlich.","Er ist reich, aber unfreundlich.",
Wi verköfft allen.,Wir verkaufen alles.,
"Tom keem mit datt Verbandtiuch, wielt Rias den lütte Jörn treust.","Tom kam mit dem Verbandszeug, während Maria den kleinen Schorsch tröstete.",
Is huer jümmerto so veele los?,Ist hier immer so viel los?,
Ik snack mit di keene Franzöösch mihr.,Ich spreche kein Französisch mehr mit dir.,
Ik bün noch nech trech.,Ich bin noch nicht fertig.,
Se het em mit ehr Fuusten angräpen.,Sie hat ihn mit ihren Fäusten angegriffen.,
Kunnst du mi diene Book utlehnen?,Könntest du mir dein Buch leihen?,
Ik wünsch di Glück.,Ich wünsche dir Glück.,
Ik wull miene Huus nicht verleren.,Ich will mein Haus nicht verlieren.,
Wi hebbt uns in ’n Daak verbiestert.,Wir verirrten uns im Nebel.,
Wi hebbt uns in ’n Daak verbiestert.,Wir haben uns im Nebel verirrt.,
Datt is keene Katz. Datt is en Hund.,Das ist keine Katze. Das ist ein Hund.,
He tücht Peer un Rinner.,Er züchtet Pferde und Rinder.,
Ik heff keene Koppwehdaag mihr.,Ich habe kein Kopfweh mehr.,
Se müch em von Anfang an.,Sie mochte ihn von Anfang an.,
"Wullt du, datt ik di den Rügg masseer?","Möchtest du, dass ich dir den Rücken massiere?",
Wi sünd üm ’n Diek rümgahn.,Wir sind um den Teich herumgegangen.,
Wat hebbt ji Tom seggt?,Was habt ihr Tom gesagt?,
He hätt Koppwehdaag.,Er hat Kopfschmerzen.,
He het Koppwehdaag.,Er hat Kopfweh.,
He geit meist gornich in ’t Kino.,Er geht so gut wie nie ins Kino.,
Unn ik en Glas Melk kregen?,Könnte ich ein Glas Milch bekommen?,
’Keene is dor?,Wer ist da?,
"Nee, ik verstoh di ich.","Nein, ich verstehe dich nicht.",
Wi mööt uns Plaan ännern.,Wir müssen unseren Plan ändern.,
Bi soveel Schandaal kan ’n nech lihren.,Bei so viel Krach kann man nicht lernen.,
He is na de Swiez fohrt.,Er ist in die Schweiz gefahren.,
Mary arbeden in’n Supermarkt.,Mary arbeitet in einem Supermarkt.,
Woneem is de Ingang?,Wo ist der Eingang?,
"He deed vergeterig warrt, wat em dulle stören deed.","Er ist vergesslich geworden, was ihn sehr aufregt.",
Wannehr kaamt wi in Barcelona an?,Wann kommen wir in Barcelona an?,
"He hätt sick nien bi mi bedankt, ofschoonst ik so veele för em daan heff.","Er hat sich nie bei mir bedankt, obwohl ich so viel für ihn getan habe.",
"Sodraag datt düüster is, anfangt datt Füürwark an.","Sobald es dunkel wird, beginnt das Feuerwerk.",
Se sünd nicht bange vüör swoore Arbeit.,Sie fürchten sich nicht vor schwerer Arbeit.,
Dor wören bi dusende Lüdd.,Dort waren ungefähr tausend Menschen.,
De Kontext is wichtig.,Der Kontext ist wichtig.,
In Wales hebbt se en Seggwoord.,In Wales haben sie ein Sprichwort.,
Hess du di do freut?,Hast du dich da gefreut?,
Uns Land wull nix as Freden.,Unser Land will nichts als Frieden.,
Dammi.,Verdammt.,
He het de Daad tostahn.,Er hat die Tat gestanden.,
Ik hör jüst Musiek.,Ich höre gerade Musik.,
"Gest du sehen, woans se di keken hätt?","Hast du gesehen, wie sie dich angeguckt hat?",
Se mag gern Vogels kieken.,Sie beobachtet gerne Vögel.,
Hör wieder to.,Höre weiter zu.,
He het em en Hund kofft.,Er hat ihm einen Hund gekauft.,
Se sammeln Spennen för de Kerk.,Sie sammeln Spenden für die Kirche.,
Se deed sick draad an siene Levenswies wennen.,Sie gewöhnte sich bald an seine Lebensweise.,
Alkohool is slecht för de Lebber.,Alkohol ist schädlich für die Leber.,
"Alle Baat hölpt, see de Mügg un pisst in de Seed.","Jeder Beitrag hilft, sagte die Mücke und pinkelte in die See.",
Ruben hätt drie Söhns.,Ruben hat drei Söhne.,
Lat uns den Wiehnachtsboom huer opstellen.,Lasst uns den Weihnachtsbaum hier aufstellen.,
Wat för een is diene Book?,Welches ist dein Buch?,
Se hebbt Maleschen. Kunnst du jem helpen?,Sie haben Schwierigkeiten. Kannst du ihnen helfen?,
Is datt diene?,Ist das deins?,
Datt is Regentied.,Es ist Regenzeit.,
Löwen freet annere Deerten.,Löwen fressen andere Tiere.,
He süppt toveel.,Er säuft zu viel.,
Ik heff datt sülvens sehen.,Ich habe das selbst gesehen.,
Se is en bäten krüüsch bi datt Äten.,Sie ist ein bisschen wählerisch beim Essen.,
Bleev op ’n Kiewiev.,Bleibe auf dem Beobachtungsposten.,
Ik heff dor övers bescheed wüsst.,Ich wusste darüber Bescheid.,
"Se see, datt se em vüör drie Maand dropen het.","Sie sagte, sie hätte ihn vor drei Monaten getroffen.",
Waorüm böst du na siene Huus gohn?,Warum bist du zu ihm nach Hause gegangen?,
Hess du de Nummer butenkopps lihrt?,Hast du die Zahl auswendig gelernt?,
"Dicke utsnackt, as wenn he allen weet.","Dick spricht, als ob er alles wüsste.",
Ik heff toveel kört.,Ich habe zu viel geredet.,
"Ik weet, wo ik di helpen kan.","Ich weiß, wie ich dir helfen kann.",
Se deed em drohn.,Sie hat ihm gedroht.,
De Smucket von ’n Hahn is de Kamm.,Der Schmuck des Hahns ist der Kamm.,
Waorüm gest du mit em ich danst?,Warum hast du mit ihm nicht getanzt?,
"Datt Gras wasst nech gaue, wenn ’n dor an trecken.","Das Gras wächst nicht schneller, wenn man daran zieht.",
"Adam awer keem noch eenmal mit siene Fru tohoop, un se bröch enen Söhn to Welt un nööm em Seet; dunn se seed: „Gott hätt mi enen anner Söhn schenken för Abel, den Kain an de Sied brocht het.“","Adam erkannte abermals seine Frau, und sie gebar einen Sohn, den nannte sie Seth: Denn Gott hat mir einen anderen Sohn gegeben für Abel, den Kain erschlagen hat.",
Se deed veele scheune Blomen plücken.,Sie pflückte viele schöne Blumen.,
Do datt doch.,Dann tu es doch!,
Datt geit op Wiehnachten dal.,Es geht auf Weihnachten zu.,
Breng mi en Handook.,Bring mir ein Handtuch.,
Ik gah mit di na Hannover.,Ich gehe mit dir nach Hannover.,
Du musst dor hengohn.,Du musst dort hingehen.,
"Datt Läven is keene exakte Wetenschop, datt is en Künst.","Das Leben ist keine exakte Wissenschaft, es ist eine Kunst.",
Woveel Böker hess du?,Wie viele Bücher hast du?,
Waorüm doon ji mi datt an?,Warum tut ihr mir das an?,
Tell 5 un 3 tohoop un du gest 8.,Zähle 5 und 3 zusammen und du hast 8.,
"He hätt de gröttsten Ogenbraan, de ik je sehen heff.","Er hatte die längsten Augenbrauen, die ich je gesehen habe.",
Ik heff keene Kees.,Ich habe keinen Käse.,
Un wat schall ik nu moken?,Und was soll ich nun machen?,
Ik bün en Frömmen huer.,Ich bin hier ein Fremder.,
Kaffee odder Tee?,Kaffee oder Tee?,
De Schaap graast op de Wisch.,Die Schafe grasen auf der Wiese.,
"He deed en Poor Söcken utsöken, de to siene Antog passen deden.","Er suchte ein Paar Socken aus, die zu seinem Anzug passen würden.",
Een Tass Kaffee kost een Kroon.,Eine Tasse Kaffee kostet eine Krone.,
Du schullst man den Buss mit de Nummer 5 nehmen.,Sie müssen den Bus Nummer fünf nehmen.,
Vergitt den Dood nicht.,Vergiss den Tod nicht.,
Ik harrn drie Hunnen.,Ich hatte drei Hunde.,
Se süht trurig ut.,Sie sieht traurig aus.,
Een Düwel heet den anneren Glippoog.,Ein Teufel heißt den anderen Schielauge.,
"Eengaal, wo dicht du weerst, Goethe wees Dichters!","Egal, wie dicht du warst, Goethe war Dichter!",
He het miene Vörslag annahmen.,Er nahm meinen Vorschlag an.,
De Voss keem langs ’n Weg.,Der Fuchs kam den Weg entlang.,
Elk Joht besöökt Dusend Butenlänners Japan.,Jedes Jahr besuchen Tausende Ausländer Japan.,
Ik mag datt ich alleen to wäsen.,Ich mag es nicht alleine zu sein.,
Ik bün keene Dokter man Schoolmeester.,"Ich bin kein Arzt, sondern Lehrer.",
Kunnst du mi wat Geld gäven?,Kannst du mir etwas Geld geben?,
Wat hess du dor?,Was hast du da?,
"Se harrn mi anropen, harrn se mien Telefoonnummer hatt.","Sie hätte mich angerufen, hätte sie meine Telefonnummer gehabt.",
Tom nöhm den Ring vun’n Fingers.,Tom nahm den Ring vom Finger.,
Du gest mi goods beraden.,Du hast mich gut beraten.,
"Datt is beters för di, vüör datt Slapengahn nix mihr to äten.","Es ist besser für dich, vor dem Schlafengehen nichts mehr zu essen.",
Mien Frünnen nöömt mi Beth.,Meine Freunde nennen mich Beth.,
Dor is diene Tasch.,Da ist deine Tasche.,
"He is arm, man ehrlich.","Er ist arm, aber ehrlich.",
"Datt is nech goot, so to kören, Tom.","Es ist nicht gut, so zu reden, Tom.",
De Mannslüüd draagt Hemmen mit korten Mauen.,Die Männer tragen kurzärmelige Hemden.,
"Ik heff vergäten, wo datt üm geit.","Ich habe vergessen, worum es geht.",
"Verkööp nicht datt Fell von ’n Boor, ehrdat du em schaten hess.","Verkaufe nicht das Fell des Bären, bevor du ihn erlegt hast.",
Mayuko wees alleen in de Kamern.,Mayuko war allein im Zimmer.,
Wullt du ook Zigaretten?,Möchtest du auch Zigaretten?,
Villicht schöölt wi Tom üm Raad frogen.,Vielleicht sollten wir Tom um Rat fragen.,
Wullt du giern mit mi speelen?,Würdest du gerne mit mir spielen?,
Miene Oog is opswullen.,Mein Auge ist angeschwollen.,
"Vörsichtig, de Mann hätt en Pistool.","Vorsicht, der Mann hat eine Pistole.",
Du bünt en Engel!,Du bist ein Engel!,
Mit de Johren is siene Hoor gries worrn.,Im Laufe der Jahre ist sein Haar ergraut.,
De Katten eet jüst un seht tofreden ut.,Die Katzen essen gerade und sehen zufrieden aus.,
Warrn in diene School nu Japaanschen lihrt?,Wird in deiner Schule japanisch gelehrt?,
"Ik sla vüör, du höllst di dor rut.","Ich schlage vor, du hältst dich da raus.",
De Welt dreiht sick ich üm di.,Die Welt dreht sich nicht um dich.,
Fraag doch nech jümmer!,Frag doch nicht dauernd!,
Warrn naakt duuscht.,Man duscht sich nackt.,
Se keem na Tokyo as se 18 wees.,"Sie kam nach Tokio, als sie 18 war.",
Wo gest du mit em övers kört?,Worüber hast du mit ihm gesprochen?,
Miene Lehrersch het en tæmlich sachte Stemm.,Meine Lehrerin hat eine sehr sanfte Stimme.,
Waorüm hebbt ji Diutsch lihrt?,Warum habt ihr Deutsch gelernt?,
Wo stahn de Bookstaven WHO vüör?,Wofür stehen die Buchstaben WHO?,
"Ik begriep nicht, wat de Lehrer seggt.","Ich begreife nicht, was der Lehrer sagt.",
He is in siene Komer un speelt.,Er ist in seinem Zimmer und spielt.,
Bi düssen Daak kan ik de Stratenschiller ich kennen.,Bei diesem Nebel kann ich die Straßenschilder nicht erkennen.,
Segg ehr dor nix von!,Sage ihr nichts davon!,
Segg ehr dor nix von.,Sag ihr nichts davon.,
Fraag mi nech waorüm.,"Frag mich nicht, warum!",
"Vun miene japaanschen Frünnen lihrt leider keeneen Düütsk, man een Fründin lihrt Russ’sch.",Von meinen japanischen Freunden lernt leider keiner Deutsch; eine Freundin lernt aber Russisch.,
He sitt an ’n Disch.,Er sitzt am Tisch.,
"Ik heff nicht wüßt, datt du en Wief büs.","Ich wusste nicht, dass du eine Frau bist.",
Mag Tom Tomaten?,Mag Tom Tomaten?,
Ik heff datt maakt.,Ich habe es gemacht.,
Emma hätt ’n Nagels op ’n Kopp dropen.,Emma hat den Nagel auf den Kopf getroffen.,
Ik kenn em al lange.,Ich kenne ihn schon lange.,
Ik kenn em al lange.,Ich kenne ihn schon lang.,
Dor woren toveel Lüdd.,Es waren zu viele Leute da.,
Datt Schipp is in ’n Haven utlaadt worrn.,Das Schiff wurde im Hafen entladen.,
Glas brickt licht.,Glas zerbricht leicht.,
"Ik weet, datt he Jazz mag.","Ich weiß, dass er Jazz mag.",
Vertroon du ehr?,Vertraust du ihr?,
Vertroot du ehr?,Vertrauen Sie ihr?,
Ik bün von Beroop Polizist.,Ich bin von Beruf Polizist.,
Ik heff siene Telefoonnnummer opschreven.,Ich habe seine Telefonnummer aufgeschrieben.,
Ik heff en Straafzedel kriegen.,Ich habe einen Strafzettel bekommen.,
"Harrn Tom mi datt seggt, harrn he vun mi enen an’n Kopp kriegen.","Hätte Tom das zu mir gesagt, hätte ich ihm eine gelangt.",
Graham Greene is een von mien leevsten Schrievers.,Graham Greene ist einer meiner Lieblingsautoren.,
"Se steiht ich to, datt se Unrecht het.","Sie gibt nicht zu, dass sie Unrecht hat.",
Ik kan nech mihr wieder.,Ich kann nicht mehr weiter.,
Drinkst du en Kaffee?,Trinkst du einen Kaffee?,
Se hätt mi en scheune Popp gäven.,Sie hat mir eine schöne Puppe gegeben.,
He is in ’n Krigg dootbleven.,Er ist im Krieg gefallen.,
Ik dans gern.,Ich tanze gerne.,
Höörst du faken Höörböker?,Hörst du oft Hörbücher?,
He deed siene Arm hoogböhren.,Er hob seinen Arm.,
Noch en bäten?,Noch ein bisschen?,
God het datt verbaden!,Gott hat es verboten!,
De Idee to de Sommertied harrn al Benjamin Franklin.,Die Idee zur Sommerzeit hatte schon Benjamin Franklin.,
Nu schußt nu beters gohn.,Du solltest jetzt lieber gehen.,
He hätt drie Fadens.,Er hat drei Fäden.,
Wat höllst du von modeerne Künst?,Was hältst du von moderner Kunst?,
Ik wull lever arm as rieke wäsen.,Ich möchte lieber arm als reich sein.,
"Se hebbt doch seggt, datt Se dor mit fardig sünd.","Sie sagten doch, Sie wären damit fertig.",
Wüllt ji namiddag in ’n Zoo gohn?,Wollt ihr heute Nachmittag in den Zoo gehen?,
Ik seh Tranen in diene Ogen.,Ich sehe Tränen in deinen Augen.,
Miene Frünn nöömt mi normalerwies Freddy.,Normalerweise nennen mich meine Freunde Freddy.,
Wat denkst du von em?,Was denkst du über ihn?,
Wi hebbt en Hangelbrügg vüör uns.,Wir haben eine Hängebrücke vor uns.,
Denn hebbt wi datt eerste Maol dropen.,Damals haben wir uns das erste Mal getroffen.,
De Sommer is toenn.,Der Sommer ist zu Ende.,
Ik heff mi en niggen polter kofft.,Ich kaufte mir einen neuen Anzug.,
För en Stutenmaand in Kanada brukt een veele Geld.,Für Flitterwochen in Kanada braucht man viel Geld.,
Ik kan em nicht vertroost.,Ich kann ihm nicht vertrauen.,
Dien Lippen sünd as Rosen.,Deine Lippen sind wie Rosen.,
Wo warrn joon Achternaams bookstaveert?,Wie buchstabiert man euren Nachnamen?,
Botterlickers von düsse Soort sünd nu utstorven.,Schmetterlinge dieser Art sind jetzt ausgestorben.,
De Pries för Ries warrn von de Regeren fastleggt.,Der Preis für Reis wird von der Regierung festgelegt.,
"Vüëgel, de to frö flötket, packet up’n Dag de Katten.","Vögel, die zu früh singen, fängt im Laufe des Tages die Katze.",
"In ’t Bladd steiht, datt he Sülvsmoord maakt het.","In der Zeitung steht, dass er Selbstmord begangen hat.",
Anter de Fraag.,Beantworte die Frage.,
Datt Bild süht von wieden beters ut.,Das Bild sieht besser von weitem aus.,
"Ik heff mi argern, datt se jümmerto noch toslapen hätt.","Ich habe mich geärgert, dass sie immer noch geschlafen hat.",
"Ik slah vüör, datt ji jo mol mit Rias ünnerhoolt.","Ich schlage vor, dass ihr euch mal mit Maria unterhaltet.",
Ik lat mi von di ich as en Slaav behanneln.,Ich lasse mich von dir nicht wie einen Sklaven behandeln.,
Hört ji de Narichten?,Hört ihr die Nachrichten?,
"He het twe Katten kriegen, een is witt, een is swarte.","Er hat zwei Katzen bekommen, eine ist weiß, eine ist schwarz.",
Ik wull de Handtasch.,Ich will die Handtasche!,
In düsse Glääs steiht datt Woter lieker hoog.,In diesen Gläsern steht das Wasser gleichhoch.,
"Se unn em nech övertügen, op en Peerd to rieden.","Sie konnte ihn nicht überzeugen, auf einem Pferd zu reiten.",
Ik bün ut Rußland.,Ich komme aus Russland.,
Suni speelt jüst.,Suni spielt gerade.,
Ook en Blinnen hätt en egen Ansicht.,Auch ein Blinder hat einen eigenen Gesichtspunkt.,
Ik heff Bröder.,Ich habe Brüder.,
"Datt schall mi wol verlangen, ees in Finnland to läven, man toeerst schull ik man miene Sweedsch opbetern.","Mich würde es sehr reizen, in Finnland zu leben, aber ich sollte wohl zuerst mein Schwedisch verbessern.",
He tuuster mi wat to.,Er flüsterte mir etwas zu.,
Se singt giern.,Sie singt gerne.,
Du böst jümmerto so flietig as en Imm.,Du bist immer fleißig wie eine Biene.,
"Wo mihr wi lihrt, wo mihr weet wi.","Je mehr wir lernen, desto mehr wissen wir.",
Se is üm un bi vertig.,Sie ist ungefähr vierzig.,
"Ik bün bange, datt du di verlöppst.","Ich habe Angst, dass du dich verläufst.",
Dit is en Bispeelsatz.,Das ist ein Beispielsatz.,
Waorüm gaht ji nich to Foot hen?,Wieso geht ihr nicht zu Fuß hin?,
Parfüüms warrn faken ut ’n Sweet von verschedene Deerthekens maakt.,Parfüme werden oft aus dem Schweiß verschiedener männlicher Tiere gemacht.,
Siene Kinners sünd groot worrn.,Seine Kinder sind groß geworden.,
"De Lüdd sünd to fuul, sülvens in en Wöörbook natokieken.","Die Leute sind zu faul, um selbst in einem Wörterbuch nachzuschlagen.",
Se is to jund üm to freen.,"Sie ist zu jung, um gefreit zu werden.",
Mit ’keene utsnackt du?,Mit wem sprichst du?,
Lehnst du mi diene Kniev?,Würdest du mir dein Messer leihen?,
Miene sehr Gagel deit weh un ik kan kuum äten.,Meine Mundschleimhautentzündung tut weh und ich kann kaum essen.,
"As ik junge wees, heff ik faken Baseball speelt.","Als ich jung war, habe ich oft Baseball gespielt.",
Ehre Hoor sünd swarte un lange.,Ihre Haare sind schwarz und lang.,
Wi hebbt noog leddig Wöör hatt.,Wir haben genug leere Worte gehabt.,
Ik heff Tom siene Book ich nahmen.,Ich habe Toms Buch nicht genommen.,
Wat köönt wi de Gäst anbeden?,Was können wir den Gästen anbieten?,
Se het em rutsmeten.,Sie hat ihn rausgeschmissen.,
Dor fohrt keene Buss na datt Dörpe.,In das Dorf fährt kein Bus.,
"Wi mööt de Schoh uttrecken, ehrdat wi in ’t Huus gaht.","Wir müssen die Schuhe ausziehen, bevor wir das Haus betreten.",
Heren smeckt lecker mit Tüffeln.,Hering schmeckt lecker mit Kartoffeln.,
Elk Voss laavt siene Steert.,Jeder Fuchs lobt seinen Schwanz.,
De Kamern is heet.,Das Zimmer ist heiß.,
Ik heff datt för tein Dollar verköfft.,Ich habe es für zehn Dollar verkauft.,
Sünd ji twe befründt?,Seid ihr zwei befreundet?,
In Ananas is veele Zitronensüür in.,Ananas enthält viel Zitronensäure.,
Se deed vüör Freid danzen.,Sie tanzte vor Freude.,
"Ik heff en Ford, jüst as du.","Ich habe einen Ford, genau wie du.",
Leevd is blind.,Liebe ist blind.,
Datt is huer noch krekt as ehrtieds.,Es ist hier noch so wie früher.,
Ehr Huus is groot.,Ihr Haus ist groß.,
Kunnst du nech noch tein Minuten töven?,Kannst du nicht noch zehn Minuten warten?,
De Steerns deden in de stille Nacht glinstern.,Die Sterne funkelten in der stillen Nacht.,
Ik kan nicht an allen denken.,Ich kann nicht an alles denken.,
"Ik hööp, du versteihst.","Ich hoffe, du verstehst.",
Dummbüdel!,Blödmann!,
Se fröhstücken dor faken.,Sie frühstückt oft dort.,
Bet dorhen wees he bi siene Unekl wäsen.,Bis dahin war er bei seinem Onkel gewesen.,
Tokyo is gröttern as Room.,Tokyo ist größer als Rom.,
Hess du diene Leevdaag so en feinen Sünnünnergang sehen?,Hast du jemals so einen schönen Sonnenuntergang gesehen?,
Ik achte öllere Lüdd.,Ich achte ältere Leute.,
De Röver bröök in datt Huus in üm Geld to stehlen.,"Der Räuber brach in das Haus ein, um Geld zu stehlen.",
Waorüm bünt du na Japan fohrt?,Warum bist du nach Japan gefahren?,
De Temperatur liggt düssen Winter övers ’n Dörsnidd.,Die Temperatur liegt diesen Winter über dem Durchschnitt.,
He harrn keene Dack övers ’n Kopp.,Er hatte kein Dach über dem Kopf.,
He hätt siene Leevdaag nüms wehdaan.,Er hat nie jemandem wehgetan.,
"Ik heff en Fründ, de in Sapporo wohnt.","Ich habe einen Freund, der in Sapporo wohnt.",
Jaag doch ich so! Musst du jümmerto so hart fohren?,Rase doch nicht so! Musst du immer so schnell fahren?,
De Akku is leddige.,Der Akku ist leer.,
"Gah nech na buten, datt regen hart.","Gehe nicht nach draußen, es regnet stark.",
Du büs to lat komen.,Du bist zu spät gekommen.,
He leed op ’n Rügg.,Er lag auf dem Rücken.,
De Sünn is de hellst Steern.,Die Sonne ist der hellste Stern.,
"Du musst datt so doot, as ik datt segg.","Du musst es so machen, wie ich es sage.",
"Lieutenant Worf is en Klingoon, de op datt Föderationsruumschipp Enterprise as Offzeer Deenst deit.","Lieutenant Worf ist ein Klingone, der auf dem Föderationsraumschiff Enterprise als Offizier Dienst tut.",
He wees in ’n Laden.,Er war im Laden.,
Ankickst du „Tom un Jerry“?,"Schaust du dir ""Tom und Jerry"" an?",
Ik wull veele mihr.,Ich will viel mehr.,
Wi hebbt de Weren för drie Dollar datt Dutz kofft.,Wir kauften die Waren für drei Dollar das Dutzend.,
Böst du trech mit dien Huusopgaven?,Bist du fertig mit deinen Hausaufgaben?,
Datt is nicht Jack siene Schuld.,Das ist nicht Jacks Schuld.,
Du bünt to lat na Arbeit komen.,Du kamst zu spät zur Arbeit.,
Du büs to lat na Arbeit komen.,Du bist zu spät zur Arbeit gekommen.,
Ik kiek op datt Huus.,Ich schaue auf das Haus.,
"Ik weet ich mehr, woneem ik miene Paß laten heff.","Ich weiß nicht mehr, wo ich meinen Pass gelassen habe.",
En Fischen sprüng ut datt Woter.,Ein Fisch sprang aus dem Wasser.,
Ji büs bannig dapper.,Du bist sehr tapfer.,
Ji böst bannig dapper.,Ihr seid sehr tapfer.,
Woneem gest du den Jund sehen?,Wo hast du den Jungen gesehen?,
Ehr Koken smeckt goods.,Ihr Kuchen schmeckt gut.,
De Junge steiht in de Stuuv.,Der Junge steht im Wohnzimmer.,
’Keene het de Sphinx ehr Nees afslahn?,Wer hat der Sphinx die Nase abgeschlagen?,
Woveel Jugs sünd in diene Klass?,Wie viel Jungs sind in dieser Klasse?,
Woveel Jugs sünd in diene Klass?,Wie viele Jungen sind in deiner Klasse?,
Ik duusch mi jüst.,Ich dusche mich gerade.,
Snackst du Albaansch?,Sprichst du Albanisch?,
Ik heff em bi ’t Stehlen von de Kamera faatkregen.,Ich erwischte ihn beim Stehlen der Kamera.,
"Ik do allen, wat du wullt.","Ich tue alles, was du willst.",
Se kaakt elk Dag för em.,Sie kocht für ihn jeden Tag.,
Ik heff veele von di lihrt.,Ich habe viel von dir gelernt.,
Düsse Hall hätt Platz för 2.000 Lüdd.,Diese Halle ist ausreichend für zweitausend Personen.,
"Mika het en Fründ, de in Chicago levt.","Mike hat einen Freund, der in Chicago lebt.",
De Kurs anfangt Klock tein an.,Der Kurs fängt um zehn an.,
"Datt deit weh, jo so to sehen.","Es tut weh, euch so zu sehen.",
Siene neet Book schall tokamen Maand rutkamen.,Sein neues Buch wird nächsten Monat herauskommen.,
Wat freet Immen?,Was fressen Bienen?,
Ik lees elk Maand fief verschillen Tiedschriften.,Ich lese jeden Monat fünf verschiedene Zeitschriften.,
Se is kläuker as he.,Sie ist klüger als er.,
He is kläuker as se.,Er ist klüger als sie.,
Wannehr wullt du gohn?,Wann willst du gehen?,
Dor is en Bookladen gliek üm ’t Eck.,Da ist ein Buchladen gleich um die Ecke.,
Vertro mi.,Vertraue mir.,
Vertro mi.,Vertrau mir.,
’Keene is düssen Keerl?,Wer ist dieser Kerl?,
"Ik wull, datt du bi mi blievst.","Ich möchte, dass du bei mir bleibst.",
Du kunnst mi an ’n Oors kleien.,Du kannst mich am Hintern lecken.,
Ik kan di datt noch nech seggen.,Ich kann’s dir noch nicht sagen.,
Ik kan di datt noch nicht seggen.,Ich kann es dir noch nicht sagen.,
Se deed ehrn Blick afwennen.,Sie wendete ihren Blick ab.,
Dit Book is ganz nee.,Dieses Buch ist ganz neu.,
Datt is Apenfleesch.,Das ist Affenfleisch.,
Datt is Apenfleesch.,Es ist Affenfleisch.,
Hess du datt sülvens maakt?,Hast du das selbst gemacht?,
Föhlst du di eensaam?,Fühlst du dich einsam?,
Wo hätt di de Film gefallen?,Wie hat dir der Film gefallen?,
Foder den Vogel!,Fütter den Vogel!,
Foder den Vugel!,Füttere den Vogel!,
Gest du Dörst?,Hast du Durst?,
Wat för en Spraak warrn in Ägypten utsnackt?,Welche Sprache spricht man in Ägypten?,
"Ik heff em drie Mal seggt, he schall den Müll rutbringen un he het datt jümmerto noch ich daan!","Ich habe ihn dreimal aufgefordert, den Müll rauszubringen, und er hat es immer noch nicht gemacht!",
He lihrt gau.,Er lernt schnell.,
He lihrt gau.,Er lernt rasch.,
Villicht regen datt.,Vielleicht regnet es.,
De Twete Weltkrieg deed 1939 utbreken.,Der Zweite Weltkrieg brach 1939 aus.,
Ik wull datt nech.,Ich möchte es nicht.,
He hätt en lütter Jund vüör datt Versupen reddt.,Er rettete einen kleinen Jungen vor dem Ertrinken.,
"Datt is datt eerste Maol, datt he in siene egen Huus wohnt.","Es ist das erste Mal, dass er in seinem eigenen Haus wohnt.",
John unn keene Gitarr speelen.,John konnte keine Gitarre spielen.,
Ehr Been sünd lange.,Ihre Beine sind lang.,
Papa un Mama hebbt mi en Fohrrad schenken.,Papa und Mama schenkten mir ein Fahrrad.,
He het siene Föhrerschien ierst mit achtuntwintig maakt.,Er hat seinen Führerschein erst mit achtundzwanzig Jahren gemacht.,
Waorüm höörst du nicht mit Smeuken op?,Warum hörst du nicht mit dem Rauchen auf?,
Miene Opa wees Buer.,Mein Opa war Bauer.,
Miene Opa wees Buer.,Mein Großvater war Landwirt.,
Ik mag de Klöör Root.,Ich mag die Farbe Rot.,
Afkennst du den Ünnerscheed twischen Sülver un Tinn?,Kennst du den Unterschied zwischen Silber und Zinn?,
De Kaffee hüllt mi waakt.,Der Kaffee hält mich wach.,
Datt Mest is ich scharp.,Das Messer ist nicht scharf.,
Wi hebbt em ut de Ogen verlorene.,Wir haben ihn aus den Augen verloren.,
Ik wull in Paris studeren.,Ich möchte in Paris studieren.,
"Wettst du, woneem he boren is?","Weißt du, wo er geboren ist?",
"He deed trüggnehmen, wat he övers ehr seggt harrn.","Er nahm zurück, was er über sie gesagt hatte.",
Vergitt de Koorten nech.,Vergiss die Karte nicht!,
Fransch warrn in Frankriek utsnackt.,Französisch wird in Frankreich gesprochen.,
"Ik wedd, he hätt en lierlütten Piephahn.","Ich wette, er hat einen winzigen Schniedel.",
"Miene privaat Läven geit jo nix an, joon interesseert mi nicht.","Mein Privatleben geht euch nichts an, eures interessiert mich nicht.",
Datt Bild hangt an ’e Wand.,Das Bild hängt an der Wand.,
Is datt Glas half vull odder half leddige?,Ist das Glas halb voll oder halb leer?,
He möök siene Ogen dicht.,Er schloss seine Augen.,
Wi wohnt in en Huus.,Wir wohnen in einem Haus.,
Japan is en Inselstaat.,Japan ist ein Inselstaat.,
"Datt is al lange her, datt ik tolest Fransch utsnackt heff.","Es ist schon lange her, dass ich zuletzt Französisch gesprochen habe.",
"He kan ich seggen, wat op datt Poppeer schräven steiht.","Er kann nicht sagen, was auf dem Papier geschrieben steht.",
"Ik bün trüggkamen, üm jo to helpen.","Ich bin zurückgekommen, um euch zu helfen.",
"Nee, du afkennst di nech mit Java ut. Du afkennst JavaSCRIPT.","Nein, du kennst dich nicht mit Java aus. Du kennst JavaSCRIPT.",
"Mi dücht, datt warrn regent.","Ich meine, es wird regnen.",
Vergangen Joht het datt veele Snee gäven.,Vergangenes Jahr hat es viel Schnee gegeben.,
"Wo deper een duukt, wo köller warrn datt Woter.","Je tiefer man taucht, umso kälter wird das Wasser.",
Ik heff lange swegen.,Ich habe lange geschwiegen.,
Datt Dack is mit gelen Tegels deckt.,Das Dach ist mit gelben Ziegeln gedeckt.,
"Ji hebbt also vüör to freen, du un Hanna?","Ihr habt also vor zu heiraten, du und Hanna?",
"Froog Rias, of se noog Geld hätt, üm sick datt to köpen, wat se bruukt.","Frag Maria, ob sie genug Geld hat, um sich das zu kaufen, was sie braucht.",
"Wo du ook hengeihst, vergitt nicht, wo du herkummst.","Wohin du auch gehst, vergiss nicht, woher du kommst!",
Ik bün sadd.,Ich bin satt.,
De Schoh sünd ut Ledder.,Die Schuhe sind aus Leder.,
"Wat schallst moken, schitt in ’t Bedde, schitt in ’t Laken, schitt vörbi is ook en grott Swienerie.","Was soll man machen, scheißt man ins Bett, scheißt man aufs Bettlaken, scheißte vorbei, ist das auch eine große Schweinerei.",
Ik lehr gern Frömdspraken.,Ich lerne gerne Fremdsprachen.,
De Keih segen groot un tamm ut.,Die Kühe sahen groß und zahm aus.,
"Tom het togeven, datt he mi answinnelt hätt.","Tom gab zu, mich angelogen zu haben.",
"Nee, datt is noog. Ik bün sadd.","Nein, es ist genug. Ich bin satt.",
Waorüm hess du ween?,Warum hast du geweint?,
Kunnst du mi mit trügg na Huus nehmen?,Kannst du mich mit zurück nach Hause nehmen?,
Wat is miene Kamernummer?,Wie lautet meine Zimmernummer?,
Nu is allen goods.,Jetzt ist alles gut.,
Se kan goods malen.,Sie kann gut malen.,
Ik wull ehr freen.,Ich will sie heiraten.,
Du fraagst beters Dr. Tanaka.,Du fragst besser Dr. Tanaka.,
Woveel japansche Städer afkennst du?,Wie viele japanische Städte kennst du?,
Magst du China?,Magst du China?,
Se is so mooi as Sneewittken.,Sie ist so schön wie Schneewittchen.,
"Do datt, wat de Dokter seggt het.","Mach das, was der Arzt gesagt hat.",
Düsse Larm maakt mi noch mallerig.,Dieser Lärm macht mich noch verrückt.,
Düsse Larm maakt mi noch mallerig.,Dieser Lärm treibt mich in den Wahnsinn.,
He itt de Eier jümmerto ahn Solt un Peper.,Er ißt die Eier immer ohne Salz und Pfeffer.,
Worraftig?,Wirklich?,
Miene Droom is wohr worrn.,Mein Traum ist wahr geworden.,
"Se hebbt versöch, den Präsidenten ümtobringen.","Sie haben versucht, den Präsidenten zu ermorden.",
Datt is wat ik in Spanien kofft heff.,"Das ist es, was ich in Spanien gekauft habe.",
Dit Eiland liggt drie Kilometers vüör de Küst.,Diese Insel befindet sich drei Kilometer vor der Küste.,
Datt is miene Möös.,Das ist meine Muschi.,
Ik eet giern Ananas to’n Freuhstück.,Ich esse gern Ananas zum Frühstück.,
De buss keem twe Minuten to fröh.,Der Bus kam zwei Minuten zu früh.,
Gest du noog Geld?,Hast du genug Geld?,
Dunn köönt ji ook gliek bet Dingsdag töven.,Dann könnt ihr auch gleich bis Dienstag warten.,
He deed datt Wöörbook bruken.,Er benutzte das Wörterbuch.,
Ehr Oog rechts wees blind.,Ihr rechtes Auge ist blind.,
Hess du Franzöösch utsnackt?,Hast du Französisch gesprochen?,
Süht datt slimm ut?,Sieht das schlimm aus?,
"Wo veele Licht is, is ook veele Schadden.","Wo viel Licht ist, ist auch viel Schatten.",
Is de Komer groot noog?,Ist das Zimmer groß genug?,
Ik seh dit Huus.,Ich sehe dieses Haus.,
Du geihst beters ich.,Du gehst besser nicht.,
Se stammt ut Frankriek.,Sie stammt aus Frankreich.,
Nech so gau!,Nicht so schnell!,
Dit Land is üm un bi twe Mal so groot as Japan.,Dieses Land ist ungefähr zweimal so groß wie Japan.,
De Künstler hätt mit chineesche Black tekent.,Der Künstler hat mit Tusche gezeichnet.,
"Wenn datt nicht wohr is, dann is datt opminnst goods utdacht.","Wenn es nicht wahr ist, so ist es doch gut erfunden.",
He is stuur as en Muulesel.,Er ist stur wie ein Maulesel.,
Kan ik wat Geld von di utlehnen?,Kann ich etwas Geld von dir leihen?,
De Film het 2 Stunnen duurn.,Der Film dauerte 2 Stunden.,
Miene Unkels hätt mi en Kamera gäven.,Mein Onkel hat mir eine Kamera gegeben.,
He is bi Root övers de Straat gohn.,Er ist bei Rotlicht über die Straße gegangen.,
Is de Muus dood odder levt de noch?,Ist die Maus tot oder lebendig?,
Een Meter het hunnerd Zentimeter.,Ein Meter enthält hundert Zentimeter.,
Wo gaht wi hen?,Wohin gehen wir?,
Langsaam fallt de Bläder.,Langsam fallen die Blätter.,
"De Heiden hebbt von datt Läven en God maakt, de Christen von ’n Dood.","Die Heiden haben von diesem Leben einen Gott gemacht, die Christen vom Tod.",
Waorüm gest du en Bloom kofft?,Warum hast du eine Blume gekauft?,
"Ook du, miene Söön.","Auch du, mein Sohn.",
Ik bruuk Geld.,Ich brauche Geld.,
De Film geit los.,Der Film beginnt.,
De Film geit los.,Der Film fängt an.,
He wohnt in ’t drüdden Huus rachter de Post.,Er lebt im dritten Gebäude hinter der Post.,
Se harrn en Kleed ut Siet an.,Sie trug ein Seidenkleid.,
"Ik weet ich, wat ik süngen schall.","Ich weiß nicht, was ich singen soll.",
"Malaria is en Krankheid, de von Moskitos överdragen warrn.","Malaria ist eine Krankheit, die von Moskitos übertragen wird.",
De Dokters wullen keene twete Operation moken.,Die Ärzte wollen keine zweite Operation machen.,
Mi gefallt Frömdspraken!,Mir gefallen Fremdsprachen!,
Se hätt en ganzen Barg Kledaasch.,Sie hat einen ganzen Berg an Kleidung.,
Vörige Nacht bün ik Middernacht na Bedde gohn.,Vorige Nacht bin ich um Mitternacht ins Bett gegangen.,
Wi hebbt em na siene Grootvader Thomas nöömt.,Wir haben ihn Thomas nach seinem Großvater genannt.,
Du föhrst to gau.,Du fährst zu schnell.,
Fred lüggt man jümmerto.,Fred lügt immer nur.,
Heini is ’n fiesen Quarkbüdel.,Heini ist ein fieser Nörgler.,
Ik bün lesbisch.,Ich bin lesbisch.,
Ehr Droom is Paris to beseuken.,"Ihr Traum ist, Paris zu besuchen.",
Waorüm büs du trurig?,Warum bist du traurig?,
Ik bün lever arm as rieke.,Ich bin lieber arm als reich.,
"He deed snacken, as wenn he allen wüss.","Er spricht so, als ob er alles wüsste.",
"Ik bün jüst so besapen, datt ik twe Tastaturen seh.","Ich bin jetzt so besoffen, dass ich zwei Tastaturen sehe.",
Ik heff den Mann bi ’t Klauen faatkregen.,Ich habe den Mann beim Stehlen erwischt.,
’Keene wees Mona Lisa?,Wer war Mona Lisa?,
Ik bün en arme Student un kan di nech betahlen.,Ich bin ein armer Student und kann dich nicht bezahlen.,
Du bruukst datt nicht to äten.,Du brauchst das nicht zu essen.,
"Wenn du en Fraag hess, dunn lücht man diene rechte Hand op.","Wenn du eine Frage hast, hebe bitte die rechte Hand.",
Trecken joon Schoh ut.,Zieht eure Schuhe aus.,
"Miene lütter Süster wünscht sick männigmaal, datt se en Junge wäsen unn.","Meine kleine Schwester wünschte sich manchmal, dass sie ein Junge sei.",
Een het en Tasch op de Bänk liggen loten.,Jemand hat eine Tasche auf der Bank stehenlassen.,
Düsse Hund hört mi to.,Dieser Hund gehört mir.,
"Ik keem in datt Dörpe an, bevör datt düüster warrt deed.","Ich kam in dem Dorf an, bevor es dunkelte.",
Wi harr gern Wien.,Wir hätten gerne Wein.,
"Ik heff mi jümmerto fraagt, woans datt is, wenn een Bröder un Süsters hätt.","Ich habe mich immer gefragt, wie es wäre, Geschwister zu haben.",
"’Keene kan beters flegen, en Fleeg odder en Piloot?","Wer kann besser fliegen, eine Fliege oder ein Pilot?",
Ik heff siene Adreß vergäten.,Ich habe seine Anschrift vergessen.,
Ik heff siene Adreß vergäten.,Ich habe seine Adresse vergessen.,
Ji brukt ich to grölen. Ik kan jo goods hören.,Ihr braucht nicht zu schreien. Ich kann euch hören.,
"Höörst du, wo gau he utsnackt?","Hörst du, wie schnell er spricht?",
De Eerd dreiht sick.,Die Erde dreht sich.,
Ik heff ehr vüör drie Joht de eerste Kehr dropen.,Ich habe sie vor drei Jahren das erste Mal getroffen.,
Do datt Licht an. Ik seh nix.,Mach das Licht an. Ich kann nichts sehen.,
Ik bün 1988 in York boren.,Ich wurde 1988 in York geboren.,
Dor is nix verkehrt an.,Daran ist nichts falsch.,
"Datt is nech datt, wat ik söök.","Das ist nicht das, was ich suche.",
Tööv op mi!,Warte auf mich!,
"Ik heff dach, Tom wœr en Dokter.","Ich dachte, Tom wäre Arzt.",
Wölkeen böst du un wat maakst du huer?,Wer bist du und was tust du hier?,
Tschüss!,Tschüss!,
Tschüss!,Tschau!,
Se frögen na de anner.,Sie fragten nach den anderen.,
Kaam nicht to dicht an ’t Füer ran.,Komme nicht so dicht an das Feuer heran.,
Ik kan mi ich besinnst.,Ich kann mich nicht erinnern.,
He het drie grott Süsters.,Er hat drei große Schwestern.,
Siene Hart is braken.,Sein Herz ist gebrochen.,
Datt daagt.,Der Tag bricht an.,
Den Letzten biet de Hunnen.,Die Letzten beißen die Hunde.,
En Hund hätt rachter de Katte anlopen.,Ein Hund rannte der Katze hinterher.,
Mary keek em verbaast an.,Mary sah ihn verblüfft an.,
"Datt Sofa is breed noog, datt veer Lüdd dor op sitten köönt.","Das Sofa ist breit genug, dass vier Leute darauf sitzen können.",
"Ik weet nech, wat se mi na so veele Joht noch wedderkennen schall.","Ich bin mir nicht sicher, ob sie mich nach so vielen Jahren noch wiedererkennen wird.",
De Brügg twüschen Dænmark un Sweden is meist fief Mielen lange.,Die Brücke zwischen Dänemark und Schweden ist fast acht Kilometer lang.,
Se is nu en Dokter.,Sie ist nun ein Doktor.,
Kunnst du mit uns gohn?,Kannst du mit uns gehen?,
Wat is diene leevst Youtube-Video?,Was ist dein liebstes Youtube-Video?,
Ik bruuk Handkreem.,Ich brauche Handcreme.,
Ik heff se nicht froogt.,Ich habe sie nicht gefragt.,
He is von Beroop Dokter.,Er ist Arzt von Beruf.,
Gest du em vonmorgen an ’n Bahnhoff sehen?,Hast du ihn heute Morgen am Bahnhof gesehen?,
Rias het Tom mit Wiendruven fuddert.,Maria fütterte Tom mit Weintrauben.,
Verpimpel diene Kind ich.,Verhätschel dein Kind nicht.,
Dor woren en Barg Lüdd in ’t Stadion.,Es waren eine Menge Leute da im Stadion.,
Würklich? Du sühst veele jünger ut.,Tatsächlich? Du siehst viel jünger aus.,
He fehlt faken in de School.,Er fehlt oft in der Schule.,
Wo faken duuschst du?,Wie oft duschst du?,
Wi sünd in datt Hotel an ’n Seed bleven.,Wir blieben in einem Hotel am See.,
Smiet de Tietschrift nech weg.,Wirf die Zeitschrift nicht weg.,
De Kommas sünd den Düütsche siene Frünnen.,Die Kommas sind des Deutschen Freunde.,
Datt is so as Delen na Noorwegen schicken.,"Das ist so, als Dielen nach Norwegen zu schicken.",
Wat hebbt ji maakt?,Was habt ihr gemacht?,
Veele jund Lüdd in Japan eet Broot to ’n Freuhstück.,Viele Jugendliche in Japan essen Brot zum Frühstück.,
Uns Ledder is intwei.,Unsere Leiter ist entzwei.,
"Ik heff vüör en poor Joht in Tokyo levt, aver nu leev ik in Kyoto.",Ich lebte vor ein paar Jahren in Tōkyō; jetzt lebe ich aber in Kyōto.,
Ik kaam halvig söven trügg.,Ich komme um 6.30 Uhr zurück.,
Hess du Füer?,Hast du Feuer?,
Gest du Füer?,Hast du mal Feuer?,
"Weer glücklich, de besten Daag kaamt noch.","Sei glücklich, die besten Tage kommen noch!",
De Hund güng weg.,Der Hund ging weg.,
"Bet 1910 wees datt Book ""Alice in Wonderland"" al in düsse Spraken överrsett: Diutsch, Fransch, Sweedsch, Italieensche, Russ’sch, Däänsch, Nedderländsk, Norweegsch. Finnsch un Esperanto.","Bis 1910 war das Buch ""Alice in Wonderland"" schon in folgende Sprachen übersetzt worden: Deutsch, Französisch, Schwedisch, Italienisch, Russisch, Dänisch, Niederländisch, Norwegisch, Finnisch und Esperanto.",
De Blomen in ’n Goorn brukt Woter.,Die Blumen im Garten brauchen Wasser.,
Wahns du in ’e Törkie?,Wohnst du in der Türkei?,
Dröff ik buten spazieren gohn?,Darf ich draußen spazieren gehen?,
Is dor en Jöögdharbarg huer in de Ümgegend?,Gibt es eine Jugendherberge hier in der Umgebung?,
Dröff ik en Foto von uns moken?,Darf ich ein Foto von uns machen?,
He güng op de Siet üm ehr dörtolaten.,"Er ging auf die Seite, um sie vorbeizulassen.",
Tom smeet datt Book in’t Füür.,Tom warf das Buch ins Feuer.,
De amerikaanschen Flagg hätt föfftig Steerns.,Die amerikanische Flagge hat fünfzig Sterne.,
Vergitt ehr.,Vergiß sie.,
Se deed mi op de Back küssens un see mi goden Nacht.,Sie küsste mich auf die Wange und sagte gute Nacht.,
Düsse Cd hört miene Söön to.,Diese CD gehört meinem Sohn.,
Anfangt wi mit de vörletzte Reeg an!,Beginnen wir bei der vorletzten Zeile!,
Ik heff de Snuut vull von alle siene Nölen.,Ich habe all seine Beschwerden satt.,
Dit Book kost 3.000 Yen.,Dieses Buch kostet dreitausend Yen.,
Se harrn veele to doot.,Sie war sehr beschäftigt.,
Ik wull nicht starvt!,Ich will nicht sterben!,
’Keene het düsse Maschienen rutfunnwn?,Wer hat diese Maschine erfunden?,
Dor kan di nüms hören.,Dort kann dich niemand hören.,
Lat uns uns Kamern reintomaken.,Lasst uns unser Zimmer putzen.,
Sünd ji na ’n Dokter gohn?,Seid ihr zum Arzt gegangen?,
Du harrst keene Taxi nehmen brukt.,Du hättest kein Taxi nehmen brauchen.,
Datt Brüden geit üm.,"Wie du mir, so ich dir.",
Wi mööt ehr helpen.,Wir müssen ihr helfen.,
Datt Speel is ut!,Das Spiel ist aus!,
Se is dulle bange vüör Snaken.,Sie hat große Angst vor Schlangen.,
Kan ik en Tass Kaffee hebben?,Könnte ich eine Tasse Kaffee haben?,
Se deed em bi de Hand faten.,Sie hat ihn bei der Hand gepackt.,
He deed den Ammel mit Woter vullmaken.,Ich füllte den Eimer mit Wasser.,
Vertig Joht sünd rümgahn.,Vierzig Jahre sind vergangen.,
Vertig Joht sünd rümgahn.,Vierzig Jahre sind vorbei.,
Echt?,Echt?,
"Dor is keene Pott so scheev, dor passt en Stulp op.","Es ist kein Topf so schief, es passt ein Deckel darauf.",
Afkennst du de Antwoort?,Kennst du die Antwort?,
Se smökt ich.,Sie raucht nicht.,
Ik heff miene Regenscherm verlorene.,Ich habe meinen Regenschirm verloren.,
Se wohnt in en groot Huus.,Sie wohnt in einem großen Haus.,
"As ik mi trügglehnt heff, is de Stieper braken un ik bün mit ’n Stohl tohoopsackt.","Als ich mich zurückgelehnt hatte, ist die Lehne gebrochen und ich bin vom Stuhl gerutscht.",
"Wees datt nech beters wäsen, wenn wi al ehrder losföhrt wören?","Wäre es nicht besser, wenn wir früh losfahren?",
De Königin schall lange läven!,Lang lebe die Königin!,
Lange schall de Königin läven!,Lang lebe die Königin!,
Nüms unn wat köpen.,Niemand konnte etwas kaufen.,
Utsnackt man nicht so gau.,Sprecht bitte nicht so schnell.,
Tatoeba maakt süchtig.,Tatoeba macht süchtig.,
Ik wull Japaanschen lihren.,Ich will Japanisch lernen.,
"Amerika, du hess datt beters.","Amerika, du hast es besser.",
Nien wedder Alkohol!,Nie wieder Alkohol!,
Se is de Beste in ehr Klass.,Sie ist die Beste in ihrer Klasse.,
Datt deit mi leeg för ehr.,Es tut mir leid für sie.,
Datt is Steno.,Das ist Steno.,
Mak di ich övers ehr lustig.,Mach dich nicht über sie lustig.,
De Panama-Kanaal verbinnt den Atlantik mit ’n Pazifik.,Der Panama-Kanal verbindet den Atlantik mit dem Pazifik.,
Gest du aö diene Frünn de Noricht vertellt?,Hast du schon deinen Freunden die Nachricht erzählt?,
Uns Kiekschapp geit al wedder nech.,Unser Fernseher ist schon wieder defekt.,
Ik heff en Pass.,Ich habe einen Pass.,
Ik wull en Poor Skisteveln köpen.,Ich will ein Paar Skistiefel kaufen.,
Ik heff hoog Fever.,Ich habe hohes Fieber.,
Gold rust nicht.,Gold rostet nicht.,
Huul mit de Wülf.,Heule mit den Wölfen.,
Bünt du üm söss opstahn?,Bist du um sechs aufgestanden?,
Se harr keene Geld övers.,Sie hatten kein Geld übrig.,
De Barglüüd hebbt an ’n längsten strieken.,Die Bergleute streikten am längsten.,
"As he den Hund fuddert harrn, hätt he sick sülvs hensett un Avendenten hatt.","Nachdem er den Hund gefüttert hat, hat er sich selbst zu seinem Abendessen hingesetzt.",
He is teemlich groot.,Er ist ziemlich groß.,
Se gaht jüst na ’n Laden dor achtern.,Sie gehen gerade zu dem Laden dort drüben.,
He keek sick in de Töövstuuv üm.,Er schaute sich im Wartezimmer um.,
Se sorgt sick üm mi.,Sie sorgt sich um mich.,
"Nee, datt is ich miene Huus.","Nein, das ist nicht mein Haus.",
Ik heff en poor Frünnen.,Ich habe ein paar Freunde.,
Ik bruuk en Middel tegen Wehdaag.,Ich brauche ein Schmerzmittel.,
"Ik fraag mi, woveel Peer in ’n Börgerkrieg dootbleven sünd.","Ich frage mich, wie viel Pferde im Bürgerkrieg umgekommen sind.",
He het so siene Grillt.,Er hat so seine Grillen.,
He hätt en Överdosis Kokain nohmen.,Er hat eine Überdosis Kokain genommen.,
De Sump is kneedeep.,Der Sumpf ist knietief.,
Se is splinternaakd.,Sie ist splitternackt.,
Ik wull Sex mit em hebben.,Ich will Sex mit ihm haben.,
Eet wi nu?,Essen wir jetzt?,
Lat den Tee tein Minuten treckt.,Lass den Tee zehn Minuten ziehen.,
He het en Book övers siene Aventüürs in ’n Dschungel schräven.,Er hat ein Buch über seine Abenteuer im Dschungel geschrieben.,
Ik wull di helpen soveel ik kan.,Ich werde dir jede mögliche Hilfe geben.,
Miene Geld liggt op de Bänk.,Mein Geld liegt auf der Bank.,
Dor sünd twe Bööd op ’n Seed.,Da sind zwei Boote auf dem See.,
Erkin un ik güngen op ’n Karkhoff.,Erkin und ich gingen auf den Friedhof.,
Ik heff buten en namaakt Huusdöörslötel versteken.,Ich habe einen nachgemachten Haustürschlüssel außen versteckt.,
’Keene snack ik mit?,Mit wem spreche ich?,
Düsse Stöhl sünd nech bequeem.,Diese Stühle sind nicht bequem.,
Daniel Gabriel Fahrenheit is 1686 in Danzig boren.,Daniel Gabriel Fahrenheit wurde 1686 in Danzig geboren.,
Jessie kaakt Woter üm Kaffee to moken.,Jessie kocht Wasser um Kaffee zu machen.,
Dor is en Katz ünner ’t Bedde.,Es ist eine Katze unter dem Bett.,
In Sovjetrussland kiekt de Feernseher na de Tokiekers!,In Sowjetrussland schaut der Fernseher nach den Zuschauern.,
De Inwahnertall von Japan is gröttern as de von Kanada.,Die Bevölkerungszahl von Japan ist größer als die von Kanada.,
Se hätt Melk in en Schötel füllt.,Sie hat Milch in eine Schüssel gefüllt.,
"Ik marks, datt ik Fever krigg.","Ich fühle, dass ich Fieber bekommen werde.",
Se harrn en smucket Kleed an.,Sie trug ein schönes Kleid.,
"Dor tövt de Spinn dor op, datt lütten Insekten so as Botterlickers odder Jumfern in ’e Fall gaht.","Dort wartet die Spinne darauf, dass kleine Insekten wie Schmetterlinge oder Libellen in die Fallen gehen.",
He is miene Unkels.,Er ist mein Onkel.,
Miene Kopp deit nicht mihr weh.,Mein Kopf tut nicht mehr weh.,
Mak di keene Sorgen üm miene Hund.,Mache dir keine Sorgen um meinen Hund.,
"Jeder reedt von ’t Supen, kener reedt von ’n Dörst.","Jeder redet vom Saufen, keiner spricht vom Durst.",
"Ek hebbe mek sau af’ebastert, datt ek ich mähr von der Ste’e kan.","Ich habe mich so sehr abgemüht, dass ich nicht mehr weiterkann.",
Se het em jümmerto een Maol in ’t Joht besökt.,Sie hat ihn einmal im Jahr besucht.,
Düsse Tort is to sööt för mi.,Diese Torte ist zu süss für mich.,
Ik heff twe Koort för datt Speel.,Ich habe zwei Karten für das Spiel.,
Nöhm un hau af!,Nimm und verschwinde!,
Ik heff em miene Adress gäven.,Ich gab ihm meine Adresse.,
Ik bün gägen dit Projekt.,Ich bin gegen dieses Projekt.,
"Se will nech, datt he na Översee geit.","Sie will nicht, dass er nach Übersee geht.",
Düsse Ruum kriegt nicht veele Sünn af.,Dieser Raum bekommt nicht viel Sonne ab.,
Düsse Ruum kriegt ich veele Sünn af.,Dieser Raum bekommt nicht viel Sonne.,
De Mantel liggt op ’n Stohl.,Der Mantel liegt auf dem Stuhl.,
He deed vüör Freid wenen.,Er weinte vor Freude.,
Mit ’keene utsnackt he?,Mit wem spricht er?,
Lat mi alleen gohn.,Lass mich alleine gehen.,
Hör op to quasen un hör to.,Hör auf zu quatschen und hör zu.,
De Diktater deed datt Volk dalhollen.,Der Diktator unterdrückte das Volk.,
De Born is dor achtern.,Der Brunnen ist dort hinten.,
Ik güng sitten un deed miene Klappreekner apenmaken.,Ich habe mich hingesetzt und meinen Laptop geöffnet.,
Wat is diene leevsten Footballvereen?,Was ist dein beliebtester Fußballverein?,
"Allen, wat to dumm to ’n Seggen is, warrn sungen.","Alles, was zu dumm ist, um gesagt zu werden, wird gesungen.",
"Ik mag Katten so dulle, ik bün mallerig för Katten.","Ich liebe Katzen so sehr, ich bin ein Katzennarr.",
Wullt du noch en Tass Kaffee drinkt?,Möchtest du noch eine Tasse Kaffee trinken?,
"Alle Strööm fleet in de Seed, man se basst nech.","Alle Flüsse ergießen sich in das Meer, aber es platzt nicht.",
Wi sünd nu nicht mihr in Gefohr.,Wir sind jetzt außer Gefahr.,
Se hätt em merrn in ’e Nacht wenen hört.,Sie hat ihn mitten in der Nacht weinen gehört.,
He is Amerika gohn üm amerikaanschen Litteretur to studeren.,"Er ging nach Amerika, um amerikanische Literatur zu studieren.",
Ik heff em Geld schickt.,Ich habe ihm Geld geschickt.,
Mien Tante tütt Tomaten in ehrn Goorn.,Meine Tante zieht in ihrem Garten Tomaten.,
Ik heff datt Book al vüör Stücker wat Johren leest.,Ich habe das Buch bereits vor einigen Jahren gelesen.,
Büs du giern alleen?,Bist du gern allein?,
"Se het de Kinners wohrschaut, ich op de Straat to speelen.","Sie hat die Kinder davor gewarnt, auf der Straße zu spielen.",
Ik wull fohren.,Ich will fahren.,
Lichter seggt as daan.,Leichter gesagt als getan.,
Do datt Licht ut. Ik kan nech toslapen.,Schalte das Licht aus. Ich kann nicht einschlafen.,
"Nee, ik heff datt nicht schräven.","Nein, ich habe es nicht geschrieben.",
Düsse Mann hätt en Peerd.,Dieser Mann hat ein Pferd.,
De Armee het em to ’n Bottgeven dwungen.,Die Armee zwang ihn zum Rücktritt.,
Waorüm hess du versocht wegtolopen?,Warum hast du versucht wegzulaufen?,
’Keene siene Äten is dit huer?,Wessen Essen ist das hier?,
"He schaamt sick dor ich för, arm to wäsen.","Er schämt sich nicht dafür, arm zu sein.",
"Se hätt mi dwungen, datt to doot.","Sie hat mich gezwungen, es zu tun.",
Ik heff nix verstohn!,Ich habe nichts verstanden!,
"Ik weet nech, wat ik moken schall.","Ich weiß nicht, was ich machen soll.",
"Ji hebbt doch seggt, datt ji dor mit fardig sünd.","Ihr sagtet doch, ihr wäret damit fertig.",
Een von jem is en Spijoon.,Einer von ihnen ist ein Spion.,
Tom un Rias beeden tosaam.,Tom und Maria beteten zusammen.,
Kiek! Datt Book brent!,Schau! Das Buch brennt!,
Kiek! Datt Book brent.,Schau! Das Buch brennt.,
"Wat denkst du, wat ik jüst maakt heff?","Was denkst du, was ich gerade gemacht habe?",
Mi jöökt de Noors.,Mir juckt der Hintern.,
Wat is de höögste Barg von Japan?,Was ist der höchste Berg Japans?,
He is mit sick sülvens untofreden.,Er ist mit sich selbst unzufrieden.,
Ik bruuk Frünn.,Ich brauche Freunde.,
Ik baad.,Ich bade.,
Wat för en smucke Bloom.,Was für eine hübsche Blume.,
Ik heff drie Mal soveel Geld as du.,Ich habe drei Mal soviel Geld wie du.,
Düsse Appel is sööt.,Dieser Apfel ist süß.,
He bliev bi sien Tante.,Er blieb bei seiner Tante.,
Düsse Hoorsnidd het em 3.000 Yen kost.,Dieser Haarschnitt hat ihn 3.000 Yen gekostet.,
De Fleger deed prick Klock söss lannen.,Das Flugzeug landete genau um 6 Uhr.,
"Wenn God de Deerten nicht to ’n Äten maakt hätt, waorüm het he jem dann ut Fleesch maakt?","Wenn Gott die Tiere nicht zum Essen gemacht hat, warum hat er sie dann aus Fleisch gemacht?",
Datt Hopen starven toletzt.,Die Hoffnung stirbt zuletzt.,
Woneem kan ik en Ticket köpen?,Wo kann ich ein Ticket kaufen?,
Up un af hebb’ ek twintig Gröschen verdeent.,Gelegentlich habe ich zwanzig Groschen verdient.,
Von Sendai ut deed ik na Aomori wiederreisen.,Von Sendai aus setzte ich meine Reise nach Aomori fort.,
Dood?,Tot?,
Datt is licht.,Das ist leicht.,
Du schullst beters keene Alkohool mihr drinkt.,Du solltest besser keinen Alkohol mehr trinken.,
Ik bün en grotten Fan von Golf.,Ich bin ein großer Golffan.,
De Mann schööv ehr bisied.,Der Mann schob sie zur Seite.,
Se bliev ehr Läven lange Single.,Sie blieb ihr Leben lang allein.,
Vüör drie Joht is he krank worrn.,Vor drei Jahren wurde er krank.,
Ik kaam trügg.,Ich komme zurück.,
"Wenn du lüggst, mak ich veele Wöör.","Wenn du lügst, fasse dich kurz.",
De Hochtied is an ’n Saterdag.,Die Hochzeit findet am Samstag statt.,
Se mag Woordspelen.,Sie mag Wortspiele.,
He hätt den Rekord braken.,Er hat den Rekord gebrochen.,
Vüör miene Huus liggt en Seed.,Vor meinem Haus liegt ein See.,
He versteiht jo nech.,Er versteht euch nicht.,
Twölv Boxers jaagt Victor dwars övers ’n grotten Sylter Diek.,Zwölf Boxkämpfer jagen Victor quer über den großen Sylter Deich.,
Se wohnt in de Neeg.,Sie wohnen in der Nähe.,
Tom wull sick nicht ümtehn.,Tom will sich nicht umziehen.,
"„Tom het datt seggt.“ – „Wenn de datt seggt, warrn datt will so siene. Dunn bruukst du mi jo ich to fragen.“","„Tom hat das gesagt.“ – „Wenn der das sagt, wird das wohl so sein. Dann brauchst du mich ja nicht zu fragen.“",
Woveel gest du för em betohlt?,Wie viel hast du für ihn gezahlt?,
Ik will keene Melk.,Ich wollte keine Milch.,
Ik schull miene Profilbild ännern.,Ich sollte mein Profilbild ändern.,
Datt is miene Huus in ’n Winter.,Das ist mein Haus im Winter.,
Du böst vüör ’n Dood bange?,Du hast Angst vor dem Tod?,
Sülver is weniger weerd as Gold.,Silber ist weniger wert als Gold.,
Tom wees mööd.,Tom war müde.,
Dor sünd twe Zombies in miene Huus.,Es gibt zwei Zombies in meinem Haus.,
He is man knapp ’n Dood utknepen.,Er entging nur knapp dem Tode.,
He is man knapp ’n Dood utknepen.,Also er ist knapp dem Tod entronnen.,
"Ik heff Gooshuud kriegen, as ik den Dusendföter op de Müür sehen heff.","Ich kriegte eine Gänsehaut, als ich den Tausendfüßler auf der Mauer sah.",
"Se weet, wo en Atoombomb maakt warrn.","Sie wissen, wie man eine Atombombe baut.",
Se keek em bi ’t Äten to.,Sie schaute ihm beim Essen zu.,
Datt Impressum is op Siet 5.,Das Impressum befindet sich auf Seite 5.,
Düsse huer?,Ist es das?,
Ik höör Stimmen.,Ich höre Stimmen.,
Nu hör op to wenen.,Jetzt hör auf zu weinen.,
Ik sta alltied ünner Druck.,Ich stehe dauernd unter Druck.,
Ik heff jo düsse Geschicht villicht al maol vertellt.,Ich habe euch diese Geschichte vielleicht schon mal erzählt.,
"Mi dücht, de Regent warrn duller.","Ich glaube, der Regen wird stärker.",
De Jugs hebbt Döst.,Die Jungen haben Durst.,
Ik bruuk Beschatennööt.,Ich brauche Muskatnuss.,
Ik bün von alle de Jugs de gröttste.,Ich bin von allen Jungen der größte.,
"De Regeren lett, as wenn se nech weet, wat to doot is.","Die Regierung scheint nicht zu wissen, was zu tun ist.",
"Se unn em nicht övertügen, en Leeg för ehr to schrievt.","Sie konnte ihn nicht überzeugen, ein Lied für sie zu schreiben.",
Düsse Schrievdisch is von Holt maakt.,Dieser Schreibtisch ist aus Holz hergestellt.,
Deist du datt jeden Dag?,Machst du das jeden Tag?,
"De enen fohrt lever an de Seed, de anneren lever na de Bargen.","Die einen fahren lieber ans Meer, die anderen ziehen die Berge vor.",
Ik müss op de Kinners oppassen.,Ich musste auf die Kinder aufpassen.,
Se versöch so veele to sporen as man geit.,Sie versucht so viel zu sparen wie es geht.,
Nüms kan düsse Maschienen bedenen.,Niemand kann diese Maschine bedienen.,
Ik mak mit.,Ich bin dabei.,
Ik mak mit.,Ich mache mit.,
Woveel Bröder hebbt ji?,Wie viele Brüder habt ihr?,
Dröff ik datt anproven?,Darf ich das anprobieren?,
Wat is datt vandage wees förn Schietwedder!,Was ist das heute wieder für ein Mistwetter!,
"Nee, ik weet datt ich.","Nein, ich weiß es nicht.",
"Fein Wederk, nech?","Schönes Wetter, oder?",
Ik bün nu dörtig.,Ich bin jetzt 30 Jahre alt.,
Ik bün nu dörtig.,Ich bin jetzt dreißig.,
Datt Läven is mooi.,Das Leben ist schön.,
Nicht alle Nettkieker sünd seker.,Nicht alle Browser sind sicher.,
Nüms weet de Antwoort.,Niemand weiß die Antwort.,
Diene Fööt sünd smuddelig.,Deine Füße sind schmutzig.,
Bi ’n Karneval in Venedig hebbt de Lüdd jümmerto Schabellenköpp op.,Beim Karneval in Venedig haben die Leute immer Gesichtsmasken auf.,
Ik heff miene Naverslüüd to ’n Avendenten inlaadt.,Ich habe meinen Nachbarn zum Abendessen eingeladen.,
Ik heff em sülvens sehen.,Ich habe ihn selbst gesehen.,
He is vüör ’n Hund bange.,Er hat Angst vor dem Hund.,
He greep datt Tau un deed sick redden.,Er ergriff das Seil und rettete sich.,
Datt Wicht von Gold warrn in Gramm meten.,Das Gewicht von Gold misst man in Gramm.,
He hätt siene Komer reinmaakt.,Er hat sein Zimmer sauber gemacht.,
Wi segen nix as Daak.,Wir sahen nichts als Nebel.,
"Grööt ehr man, wenn du ehr bi de Party sühst.","Bitte grüß sie von mir, wenn du sie auf der Party siehst!",
"Datt is nu jüst en Joht, datt ik verheirodt bün.","Es ist gerade ein Jahr her, dass ich verheiratet bin.",
"Datt is nu jüst en Joht, datt ik verheirodt bün.",Ich bin jetzt genau ein Jahr verheiratet.,
Ik bün free.,Ich bin frei.,
Ik heff di hört.,Ich habe dich gehört.,
Du sühst tæmlich bleek ut.,Du siehst ziemlich blass aus.,
Datt is ut fien Kattuun maakt.,Es ist aus feiner Baumwolle.,
Hess du Geld?,Hast du Geld?,
"Wenn du ich gohn wullt, dann bruukst du ook nech.","Wenn du nicht gehen möchtest, brauchst du auch nicht.",
"Ik heff jem jümmerto wedder inlaadt, man se sünd nienich komen.","Ich habe sie zwar immer wieder eingeladen, aber sie sind nie gekommen.",
Datt is keene Drinkwater.,Das ist kein Trinkwasser.,
Ik kan datt ook nicht verkloren.,Ich kann es auch nicht erklären.,
Snied den Koken mit en Mest.,Schneide den Kuchen mit einem Messer.,
De Storm het för veele Schadens sorgt.,Der Sturm verursachte viele Schäden.,
Du wettst datt beters as ik.,Du weißt das besser als ich.,
Du wettst datt beters as ik.,Das weißt du besser als ich.,
Datt wettst du beters as ik.,Das weißt du besser als ich.,
Ik kiek gern Lesbenpornos.,Ich schaue gerne lesbische Pornos.,
De Stalens von ’n Disch sünd wackelig.,Die Tischbeine sind wackelig.,
"He wüss ich, wat he seggen schull.","Er wusste nicht, was er sagen sollte.",
Mien Süster besökt en Universitäät.,Meine Schwester besucht eine Universität.,
De goden Seemann is bi leed Wederk to kennen.,Den guten Seemann erkennt man bei schlechtem Wetter.,
Ik bün Elektriker.,Ich bin Elektriker.,
Datt wees en teemlich kolen Winter.,Es war ein sehr kalter Winter.,
New York is en Grootstad.,New York ist eine Großstadt.,
"Fœg mi bi Facebook tau, wenn du wullt. Ik heet dor Ryck Vernaut.","Füg mich, wenn du möchtest, bei Facebook hinzu. Ich heiße da Ryck Vernaut.",
Wat löpt opstunns in ’t Kino?,Was läuft momentan im Kino?,
Ik bün drie Daag lange dor bleven.,Ich bin drei Tage lang dort geblieben.,
Ik bün drie Daag lange dor bleven.,Ich bin drei Tage dort geblieben.,
Ik bün drie Daag lange dor bleven.,Ich war drei Tage da.,
Ik bün drie Daag lange dor bleven.,Ich war drei Tage dort.,
Ik kan keene Fleesch äten.,Ich kann kein Fleisch essen.,
Ik speel giern Football.,Ich spiele gern Fußball.,
Ik speel gern Football.,Ich spiele gerne Fußball.,
Du afkriggst gliek een op ’n Dööts!,Du kriegst gleich einen auf die Nuss!,
Dreih de Musiek op!,Drehe die Musik auf!,
Ik treck tokamen Maand ut.,Ich ziehe nächsten Monat aus.,
Dit Ei rükt fulig.,Dieses Ei riecht faul.,
Harrn Tom Fienden?,Hatte Tom Feinde?,
He singt giern bi ’t Baden.,Er singt gern beim Baden.,
Ik studier Kunsthistorie.,Ich studiere Kunstgeschichte.,
Du schußt mit datt Smeuken un Supen ophollen.,Du solltest mit dem Rauchen und Trinken aufhören.,
Op ’n Toorn sitt en Antenn.,Auf der Spitze sitzt eine Antenne.,
Waorüm wullt du em ümbringen?,Warum willst du ihn umbringen?,
Wat för en Tofall!,Was für ein Zufall!,
Dor wees nüms in ’t Huus.,Es war niemand zuhause.,
Ik kaam ut China.,Ich komme aus China.,
Liggt op ’n Disch Böker?,Liegen auf dem Tisch Bücher?,
Wo lange sünd ji al tohoop?,Wie lange seid ihr schon zusammen?,
Peter will Dokter warrt.,Peter wollte Arzt werden.,
De Topp von ’n Barg is üm un bi 2000 Meter övers de Seed.,Die Spitze des Berges ist ungefähr 2000 Meter über Normalnull.,
He nehm toveel Hau op siene Fork.,Er nahm zu viel Heu auf seine Forke.,
In ’e Midd von ’n Park is en Diek.,In der Mitte des Parks ist ein Teich.,
Lüdd schullt Deerten nech pieren.,Menschen dürfen keine Tiere quälen.,
De Mehrheid von de Sweizers köönt drie odder veer Spraken snacken.,Die Mehrheit der Schweizer können drei oder vier Sprachen sprechen.,
Wo övers?,Worüber?,
Ik schall an diene Wöör denken.,Ich werde an deine Worte denken.,
"Allen, wat du doot musst, is töven.","Alles, was du machen musst, ist warten.",
Frankriek is bange.,Frankreich hat Angst.,
Köönt wi küern?,Können wir reden?,
Ji verstahn nien miene Jökelee.,Ihr versteht meine Scherze nie.,
En goden Sünnbrill schuult de Ogen vüör UV-Strahlen.,Eine gute Sonnenbrille schützt die Augen vor UV-Strahlung.,
Ik bün in ’n Ünnerricht slapen.,Ich bin während des Unterrichts eingeschlafen.,
Nu isset in ’n Dutt.,Jetzt isses im Eimer.,
Klock tein avends slaap ik al.,Um zehn Uhr abends schlafe ich schon.,
Kan ik wat to drinkt kregen?,Kann ich etwas zum Trinken bekommen?,
Düsse Satz hört mi nicht.,Dieser Satz gehört mir nicht.,
Datt Kükens wull ümmer klöker sin as datt Hauhn.,Das Küken will immer klüger sein als das Huhn.,
Süüddüütschland hätt veele Bargen.,Süddeutschland ist bergig.,
Wi sünd jümmerto Frünn wäsen.,Wir sind immer Freunde gewesen.,
Ik bruuk en goden Sünnbrill.,Ich brauche eine gute Sonnenbrille.,
Se hollt datt geheem.,Sie halten es geheim.,
Woneem bün ik?,Wo bin ich?,
Ik weet.,Ich weiß.,
Köönt ji mi en Koorten von joon Straat teken?,Könnt ihr mir eine Karte von eurer Straße zeichnen?,
Wat maakt ji twe dor?,Was macht ihr zwei da?,
Datt Door warrn Klock achte dichtmaakt.,Das Tor wird um acht Uhr geschlossen.,
Woso?,Warum?,
Wo smeckt düsse Supp?,Wie schmeckt diese Suppe?,
Keih sünd mihr nütt as elk annern Deert in dit Land.,Kühe sind nützlicher als jedes andere Tier in diesem Land.,
Wi sünd mit datt Schipp von Yokohama na Kobe fohrt.,Wir sind mit dem Schiff von Yokohama nach Kobe gefahren.,
De Buss keem tein Minuten to lat.,Der Bus kam zehn Minuten zu spät.,
Lees ich so en Book.,Lies nicht so ein Buch.,
Wannehr is de trech worrn?,Wann wurde sie fertiggestellt?,
"Ik will, ik harrn en anneren Keerl freet.","Ich wünschte, ich hätte einen anderen Mann geheiratet.",
Datt Gras is to nat to ’n Hensetten.,Das Gras ist zu nass zum Hinsetzen.,
Hör nech op den Keerl.,Höre nicht auf den Mann.,
Woveel Pund Wuost un woveel Broot wüllt ji hebben?,Wieviel Pfund Wurst und wieviel Brot wollt ihr haben?,
Datt brune Peerd is gau.,Das braune Pferd ist schnell.,
"Ik heff twe Stunnen brukt, üm düssen Satz butenkopps to lihren.","Ich habe zwei Stunden gebraucht, um diesen Satz auswendig zu lernen.",
Ik bruuk Broot un Melk.,Ich brauche Brot und Milch.,
Se kofft noch jümmerto Melk.,Sie kauft noch immer Milch.,
Op ’n Schrievdisch liggt en Wöörbook.,Auf dem Schreibtisch liegt ein Wörterbuch.,
Op ’n Tuun sitt twe Kinners.,Auf dem Zaun sitzen zwei Kinder.,
De Katte het mi kratzt.,Ich wurde von der Katze gekratzt.,
Woveel Drinkgeld warrn in Spanien gäven?,Wie viel Trinkgeld gibt man in Spanien?,
Ik wull em later noch wedder anropen.,Ich werde ihn später noch einmal anrufen.,
»Na klaar nicht!« sę ik.,Bestimmt nicht! sagte ich.,
"Weet he, datt ik huer bün?","Weiß er, dass ich hier bin?",
Wi harr noog vonenanner.,Wir hatten genug voneinander.,
Tom hätt Mary al mihr as een Joht ich mihr sehen.,Tom hat Mary schon mehr als ein Jahr nicht mehr gesehen.,
Datt liggt mi op de Tung.,Es liegt mir auf der Zunge.,
Ik heff allen Geld utgäven.,Ich habe all das Geld ausgegeben.,
Soveel Äten kan ik nienich alleen opeten.,So viel Essen kann ich niemals alleine aufessen.,
Ik kan mit miene besten Fründ övers allen snacken.,Ich kann mit meinem besten Freund über alles sprechen.,
Op ’n Wederbericht kunnst di nech verloten.,Der Wetterbericht ist nicht unbedingt zuverlässig.,
Ik bün Tourist.,Ich bin Tourist.,
Waals freet lüttje Fischen.,Wale ernähren sich von kleinen Fischen.,
He is alltiet rechttiedig.,Er ist immer pünktlich.,
"Ik will, he wees nu huer.","Ich wünschte, er wäre jetzt hier.",
Wi sünd alltohoop achte.,Wir sind insgesamt acht.,
De Afscheen von de Atoomkraft is en beslaten Saak.,Der Atomausstieg ist beschlossene Sache.,
Se utsnackt toveel.,Sie reden zu viel.,
"Du bünt sau dumm, datt di de Gäuse biet.","Du bist so dumm, dass dich die Gänse beißen.",
Waorüm studeerst du?,Warum studierst du?,
Wat deist du nu?,Was tust du gerade?,
Ik weet datt wiss.,Ich weiß es mit Sicherheit.,
Wi häbt usse Plünnen tohaupe smiten.,Wir haben unsere Wäsche zusammengeworfen.,
Ik bün en Weltbörger.,Ich bin ein Weltbürger.,
Düsse Bloom is geel un de anner sünd blau.,Diese Blume ist gelb und die anderen sind blau.,
Ik heff mi ’n ganzen Dag in’n Woold versteken.,Ich habe mich den ganzen Tag im Wald versteckt.,
Nicht alle Vogels fleegt.,Nicht alle Vögel fliegen.,
"He is keene Dummboord, he het Plie!","Er ist kein Dummkopf, er hat Verstand!",
De Daam drinken nu Woter.,Die Dame trinkt nun Wasser.,
Ik verdeen 100 Euro an ’n Dag.,Ich verdiene 100 Euro pro Tag.,
Ik verdeen 100 Euro an ’n Dag.,Ich verdiene 100 Euro am Tag.,
Se hört Radio.,Sie hören Radio.,
Is dor en Katz ünner ’n Disch?,Ist eine Katze unter dem Tisch?,
Hummeln sünd gröttern as Immen.,Hummeln sind größer als Bienen.,
Datt is en Popp.,Das ist eine Puppe.,
"Nüms weet, wat em so piert.","Niemand weiß, was ihn so quält.",
He is Schoolmeester.,Er ist Lehrer.,
Tony hätt ’t tweibraken.,Tony hat's zerbrochen.,
"Mary wünscht sick, datt se gladd Hoor kriegt.","Mary wünscht sich, dass sie glattes Haar hätte.",
Datt wees ich miene Schuld.,Das war nicht meine Schuld.,
"He het Franzöösch lihrt, as he junge wees.","Er hat Französisch gelernt, als er jung war.",
"Ik fraag mi, waorüm Froonslüüd keene Platt kriggt.","Ich frage mich, warum Frauen keine Glatze bekommen.",
"Ik hööp, datt se mi hölpt.","Ich hoffe, dass sie mir hilft.",
Sweden hätt en egen Spraak.,Schweden hat eine eigene Sprache.,
Köln liggt an ’n Rhien.,Köln liegt am Rhein.,
Datt is miene Unkels siene Wagen.,Das ist der Wagen meines Onkels.,
Do diene Mütz op.,Setz deine Mütze auf.,
Ik wull en Kamellentee.,Ich möchte einen Kamillentee.,
"Ik heff nüms, wo ik Noorweegsch mit euven kan.","Ich habe niemanden, mit dem ich Norwegisch üben kann.",
Ik heff ehr tofällig an ’n Bahnhoff dropen.,Ich habe sie zufällig auf dem Bahnhof getroffen.,
He is en Niggelpriem.,Er ist ein kleinlicher Mensch.,
De Fotos dor sünd siene.,Die Fotos dort sind seine.,
Tom wull sick nech ännern.,Tom will sich nicht ändern.,
Ik wees in ’e Bargen.,Ich war in den Bergen.,
Wi hebbt drie Kinners.,Wir haben drei Kinder.,
Se deed en swarten Hoot dregen.,Sie hat einen schwarzen Hut getragen.,
Snackst du Latien?,Sprichst du Latein?,
Wannehr sünd wi dor?,Wann sind wir endlich da?,
Woneem is de Ingang von datt Museum?,Wo ist der Eingang des Museums?,
Maakt ji to!,Beeilt euch!,
Maakt ji to!,Macht schnell!,
Do doch nicht so dicke!,Trage doch nicht so dick auf!,
Lat uns wat doot!,Lass uns was machen!,
Krinten sünd inschrumpelt Wiendruven.,Rosinen sind geschrumpfte Weintrauben.,
Ik weet en Appel to schellt.,"Ich weiß, wie man einen Apfel schält.",
"Ik denk ich, datt ik winnen kan.","Ich denke nicht, dass ich gewinnen kann.",
Süst du noch wat anners?,Siehst du noch etwas anderes?,
"En Gepard, de ’t hild het, kan 120 km/h gau warrt.","Ein Gepard, der es eilig hat, kann eine Geschwindigkeit von 120 km/h erreichen.",
En Brill lett di veele kläuker utsehn.,Eine Brille lässt dich viel klüger aussehen.,
Ik wull en poor Tüften.,Ich möchte ein paar Kartoffeln.,
"Hätt Tom verspraken, us to helpen?","Hat Tom versprochen, uns zu helfen?",
Datt schummert bilütten.,Die Abenddämmerung setzte allmählich ein.,
Du dröffst nech toveel Ies un Spaghetti äten.,Du darfst nicht zu viel Eis und Spaghetti essen.,
In ’n Diek is nicht veele Woter.,Im Weiher ist nicht viel Wasser.,
Kunnst du datt moken?,Kannst du das machen?,
Wo geihst du dunn hn? Schullen wi mitgahn?,Wo gehst du denn hin? Sollen wir mitgehen?,
He kinnt den Börgermeester.,Er kennt den Bürgermeister.,
Gefallt jo San Francisco?,Gefällt euch San Francisco?,
Se het mi inladen.,Sie hat mich eingeladen.,
Se hätt mi inladen.,Sie lud mich ein.,
Datt sünd vüör allens jund Lüdd.,Es sind überwiegend junge Leute.,
He het mi verraden.,Er hat mich verraten.,
Ik heff en ganze Stünn op di tövt.,Ich habe eine ganze Stunde auf dich gewartet.,
De Wann is vull.,Die Wanne ist voll.,
Ik wull en nee Bier.,Ich möchte ein neues Bier.,
Ik heff de verkehrten Adress op ’t Kuvert schräven.,Ich schrieb die falsche Adresse auf den Umschlag.,
Düsse Klock geit ich.,Diese Uhr funktioniert nicht.,
Düsse Klock geit nech.,Diese Uhr geht nicht.,
Irland liggt in Westeuropa.,Irland liegt in Westeuropa.,
"Koort hölpt uns dor bi, Geografie to lihren.","Karten helfen uns dabei, Geographie zu lernen.",
"Se hebbt mi inlaadt, Koort to speelen.",Sie haben mich zum Kartenspielen eingeladen.,
Uns is datt Benzin uttogahn.,Uns ist das Benzin ausgegangen.,
Uns is datt Benzin uttogahn.,Uns ging das Benzin aus.,
He seet dor un hätt Piep smökt.,Er saß dort und rauchte Pfeife.,
"Mi rüüt datt, datt ik sowat daan heff.","Ich bereue es, so etwas getan zu haben.",
Uns School is in de Neeg von ’n Bahnhoff.,Unsere Schule befindet sich in der Nähe des Bahnhofs.,
Düssen Satz brukt doch nüms.,Diesen Satz braucht doch keiner.,
He drünk en Bier.,Er trank ein Bier.,
Tom speelt gern Baseball.,Tom spielt gern Baseball.,
’Keene hölpt mi?,Wer hilft mir?,
"Datt is swor, op diene Fraag to antern.","Es ist schwierig, deine Frage zu beantworten.",
Datt is datt Enn von de Welt as wi ehr kinnt.,"Das ist das Ende der Welt, wie wir sie kannten.",
Se hebbt den Krigg an de Oostfront verlorene.,Sie haben den Krieg an der Ostfront verloren.,
Se nickköpp un deed tostimmen.,Sie nickte zustimmend mit dem Kopf.,
"Villicht segg ik Tom bäter nicht, wat Rias doot het.","Vielleicht sage ich Tom besser nicht, was Maria getan hat.",
Sätz anfangt mit en grotten Bookstaven an.,Sätze fangen mit einem Großbuchstaben an.,
Wi mööt nu toslapen gohn.,Wir müssen nun schlafen gehen.,
Datt is swor mit em dörtokamen.,"Es ist schwer, mit ihm auszukommen.",
Du büs duune!,Du bist besoffen!,
Se hebbt em to ’n Börgermeester wählt.,Sie haben ihn zum Bürgermeister gewählt.,
Twe Kinners hebbt op de Straat speelt.,Zwei Kinder spielten auf der Straße.,
He hätt sick en Exküüs utdacht.,Er erfand eine Entschuldigung.,
"Se is in de USA upwossen, man ehr Moddersprook is Japaanschen.","Sie ist in den USA aufgewachsen, doch ihre Muttersprache ist Japanisch.",
Beters in de Hell regeren as in ’n Himmel denen.,Besser in der Hölle regieren als im Himmel dienen.,
Dor wohnt Tom un Rias.,Da wohnen Tom und Maria.,
Tom het miene Wekenenn rugeneert.,Tom hat mein Wochenende ruiniert.,
Datt kunnst du ich bewiesen.,Das kannst du nicht beweisen.,
Du kunnst datt nech bewiesen.,Du kannst das nicht beweisen.,
Mit ’keene gest du utsnackt?,Mit wem hast du gesprochen?,
De mehrsten Mennoniten in Peru un Bolivien utsnackt Plattdüütsch un hebbt nienich Spaansche lihrt.,Die meisten Mennoniten Perus und Boliviens sprechen Niedersächsisch und haben nie Spanisch gelernt.,
Do heff ik jüst duuscht.,Da habe ich gerade geduscht.,
He nöhm siene Brill af.,Er nahm seine Brille ab.,
Datt hätt weniger as fööfteihn Dollar kost.,Das hat weniger als fünfzehn Dollar gekostet.,
Ik harrn düsse E-Mail nicht wegstüren dröffen.,Ich hätte diese E-Mail nicht abschicken dürfen.,
Siene Peerd sprüng övers ’n Tuun.,Sein Pferd sprang über den Zaun.,
Ik will dansen.,Ich wollte tanzen.,
Afkennst du dit Leeg?,Kennst du das Lied?,
Afkennst du dit Leeg?,Kennst du dieses Lied?,
Tom is finanziell unafhängig.,Tom ist finanziell unabhängig.,
Tom toog sick an.,Tom zog sich an.,
Tom toog sick an.,Tom hat sich angezogen.,
Keene Stroom op de Welt is länger as de Niel.,Kein Strom auf der Welt ist länger als der Nil.,
Datt Gesett is in de Meiji-Tied utgäven worrn.,Das Gesetz wurde in der Meiji-Zeit erlassen.,
Ik hör em ich.,Ich höre ihn nicht.,
Weer bedankt för den Anroop.,Danke für den Anruf.,
Wo lat is datt dor?,Wie spät ist es dort?,
Von ’t Gras is datt Kalv wiss nech so fett worrn.,Vom Gras ist das Kalb sicher nicht so fett geworden.,
"Mario is so krank, datt he sick kuum rögen kan.","Mario ist so krank, dass er sich kaum bewegen kann.",
De Junge het siene Verscheel nicht ännert.,Der Junge hat seine Meinung nicht geändert.,
Se schrieft nu drie Joht Daagbook.,Sie führt seit drei Jahren ein Tagebuch.,
"Meenst du, datt en bäten Solt den Smack verbetern schull?","Denkst du, dass ein bisschen Salz den Geschmack verbessern würde?",
Siene Nees blöddt.,Seine Nase blutet.,
"En Katte straakt uns ich, se straakt sick an uns.","Eine Katze liebkost uns nicht, sie liebkost sich mittels uns.",
De Noricht hätt mi dulle frein.,Die Nachricht hat mich ganz arg erfreut.,
Datt is wat wieder weg.,Es ist etwas weiter weg.,
Datt is wat wieder weg.,Das ist etwas weiter weg.,
Sünd ji vergangen Nacht uttogahn?,Seid ihr letzte Nacht ausgegangen?,
He levt in datt Huus dor achtern.,Er lebt in dem Haus dahinten.,
Datt is al lat.,Es ist schon spät.,
En Hund het veer Poten.,Ein Hund hat vier Pfoten.,
He is Swiezer.,Er ist Schweizer.,
He hätt Mary en Koorten tostüürt.,Er hat Mary eine Karte geschickt.,
"Datt Läven wees eenfacher, as ik Jugs noch doov funn!","Das Leben war einfacher, als ich Jungs noch doof fand!",
Datt Ies op ’n Seed unn siene Wicht nech dregen.,Das Eis auf dem See konnte sein Gewicht nicht tragen.,
Du hess keene Hart.,Du hast kein Herz.,
Tom is giern buten.,Tom ist gerne draußen.,
Ik kenn ehr.,Ich kenne sie.,
Beters en half Ei as en leddige Dopp.,"Besser ein halbes Ei, als eine leere Eierschale.",
Musiek is en Weltspraak.,Musik ist eine Weltsprache.,
Ik bün goods toweeg.,Ich fühle mich wohl.,
He mag Katten nicht gern lieden.,Er mag Katzen nicht arg leiden.,
Söökt ji wat?,Sucht ihr etwas?,
Düsse Geschicht kan ich wohr wäsen.,Diese Geschichte kann nicht wahr sein.,
Ick häb en Dochter.,Ich habe eine Tochter.,
Wi hört Musiek.,Wir haben Musik gehört.,
He süht plietsch ut.,Er sieht schlau aus.,
De Roos is von Theodor.,Die Rose ist von Theodor.,
De Christen glövt an Jesus Christus.,Die Christen glauben an Jesus Christus.,
Ik heff datt alleen maakt.,Ich habe es allein gemacht.,
Lat mi von de Ieskreem wat övers.,Lass mir von der Eiskrem etwas übrig.,
Lat mi von de Ieskreem wat övers.,Lass mir von dem Eis etwas übrig!,
Düsse Schoh sünd en bäten to groot.,Diese Schuhe sind etwas groß.,
Se sünd na ’n Zoo gohn.,Sie sind in den Zoo gegangen.,
He het en bäten Geld.,Er hat ein bisschen Geld.,
Is dor noch Solt?,Gibt es noch Salz?,
"Ik heff em fraagt, waorüm as he so trurig is.","Ich habe ihn gefragt, warum er so traurig ist.",
De Töövstuuv is leddige.,Das Wartezimmer ist leer.,
"Ik weet, waorüm Tom datt nech geern deit.","Ich weiß, warum Tom das nicht gerne tut.",
Se hätt en smucke Popp.,Sie hat eine hübsche Puppe.,
Ik wull en poor Nudeln.,Ich möchte ein paar Kartoffeln.,
De Snee is smulten.,Der Schnee ist geschmolzen.,
Se wees böös. Dorüm het se swegen.,Sie war wütend. Darum schwieg sie.,
Ik heff vonmorgen deegt Aptiet.,Ich habe heute Morgen richtig Appetit.,
Ans weet ik nix.,Darüber hinaus weiß ich nichts.,
Se dröffen nachtens nicht rut.,Sie dürfen nachts nicht raus.,
He hätt den tweeten Platz maakt.,Er hat den zweiten Platz gemacht.,
Sien Theorie is swor to verstohn.,Seine Theorie ist schwer zu verstehen.,
En Scheer liggt op ’n Disch.,Eine Schere liegt auf dem Tisch.,
Ik bün jüst ierst na Huus komen.,Ich bin gerade erst heimgekommen.,
Sett jo an den Disch.,Setzt euch an den Tisch.,
"Ut Mehl, Melk un en Ei kan man en Koken backen.","Aus Mehl, Milch und einem Ei kann man einen Kuchen backen.",
Sünd ji avends jümmerto tohuus?,Seid ihr abends immer zu Hause?,
Loop so gau datt geit.,"Lauf, so schnell du kannst!",
Deelt Leeg is half Leeg.,Geteiltes Leid ist halbes Leid.,
"Wittkohl, Blomenkohl, Brokkoli un Rosenkohl sünd alle Oorden von de desülve Plantenoord.","Weißkohl, Blumenkohl, Brokkoli und Rosenkohl sind alles Sorten derselben Pflanzenart.",
Ik bün na de Bänk wäsen üm Geld to halen.,"Ich bin auf der Bank gewesen, um Geld zu holen.",
Ik bün bange vüör Ulen.,Ich habe Angst vor Eulen.,
De Klock in den Kiärktaon släög niëgen.,Die Uhr im Kirchturm schlägt neun.,
1835 het en Faat Mehl söss Dollar kost.,1835 kostete ein Fass Mehl sechs Dollar.,
Is de Hund en Heken odder en Sekens?,Ist dieser Hund männlich oder weiblich?,
Se füng an to süngen.,Sie begann zu singen.,
Se füng an to süngen.,Sie fing an zu singen.,
Wullt du ans noch wat?,Willst du sonst noch etwas?,
"Dit is datt best Restaurant, datt ik kenn.","Das ist das beste Restaurant, das ich kenne.",
Se hebbt di narrt.,Sie haben dich zum Narren gehalten.,
Datt is miene Kutt.,Das ist meine Muschi.,
Datt smeckt goods.,Das schmeckt gut.,
Eet ich to veele Koken.,Iss nicht zu viel Kuchen.,
Katten möögt lever Fischen as Fleesch.,Katzen mögen lieber Fisch als Fleisch.,
"Nu nech, man later gern!","Jetzt nicht, aber später gerne!",
"Ik verstoh nicht, wat düsse Satz bedüdt.","Ich verstehe nicht, was dieser Satz bedeutet.",
"’Keene ich lüggt, de verköfft nix.","Wer nicht lügt, der verkauft nichts.",
God hätt de Welt in söss Daag schapen.,Gott hat die Welt in sechs Tagen geschaffen.,
Datt Weder kunn nech beters wäsen.,Das Wetter könnte nicht besser sein.,
He het mi nicht glöövt.,Er hat mir nicht geglaubt.,
Mien Mudder hätt miene Temperatur meten.,Meine Mutter hat meine Körpertemperatur gemessen.,
Waorüm gest du Düütsk lihrt?,Warum hast du Deutsch gelernt?,
He het dit Book mit twintig Joht schräven.,Er hat dieses Buch mit zwanzig Jahren geschrieben.,
Tom hätt toveel kört.,Tom hat zu viel geredet.,
Ik bruuk en Mest.,Ich brauche ein Messer.,
"Ik weet ich, wat he datt weet.","Ich weiß nicht, ob er es weiß.",
Du hess den Snökerkraam äten.,Du hast die Süßigkeiten gegessen.,
Se nehm datt Taxi na ’t Museum.,Sie nahm das Taxi zum Museum.,
"Ik verstoh jo nech, ji möt en bäten luder snacken.","Ich verstehe euch nicht, ihr müßt ein bißchen lauter sprechen.",
Miene besten Fründ danst tæmlich goods.,Mein bester Freund tanzt ziemlich gut.,
Wo lange wullt du hierblieven?,Wie lange gedenkst du hier zu bleiben?,
’Keene is datt?,Wer ist das?,
De Buur groov en Lock; he will en Boom planten.,"Der Bauer grub ein Loch, um einen Baum zu pflanzen.",
Wo geit di datt? Harrst du en goden Reis?,Wie geht es dir? Hattest du eine gute Reise?,
Wo geit di datt? Harrst du en goden Reis?,Wie geht's dir? Hattest du eine gute Reise?,
Se het wol nicht veele Frünn.,Wahrscheinlich hat sie nicht viele Freunde.,
"Dokter Möller wull, datt du noch en Stoot töövst.","Doktor Müller möchte, dass du noch eine Weile wartest.",
Woneem gest du diene Feerne verbröcht?,Wo hast du deine Ferien verbracht?,
Du schullst di duuschen.,Du solltest dich duschen.,
Se hebbt mihr kriegen as ik.,Sie haben mehr als ich bekommen.,
Du schußt beters mit ’n Buss fohren.,Du solltest besser mit dem Bus fahren.,
Dröög Sand nimmt Woter op.,Trockener Sand nimmt Wasser auf.,
Bi den dichten Daak wees de Straat swor to sehen.,Bei dem dichten Nebel war die Straße kaum zu sehen.,
Ik heff vüör datt Avendenten lihrt.,Ich habe vor dem Abendessen gelernt.,
Wo lange schall datt duren? Üm un bi twe Weken.,Wie lange soll das dauern? Ungefähr eine bis zwei Wochen.,
Ik will datt ich!,Ich wollte das nicht!,
Ik will datt nech.,Ich möchte das nicht.,
Datt will ik nicht.,Das wollte ich nicht.,
Datt will ik ich!,Das wollte ich nicht!,
"Datt hätt lange duurn, bet datt se mi verstaht het.",Es hat lange gedauert bis sie mich verstanden hat.,
Se hätt em en Barg Geld stahlen.,Sie hatte ihm eine Menge Geld gestohlen.,
Datt kan doch nech diene Eernst wäsen.,Das kann doch nicht dein Ernst sein.,
Tom het sick in’n Woold verlopen.,Tom verirrte sich im Wald.,
Tom hätt sick in’n Woold verlopen.,Tom hat sich im Wald verirrt.,
Ick mag beiden Hunnen un Katten.,Ich mag sowohl Hunde als auch Katzen.,
Ik wull di en Radels opgeven.,Ich möchte dir ein Rätsel aufgeben.,
Tom wull woanners hin.,Tom will woanders hin.,
Du hess mi dulle fehlt.,Du hast mir sehr gefehlt.,
Afkennst du den Mann op dit Foto?,Kennst du den Mann auf diesem Foto?,
Wat för ’n Joht böst du boren?,In welchem Jahr wurdest du geboren?,
Ik heff datt Radels lööst.,Ich habe das Rätsel gelöst.,
Datt Book is nu praat to ’n Rutgeven.,Das Buch ist jetzt bereit zur Veröffentlichung.,
He het ’n Verkäuper datt Geld gäven.,Er gab dem Verkäufer das Geld.,
"Ik kan nicht begriepen, waorüm as he datt daan hätt.","Ich kann nicht begreifen, warum er das getan hat.",
"Noch mihr Kaffee, bitte.","Noch mehr Kaffee, bitte.",
Elkeen schull siene Wahlrecht bruken.,Jeder sollte von seinem Wahlrecht Gebrauch machen.,
"Nüms wüss, woneem se wees.","Niemand wusste, wo sie war.",
"Denkst du, datt datt klappt?","Denkst du, dass es funktionieren wird?",
Woneem sünd de Teller?,Wo sind die Teller?,
Wo lange blievst du?,Wie lange bleibst du?,
Datt is keene Wetenschop.,Das ist keine Wissenschaft.,
"Ik heff smökt, as ik jund wees.","Ich rauchte, als ich jung war.",
"As ik junge wees, heff ik smökt.","Als ich jung war, habe ich geraucht.",
"Het sick rutstellt, datt he en Spijoon is.","Es hat sich herausgestellt, dass er ein Spion ist.",
Ji sünd ansmeert worrn.,Ihr seid reingelegt worden.,
Du musst diene Kamern oprümen.,Du musst dein Zimmer sauber machen.,
"Ik hör giern Musik, vüör allens Jazz.","Ich höre gern Musik, vor allem Jazz.",
"Tom hätt ich wüßt, wat he seggen schall.","Tom wusste nicht, was er sagen sollte.",
Wat kost dit T-Shirt?,Was kostet dieses T-Shirt?,
Se het de Eier kaakt.,Sie kochte die Eier.,
Wat ’n grotten Hund!,Was für ein großer Hund!,
"Ik weet nech, waorüm Tom un Rias hüüt nicht huer sünd.","Ich weiß nicht, warum Tom und Maria heute nicht hier sind.",
"Ik denk, dorvon bün ik.","Ich denke, also bin ich.",
"As ik na Huus keem, hätt miene Süster jüst Gitarr speelt.","Als ich nach Hause kam, spielte meine Schwester gerade Gitarre.",
"Ik kaam mit di, eengaal wo du hen geihst.","Ich werde dir folgen, wohin du auch gehen wirst.",
Ik bün een Kehr na Kyoto gohn.,Ich bin einmal nach Kioto gegangen.,
Ik bün in ’n Matheünnerricht indrusselt.,Ich bin im Matheunterricht eingeschlafen.,
Düsse Hund bitt ich.,Dieser Hund beißt nicht.,
Datt Tähnkellen het mi von ’t Toslapen afhollen.,Meine Zahnschmerzen haben mich am Schlafen gehindert.,
He hätt Intress an mi.,Er hat Interesse an mir.,
Kiek di üm.,Schau dich um.,
Datt wunnert mi nech.,Das überrascht mich nicht.,
"Se utsnackt vun Paris, as wees se dor al veel Maalen wäsen.","Sie redet über Paris, als wäre sie viele Male dort gewesen.",
He het en Barg Geld op de Bänk.,Er hat einen Haufen Geld auf der Bank.,
Hätt he den Grund seggt?,Hat er den Grund genannt?,
"He weet nicht, woneem he is.","Er weiß nicht, wo er ist.",
In siene Hoff is elk Hahn stark.,In seinem Hof ist jeder Hahn stark.,
Woneem un wannehr gest du ehr kennenlihrt?,Wo und wann hast du sie kennengelernt?,
Se vergaht sick goods mit jemehr Navers.,Sie verstehen sich gut mit ihren Nachbarn.,
"Is de Gefohr vörbi, warrn de Hilligen utlacht.","Ist die Gefahr vorbei, lacht man die Heiligen aus.",
Datt Huus wees von Feller ümgeven.,Das Haus war von Feldern umgeben.,
Hebbt ji düssen Artikel leest?,Habt ihr diesen Artikel gelesen?,
"Maakt di datt wat, wenn du nochmaal tein Minuten töven musst?","Macht es dir etwas aus, wenn du noch einmal zehn Minuten warten musst?",
Se is von Natur ut neeschierig.,Sie ist von Natur aus neugierig.,
"Mook di keene Sorgen, aver denk dor övers no!","Mach dir keine Sorgen, aber denke darüber nach!",
Opmaal deed de Sphinx ehrn Kopp opböhren.,Plötzlich hob die Sphinx ihren Kopf.,
Ik heff ich noog Geld.,Ich habe nicht genug Geld.,
Se schellen de Tuffeln.,Sie schält die Kartoffeln.,
Wor deist du datt för?,Warum machst du das?,
Nee!,Nein!,
Nee.,Nein.,
Nee.,Nee.,
Mien Süster speelt teemlich goods Gitarr.,Meine Schwester spielt ziemlich gut Gitarre.,
De Geschicht geit goods ut.,Die Geschichte geht gut aus.,
Madonna kan süngen.,Madonna kann singen.,
"Ik weet nech, ’keene düsse Mann is.","Ich weiß nicht, wer dieser Mann ist.",
"Versteihst du, wat ik seggen wull?","Verstehst du, was ich sagen will?",
Se mööt op de Bibel sweren.,Sie müssen auf die Bibel schwören.,
Ik wohn op ’n Lannen.,Ich wohne auf dem Land.,
Ik bün fröh opstahn.,Ich bin früh aufgestanden.,
Tom deit toveel Sucker in siene Tee.,Tom tut zu viel Zucker in seinen Tee.,
He het dick Brillenglääs op.,Er hat dicke Brillengläser auf.,
Af un to vergitt ik Luft to halen.,Manchmal vergesse ich zu atmen.,
Düt Huus is groot.,Dieses Haus ist groß.,
"Ik di nicht helpen, datt deit mi leeg, man ik heff en Vörslag.","Leider kann ich dir nicht helfen, aber ich habe einen Vorschlag.",
Tux is datt Maskottjen von Linux.,Tux ist das Maskottchen von Linux.,
Wasch diene Hannen mit Seep.,Wasche deine Hände mit Seife.,
Na datt Kunstmuseum geit datt huer langs?,Zum Kunstmuseum geht's hier lang?,
Datt warrn düür!,Das wird teuer!,
"Afkennst du Dokters, de Japaanschen utsnackt?","Kennst du Doktoren, die Japanisch sprechen?",
Datt Woter kaakt na üm un bi 5 Minuten.,Das Wasser wird in ungefähr fünf Minuten kochen.,
Wi röpen foorts en Dokter.,Wir riefen sofort einen Arzt herbei.,
De Buss hölt vüör miene Huus.,Der Bus hält vor meinem Haus.,
Du wullt bi METRO arbeidt?,Du willst bei der Metro arbeiten?,
Bünt du krank? Du sühst bleek ut.,Bist du krank? Du siehst blass aus.,
He weet veele von Blomen.,Ich weiß viel über Blumen.,
Wecke Hoorfarv hätt Tom?,Welche Haarfarbe hat Tom?,
Se keem faken to lat na School.,Sie kam oft zu spät zur Schule.,
To ’n Düwel mit de Physik!,Zum Teufel mit der Physik!,
Ik kan di ich noog danken.,Ich kann dir nicht genug danken.,
Datt unn en Hochtied wäsen.,Es könnte eine Hochzeit sein.,
"He deed so hart wurachen, datt he siene Sundheit rugeneren deed.","Er arbeitete so hart, dass er seine Gesundheit ruinierte.",
Wullt du mi ümbringen?,Willst du mich umbringen?,
He het uns verköfft.,Er hat uns verkauft.,
Diene Nees löpt!,Deine Nase läuft!,
Lachhaftig!,Lächerlich!,
Ik will di al jümmerto dräpen.,Ich wollte dich immer treffen.,
Se hätt natte Hoor.,Sie hat nasse Haare.,
Hess du em al mal süngen hört?,Hast du ihn jemals singen gehört?,
Woneem gest du datt kofft?,Wo hast du das gekauft?,
He het veele Böker övers China schräven.,Er hat viele Bücher über China geschrieben.,
He hätt veele Böker övers China schräven.,Er schrieb viele Bücher über China.,
Wo gaht ji hen?,Wohin geht ihr?,
Se is gröttern as ehr Süster.,Sie ist größer als ihre Schwester.,
Nüms unn de richtige Antwoort gäven.,Niemand konnte die richtige Antwort geben.,
Dor segg ik nix to.,Dazu sage ich nichts.,
De Jund het wat in ’n Brägen.,Der Junge hat was auf’m Kasten.,
De Junge hätt wat in ’n Brägen.,Der Junge hat Verstand.,
Op wat för ’n Stohl hess du datt Book packt?,Auf welchen Stuhl hast du das Buch gelegt?,
Du gest veele verpasst.,Du hast viel verpasst.,
Ik wull gern en Buss hüren.,Ich möchte gerne einen Bus mieten.,
De Pries von Eerdööl is an ’t Stiegen.,Der Ölpreis steigt weiter an.,
Ik draag nech giern anneren Lüdd ehr Tüüg.,Ich trage nicht gerne die Sachen von anderen Leuten.,
Ik wees jüst mit en Fründ in ’n Park spazieren as datt to regent anfüng.,"Ich ging gerade mit einem Freund im Park spazieren, als es zu regnen begann.",
Tranen schöten ehr in de Ogen.,Tränen schossen ihr in die Augen.,
Ik kaam nicht mit.,Ich komme nicht mit.,
Een lüggt.,Jemand lügt.,
De Hehn kluckt op ehr Eier bet se utbröödt sünd.,Die Henne sitzt auf ihren Eiern bis sie ausgebrütet sind.,
Het se datt seggt?,Hat sie es gesagt?,
Se hätt datt seggt?,Hat sie das gesagt?,
Wat wullt du drinkt? Kaffee?,Was möchtest du trinken? Kaffee?,
Waorüm seggst du datt?,Warum sagst du das?,
Se wees tæmlich bruun na ehr Feerne.,Sie war ziemlich braun nach ihren Ferien.,
Ik heff miene Huus vüör twe Joht kofft.,Ich habe mein Haus vor zwei Jahren gekauft.,
"Wi wüllt hopen, datt datt vonavend ich regen.",Hoffentlich regnet es heute Abend nicht.,
Miene Klock is nech so düür as diene.,Meine Uhr ist nicht so teuer wie deine.,
Wo kott datt Läven is!,Wie kurz das Leben ist!,
Het diene Hund mol een beten?,Hat dein Hund schon mal jemanden gebissen?,
Hätt diene Hund mol een beten?,Hat euer Hund schon mal jemanden gebissen?,
Segg man datt Alphabeet trüggoors op.,"Bitte, sage das Alphabet rückwärts auf.",
"Ik will, ik unn rutfinnen, woans ik en DVD brennen kan.","Ich wünschte, ich könnte rausfinden, wie ich eine DVD brennen kann.",
Papa het mi en poor Böker kofft.,Papa hat mir einige Bücher gekauft.,
Ik drink Kaffee.,Ich trinke Kaffee.,
Se hätt mi nicht leif.,Sie liebt mich nicht.,
Nüms utsnackt düsse Spraak mihr.,Niemand spricht diese Sprache mehr.,
"Datt sünd de eenzigen beide Studenten, de Chineesche lihrt.","Das sind die einzigen beiden Studenten, die Chinesisch lernen.",
Wo lange büs du huer wäsen?,Wie lange bist du hier gewesen?,
Se wull mit em Golf speelen.,Sie will mit ihm Golf spielen.,
Se wull mit em Golf speelen.,Sie will mit ihm golfen.,
He stünn rachter mi.,Er stand hinter mir.,
Datt is ich gladd.,Das ist nicht glatt.,
Nüms wees tohuus.,Niemand war zu Hause.,
Wat deist du huer?,Was machst du hier?,
Se lees em en Gedicht vüör.,Sie las ihm ein Gedicht vor.,
"Wettst du wiss, datt du em noch nien dropen hess?","Bist du sicher, dass du ihn noch nie getroffen hast?",
"He deed feddert, datt ik foorts datt Geld betahl.","Er forderte, dass ich sofort das Geld bezahle.",
Ik heff ok nix verstohn.,Ich habe auch nichts verstanden.,
De Süsters sünd alle beid blond.,Die Schwestern sind beide blond.,
Neegst Joht gah ik na Mainz un denn na Köln.,Nächstes Jahr gehe ich nach Mainz und dann nach Köln.,
"Nu man gau, dunn afkriggst den Buss noch.","Jetzt aber schnell, dann schaffst du den Bus noch!",
An ’n 27. Dag von ’n 12. Maand von datt 12. Joht von de Taisho-Tied het Nanba Daisuke op den Kroonprinz schaten.,Am 27. Tag im 12. Monat des 27. Jahres der Taisho-Ära hat Nanba Daisuke auf den Kronprinzen geschossen.,
Ik bün dor afsluuts tegen.,Ich bin absolut dagegen.,
"Waorüm kunnst du em nech seggen, datt du em leefhest?","Warum kannst du ihm nicht sagen, dass du ihn liebst?",
Opminnst köönt wi uns en Huus tügen.,Mindestens können wir uns ein Haus leisten.,
Geihst du mit mi na datt Konzert?,Gehst du mit mir auf das Konzert?,
"Wenn ik Tom seh, segg ik em, datt Se em socht hebbt.","Wenn ich Tom sehe, sage ich ihm, dass Sie ihn gesucht haben.",
"Is datt wohr, datt du na Paris föhrst?","Ist es wahr, dass du nach Paris fährst?",
"As se de Noricht hören deed, kreeg se Panik.","Als sie diese Nachricht hörte, geriet sie in Panik.",
Düsse Länner hebbt to Frankriek hört.,Diese Länder gehörten zu Frankreich.,
Dor sünd veele Blomen in ’n Goorn.,Es gibt viel Blumen im Garten.,
He singt gern.,Er singt gerne.,
He singt giern.,Er singt gern.,
"He deed den ganzen Vonnamiddag bruken, üm de Arbeit trech to kregen.","Er benötigte den ganzen Nachmittag, um die Arbeit zu beenden.",
"Ik fraag mi, woneem he sick verstickt.","Ich frage mich, wo er sich versteckt.",
En slecht Geföhl kan nien goods wäsen.,Ein schlechtes Gefühl kann nie gut sein.,
Uns Baseballplatz is teemlich lütt.,Unser Baseballplatz ist sehr klein.,
Ik bün gröttern.,Ich bin größer.,
En Peerd löpt gau.,Ein Pferd läuft schnell.,
Wi brukt Ehr Geld nicht.,Wir brauchen Ihr Geld nicht.,
Datt is villicht beters so.,Das ist vielleicht besser so.,
Wi sünd alle blied.,Wir sind alle glücklich.,
De studenten kunnen ich antern.,Die Studenten konnten nicht antworten.,
"Ik will nech, datt datt so basch klingt.","Ich wollte nicht, dass das so barsch klingt.",
Ik wull toslapen.,Ich will schlafen.,
Wi schrieven jüst den Bericht.,Wir schreiben gerade den Bericht.,
Ik bün jüst ankamen.,Ich bin gerade angekommen.,
De Regent neih gägen datt Fenster.,Der Regen schlug gegen das Fenster.,
Wi sünd bange.,Wir haben Angst.,
Wi sünd bange.,Wir fürchten uns.,
Ik heff mi an ’n Ellbagen wehdaan.,Ich habe mir am Ellbogen wehgetan.,
Datt hätt em datt Läven kost.,Das kostete ihn das Leben.,
Se het nicht maol versocht to helpen.,Sie hatte nicht einmal versucht zu helfen.,
Wi hebbt Maandag.,Es ist Montag.,
’Keene hätt dit Book schräven?,Wer hat dieses Buch geschrieben?,
Ik heff dit Kleed sülvens neiht.,Ich habe dieses Kleid selbst genäht.,
Waorüm starven wi?,Warum sterben wir?,
Düsse Mahltied is noog för drie Personen.,Diese Mahlzeit ist genug für drei Personen.,
He wees en Fründ von mi.,Er war ein Freund von mir.,
Miene Kontoor is in de Binnenstad.,Mein Büro ist in der Innenstadt.,
Vergeet ich antoropen!,Vergiss nicht anzurufen!,
He het mihr Glück as Verstünn.,Er hat mehr Glück als Verstand.,
Maria versteiht Chineesche.,Maria versteht Chinesisch.,
Gode Aptiet!,Guten Appetit!,
Tom will dor nech alleen hen.,Tom wollte nicht allein dorthin.,
"Do, wat di gefallt.","Mach, was dir gefällt.",
Woter freert bi 0 °C.,Wasser gefriert bei 0°C.,
Woter freert bi 0 °C.,Wasser wird bei 0°C fest.,
Dor woren veele Bööd op ’n Seed.,Es waren viele Boote auf dem See.,
"He denkt na, siene Huus to verköpen.","Er erwägt, sein Haus zu veräußern.",
Wat verwachtst du?,Was erwartest du?,
"Du smöökst nicht, odder?","Du rauchst nicht, oder?",
He hätt en Barg Böker.,Er hat jede Menge Bücher.,
"Stöört di datt, wenn ik smöök?","Stört es dich, wenn ich rauche?",
Tom mag keene Huusdeerten.,Tom mag keine Haustiere.,
De Klock het twe Wiesers.,Die Uhr hat zwei Zeiger.,
"Datt wees beters wäsen, wenn du datt ich seggt harrst.","Es wäre besser gewesen, wenn du das nicht gesagt hättest.",
Ick heff datt scheen seen.,"Ich habe gesehen, wie es geschah.",
Ick heff datt scheen seen.,"Ich habe gesehen, wie es passierte.",
De sünd in Gang Nummer twe.,Die befinden sich im Gang Nummer zwei.,
Wiest du mi mal datt Foto?,Zeigst du mir mal das Foto?,
Waorüm heet de Lüdd in Tofallssätz jümmerto Tom?,Warum nennt man die Leute in den Zufallssätzen immer Tom?,
"Ik weet, woneem he wohnt.","Ich weiß, wo er wohnt.",
He is jümmerto tegen mi.,Er ist immer gegen mich.,
Wo warrn datt ut maakt?,Woraus wird es gemacht?,
Drippst du em faken?,Triffst du ihn oft?,
Twischen Europa un Asien liggt ’r keene Seed.,Zwischen Europa und Asien liegt kein Meer.,
Vergitt datt!,Vergiss es!,
Vergitt datt.,Vergiss es.,
He hätt dröög Hoor.,Er hat trockene Haare.,
He weet nech veele övers Japan.,Er weiß nicht viel über Japan.,
Hebbt ji en Föhn mitnahmen?,Habt ihr einen Fön mitgenommen?,
Se leet mi övers een Stünn töven.,Sie ließ mich über eine Stunde warten.,
He steiht al mit een Foot in ’t Graff.,Er steht bereits mit einem Fuß im Grab.,
Datt is Meddag.,Es ist Mittag.,
He is en Fründ von em.,Er ist ein Freund von ihm.,
Bruukst du datt Book huer?,Brauchst du das Buch hier?,
De Tog is dörtig Minuten to lat.,Der Zug hat 30 Minuten Verspätung.,
He maakt gern Fotos.,Er macht gerne Fotos.,
De Frömme stammt ut Schottland.,Der Fremde stammt aus Schottland.,
Se leeg sick op de Wisch.,Sie legte sich auf die Wiese.,
Australien is üm un bi twintig Maol so groot as Japan.,Australien ist ungefähr zwanzig mal so groß wie Japan.,
Se wickel sick in de Deek.,Sie wickelte sich in die Decke.,
Düsse Nacht hört de Glimmwörm un de Fladdermüüs... un de Warwülv.,Diese Nacht gehört den Glühwürmchen und den Fledermäusen... und den Werwölfen.,
He wees nicht giern arm.,Er war nicht gerne arm.,
Tom het de Stemm vun Rias höört.,Tom vernahm Marias Stimme.,
Du kunnst datt ich mihr sehen.,Du kannst es nicht nicht sehen.,
Miene leevste Pizza is Pizza Hawaii.,Meine Lieblingspizza ist Pizza Hawaii.,
De Vörhang hätt Füer fungen.,Der Vorhang hatte Feuer gefangen.,
"He deed ehr vörhollen, datt se em anlagen harrn.","Er bezichtigte sie, ihn angelogen zu haben.",
De School is halvig veer ut.,Die Schule ist um halb vier Uhr aus.,
He is drie Joht jünger as ik.,Er ist drei Jahre jünger als ich.,
"Ik bruuk en Löpels, en Gavel un en Mest. Weer bedankt.","Ich brauche einen Löffel, eine Gabel und ein Messer. Vielen Dank.",
Ik bruuk en bäten Slaap.,Ich brauche ein wenig Schlaf.,
Ik bruuk en bäten Slaap.,Ich brauche etwas Schlaf.,
Vonmorgen heff ik Feernsehn ankeken.,Heute Morgen habe ich ferngesehen.,
Gest du Haruki Murakami siene Book leest?,Hast du das Buch von Haruki Murakami gelesen?,
Böst du avends jümmerto tohuus?,Bist du abends immer zu Hause?,
Ik bleev huer nech lange.,Ich bleibe hier nicht lange.,
"He het keene Arbeit, he is Rentner.","Er hat keine Arbeit, er ist Rentner.",
Hätt datt Huus en Goorn?,Hat das Haus einen Garten?,
Ik heff mi de Karsbeerblööt keken.,Ich habe mir die Kirschblüte angesehen.,
He is ehr Fründ.,Er ist ihr Freund.,
Se kriegen alle Mann en Pries.,Alle von ihnen bekommen einen Preis.,
Se hebbt en groot Huus.,Sie haben ein großes Haus.,
He is fründlig.,Er ist freundlich.,
Nicht stören.,Nicht stören!,
Du bünt miene Leevsten.,Du bist mein Liebling.,
Na miene Mann siene Dood bün ik rümlopen as so ’n Zombie.,Nach dem Tod meines Mannes bin ich wie ein Zombie herumgelaufen.,
"Ik heff vergäten, de Klock optotrecken.","Ich habe vergessen, die Uhr aufzuziehen.",
Hol datt Muul!,Halt den Mund!,
Hol datt Muul!,Halt die Schnauze!,
Du schaßt ich so veele äten.,Du sollst nicht so viel essen.,
Se het en leevtadige Stimm.,Sie hat eine angenehme Stimme.,
Na tein Minuten wees se op de annern Siet.,Nach zehn Minuten war sie auf der anderen Seite.,
Ik heff dit Book von em kriegen.,Ich habe dieses Buch von ihm bekommen.,
Datt is en tæmlich trurige Geschicht.,Es ist eine sehr traurige Geschichte.,
Wi hebbt för den Kannedaten stimmt.,Wir stimmten für den Kandidaten.,
He snack jümmerto harter.,Er sprach immer lauter.,
De Tall 2010 hätt twe Nullen.,Die Zahl 2010 hat zwei Nullen.,
De Heven is blau.,Der Himmel ist blau.,
He het uns anlagen.,Er hat uns belogen.,
He hätt uns anlagen.,Er hat uns angelogen.,
Datt Peerd springen.,Das Pferd springt.,
"„Kan mi een helpen?“ „Jo, ik.“","Kann mir jemand helfen? ""Ja, ich.""",
"Ik bün datt wennt, datt ik utlacht warr.","Ich bin daran gewöhnt, dass man mich auslacht.",
Dröff ik en Vörslag moken?,Darf ich einen Vorschlag machen?,
Wi hebbt uns in ’n Woold verlopen.,Wir haben uns im Wald verlaufen.,
"Wenn ik dor von weten harrn, dann harrn ik di datt vertellt.","Wenn ich davon gewusst hätte, hätte ich’s dir erzählt.",
Dor seet en Katz op ’n Disch.,Da saß eine Katze auf dem Tisch.,
Se is keene Kind mihr.,Sie ist kein Kind mehr.,
"Ik heff den Vonnamiddag dor mit tobrocht, en Bild to malen.","Ich habe den Nachmittag damit verbracht, ein Bild zu malen.",
Datt is allen Tüdelkraam.,Das ist alles Firlefanz.,
"De Bläder anfangt an, rood un geel to warrt.",Die Blätter begannen rot und gelb zu werden.,
Wat het Jean maakt?,Was hat Jean gemacht?,
Ik heff twe Butenlanners kennenlihrt. De eene keem ut Kanada un de annere ut Ingland.,"Ich habe zwei Ausländer kennengelernt, der eine kam aus Kanada und der andere aus England.",
Ik heff twe Butenlanners kennenlihrt. De eene keem ut Kanada un de annere ut Ingland.,"Ich habe zwei Ausländer kennengelernt, von denen der eine aus Kanada und der andere aus England kam.",
Datt is joon Hund.,Das ist euer Hund.,
Wullt du nech mit mi mit?,Willst du nicht mit mir mit?,
Breng ehr weg.,Bring sie hier weg!,
Datt warrn nicht mihr seggt.,Das sagt man nicht mehr.,
Datt Ies is smulten.,Das Eis ist geschmolzen.,
De Seed is drie Mielen breed.,Der See ist drei Meilen breit.,
Se hätt smucke Ogen.,Sie hat schöne Augen.,
Datt Taxi is dor.,Das Taxi ist da.,
Wat du seggt hess is tohoop Tüdelkraam.,"Was du gesagt hast, ist kompletter Unsinn.",
Datt Huus is witt streken.,Das Haus ist weiß gestrichen.,
Waorüm gest du mi ropen?,Warum hast du mich gerufen?,
He süht ut as en Speler.,Er sieht wie ein Spieler aus.,
"Ut Angst, se unn utglippen, güng se sinnig.","Aus Furcht, sie könnte ausrutschen, ging sie langsam.",
In elk Immen kan datt man een Immenmoor gäven.,In jedem Bienenstock kann es nur eine Bienenkönigin geben.,
Hess du ropen?,Hast du gerufen?,
He is miene besten Fründ. Wi sünd as twe Bröder.,Er ist mein bester Freund. Wie sind wie zwei Brüder.,
Stell di ich jümmerto op siene Siet.,Stell dich nicht immer auf seine Seite.,
Wat is diene leevste Soort Snökerkraam?,Was ist deine Lieblingssüßigkeit?,
"Wer sick nech sadd äten kan, kan sick ook nicht sadd licken.","Wer sich nicht satt essen kann, der kann sich auch nicht satt lecken.",
Nüms maakt datt beters.,Niemand macht es besser.,
Datt huer is Japan.,Das hier ist Japan.,
Huer is diene Hund. Woneem is miene?,Hier ist dein Hund. Wo ist meiner?,
Vonavend lees ik en Book.,Heute Abend werde ich ein Buch lesen.,
He deed Melk in siene Kaffee.,Er nimmt Milch in den Kaffee.,
Ik wull em wat fragen.,Ich will ihn etwas fragen.,
He duuscht.,Er duscht gerade.,
"En Born is en Oort, an den een Woter kregen kan.","Ein Brunnen ist ein Ort, an dem man Wasser bekommen kann.",
Daak trecken övers ’t Land.,Nebel zieht über das Land.,
Jemehr Flagg het mihr Klören.,Ihre Flagge ist mehrfarbig.,
Löppst du elk Dag?,Läufst du jeden Tag?,
He hätt altied en blau Hemd an.,Er hat immer ein blaues Hemd an.,
Se hebbt mi üm Middernacht anropen.,Sie haben mich um Mitternacht angerufen.,
Wannehr büs du ankamen?,Wann bist du angekommen?,
"As ik lütt wees, harrn ik en Goldhamster.","Als ich klein war, hatte ich einen Goldhamster.",
"Wi weet, datt Tom datt ich doot het.","Wir wissen, dass Tom das nicht getan hat.",
Ik wull in New York wahnen.,Ich möchte in New York wohnen.,
Do man noch en bäten Melk in miene Tee.,Gib bitte noch ein bisschen mehr Milch in meinen Tee.,
Mien Süster fohrt elk Joht na de Karpaten.,Meine Schwester fährt jedes Jahr in die Karpaten.,
Datt kan he nech daan hebben.,Das kann er nicht getan haben.,
Drink nicht soveel Bier.,Trinke nicht so viel Bier.,
Kunnst du ehr ünnerscheden von ehr Süster?,Kannst du sie von ihrer Schwester unterscheiden?,
Lat mi starvt.,Lass mich sterben.,
Miene Papa see nee.,Mein Papa sagte nein.,
"Perfesser Reinhard Selten, Nobelpriesdreger for Ökonomie, hätt seggt, Esperanto is goot för den Bregen.","Prof. Reinhard Selten, Nobelpreisträger für Wirtschaft, sagte: Esperanto ist gut fürs Gehirn.",
Kickt se na uns?,Schauen sie nach uns?,
"Mak datt, as di datt dücht.","Mach es, wie es dir gefällt.",
’Keene singt dit Leeg?,Wer singt dieses Lied?,
"Sam, wat böst du an't Doot?","Samuel, was tust du gerade?",
"Sam, wat bünt du an't Doot?","Samuel, was machst du gerade?",
Tom un Rias slaapt baven.,Tom und Maria schlafen oben.,
De Katte is weglopen.,Die Katze ist weggelaufen.,
Plaanst du na ’t Butenland to gohn?,Planst du ins Ausland zu gehen?,
Ik heff datt för ähr schreven.,Ich habe das für sie geschrieben.,
"Harrn ik siene Anschrift wüsst, harrn ik em schräven.","Hätte ich seine Anschrift gewusst, hätte ich ihm geschrieben.",
"Rias will ich, datt Tom se so sütt.",Maria wollte von Tom nicht so gesehen werden.,
De Ammel wees vull mit Woter.,Der Eimer war voll mit Wasser.,
Datt regen den ganze Dag sacht.,Es regnete ganz leise den ganzen Tag.,
Appeldwatschen Kraam.,Quatsch.,
De Mood von vüör dörtig Joht is wedder Mood worrn.,Die Mode von vor dreißig Jahren ist erneut in Mode gekommen.,
Jüst datt heff ik brukt.,Gerade das habe ich gebraucht.,
Miene Huus het brent.,Mein Haus brannte.,
De Ünnerricht hört in ’n Juni op.,Der Unterricht endet im Juni.,
Wullt du en Tass Melk?,Möchtest du eine Tasse Milch?,
He güng op ’n Bahnstieg op un dal.,Er ging auf dem Bahnsteig auf und ab.,
"Allen, wat du doot musst, is schrievt.","Alles, was du tun musst, ist schreiben.",
Ik kan so wat nech moken.,Ich kann so etwas nicht machen.,
Ik bün al in Sapporo wäsen.,Ich bin schon mal in Sapporo gewesen.,
Lincoln Park is en Naverschop in ’ Noorden von Chicago.,Lincoln Park ist ein Stadtviertel im Norden Chicagos.,
Weer still odder du flüggst rut.,Ruhe oder du fliegst raus.,
Vüör en poor Sekunnen hätt een den 111.111. Satz in Esperanto schräven.,Vor ein paar Sekunden hat jemand den 111111. Satz in Esperanto geschrieben.,
Vüör en poor Sekunnen het een den 111.111. Satz in Esperanto schräven.,Vor ein paar Sekunden hat einer den hundertelftausendeinhundertelften Satz in Esperanto geschrieben.,
Waorüm lücht de Maand in ’e Nacht?,Wieso scheint der Mond in der Nacht?,
Ik heff Tom leif un kan em togliek nicht lieden.,Ich liebe Tom und hasse ihn zugleich.,
Ik heff Tom leif un kan em togliek ich lieden.,Ich habe Tom lieb und kann ihn gleichzeitig nicht leiden.,
Wat schall ik eten?,Was soll ich essen?,
Wat gest du dor ünnen maakt?,Was hast du da unten gemacht?,
Du kümmst Klock söss op?,Du stehst um sechs Uhr auf?,
Legg datt Kootenspeel op ’n Ekendisch.,Lege das Kartenspiel auf den Eichentisch.,
He smitt met de Wust naon Schinken.,Er wirft mit der Wurst nach dem Schinken.,
He smitt met de Wust naon Schinken.,Er geht aufs Ganze.,
"Ook wenn alle mitmaakt, ik nech.","Auch wenn alle mitmachen, ich nicht.",
Waorüm hess du lagen?,Warum hast du gelogen?,
Ik heff nix to verlesen.,Ich habe nichts zu verlieren.,
Gest du den Tower of London besökt?,Hast du den Tower von London besucht?,
Büs du wöterig?,Bist du wütend?,
He hätt keene Frünn.,Er hat keine Freunde.,
He het en Roos in’e Hand.,Er hat eine Rose in der Hand.,
Düsse Kleder sünd ut 100% Will.,Diese Kleider sind aus 100 % Wolle.,
He is krank.,Er ist krank.,
Wat hätt he di daan?,Was hat er dir getan?,
Tom het nicht veele Boorgeld dorbi.,Tom hat nicht viel Bargeld dabei.,
Datt Läven is to kott üm sick to argert.,"Das Leben ist zu kurz, um sich zu ärgern.",
Se liggt op ’n Disch.,Sie liegen auf dem Tisch.,
Wat maakst du na de School?,Was machst du nach der Schule?,
"Un ik weet, datt du datt ich för mi daan hess.","Und ich weiß, dass du es nicht für mich getan hast.",
Jane is lange still bleven.,Jane blieb lange still.,
Ik heff datt in ’t Radio hört.,Ich habe das im Radio gehört.,
He is vüör een Stünn gohn.,Er ist vor einer Stunde gegangen.,
Woneem wohnt Iain?,Wo wohnt Iain?,
Gode Dag. Böst du Jackie Scott?,Guten Tag. Bist du Jackie Scott?,
Nüms unn düsse Opgaav lösen.,Keiner konnte diese Aufgabe lösen.,
Kiek di düssen hoge Barg an.,Schaue dir diesen hohen Berg an.,
Du musst Klock söss opstahn.,Du musst um sechs aufstehen.,
Reist ji veele?,Reist ihr viel?,
Wat du seggst is wohr.,Was du sagst ist wahr.,
Duuk di!,Ducke dich!,
In ’n Februar is he söventeihn worrn.,Im Februar ist er siebzehn geworden.,
"Datt is nech jümmerto licht, Japaner un Chinesen uteneentohollen.","Es ist nicht immer einfach, Japaner und Chinesen zu unterscheiden.",
Tom is 2009 dootbleven.,Tom starb 2009.,
He hätt mi nix to äten gäven.,Er hat mir nichts zu essen gegeben.,
Se het mi düsse CD gäven.,Sie gab mir diese CD.,
Ik heff miene Brill verlorene.,Ich habe meine Brille verloren.,
"As wi ut ’n Golf von Otranto fohren, wören wi dörtig Mann; man as wi in Cadiz ankemen woren wi mit tein.",Als wir aus dem Golf von Otranto fuhren waren wir dreißig Mann; aber als wir in Cadiz ankamen waren wir zu zehnt.,
De Böker sünd mien besten Frünn.,Die Bücher sind meine besten Freunde.,
"Wenn de Katz muust, maut se nicht.","Wenn die Katze maust, miaut sie nicht.",
Se hätt mi en Geschenk gäven.,Sie gab mir ein Geschenk.,
Wat wees los?,Was war los?,
"Tom is na Boston fohrt, üm sick mit en Fründ to drepen.","Tom ist nach Boston gefahren, um sich mit einem Freund zu treffen.",
Ik snack en bäten Diutsch.,Ich spreche ein bisschen Deutsch.,
De Eerd is lütte as de Sünn.,Die Erde ist kleiner als die Sonne.,
Ik mag de School ich.,Ich mag die Schule nicht.,
Dor is wenig Woter in ’t Glas.,Es ist wenig Wasser in dem Glas.,
He leeg sick in ’t Bedde.,Er legte sich ins Bett.,
He deed datt Glas mit Wien vullschenken.,Er füllte das Glas mit Wein.,
Sünd ji mit dissen Ideen inverstahn?,Seid ihr mit diesen Ideen einverstanden?,
He reist gern mit ’n Fleger na ’t Butenland.,Er reist gerne mit dem Flugzeug ins Ausland.,
"Bill schall wol winnen, nech wohr?","Bill wird wohl gewinnen, nicht wahr?",
Ik rönn so hart as ik kan üm em intohalen.,"Ich renne, so schnell ich kann, um ihn einzuholen.",
Woveel Kinners gest du?,Wie viele Kinder hast du?,
Sünd ji al mal in ’t Utland wäsen?,Wart ihr schon mal im Ausland?,
Datt is al meist halvig twölv.,Es ist fast halb zwölf.,
Dröff ik mit di danzen?,Darf ich mit dir tanzen?,
He het opgeven.,Er gab auf.,
Wao is din Huus?,Wo ist dein Haus?,
Allen appeldwatschen Kraam!,Alles alberner Kram!,
He häw twee Döchter.,Er hat zwei Töchter.,
Ik bün kläuker as du.,Ich bin klüger als du.,
Datt denkt nüms.,Das denkt niemand.,
Wat denkst du övers düsse Saak?,Was denkst du über diese Angelegenheit?,
He hätt tonahmen.,Er hat zugenommen.,
En wunners kan ehr nu man noch redden.,Nur noch ein Wunder kann sie jetzt retten.,
De Heven is vull mit Steerns.,Der Himmel ist voller Sterne.,
Ik heff datt kofft.,Ich habe es gekauft.,
Hol ut!,Harre aus!,
Wo lange kinnt wi us al?,Wie lange kennen wir uns schon?,
Harrst du em kinnt! Dunn wees datt anners komen un datt deed beters üm em staht.,"Hättest du ihn gekannt! Dann wäre es anders gekommen, und es täte besser um ihn stehen.",
Lat mi dor rut!,Lass mich aus dem Spiel!,
Ik tööv ungedüllig op dit Wekenenn.,Ich warte ungeduldig auf dieses Wochenende.,
Op ’n Weg na Huus drööp ik opmaal en Hund.,Auf dem Heimweg traf ich plötzlich einen Hund.,
"Roop mi an, wenn du em dropen hess.","Ruf mich an, sobald du ihn getroffen hast.",
Huer sünd wi!,Hier sind wir!,
Wi sünd huer.,Wir sind hier.,
De Klock sleiht veer.,Die Turmuhr schlägt vier.,
Tom is nicht bange vüör Hunnen.,Tom hat keine Angst vor Hunden.,
"Du kunnst allen äten, wat du wullt.","Du kannst alles essen, was du willst.",
"Wat hest du seggt? ""Nix heff ik seggt.""",„Was hast du gesagt?“ – „Ich habe nichts gesagt.“,
"Ik weet ich, wat ik nu doot schall.","Ich weiß nicht, was ich nun tun soll.",
Miene Mann leest jümmerto in ’t Bedde.,Mein Mann liest immer im Bett.,
De Dokter het miene Bregen ünnersocht.,Der Arzt untersuchte mein Gehirn.,
Ik wasch mi vüör ’t Middagtied de Hannen.,Ich wasche mir vor dem Mittagessen die Hände.,
Sünd Tom un Rias al huer wesen?,Sind Tom und Maria schon hier gewesen?,
De Lehrer hätt mi datt längste Kapittels todeelt.,Der Lehrer hat mir das längste Kapitel zugeteilt.,
Männigmaal kan he en snaakschen Jund wäsen.,Manchmal kann er ein seltsamer Junge sein.,
Helgoland liggt in de Düütschen Bucht.,Helgoland liegt in der Deutschen Bucht.,
Hess du afnahmen?,Hast du abgenommen?,
Datt is ieskoold.,Es ist eiskalt.,
Datt Museum liggt gliek üm ’e Eck.,Das Museum liegt gleich um die Ecke.,
Gest du goden Narichten?,Hast du gute Neuigkeiten?,
Hess du goden Narichten?,Hast du gute Nachrichten?,
In ’n Harvst trecken veele Vogels na Süden.,Im Herbst ziehen viele Vögel in den Süden.,
"Se wull nech, datt he Poker speelt.","Sie will nicht, dass er pokert.",
"Se wull nicht, datt he Poker speelt.","Sie will nicht, dass er am Pokern teilnimmt.",
Ik heff keene brede Huffen.,Ich habe keine breiten Hüften.,
He deed opmaal loospruuschen.,Er brach in Gelächter aus.,
Kenji speelt Tennis.,Kenji spielt Tennis.,
"Ik unn jüstso goods datt Geld to ’t Finsters rutsmieten, as em datt to gäven.","Ich könnte genauso gut das Geld zum Fenster rauswerfen, als es ihm zu geben.",
Datt köönt wi moken.,Das können wir machen.,
En Müür geit üm de Ooldstad.,Eine Mauer umgibt die Altstadt.,
De Aap keem raf.,Der Affe kam herunter.,
Du bünt to fröh komen.,Du bist zu früh gekommen.,
Gah beters na ’n Dokter.,Gehe besser zum Arzt.,
Düsse Droom schall wohr warrt.,Dieser Traum wird wahr werden.,
Düsse Bangbüxen sünd gliek utknepen.,Diese Angsthasen haben sich gleich aus dem Staub gemacht.,
"Waorüm künnt Se em ich seggen, datt Se em leefhefft?","Warum können Sie ihm nicht sagen, dass Sie ihn lieben?",
De Hund is nech in’n Goorn.,Der Hund ist nicht im Garten.,
Gah af!,Hau ab!,
"Tom schert sick dor nicht üm, wat de Lüdd vun Maria seggt.","Tom kümmert sich nicht darum, was die Leute von Maria sagen.",
"Du gest jümmerto seggt, datt du Lehrer warrt wullt.","Du sagtest immer, du wollest Lehrer werden.",
He utsnackt ook Fransch.,Er spricht auch Französisch.,
Ik wull ehr ich wehdoon.,Ich will ihr nicht weh tun.,
"He unn nech komen, ümdat he krank was.","Er konnte nicht kommen, weil er krank war.",
Wi sünd na Middernacht opstahn.,Wir sind nach Mitternacht aufgestanden.,
Se hebbt God dankt.,Sie haben Gott gedankt.,
"Ik fraag mi, wat de Klock seggt.","Ich frage mich, wie spät es ist.",
Wat hess du Tom seggt?,Was hast du Tom gesagt?,
Ik höör Stimmen in miene Kopp.,Ich höre Stimmen in meinem Kopf.,
"Ik heff en Hamer un bün dor nicht bange vüör, em to bruken!","Ich habe einen Hammer und ich habe keine Angst davor, Gebrauch von ihm zu machen!",
Ik heff den Sommer bi miene Unkels verbröcht.,Ich habe den Sommer bei meinem Onkel verbracht.,
Pandas levt in ’n Bambusbusch.,Pandas leben im Bambusgebüsch.,
Ik snack en bäten Spaansche.,Ich spreche ein wenig Spanisch.,
"Ik hööp, du gest en goden Exküüs.","Ich hoffe, du hast eine gute Ausrede.",
Ik toog mi an.,Ich zog mich an.,
Ik toog mi an.,Ich habe mich angezogen.,
Ik bün Schandarm.,Ich bin von Beruf Polizist.,
Ik bün Schandarm.,Ich bin Polizist.,
Ik heff jüst miene Waterbuddel övers miene Reekner utschüddt.,Ich habe gerade meine Wasserflasche über meinen Computer verschüttet.,
De Schuuv von ’n Schrievdisch is apen.,Die Schublade des Schreibtischs ist offen.,
Se het ehr Kinners verloten.,Sie hat ihre Kinder verlassen.,
He hätt Vehtucht lihrt.,Er lernte Viehzüchtung.,
He het Vehtucht lihrt.,Er lernte Viehzucht.,
"Ik kan datt Tom ich verdenken, datt he mi nech afkann.","Ich kann es Tom nicht verdenken, dass er mich hasst.",
He hätt an ’n Bahnhoff ans nüms sehen.,Er hat am Bahnhof niemanden sonst gesehen.,
Wi leevt in Freden.,Wir leben in Frieden.,
"Ik harrn nienich dach, datt ik em huer sehen schull.","Niemals habe ich erwartet, dass ich ihn hier sehen würde.",
"Wi hopet, datt de Hallebotts ümmer we’er tau üsch komet.","Wir hoffen, dass die Störche immer wieder zu uns kommen.",
Hess du diene Föhrerschien?,Hast du deinen Führerschein?,
John het 200 Arbeiders anstellt.,John beschäftigt 200 Arbeiter.,
Ik heff ehr in Frankriek kennenlihrt.,Ich habe sie in Frankreich kennengelernt.,
Wi hebbt jüst övers di utsnackt.,Wir haben gerade über dich gesprochen.,
Deed di datt gefallen to freen un Kinners to hebben?,"Würde es dir gefallen, zu heiraten und Kinder zu haben?",
Wo kinnt ji jo von?,Von wo kennt ihr euch?,
Wo kinnt ji jo von?,Woher kennt ihr euch?,
Waorüm is he füünsch?,Warum ist er wütend?,
De Riesoorn is al inföhrt.,Die Reisernte ist schon eingebracht.,
De Riesoorn is al inföhrt.,Die Reisernte ist eingefahren.,
Se köönt süngen.,Sie können singen.,
He gneiset aos en Daiw en Peerstalle.,Er grinst wie ein Dieb im Pferdestall.,
Wat gest du mit miene Kugelschriever maakt?,Was hast du mit meinem Kugelschreiber gemacht?,
Miene Kneen blödd.,Mein Knie blutet.,
De Kolibri is de lüttste Vågel op de Welt.,Der Kolibri ist der kleinste Vogel der Welt.,
Ik heff keene Geld.,Ich habe kein Geld.,
De Junge itt Broot.,Der Junge isst Brot.,
"Rias reep Tom an, aver he will nicht mit ehr kören.","Maria rief Tom an, doch er wollte nicht mit ihr reden.",
"De Hund is bruun, lütt un dünn.","Der Hund ist braun, klein und dünn.",
Villicht heff ik den Bahnhoff verslapen.,Möglicherweise habe ich den Bahnhof verschlafen.,
"Wettst du, ’keene sien Schrift datt is?","Weißt du, wessen Schrift das ist?",
Ik sta jüst buten de Kerk.,Ich stehe gerade außerhalb von der Kirche.,
De Fohrrääd in Peking hebbt alle Nummernschiller.,Die Fahrräder in Peking haben alle Nummernschilder.,
Waorüm wull Tom Rias ich helpen?,Warum will Tom Maria nicht helfen?,
Ahn datt Licht von de Sünn kunnen wi nix sehen.,Ohne das Sonnenlicht können wir nichts sehen.,
He hätt veele Geld togäven.,Er schoss viel Geld zu.,
De Boom is ümfullen.,Der Baum ist umgefallen.,
"Papa, kööp mi en Vuvuzela!","Papa, kaufe mir eine Vuvuzela!",
Ik mook toveel Tippfehlers.,Ich mache zu viele Tippfehler.,
Ohneeohnee! Ik heff de Autoslötel verlorene.,Du meine Güte! Ich habe die Autoschlüssel verloren.,
Rias wees miene Fründin.,Maria war meine Freundin.,
Ehr Fründ is ut Ceará.,Ihr Freund ist aus Ceará.,
De Laden is ’n ganzen Dag apen.,Der Laden ist den ganzen Tag offen.,
De Laden is ’n ganzen Dag apen.,Das Geschäft hat den ganzen Tag geöffnet.,
Datt kan elkeen mallören.,Es kann jedem passieren.,
"Wi mööt rutfinnen, of Tom Fransch snacken kan.","Wir müssen herausfinden, ob Tom Französisch sprechen kann.",
Se warrn tokamen Joht 17.,Sie wird 17 nächstes Jahr.,
Is de Arbeit daan?,Ist die Arbeit getan?,
Wat för en Grött driggst du?,Welche Größe trägst du?,
Du sühst mööd ut. Du schullst di en bäten utrohn.,Du siehst müde aus. Du solltest dich ein bisschen ausruhen.,
Se hört op em.,Sie gehorcht ihm.,
En Imm flöög ut datt Finstern.,Eine Biene flog aus dem Fenster.,
Sien Frünnen hebbt em Ted nöömt.,Er wurde von seinen Freunden Ted genannt.,
Wat is diene leevst Steernteken?,Was ist dein liebstes Sternzeichen?,
Dit Schipp leggt in Hongkong an.,Dieses Schiff legt in Hongkong an.,
"Ik heff Tom opfeddert, Gitarr to speelen.","Ich forderte Tom auf, Gitarre zu spielen.",
"Ik weet nech, wo lat datt is.","Ich weiß nicht, wie spät es ist.",
Hebbt ji en Koorten?,Habt ihr eine Karte?,
De König het vertig Joht övers siene Volk regeert.,Der König hat vierzig Jahre sein Volk regiert.,
Alle Dören von datt Huus sünd dicht.,Alle Türen des Hauses sind geschlossen.,
"Na, dann bedanke ick mi ok.","Gut, dann bedanke ich mich auch.",
De Pohl hätt en Dörmeter von 100 Meter.,Der Teich hat einen Durchmesser von 100 Metern.,
Du musst vüör Klock tein trüggwesen.,Du musst vor zehn Uhr zurück sein.,
Ik snack keene Düütsk.,Ich spreche kein Deutsch.,
He socht Arbeit.,Er sucht Arbeit.,
Ik bün in ’n Huus.,Ich bin im Haus.,
Ick frei mi mit datt Wederk!,Ich freue mich über das Wetter!,
"Wo kunnst du datt wogen, so to snacken?","Wie kannst du es wagen, so zu reden?",
Du bruukst nicht na ’n Tähndokter gohn.,Du brauchst nicht zum Zahnarzt gehen.,
Hess du en Websteed?,Hast du eine Website?,
Ik deed giern mit Kreditkoort betahlen.,Ich möchte gern per Kreditkarte zahlen.,
Dröff ik gohn?,Darf ich gehen?,
"Du kunnst ich verwacht, datt he de Geschicht kinnt, du sühst doch, datt he ehr noch nech leest het.","Wie kannst du erwarten, dass er die Geschichte kennt, wo er sie doch gar nicht gelesen hat?",
Wat gest du mit miene Brill maakt?,Was hast du mit meiner Brille gemacht?,
Du schallst gau gesund warrt.,Du wirst schnell gesund werden.,
"Wat vörbi is, is vörbi.","Was vorbei ist, ist vorbei.",
Ik bün vüör nix bange.,Ich fürchte mich vor nichts.,
Is datt Geschenk von Laura?,Ist das Geschenk von Laura?,
"Ik heff dach, du müchst mi nicht lieden.","Ich dachte, du möchtest mich nicht leiden.",
Du kunnst nu na Huus gohn.,Du kannst jetzt nach Hause gehen.,
"Passt op, wat ji doon!","Passt auf, was ihr tut!",
Ik wees dor faken.,Ich war oft da.,
In de Supp fehlt noch en bäten Solt.,In dieser Suppe fehlt noch ein wenig Salz.,
Woneem is datt Daagbladd?,Wo ist die Zeitung?,
Bambus böögt sick in ’n Wind.,Bambus biegt sich im Wind.,
Seep hölpt gägen den Dreck.,Seife hilft gegen den Schmutz.,
Ik bün gern mit di tohoop.,Ich bin gerne mit dir zusammen.,
Ik mag Katten.,Ich mag Katzen.,
Waorüm sünd ji so trurig?,Warum seid ihr denn so traurig?,
Düsse Insel hätt in ’t 19. Johrhunnerd to Frankriek hört.,Diese Insel gehörte im 19. Jahrhundert zu Frankreich.,
Ji arbeden toveel.,Ihr arbeitet zu viel.,
"Ik heff mi jüst fraagt, wat för Spraken ji snacken köönt.","Ich fragte mich gerade, welche Sprachen Sie sprechen können.",
Jo. De Luft is teemlich fuchtig.,Ja. Die Luft ist sehr feucht.,
Se het dröög Hoor.,Sie hat trockene Haare.,
Ik wull di en Geheemnis verraden.,Ich werde dir ein Geheimnis verraten.,
He hätt mihr Geld as he bruken kan.,Er hat mehr Geld als notwendig.,
Ik söök Arbeit.,Ich suche Arbeit.,
Du kunnst miene Wöörbook bruken.,Du kannst mein Wörterbuch benutzen.,
Seep het de spezielle Egenschop Dreck wegtomaken.,"Seife hat die spezielle Eigenschaft, Schmutz zu entfernen.",
Wis mi noch en annere Kamera.,Zeige mir noch eine andere Kamera.,
De Spraakkenner kinnt Esperanto faken för Spaansche.,Die Spracherkennung hält Esperanto oft für Spanisch.,
He drinken siene Kaffee jümmerto swarte.,Er trinkt seinen Kaffee immer schwarz.,
He drinken siene Kaffee jümmerto swarte.,Er trinkt seinen Kaffee immer ohne Milch oder Sahne.,
Wi köönt nix moken.,Wir können nichts machen.,
De Bodden lett natte.,Der Boden scheint nass zu sein.,
He keem twe Stunnen later trügg.,Er kam zwei Stunden später zurück.,
Wo lange sniet datt al?,Wie lange schneit es schon?,
"Ik fraag mi, ’keene datt rutfunnwn hätt.","Ich frage mich, wer das erfunden hat.",
"Se het versöch, ehr sülvens ümtobringen.","Sie versuchte, sich umzubringen.",
"Se hätt versocht, ehr sülvens ümtobringen.","Sie hat versucht, sich selbst umzubringen.",
Tööv op mi vüör datt Huus von miene Groot-Grootkind.,Erwarte mich vor dem Hause meines Urenkels.,
Ik heff en dröög Slunk.,Ich habe eine trockene Kehle.,
Mak to!,Beeil dich!,
Mak to!,Mach hin!,
Mak to!,Mach zu!,
"Wettst du, woneem he levt?","Weißt du, wo er lebt?",
Se het em en Noricht tostüürt.,Sie hat ihm eine Nachricht gesandt.,
Ik bün dor jüst bi en Book to schrievt.,Ich bin gerade dabei ein Buch zu schreiben.,
Ik heff Woter in ’n Ammel gaten.,Ich goss Wasser in den Eimer.,
Ji seht liek ut.,Ihr seht gleich aus.,
He is duune un en bäten anschaten.,Er ist betrunken und etwas angeheitert.,
"Se wull datt, aver brukt datt ich.","Sie will es, aber braucht es nicht.",
De Ogen sünd gröttern as de Mund.,Die Augen sind größer als der Mund.,
Datt Middagete steiht op ’n Disch.,Das Mittagessen steht auf dem Tisch.,
Se drinken Tee in ’e Stuuv.,Sie trinken Tee im Wohnzimmer.,
Se hätt datt Book nech leest.,Sie hat das Buch nicht gelesen.,
Wi hebbt datt Läven na uns egen Bild schapen.,Wir haben das Leben nach unserem eigenen Abbild erschaffen.,
"In Singapur musst du en Bröök betahlen, wenn du Affall op de Straat smittst.","In Singapur musst du eine Geldstrafe bezahlen, wenn du Abfall auf die Straße wirfst.",
Ik warr tokamen Joht söventeihn.,Ich werde nächstes Jahr siebzehn.,
Is datt echt?,Ist das echt?,
Ik bün Student.,Ich bin Student.,
Ik leet de Katte in mien Komer.,Ich ließ die Katze in mein Zimmer.,
Datt wees an ’n eersten Mai.,Das war an einem ersten Mai.,
Datt is miene Fots.,Das ist meine Muschi.,
Wi sünd vörigen Sommer op ’n Fuji instegen.,Wir sind vorigen Sommer auf den Fuji gestiegen.,
"Wenn diene Tähn kellt, dunn schußt du na ’n Tähndokter gohn.","Wenn dein Zahn wehtut, solltest du zum Zahnarzt gehen.",
He schüffelt sick siene egen Graff.,Er schaufelt sich sein eigenes Grab.,
Inge het en dicken Pöter.,Inge hat einen dicken Hintern.,
Düsse Pohl is drie Meter deep.,Dieser Teich ist drei Meter tief.,
Datt Slott is op de anneren Siet von ’n Stroom.,Das Schloss ist auf der anderen Seite des Flusses.,
Uns Volk dörst na Unafhängigkeit.,Unser Volk dürstet nach Unabhängigkeit.,
Füll Woter in de Blomenvaas.,Füll Wasser in die Blumenvase.,
"Du kunnst miene Schrievmaschien bruken, wenn du wullt.","Du kannst meine Schreibmaschine benutzen, wenn du möchtest.",
Wo lat is datt nu in London?,Wie spät ist es jetzt in London?,
Melk warrn licht suur.,Milch wird leicht sauer.,
De Fischen anfangt datt rüken bi ’n Kopp an.,Der Fisch stinkt zuerst am Kopf.,
He utsnackt würklich goods.,Er spricht wirklich gut.,
Höör op diene Hart!,Höre auf dein Herz!,
Wat hätt Tom mit de Saak to doot?,Was hat Tom mit der Sache zu tun?,
He will partu en annern Speel speelen.,"Er beharrte darauf, ein anderes Spiel zu spielen.",
Tom bunn sick den Pullover üm’e Talje.,Tom band sich den Pullover um die Taille.,
De Zitronen sünd suur.,Die Zitronen sind sauer.,
Di wull ik ook noch kregen.,Dich werde ich auch noch bekommen.,
Ik wis di en poor Biller.,Ich zeige dir mal ein paar Bilder.,
Wannehr is disse Boom plant worrn?,Wann wurde dieser Baum gepflanzt?,
Wokeen kan för Malheur?,Kann jemand etwas für das Pech?,
Ik deed di so giern sehen.,Ich würde dich so gerne sehen.,
Roop mi nicht so lat an ’n Ovend an.,Ruft mich nicht so spät am Abend an.,
Düsse School het 1650 apen maakt.,Diese Schule wurde 1650 eröffnet.,
He is en Sturrkopp.,Er ist ein Dickschädel.,
"Wenn de Keks ich so dulle verbrennen wäsen wören, harr villicht en poor Lüdd jem äten.","Wenn die Kekse nicht gar so verbrannt gewesen wären, hätten sie vielleicht ein paar Leute gegessen.",
He hätt miene Kusine freet.,Er hat meine Cousine geheiratet.,
Lat de Kinners nech op de Straat speelen.,Lasse die Kinder nicht auf der Straße spielen.,
Woans kan ik em loostowarrn?,Wie kann ich ihn loswerden?,
"Düsse Tofel is nicht swarte, man gröön.","Diese Tafel ist nicht schwarz, sondern grün.",
He deed siene Speelkraam ünner datt Bedde versteken.,Er versteckte seine Spielsachen unter dem Bett.,
"Ik kan di en bäten Geld utlehnen, wenn du datt bruukst.","Ich kann dir etwas Geld leihen, wenn du es brauchst.",
Se hebbt ehr den Kopp raseert.,Man rasierte ihr den Kopf.,
Datt wull ik ich weten.,Das will ich nicht wissen.,
He füng datt Süngen an.,Er fing an zu singen.,
Se het en Bloom in ’e Hand.,Sie hat eine Blume in der Hand.,
Datt is allen witt.,Es ist alles weiß.,
De Bläder von ’n Eukalyptus sünd dünn un lange.,Die Blätter des Eukalyptus sind dünn und lang.,
De Präsidenten von de USA is jüst in Japan.,Der Präsident der USA ist gerade in Japan.,
Peerschen smeckt sööt.,Pfirsiche schmecken süß.,
Wo hess du op henwiest?,Worauf hast du hingewiesen?,
De Summ von de Winkels von en Dreeeck is 180 Graad.,Die Summe der Winkel eines Dreiecks ist 180 Grad.,
Kan ik den Koken äten?,Kann ich den Kuchen essen?,
Ik wull di datt Book gäven.,Ich werde dir ein Buch geben.,
"He hätt mi to datt maakt, wat ik bün.","Er hat mich zu dem gemacht, was ich bin.",
Ik heff em 5 Dollar betohlt.,Ich bezahlte ihm 5 Dollar.,
Ik heff em 5 Dollar betohlt.,Ich zahlte ihm fünf Dollar.,
Ik gah nu in ’n Park.,Ich gehe jetzt in den Park.,
De eerste Fleger flöög 1903 twölv Sekunnen.,Das erste Flugzeug flog 1903 zwölf Sekunden lang.,
"Taro, datt Äten is trech.","Tarō, das Essen ist fertig.",
"Datt is fein Wederk, ich?","Es ist schönes Wetter, nicht wahr?",
Wi hebbt twe Joht lange Chineesche lihrt.,Wir haben zwei Jahre lang Chinesisch gelernt.,
Wasch diene Fööt.,Wasche deine Füße.,
Wasch diene Fööt.,Wasch deine Füße.,
In ’n Winter barst uns Lippen.,Im Winter springen uns die Lippen auf.,
Ik kan di nicht mihr vertellen. Ik heff al toveel seggt.,Ich kann dir nicht mehr erzählen. Ich habe schon zu viel gesagt.,
Ik speel lever Tennis as Baseball.,Ich spiele lieber Tennis als Baseball.,
Ik leev in de Verenigte Staten.,Ich lebe in den Vereinigten Staaten.,
"Wat schehn is, is schehn.","Was geschehen ist, ist geschehen.",
Mi steiht datt Woter bet an ’n Hals.,Mir steht das Wasser bis zum Hals.,
Woneem wohnt diene Opa?,Wo wohnt dein Opa?,
Spaansche is ehr Moddersprook.,Spanisch ist ihre Muttersprache.,
"Ik weet noch ich, wat ik na Japan flegen schall odder nech.","Ich bin unentschlossen, ob ich nach Japan fliegen soll oder nicht.",
"Ik dä mi wunnern, wenn Tom un Rias heiroden dæn.","Es würde mich überraschen, wenn Tom und Maria heirateten.",
Se schullt sick dor an wennen.,Sie werden sich daran gewöhnen.,
Datt warrn jeden Dag jümmerto köler.,Es wird Tag für Tag immer kälter.,
Du gest datt överdreven.,Da hast du übertrieben.,
Du hess datt överdreven.,Das hast du übertrieben.,
Du gest datt överdreven.,Da hast du des Guten zu viel getan.,
Ik heff ehr op ’n eersten Blick kinnt.,Ich erkannte sie auf den ersten Blick.,
"Datt is goor nicht roor, länger as negentig Joht to läven.","Es ist überhaupt nicht selten, länger als neunzig Jahre zu leben.",
Noch is de Sommer ich toenn!,Noch ist der Sommer nicht zu Ende!,
Woveel Lüüd sünd op datt Schipp?,Wie viele Menschen sind an Bord des Schiffs?,
"He ween jümmerto, wenn he duune is.","Er weint immer, wenn er betrunken ist.",
Wannehr fröhstücken ji?,Wann frühstückt ihr?,
Datt deed von Dag to Dag köler warrt.,Es wurde von Tag zu Tag kälter.,
Wo lange afkennst du Jack al?,Wie lange kennst du schon Jack?,
Siene lütten Süster is fickbor.,Seine kleine Schwester ist fickbar.,
’Keene siene Dochter is Julia?,Wessen Tochter ist Julia?,
"Ik kaam, wenn datt nödig is.","Ich werde kommen, falls nötig.",
De Snieder deed de Stoffstücken mit Nadeln tohoopsteken.,Der Schneider steckte die Stoffstücke mit Nadeln zusammen.,
De Winter is vörbi und datt Vörjohr is dor.,"Der Winter ist vorbei, und der Frühling ist gekommen.",
Wi brukt en Verdrag.,Wir brauchen einen Vertrag.,
De Premierminister füll in de Donau un versööp.,Der Premierminister fiel in die Donau und ertrank.,
Wi möögt uns Navers nech un se möögt uns ook nicht.,Wir mögen unsere Nachbarn nicht und sie mögen uns auch nicht.,
Se het mi lange töven loten.,Sie hat mich lange warten lassen.,
He hätt sick siene Tung mit ’n hitten Tee verbrennen.,Er hat sich an dem heißen Tee die Zunge verbrüht.,
Ehr Fööt sünd smuddelig.,Ihre Füße sind schmutzig.,
Se slöpen in ’ne Schüün.,Sie schliefen in einer Scheune.,
Waorüm heet opmaal alle Lüdd Tom?,Wieso heißen plötzlich alle Tom?,
Ik drink elk Dag en Schaal Melk.,Ich trinke täglich eine Schale Milch.,
De Amazonas is en Stroom.,Der Amazonas ist ein Strom.,
De Amazonas is en Stroom.,Der Amazonas ist ein Fluss.,
"Wi wüllt in Tokyo wäsen, ehr datt düüster warrn.","Wir wollen in Tokio sein, bevor es dunkel wird.",
Ji sünd alle to gau.,Ihr seid alle zu schnell.,
De Disch is gröön.,Der Tisch ist grün.,
Wat för Länner hess du besökt?,Welche Länder hast du besucht?,
De Ünnereerdschen sünd goden Smeedlüüd.,Die Zwerge sind gute Schmiede.,
De Maand Feberwoor het man 28 Daag.,Der Monat Februar hat nur 28 Tage.,
De Grött von datt Universum is unvörstellbor.,Die Größe des Universums ist unvorstellbar.,
In de USA warr ik faken för en Chinesen hollen.,In den USA werde ich oft für einen Chinesen gehalten.,
Kan ik datt Fenster apenmaken?,Kann ich das Fenster öffnen?,
He seet blangen mi.,Er saß neben mir.,
Lehr!,Lerne!,
Köönt wi en Gavel hebben?,Könnten wir eine Gabel haben?,
Tom is de Fründ vun miene Söön.,Tom ist der Freund meines Sohnes.,
He will mi ich de Hand schüdden.,Er wollte mir nicht die Hand schütteln.,
Ween de Heven?,Weint der Himmel?,
"Datt Passwoord is ""Muiriel"".","Das Passwort ist ""Muiriel"".",
He hätt sick den Snappen in ’n Mau smeert.,Er hat sich den Rotz an den Ärmel geschmiert.,
"Ik heff dach, du wöörst to Huus un liehrst.","Ich dachte, du wärest zu Hause am Lernen.",
Ik deed gern üm de Welt seilen.,Ich würde gerne um die Welt segeln.,
Datt woter is miegewarm.,Das Wasser ist lauwarm.,
De Seed levert Woter för datt Dörpe.,Der See liefert Wasser für das Dorf.,
Wat is datt dor?,Was ist das da?,
"Toeerst harrn ik Maleschen, de Lüdd to verstaht, de to gau utsnackt hebbt.","Anfangs hatte ich Schwierigkeiten, Leute zu verstehen, die zu schnell sprachen.",
Gest du dissen Satz sülvst schräven?,Hast du diesen Satz selbst geschrieben?,
"Ik bün mi dösig vörkomen, as ik verseukt heff, Tom bi siene Huusopgaven to helpen.","Ich kam mir dumm vor, als ich versuchte, Tom bei seinen Hausaufgaben zu helfen.",
Veele Lüdd sünd na Amerika utwannert.,Zahlreiche Menschen wanderten nach Amerika aus.,
De Klocken von de Kerk lüüdt.,Die Kirchenglocken läuten.,
Hess du em in ’e Universitäät dropen?,Hast du ihn in der Universität getroffen?,
Schiet!,Scheiße!,
Schiet!,Mist!,
Ik eet jüst en Appel.,Ich esse gerade einen Apfel.,
Sühst du de Klock nech?,Siehst du die Uhr nicht?,
Tom bedüüdt mi nix.,Tom bedeutet mir nichts.,
He is ut Mangel an Suurstoff dootbleven.,Er starb aus Mangel an Sauerstoff.,
De Laden is datt ganze Joht lange apen.,Der Laden ist das ganze Jahr lang geöffnet.,
Hebbt ji dissen Satz sülvst schräven?,Haben Sie diesen Satz selbst geschrieben?,
Ik heff keene Geld in ’e Tasch.,Ich habe kein Geld in der Tasche.,
Düsse Schoh sünd to lütt.,Diese Schuhe sind zu klein.,
De Storm het en Boom ümsmeten.,Der Sturm hat einen Baum umgehauen.,
Tom wöör meud.,Tom war müde.,
Datt Kind hätt ’n Besöker en Bloom anbaden.,Das Kind bot dem Besucher eine Blume an.,
De Tall sichtbor Steerns is tæmlich groot.,Die Anzahl der sichtbaren Sterne ist sehr groß.,
Datt geit ierst halvig negen los.,Es fängt erst um 20:30 Uhr an.,
Uns School het drie Amerikaner as Uttuuschschölers opnahmen.,Unsere Schule hat drei Amerikaner als Austauschschüler aufgenommen.,
Se güngen Arm in Arm de Straat langs.,Sie gingen Arm in Arm die Straße entlang.,
"Huer is datt Book, na datt du sochst.","Hier ist das Buch, nach dem du suchst.",
Wi hebbt jümmerto noog to doot.,Wir haben immer genug zu tun.,
Von ’keene sünd düsse Biller?,Von wem sind diese Bilder?,
He harrn en witte Katz.,Er hatte eine weiße Katze.,
Ik wull na Huus.,Ich will nach Hause.,
"Wat geit di datt an, wat anneren Lüdd in jemehr Freetied maakt?","Was geht es dich an, was andere in ihrer Freizeit tun?",
In ’n Feberwoor slacht wi datt fette Swin.,Im Februar schlachten wir das fette Schwein.,
"De Hoot passt di nicht goods, de is to lütt.","Der Hut passt dir nicht gut, er ist zu klein.",
Wat hebbt ji mit mien Büx maakt?,Was habt ihr mit meiner Hose gemacht?,
He liggt op de Bänk.,Er liegt auf der Bank.,
Wi sünd an ’e Reeg mit Lachen.,Wir sind dran mit Lachen.,
"Se unn em ich övertügen, en Reed to hollen.","Sie konnte ihn nicht überzeugen, eine Rede zu halten.",
Ik heff ehr Cathy nöömt.,Ich nannte sie Cathy.,
An brune Koken un Klaven hört Kommuum.,In braune Kuchen und Stollen gehört Kardamom.,
"He is gohn un ik weet nech waorüm un ook nicht, wat he noch wedderkummt.","Er ist gegangen und ich weiß weder, warum, noch, ob er zurückkommen wird.",
Dorup kan ick ich mit di tostimmen.,Hier kann ich dir nicht zustimmen.,
Ik will ehr giern kennenlehren.,Ich würde sie gerne kennenlernen.,
"De Schoolmeester deed uns wohrschauen, datt de Test swor warrt schull.","Der Lehrer warnte uns, dass der Test schwer werden würde.",
Vörig Joht harrn he lange Hoor.,Voriges Jahr hatte er lange Haare.,
Du sühst krank ut.,Du siehst krank aus.,
"He wull, datt du huer blievst.","Er will, dass du hier bleibst.",
Ik bün na London afreist.,Ich bin nach London abgereist.,
Ik gah kuum in Bökereen.,Ich gehe selten in Büchereien.,
En Android is en Soort Roboter.,Ein Android ist eine Art Roboter.,
En Android is en Soort Roboter.,Ein Kunstmensch ist eine Art Roboter.,
Ik bün keene gode Satz-Utdenker.,Ich bin kein guter Satz-Ausdenker.,
Tom hätt Steen na diene Hund smäten.,Tom hat Steine nach deinem Hund geworfen.,
Ik heff twe Böker.,Ich habe zwei Bücher.,
’keene siene Fründ büs du?,Wessen Freund bist du?,
’keene siene Fründ böst du?,Wes Freund bist du?,
Datt wees so siene Snack.,Das war so seine Redensart.,
In ’n Köhlschapp is Kraanbeernsaft.,Im Kühlschrank ist Moosbeerensaft.,
Ööl un Woter mengt sick nech.,Öl und Wasser mischen sich nicht.,
He gefüll ehr von Anfang an.,Er gefiel ihr von Anfang an.,
Mudder is jüst inköpen gohn.,Mutter ist gerade Einkaufen gegangen.,
De Reinmakerfroo deed datt Gespreek ünnerbreken.,Die Putzfrau unterbrach das Gespräch.,
Ik wull mien Saken afhalen.,Ich möchte meine Sachen abholen.,
In ’t Café kriegt een Kaffee.,Im Café bekommt man Kaffee.,
Se hebbt al freet.,Sie haben schon geheiratet.,
Ehr Söön is vergangen Joht dootbleven.,Ihr Sohn starb vergangenes Jahr.,
Se is en Fründin von mi.,Sie ist eine Freundin von mir.,
Wi sünd buten Gefohr.,Wir sind außer Gefahr.,
Se mag korten Röck.,Sie mag kurze Röcke.,
Du bünt en boren Dichters.,Du bist ein geborener Dichter.,
Wat seggst du?,Was sagst du?,
He deed mi op ’n Vörkopp küssens.,Er küsste mich auf die Stirn.,
He het ehr mit slaten Ogen küsst.,Er küsste sie mit geschlossenen Augen.,
Ik weet datt.,Ich weiß das.,
"Wi verkööpt Teller ut Metall, ut Poppeer un ut Holt.","Wir verkaufen Teller aus Metall, aus Papier und aus Holz.",
Datt Licht geit nicht.,Das Licht funktioniert nicht.,
Ik bruuk nu nix.,Ich brauche jetzt nichts.,
Riek un armen Lüdd hebbt en annere Sicht op Saken.,Reiche und arme Menschen haben eine andere Sichtweise.,
Ehr Idee is beters as diene.,Ihre Idee ist besser als deine.,
Kan ik wat doot?,Kann ich irgendetwas tun?,
Dor steckt mihr rachter.,Da steckt mehr dahinter.,
Tom schenk Rias Blomen.,Tom schenkte Maria Blumen.,
Datt schullst du beters ich doot!,Das solltest du besser nicht tun!,
Ik drink nienich Tee mit Zitroon.,Ich trinke niemals Tee mit Zitrone.,
Twe plus twe is veer.,Zwei plus zwei ist vier.,
Ik heff en Droom.,Ich habe einen Traum.,
Astronomie hannelt von Steerns un Planet.,Astronomie handelt von Sternen und Planeten.,
"Vergitt nech, mi to schrievt!","Vergiss nicht, mir zu schreiben!",
Düsse Hoot kost üm un bi 50 Dollar.,Dieser Hut kostet um die 50 Dollar.,
Wi sünd Tom siene Söhns.,Wir sind Toms Söhne.,
Alle in ’t Dörpe kennen em.,Alle im Dorf kannten ihn.,
De Sood is dröögfullen.,Der Brunnen ist trockengefallen.,
De Autodöör geit nicht önnig to.,Die Autotüre geht nicht richtig zu.,
He harrn en goods Alibi.,Er hatte ein starkes Alibi.,
"Frünnen winnt een ich mit wohre, man mit bikamern Wöör.","Freunde gewinnt man nicht mit wahren, sondern mit schmeichelnden Worten.",
Se deed gau snacken.,Sie sprach schnell.,
Is datt ut Frankriek?,Ist das aus Frankreich?,
Miene Papa is jüst nech tohuus.,Mein Papa ist gerade nicht zu Hause.,
"Wi hebbt en Dochter, de mit en Franzoos verheirodt is.","Wir haben eine Tochter, die mit einem Franzosen verheiratet ist.",
Den eersten Pries hätt Janet wunnen.,Den ersten Preis gewann Janet.,
Siene Stimm hört sick na puren Sex an.,Seine Stimme klingt wie reiner Sex.,
Büs du vüör odder tegen uns Plaan?,Bist du für oder gegen unseren Plan?,
Ik heff jüst dit Book leest.,Ich habe gerade dieses Buch gelesen.,
In ’n Ünnerscheed to Eerdbeern smeckt Ananas ook ut de Doos.,Im Unterschied zu Erdbeeren schmeckt Ananas auch aus der Dose.,
Ik verstoh dor nicht veele von.,Ich verstehe nicht viel davon.,
Bill is miene besten Fründ.,Bill ist mein bester Freund.,
De Eerd dreiht sick in 365 Daag üm de Sünn.,Die Erde umrundet die Sonne in 365 Tagen.,
Poppeer warrn von Holt maakt.,Papier wird aus Holz hergestellt.,
Ik bün wichtig.,Ich bin wichtig.,
De Sommerfeern sünd vörbi.,Die Sommerferien sind vorbei.,
Ik nöhm mi en poor Daag free.,Ich nehme mir ein paar Tage frei.,
Ik nöhm mi en poor Daag free.,Ich nehme mir einige Tage frei.,
De Eerd besteiht ut Seed un Land.,Die Erde besteht aus Meer und Land.,
"Datt regen, aver se het keene Mantel an.","Es regnet, aber sie trägt keinen Mantel.",
Miene Rügg deit jümmerto noch weh.,Mein Rücken schmerzt immer noch.,
De Buer deed in ’n April Mest seihn.,Der Bauer breitet im April den Mist aus.,
Wat hätt se mit alle datt Geld maakt?,Was hat sie mit dem ganzen Geld gemacht?,
Wult ji en Köpken Kofi?,Möchten Sie eine Tasse Kaffee?,
Datt Bild lett mi an mien Kindheid denken.,Das Bild erinnert mich an meine Kindheit.,
De lütter Steern dor is de hellste.,Der kleine Stern da ist der hellste.,
Wat maakt joon Söön?,Was macht euer Sohn?,
He utsnackt gresige uckerwendsch.,Er spricht ein schreckliches Kauderwelsch.,
Wat för en Steernteken gest du?,Was bist du für ein Sternzeichen?,
Ik leev in Mailand.,Ich lebe in Mailand.,
Binn diene Schoh to.,Binde deinen Schuh zu.,
Exküsen bringen nix.,Entschuldigungen sind nutzlos.,
Ik harrn gern Appelsienensaft.,Ich hätte gerne einen Orangensaft.,
Wo hannelt datt Book von?,Wovon handelt das Buch?,
Kaam her.,Komm her!,
Kaam her!,Komm her!,
"Wi hebbt datt, wat wi bruken, ich kriegen.","Wir haben das, was wir brauchten, nicht gekriegt.",
Wat schall ik doot? Ik heff to nix Lust!,Was soll ich tun? Ich habe zu nichts Lust!,
Datt Klima an de middellandsche Seed is teemlich liedsaam.,Das mediterrane Klima ist sehr angenehm.,
Tom is al jümmerto anners as de annern Kinners wesen.,Tom war schon immer anders als die anderen Kinder.,
De Seed is groot.,Der See ist groß.,
Huer sünd fief Dollar.,Hier sind fünf Dollar.,
"Jo, datt is Anthony.","Ja, das ist Anthony.",
"Ik nöhm allen trügg, wat ik seggt heff.","Ich nehme alles zurück, was ich gesagt habe.",
Tom is vun siene Peerd beten worrn.,Tom ist von seinem Pferd gebissen worden.,
Tom melk de Koh.,Tom melkte die Kuh.,
Datt is schöön.,Es ist schön.,
Ik bün Antonio.,Ich bin Antonio.,
Woveel kost en half Kilo?,Wie viel kostet ein halbes Kilo?,
Dor sünd mihr as 50.000 Böker in düsse Bökeree.,Es sind mehr als 50000 Bücher in dieser Bibliothek.,
"Datt gefallt nüms, wenn rachter siene Rügg slecht övers em utsnackt warrn.","Niemandem gefällt es, wenn man hinter seinem Rücken schlecht über ihn redet.",
Lat uns nu gohn!,Lasst uns jetzt gehen!,
Inge het en dicken Moors.,Inge hat einen dicken Hintern.,
Du böst miene besten Fründ!,Du bist mein bester Freund!,
Du bünt miene besten Fründ.,Du bist mein bester Freund.,
Ik wahn in Maastricht.,Ich wohne in Maastricht.,
"Du musst opholen, di so dumm to beren.","Du musst aufhören, dich so dumm zu benehmen.",
Ik laad di to ’n Sushi äten in.,Ich lade dich zum Sushiessen ein.,
Se vertroost em mit ehr Geld.,Sie vertraut ihm mit ihrem Geld.,
De Krigg wees toenn.,Der Krieg war zu Ende.,
Ji utsnackt toveel.,Ihr redet zu viel.,
"De Eerd is en Planeet, keene Steern.","Die Erde ist ein Planet, kein Stern.",
"Ik bün datt nech wennt, Kaffee ahn Sucker to drinkt.","Ich bin es nicht gewohnt, Kaffee ohne Zucker zu trinken.",
"Ik mag datt, Maschien tohooptosetten.","Ich mag es, Maschinen zusammenzubauen.",
Hätt de Supp smeckt?,Hat die Suppe geschmeckt?,
"Se het em rümsnackt, ehr en Demantring to köpen.","Sie hat auf ihn eingeredet, ihr einen Diamantring zu kaufen.",
Wo groot de Fleger is.,Wie groß das Flugzeug ist.,
Se is maandags faken to lat in ’e School.,Montags kommt sie oft zu spät zur Schule.,
En Reis na ’n Maand in en Ruumschipp is keene Droom mihr.,Eine Reise zum Mond in einem Raumschiff ist kein Traum mehr.,
Datt Kind is miene Süster.,Das Kind ist meine Schwester.,
Schriev em foorts!,Schreib sofort an ihn!,
Ittst du Fleesch odder büs du Vegetarier?,"Isst du Fleisch, oder bist du Vegetarier?",
Du sühst trurig ut.,Du siehst traurig aus.,
"He will ehr begööschen, aver se will un will nicht ophören to wenen.","Er versuchte sie zu trösten, aber sie hörte nicht auf zu weinen.",
Datt warrn sick nien ännern.,Das wird sich nie ändern.,
Wi seht uns Klock drie.,Wir sehen uns um drei Uhr.,
Ik heet Andrea.,Ich heiße Andrea.,
’Keene hört düsse Brill to?,Wem gehört diese Brille?,
Kan ik datt sehen?,Kann ich das sehen?,
Rias teek en Huus un en Boom.,Maria zeichnete ein Haus und einen Baum.,
"Roop mi an, wenn ji wat findt.","Ruf mich an, wenn ihr etwas findet.",
Ik kaam ich goods mit em ut.,Ich komme nicht gut mit ihm aus.,
Wo geit di datt?,Wie geht es dir?,
Wo geit di datt?,Wie geht’s dir?,
Wat mookt de Kinners? Sloopt or speelt se?,Was machen die Kinder? Schlafen oder spielen sie?,
De lüttste Kontinent is Australien.,Der kleinste Kontinent ist Australien.,
De lüttste Kontinent is Australien.,Der kleinste Erdteil ist Australien.,
In ’n Winter warrn datt froh düüster.,Im Winter wird es früh dunkel.,
De Noricht von siene Dood deed sick utspreden.,Die Information über seinen Tod verbreitete sich.,
"Roop mi foorts an, wenn du em dropen hess.","Ruf mich sofort an, wenn Du ihn getroffen hast.",
Em hört veer grott Buursteden in ’t Binnenland von ’n Staat São Paulo.,Ihm gehören vier große Bauernhöfe im Inneren des Staates São Paulo.,
Wo faken foderst du de Fischen?,Wie häufig fütterst du die Fische?,
Wo faken foderst du de Fischen?,Wie oft fütterst du die Fische?,
Ik hör wat.,Ich höre etwas.,
Ik heff alle Böker wegsmeten.,Ich habe alle Bücher entsorgt.,
Levt düsse Fischen noch?,Lebt dieser Fisch noch?,
He hätt siene Land för Geld verköfft.,Er hat für Geld sein Land verkauft.,
Ik heff en Granaatappel.,Ich habe einen Granatapfel.,
Ik bün praat to starvt.,Ich bin bereit zu sterben.,
Ik bün praat to starvt.,Ich bin zu sterben bereit.,
Wat meenst du dor mit?,Was meinst du damit?,
Se deed em gliek kennen.,Sie hat ihn sofort erkannt.,
He möök en Weltreis.,Er unternahm eine Weltreise.,
Ik bün in Matsuyama boren un upwossen.,Ich bin in Matsuyama geboren und aufgewachsen.,
Ik mag keene Sushi.,Ich mag kein Sushi.,
De Buss is tein Minuten to lat ankamen.,Der Bus hatte zehn Minuten Verspätung.,
Dit Kniev het mi goods deent.,Das Messer hat mir gute Dienste geleistet.,
En Roos is en Bloom un en Duuv is en Vogel.,Eine Rose ist eine Blume und eine Taube ist ein Vogel.,
He is na ’t Stadion wäsen.,Ich bin im Stadion gewesen.,
"Tom is de gröttst Keerl, den ik miendaag sehen heff.","Tom ist der größte Mann, den ich jemals gesehen habe.",
Wahns du alleen?,Wohnst du allein?,
Wi sünd Studenten.,Wir sind Studenten.,
"Een is root, datt annere witt.","Eins ist rot, das andere weiß.",
Miene Dochter geit to School.,Meine Tochter geht zur Schule.,
Miene Dochter geit to School.,Meine Tochter geht in die Schule.,
Een kan keene twe Saken opmaal doot.,Man kann nicht zwei Dinge gleichzeitig tun.,
Een kan keene twe Saken opmaal doot.,Man kann nicht zwei Dinge auf einmal tun.,
Du böst ja keene lütter Tüffel!,Du bist ja kein kleiner Dummkopf!,
Wat hätt ehr so füünsch maakt?,Was hat sie so wütend gemacht?,
He is ganz un gornich perfekt.,Er ist bei Weitem nicht perfekt.,
Dann hebbt se SOS funkt.,Dann haben sie SOS gefunkt.,
Wullt du noch en Appel?,Möchtest du noch einen Apfel?,
Tom leeg sick op ’n Rügg.,Tom legte sich auf den Rücken.,
Se wees mit Knütten togang.,Sie war mit Stricken beschäftigt.,
Se hebbt wi lange töven loten.,Sie haben mich lange warten lassen.,
Bünt du na ’n Dokter wäsen?,Bist du beim Doktor gewesen?,
Mak datt Licht an. Ik kan nix sehen.,Mach das Licht an! Ich kann sonst nichts sehen.,
Ik bün vonmorgen Klock fief opwaakt.,Ich bin heute früh um fünf Uhr aufgewacht.,
Gode Dag!,Guten Tag!,
Ik eet jüst Krabben.,Ich esse gerade Krabben.,
Ik bün nech gägen Tetanus empt.,Ich bin nicht gegen Tetanus geimpft.,
"Ik wees ganz vermöödt, unn aver liekers nicht slapen.","Ich war todmüde, konnte aber trotzdem nicht einschlafen.",
Tom is keene Englänner.,Tom ist kein Engländer.,
He rükt den ganzen Dag na Schoklaad.,Er riecht den ganzen Tag Schokolade.,
Wat büs du so gnatterig?,Was bist du so mürrisch?,
Se het en Geheemnis.,Sie hat ein Geheimnis.,
Düsse Pass gellt fief Joht lange.,Dieser Pass ist fünf Jahre gültig.,
"Hollywood is ich mihr, wat datt maol wees.","Hollywood ist nicht mehr, was es mal war.",
Dröff ik en Foto von jo moken?,Darf ich ein Foto von euch machen?,
Use Nauber hätt sich en smuck Peerd köfft.,Unser Nachbar hat sich ein hübsches Pferd gekauft.,
De Mann is naakt.,Der Mann ist nackt.,
Is se weg?,Ist sie weg?,
Se is mit em verlöövt.,Sie ist mit ihm verlobt.,
Lat datt Äten nech anbrennen.,Lass das Essen nicht anbrennen.,
He hüllt sick för en grotten Dichters.,Er hält sich für einen großen Dichter.,
Kickt jo de Weltkoort an.,Schaut die Weltkarte an.,
Waorüm böst du gnatterig?,Warum bist du so mürrisch?,
He lihrt Dag un Nacht.,Er lernt Tag und Nacht.,
Ik heff keene Bewies för datt Gegendeel.,Ich habe keinen Beweis für das Gegenteil.,
"De Keller is dreckig, düüster un he stinkt.","Der Keller ist dreckig, dunkel, und er stinkt.",
"Kan ik datt kregen, wenn du datt nicht mehr bruukst?","Kann ich das kriegen, wenn du das nicht mehr brauchst?",
"Se will ich, datt he noch länger blieft.","Sie wollte nicht, dass er noch länger bleibt.",
Wat is diene leevsten Roman?,Was ist dein Lieblingsroman?,
In miene Kopp het datt jüst noch Sinn maakt!,In meinem Kopf hat es gerade noch Sinn gemacht!,
"De Hand hätt fief Finger: den Dumen, den Wiesfinger, den Middelfinger, den Ringfinger un den lütte Fingers.","Die Hand hat fünf Finger: den Daumen, den Zeigefinger, den Mittelfinger, den Ringfinger und den kleinen Finger.",
De Froonslüüd speelt Tennis.,Die Frauen spielen Tennis.,
Anne het en Barg Frünn.,Ann hat eine Menge Freunde.,
Is datt allen?,Ist das alles?,
Datt is allen?,Das ist alles?,
Datt is allen.,Das ist alles.,
"Ik kenn een, de goods Russ’sch utsnackt.","Ich kenne jemanden, der gut Russisch spricht.",
Jane süht önnig blied ut.,Jane sieht sehr glücklich aus.,
"Denkt dor an, datt wi de Folgen von joon Hanneln arvt.","Denkt daran, dass ihr uns die Folgen eures Handelns hinterlasst.",
Ik wull na ’n Maand flegen.,Ich möchte zum Mond fliegen.,
Ik heff nech alltoveel Geld.,Ich habe nicht zu viel Geld.,
Verbaden Frücht smeckt goods.,Verbotene Früchte schmecken süß.,
Du schußt datt gliek doot.,Du solltest es sofort tun.,
Du schullst datt gliek doot.,Du solltest das gleich machen.,
Uns Ünnerricht anfangt Viddel na söven an.,Unser Unterricht beginnt um 7:15 Uhr.,
Datt sünd mien Böker.,Das sind meine Bücher.,
Se kan em goods namaken.,Sie kann ihn gut nachmachen.,
Se kan em goods namaken.,Sie kann ihn gut imitieren.,
Ik heff miene Arbeit al trech.,Ich habe meine Arbeit schon erledigt.,
"He weet, wat he seggt.","Er weiß, was er sagt.",
Ik wull danzen.,Ich will tanzen.,
Ik heff en Termin bi ’n Dokter.,Ich habe einen Termin beim Arzt.,
Datt wees en Löög.,Das war eine Lüge.,
De pers’sche Spraak schall läven!,Es lebe die persische Sprache!,
Se is en goden Melkkoh!,Sie ist eine gute Milchkuh!,
Froonslüüd toeerst.,Die Frauen zuerst.,
Wat snackst du för ’n Narrnkraam?,Was sprichst du für ein dummes Zeug?,
Düsse Stoffsugers maakt veele Larm.,Dieser Staubsauger macht viel Lärm.,
Ik warr jo al heimlüchten.,Ich werde euch schon heimleuchten.,
De Vereenigten Staten sünd en groot Land.,Die Vereinigten Staaten sind ein großes Land.,
Du musst mit datt Smeuken opholen.,Du musst mit dem Rauchen aufhören.,
Kümmst du huer elk Dag her?,Kommst du hier jeden Tag her?,
Mi is Woter in’t Ohr komen.,Mir ist Wasser ins Ohr gekommen.,
De Dokter hätt miene Strott ünnersöcht.,Der Arzt untersuchte meinen Rachen.,
Elkeen het datt Leeg kinnt.,Jeder kannte das Lied.,
Gest du en Vörslag?,Hast du einen Vorschlag?,
"Ik dacht, he deed komen.","Ich dachte, er würde kommen.",
Deit Jüm datt leeg?,Tut es Ihnen leid?,
Verkehrt.,Falsch.,
He unn sowat nicht doot.,Er konnte so etwas nicht tun.,
Datt sünd söss Stunnen Föhrt von Sofia na Varna.,Es ist eine sechsstündige Fahrt von Sofia nach Varna.,
Ik bün krank.,Ich bin krank.,
Nüms kan vüör ’n Dood utkniepen.,Niemand kann den Tod vermeiden.,
Nüms kan vüör ’n Dood utkniepen.,Niemand kann vor dem Tod kneifen.,
Jessie hätt de Inladen gliek annahmen.,Jessie nahm die Einladung gleich an.,
"Se het em alle datt Geld gäven, wat se harrn.","Sie hat ihm all das Geld gegeben, was sie hatte.",
He bekeek em in ’n Spegel.,Er betrachtete ihn im Spiegel.,
He güng dor wöterig von af.,Er ging wütend fort.,
En Banaan smeckt lecker.,Eine Banane ist köstlich.,
Du heckst wat ut.,Du heckst etwas aus.,
Hess du von Tom siene Unfall hört?,Hast du von Toms Unfall gehört?,
"Botter, Broot un gröner Kees; ’keene datt ich seggen kan, is keene echten Frees.","Butter, Brot und grüner Käse: wer das nicht sagen kann, ist kein echter Friese.",
"Lat mi los, du drückst mi de Luft af.","Lasse mich los, du erstickst mich.",
"Ik heff fief Söhns. Twe sünd Inschenör, een Schoolmeester un de anneren beide sünd Studenten.","Ich habe fünf Söhne. Zwei sind Ingenieure, einer ist Lehrer und die restlichen beiden sind Studenten.",
"Ik kan miene Hannen op ’n Bodden leggen, ahn miene Kneen to bögen.","Ich kann meine Handflächen auf den Boden setzen, ohne meine Knie zu beugen.",
Willkommen op de Websteed von ’t Tatoeba-Projekt.,Willkommen auf der Webseite des Tatoeba-Projekts.,
Is he jüst an ’t Lihren?,Ist er gerade am Lernen?,
Du bünt en bäten lütten as Tom.,Du bist etwas kleiner als Tom.,
Kunnst du üm negen komen?,Kannst du um neun kommen?,
"Ik keem to lat, üm siene Reed to hören.","Ich kam zu spät, um seine Rede zu hören.",
Ik lehr Koreaansch.,Ich lerne Koreanisch.,
Gest du datt ook in annere Klören?,Hast du das auch in anderen Farben?,
Se hätt keene Antwoort von em kriegen.,Sie hat keine Antwort von ihm bekommen.,
"He harrn Fleesch, ik harrn man en Knaken.","Er hatte Fleisch, ich hatte nur einen Knochen.",
Wi harr unverwacht Besöök.,Wir hatten unerwarteten Besuch.,
"Ach, datt Enn gefüll mi gornich.","Ach, das Ende gefiel mir gar nicht.",
Dor geit de Welt nech von ünner.,Davon geht die Welt nicht unter.,
Normalerwies gah ik to Foot na School.,In der Regel gehe ich zu Fuß zur Schule.,
Wo faken sühst du ehr?,Wie oft siehst du sie?,
Ik kööp miene Söcken jümmerto poorwies.,Ich kaufe meine Socken immer paarweise.,
Sett jem op de Backplaat un smeer jem mit Eiwitt in.,Lege sie auf ein Backblech und schmiere sie mit Eiweiß an.,
Ik kan so nicht läven.,Ich kann so nicht leben.,
So kan ik ich läven.,So kann ich nicht leben.,
Wi sünd mööd un hebbt Dörst.,Wir sind müde und haben Durst.,
Ik heff den Schoolmeester övers de Straat gohn sehen.,Ich sah den Lehrer über die Straße gehen.,
"Vergeet nech, Melk to köpen!","Vergiss nicht, Milch zu kaufen!",
"Datt is jüst datt, wat ik will.","Das ist genau das, was ich wollte.",
Ik harrn giern wat to drinkt.,Ich hätte gern etwas zu trinken.,
Rias het ehr Süster en Gaav kofft.,Maria hat ihrer Schwester ein Geschenk gekauft.,
"Enn goods, allen goods.","Ende gut, alles gut.",
He is twe Toll gröttern as ik.,Er ist fünf Zentimeter größer als ich.,
Woneem is datt Museum?,Wo ist das Museum?,
Wo goot hess du Tom kinnt?,Wie gut kanntest du Tom?,
Dröff ik den Kiekschapp anmaken?,Darf ich den Fernseher anschalten?,
Dit Gebüüd is ook en Bänk.,Das Gebäude ist auch eine Bank.,
Wo goods afkennst du Tom?,Wie gut kennst du Tom?,
Alle wüllt blangen ehr sitten.,Alle wollen neben ihr sitzen.,
Frankriek harrn veele Kolonien in Afrika.,Frankreich hatte zahlreiche Kolonien in Afrika.,
Ik heff in Koenji wohnt.,Ich habe in Koenji gewohnt.,
Ik wees krank.,Ich war krank.,
Ik heff de Kinners süngen hört.,Ich habe die Kinder singen hören.,
De Mantel hätt keene Taschen.,Der Mantel hat keine Taschen.,
Se smökt veele.,Sie raucht viel.,
Se leeg datt Kind sacht dal.,Sie legte das Kind sanft hin.,
Nadem hebbt wi em nicht mihr sehen.,Seitdem haben wir ihn nicht mehr gesehen.,
Loop ich so hart.,Lauf nicht so schnell.,
Loop nech so hart.,Rennen Sie nicht so schnell!,
Wi hebbt noch nix ännert.,Wir haben noch nichts geändert.,
"Se deed in Tranen utbreken, as se de Noricht hören deed.","Sie brach in Tränen aus, als sie die Nachricht hörte.",
Wannehr kan ik di beseuken?,Wann kann ich dich besuchen?,
He fohrt faken na ’t Butenland.,Er fährt oft ins Ausland.,
He levt ganz alleen in ’n Woold.,Er lebt ganz allein im Wald.,
Se eet Botterbrood.,Sie essen Butterbrote.,
"’Keene slöppt, de hungert nicht.","Wer schläft, der hungert nicht.",
Footballspelers verdeint veele Geld.,Fußballspieler verdienen viel Geld.,
Ik seh nix!,Ich sehe nichts!,
Wat gest du mit mien Brill maakt? De wees vüör een Minuut noch huer.,Was hast du mit meiner Brille gemacht? Sie war vor einer Minute noch hier.,
De Mann keek mi an.,Der Mann blickte mich an.,
Et hät en lang Niërsen.,Sie hat eine lange Nase.,
He het lange in Iesland wohnt.,Er hat lange in Island gewohnt.,
Se hätt dor in ehr Dagbook övers schräven.,Sie hat in ihrem Tagebuch darüber geschrieben.,
Tom is vüör en poor Daag starvt.,Tom ist vor ein paar Tagen gestorben.,
Den Knuust hebbt wi jümmerto in ’e Melksupp brockt.,Den Brotkanten haben wir immer in eine Milchsuppe eingebrockt.,
Ik mag lege Kinners ich.,Ungezogene Kinder mag ich nicht.,
"Bet du dor wedder büs, bün ik al weg.","Bis du wieder zurück bist, bin ich schon gegangen.",
De Plant wasst överall von ’n Noorden bet na ’n Süden von Europa.,Diese Pflanze wächst sowohl in Nord- als auch in Südeuropa.,
He het kuum Utsichten to winnen.,Er hat kaum Aussichten zu gewinnen.,
Mien Mudder kaakt tæmlich goods.,Meine Mutter ist eine sehr gute Köchin.,
"Ik bün datt so wennt, vüör ’t Freuhstück en Spazeergang to moken.","Ich habe die Angewohnheit, vor dem Frühstück einen Spaziergang zu machen.",
Ik heff datt för tein Dollar kofft.,Ich habe es für zehn Dollar gekauft.,
Ik heff datt för tein Dollar kofft.,Ich habe das für zehn Dollar gekauft.,
Hebbt ji ehr sehen?,Habt ihr sie gesehen?,
De Teeketel kaakt.,Der Teekessel kocht.,
Ik bün en Künstler.,Ich bin ein Künstler.,
En Snurrboort wasst op ’t Övermuul.,Auf seiner Oberlippe wächst ein Schnurrbart.,
Düsse Jund itt keene Snökerkraam.,Dieser Junge isst keine Süßigkeiten.,
Miene Swager is vergangen Freedag dootbleven.,Mein Schwager ist vergangenen Freitag gestorben.,
Ik bün Maat in ’n Swemmvereen.,Ich bin Mitglied im Schwimmverein.,
Weten is Macht.,Wissen ist Macht.,
Snack mit mi!,Sprich mit mir!,
Ik heff di kriegen!,Hab dich!,
Vüör 200 Joht is Mozart dootbleven.,Vor 200 Jahren ist Mozart gestorben.,
Mozart is vüör 200 Joht dootbleven.,Mozart ist vor 200 Jahren gestorben.,
Sünd ji mööd?,Seid ihr müde?,
He hätt sick mit ’n Dag verdaan.,Er hat sich im Datum geirrt.,
Se het keene Bröder.,Sie hat keine Brüder.,
He hätt mi üm Middernacht anropen.,Er hat mich um Mitternacht angerufen.,
"Kolumbus het glövt, datt he in Indien is.","Columbus glaubte, in Indien zu sein.",
Se mag Jazz un ik ook.,"Sie mag Jazz, und ich auch.",
De Engelsch-Ünnerricht füng halvig negen an.,Der Englischunterricht begann um 8:30 Uhr.,
Ik heff meist keene Geld bi mi.,Ich habe so gut wie kein Geld bei mir.,
Ik heff datt al kofft.,Ich habe es schon gekauft.,
Dit Book hört Ali to.,Dieses Buch gehört Ali.,
De Nacht is noch junge.,Die Nacht ist noch jung.,
Ik draag bi.,Ich trage bei.,
Röög di nech.,Beweg dich nicht.,
Un nu?,Und jetzt?,
"Towielen is datt Läven de eenzige Lehrer odder Optrecker, de wat hölpt.",Zuweilen ist das Leben der einzige erfolgreiche Lehrer oder Erzieher.,
Een Minuut hätt sösstig Sekunnen.,Eine Minute hat sechzig Sekunden.,
"Ik verstoh nicht, waorüm as datt allen nödig is.",Ich verstehe nicht warum all das nötig ist.,
In de Zitroon is Zitronensüür in.,Die Zitrone enthält Zitronensäure.,
In de Zitroon is Zitronensüür in.,In der Zitrone ist Zitronensäure drin.,
De eerste Utgaav is vüör tein Joht rutkamen.,Die erste Auflage wurde vor zehn Jahren herausgegeben.,
De eerste Utgaav is vüör tein Joht rutkamen.,Die erste Ausgabe ist vor zehn Jahren herausgekommen.,
He fohrt teemlich hart.,Er fährt sehr schnell.,
Waorüm hebbt ji blomen kofft?,Warum habt ihr Blumen gekauft?,
Miene Grootvader het sneewitt Hoor.,Mein Großvater hat schneeweißes Haar.,
En Major steiht övers en Koptein.,Ein Major ist mehr als ein Hauptmann.,
In de Feerne föhr ik na Frankriek.,In den Ferien fahre ich nach Frankreich.,
"De Krankmakers sünd to lütt, datt uns Ogen jem sehen köönt.","Die Erreger sind zu klein, um von unseren Augen gesehen werden zu können.",
Nöhm en Bad un gah dunn na Bedde.,Nimm ein Bad und gehe dann ins Bett.,
Wies maal.,Zeig mal.,
Ik kaam ut ’n Goorn.,Ich komme aus dem Garten.,
Susan is vüör een Stünn gohn.,Susan ist vor einer Stunde gegangen.,
"Du schaßt di noch de Hannen verbrennt, wenn du keene Pottlappen odder Potthanschen bruukst!","Du wirst dir die Hände verbrennen, wenn du nicht einen Topflappen oder Topfhandschuhe verwendest!",
"De nix deit, de deit ok nix verkehrt.","Wer nichts macht, macht auch nichts falsch.",
Vörsichtig! Beetschen Hund!,Vorsichtig! Bissiger Hund!,
Deist du mi en Gefallen?,Tust du mir einen Gefallen?,
"Du hess so’n groten Kopp, un dor is nix drin!","Du hast so einen großen Kopf, und da ist nichts drin!",
Leevd is Schiet.,Liebe ist scheiße.,
Breng mi de Tiedschriften.,Bringe mir die Zeitschriften.,
Datt Land nüült sachten na ’n Stroom dal.,Das Land neigt sich sanft zum Fluss hinab.,
"As Markus ankeem, deed ik toslapen.","Als Markus ankam, schlief ich.",
De beide Bröder sünd dootbleven.,Die beiden Brüder starben.,
He hau en Telg von ’n Boom af.,Er schlug einen Ast vom Baum ab.,
Woneem is de Busbahnhoff?,Wo ist der Busbahnhof?,
"De Sünn schient an ’n Dag, de Maand in ’e Nacht.","Die Sonne scheint tagsüber, der Mond nachts.",
"Nee, datt wull ik ich.","Nein, das möchte ich nicht.",
Du wullt na’e Ukrain.,Du willst in die Ukraine.,
"Se frööh em, woneem Jessie wees.","Sie fragte ihn, wo Jessie war.",
Tom töövt buten op Rias.,Tom wartet draußen auf Maria.,
Sei hätt uppemucket.,Sie haben aufgemuckt.,
Sei hett uppemucket.,Sie haben aufbegehrt.,
Miene Tähn deit weh.,Mein Zahn tut weh.,
Düsse Klock hätt mi teihndusend Yen kost.,Diese Uhr kostete mich zehntausend Yen.,
Lat uns den Wiehnachtsboom dor henstellen.,Lass uns den Weihnachtsbaum dort hinstellen.,
Se het en Musikers freet.,Sie hat einen Musiker geheiratet.,
Hebbt ji Kinners?,Habt ihr Kinder?,
Du musst op de Fraag antern.,Du musst die Frage beantworten.,
Köönt wi to Amerika nee seggen?,Können wir zu Amerika nein sagen?,
"He wüss nech, wat he seggen schull, un sweeg.","Weil er nicht wusste, was er sagen sollte, schwieg er.",
Elkeen Android is en Roboter.,Jeder Android ist ein Roboter.,
Wullt du mitkamen?,Möchtest du mitkommen?,
En Kind speelt Harp.,Ein Kind spielt Harfe.,
Huer is nix.,Hier ist nichts.,
Snackst du Spaansche?,Sprichst du Spanisch?,
Wi hebbt keene Tee.,Wir haben keinen Tee.,
"Kiek goods to. Ik wis di, wo datt geit.","Sieh genau hin! Ich zeige dir, wie es geht.",
Gummistevel sünd männigmaal wichtig.,Gummistiefel sind manchmal wichtig.,
Jümmerto utsnackt een.,Immer redet irgendwer.,
"He beed ehr, to vertellen, wo se datt Geld brukt hätt.","Er bat sie zu erzählen, wie sie das Geld ausgegeben hat.",
Ik estemeer ehr tæmlich.,Ich schätze sie sehr.,
"Ik weet, datt du nee seggen warrst.","Ich weiß, dass du nein sagen wirst.",
Bring mi en Glas Woter.,Bring mir ein Glas Wasser.,
Ik heff Tom to’n Meddag inloden.,Ich habe Tom zum Mittagessen eingeladen.,
Du sühst goods ut mit korten Hoor.,Du siehst gut aus mit kurzen Haaren.,
He is as en Zebra mank Peer.,Er ist wie ein Zebra unter Pferden.,
Se is nicht beters as en Deev.,Sie ist nicht besser als ein Dieb.,
Ik bün Engelschlehrer.,Ich bin Englischlehrer.,
Wat schall ik nu doot?,Was soll ich nun machen?,
"Se is neeschierig, ’keene ehr de Blomen tostüürt het.","Sie ist neugierig, wer die Blumen gesandt hat.",
Waorüm ween ji?,Warum weint ihr?,
Ik verlaat mi op Tom.,Ich zähle auf Tom.,
An den Dag wees datt teemlich störmsch.,An jenem Tag war es sehr stürmisch.,
Een Jund is gröttern as de anner.,Ein Junge ist größer als die anderen.,
Dit Maol wull ik en Oog todrücken.,Dieses Mal werde ich ein Auge zudrücken.,
He deed de Katte Melk gäven.,Er gab der Katze Milch.,
Use Nauberske was al wees bi n Frisör!,Unsere Nachbarin war schon wieder beim Friseur.,
"Ik heff ich hört, wat du seggt gest.","Ich habe nicht gehört, was du gesagt hast.",
Hebbt wi al Dingsdag?,Haben wir schon Dienstag?,
"De Katz mag Müüs, ik mag jem nech.","Die Katze mag Mäuse, ich mag sie nicht.",
Ik heff de ganze Nacht waak.,Ich war die ganze Nacht wach.,
Ik wees nülich in ’t Museum.,Ich war neulich im Museum.,
Ik heff en Satz an de Tafel schräven.,Ich habe einen Satz an die Tafel geschrieben.,
De Gedank tellt.,Der Gedanke zählt.,
Wi hebbt minner Snee as ans.,Wir haben weniger Schnee als sonst.,
Ik wull den grötter Koken.,Ich will den größeren Kuchen.,
Ik wull den grötter Koken.,Ich möchte den größeren Kuchen.,
Waorüm sünd de Lüdd nicht liekut?,Warum sind die Leute nicht geradeheraus?,
En Reis na ’n Maand in en Ruumschipp is ich länger en Droom.,Eine Reise zum Mond in einem Raumschiff ist nicht länger ein Traum.,
Woneem finn ik düsse Steen?,Wo finde ich diese Steine?,
Mi is dor nech na tomood.,Mir ist nicht danach zumute.,
Se hebbt den Hund Shiro dööpt.,Sie haben den Hund auf Shiro getauft.,
Weer bedankt för datt Geschenk.,Danke für das Geschenk.,
Woren de Finsters tau?,Waren die Fenster geschlossen?,
"Planet sünd licht to kennen, dann de glinstert nicht so as Steerns.","Planeten sind leicht zu erkennen, denn sie funkeln nicht wie Sterne.",
"He see, wi schöölt de Snuut hollen.","Er sagte, wir sollen den Mund halten.",
Wo lat steihst du op?,Wie spät stehst du auf?,
De wichtigste Opgaav von en Pastoor is de Preddig in ’e Kerk.,Die Hauptaufgabe eines Pfarrers ist die Predigt in der Kirche.,
En Katteker baadt in ’n Diek.,Ein Eichhörnchen badet im Teich.,
Du kunnst keene Peerd rieden.,Du kannst kein Pferd reiten.,
Wannehr hess du em toletzt sehen?,Wann hast du ihn zum letzten Mal gesehen?,
Wannehr gest du em toletzt sehen?,Wann hast du ihn zuletzt gesehen?,
"Man to, eet en bäten Hummer!","Auf, iss etwas Hummer!",
Ik güng na ’t Krankenhuus üm na siene Gesundheit to frogen.,"Ich ging ins Krankenhaus, um nach seinem Gesundheitszustand zu fragen.",
He is in Frankriek tohuus.,Er ist zu Hause in Frankreich.,
Sett ehr keene Grappen in ’n Kopp.,Setz ihr keine Flausen in den Kopf.,
"Du schußt man na Huus gohn, ehr datt düüster warrn.","Du solltest nach Hause gehen, bevor es dunkel wird.",
We hebbt grade tæmlich veele to doot.,Wir sind gerade ziemlich beschäftigt.,
We hebbt grade temlich veele to doot.,Wir haben gerade ziemlich viel zu tun.,
De Wulken warrn düüsterer.,Die Wolken werden schwärzer.,
Mika hätt twe Fründinnen.,Mike hat zwei Freundinnen.,
"He het twe Süsters, de alle beid in Kyoto levt.","Er hat zwei Schwestern, die alle beide in Kyoto leben.",
Ik heff meist nix kriegen.,Ich habe fast nichts bekommen.,
Ik harrn nix mit ehr to doot.,Ich hatte nichts mit ihr zu tun.,
Kunnst du en Peerd rieden?,Kannst du ein Pferd reiten?,
Wat hess du dor dunn mit vüör?,Was hast du denn damit vor?,
Wi wullen gern en Sofa köpen.,Wir würden gerne ein Sofa kaufen.,
Tee sünner Ies.,Tee ohne Eis.,
He wees lieks rachter mi.,Er war direkt hinter mir.,
De Mann besökt Moskau.,Der Mann besucht Moskau.,
Woveel kost de Wuddeln?,Wie viel kosten die Möhren?,
He hätt ehr en Hund kofft.,Er hat ihr einen Hund gekauft.,
Ik mag helle Klören.,Ich mag helle Farben.,
Datt Speel is wegen Regent afseggt worrn.,Das Spiel wurde wegen des Regens abgesagt.,
Wi bliebt bi uns Unkels.,Wir bleiben bei unserem Onkel.,
Ik wull mit di uttogahn.,Ich möchte mit dir ausgehen.,
"Wenn du datt nächste Mal bi mi kümmst, dann wis ik di datt Book.","Wenn du das nächste Mal zu mir kommst, zeige ich dir das Buch.",
Op datt Schild steiht „Utgang“.,"Auf dem Schild steht ""Ausgang"".",
En Botterlicker is en utwussen Rupp.,Ein Schmetterling ist eine erwachsene Raupe.,
Datt maakt mi neeschierig.,Das macht mich neugierig.,
Du bruukst dien Schoh ich uttrecken.,Du brauchst deine Schuhe nicht auszuziehen.,
"Ik gah op ’n Boll, ook wenn di datt nech gefallt.","Ich werde auf den Ball gehen, auch wenn dir das nicht gefällt.",
Politik röögt em nicht an.,Politik lässt ihn kalt.,
Passt di datt?,Passt dir das?,
Se küsst em.,Sie küsst ihn.,
Ehr Huud is so witt as Snee.,Ihre Haut ist so weiß wie Schnee.,
Dor schall ik Tom und Rias ich bi helpen.,Ich soll Tom und Maria nicht dabei helfen.,
"Nee, Dank ok.","Nein, vielen Dank.",
Ik heff den Satz ännert un bedank mi.,Ich habe den Satz geändert und bedanke mich.,
Du böst en laigen Jungen.,Du bist ein böser Junge.,
He tekent lieke Lienen.,Er zeichnet gerade Linien.,
Vonmorgen het datt bi uns sniet.,Heute Morgen hat es bei uns geschneit.,
Wo groot schall de Koken dunn wäsen?,Wie groß soll der Kuchen denn sein?,
Miene Hobby is Inköpen.,Mein Hobby ist shoppen.,
De Dezember hätt eenundörtig Daag.,Der Dezember hat einunddreißig Tage.,
De Dezember het eenundörtig Daag.,Der Dezember hat 31 Tage.,
"Datt is en kolen Dag, also knööp diene Mantel to.","Es ist ein kalter Tag, also knöpf deinen Mantel zu.",
Gest du keene Aptiet?,Hast du keinen Appetit?,
Ik heff datt Schild nech sehen.,Ich habe das Schild nicht gesehen.,
"Och je, den Dummbüdel harrn ik vergäten!","Ach ja, den Blödmann hatte ich vergessen!",
He speelt giern Football.,Er spielt gerne Fußball.,
"De Präsidenten wees wiss, datt datt en Krigg gäven schull.","Der Präsident war sicher, dass es Krieg geben würde.",
"Nöhm, wat du wullt.","Nimm, was du willst.",
"Ik weet nicht, waorüm Tom keene Fleesch itt.","Ich weiß nicht, warum Tom kein Fleisch isst.",
Een deed mi von achtern packen.,Jemand packte mich von hinten.,
Se deed jümmerto fröh opkamen.,Sie stand immer früh auf.,
Wat is diene leevst Bedrievssysteem?,Was ist dein liebstes Betriebssystem?,
"Ik freu mi, datt di de Satz gefallt.","Ich freue mich, dass dir der Satz gefällt.",
„Waorüm hess du datt ich mookt?“ – „Wiel ik Fever harrn.“,„Warum hast du das nicht gemacht?“ – „Weil ich Fieber hatte.“,
"Se is bange, Geld to verlesen.","Sie hat Angst, Geld zu verlieren.",
Oh! Ik kenn den Mann.,Oh! Ich kenne den Mann.,
De Feerne sünd vörbi.,Die Ferien sind jetzt vorbei.,
Eerdfarken graavt op de Söök na Foder.,Erdferkel graben auf der Suche nach Nahrung.,
Dit Hotel is beters as datt Hotel.,Dieses Hotel ist besser als jenes Hotel.,
Se hölt ehr Baby in ’e Arms.,Sie hält ihr Baby in den Armen.,
"Wis mi, woneem du Wehdaag gest.","Zeigen Sie mir, wo Sie Schmerzen haben.",
"Ik heff nech noog Kraft, den Steen to lüchten.","Ich habe nicht genügend Kraft, den Stein zu heben.",
Ik bün Klock tein wedder dor.,Ich werde um zehn Uhr wiederkommen.,
"Datt is gediegen, datt uns nüms kinnt.","Es ist komisch, dass uns niemand kennt.",
Wo in Japan bünt du henföhrt?,Wohin in Japan bist du gefahren?,
De Mann hätt Broot äten.,Der Mann hat Brot gegessen.,
Wi maakt ut Melk Kees un Botter.,Wir machen aus Milch Käse und Butter.,
Gau harr wi alle Weren verköfft.,Schnell hatten wir alle Waren verkauft.,
Gau harr wi alle Wören verköfft.,Schnell haben wir alle Waren verkauft.,
Höörst du mi to?,Hörst du mir zu?,
In düssen Laden warrn keene Alkohool verköfft.,In diesem Laden wird Alkohol nicht verkauft.,
In düssen Laden warrn keene Alkohool verköfft.,In diesem Laden wird kein Alkohol verkauft.,
Datt het Taro Akagawa schräven.,Das hat Taro Akagawa geschrieben.,
Wi seilt Maandag na San Francisco.,Wir segeln am Montag nach San Francisco.,
Gefallt di San Francisco?,Gefällt dir San Francisco?,
He keem na twe Daag trügg.,Er kam nach zwei Tagen zurück.,
"Wenn ik dit Leeg hör, dann denk ik an di un miss di.","Wenn ich dieses Lied höre, denke ich an dich und vermisse dich.",
He hätt sick en Stoot verpuust.,Er hat sich einen Moment ausgeruht.,
"Wenn diene Tung swarte warrn, schullst du wol lever na ’n Dokter gohn.","Wenn deine Zunge schwarz wird, solltest du wohl lieber einen Arzt aufsuchen.",
De Laden verköfft Grööntüüg.,Der Laden verkauft Gemüse.,
Ik heff Mattias in Spanien dropen.,Ich habe Mathias in Spanien getroffen.,
De Jöögd in uns Land het keene Intress an Politik.,Die Jugend in unserem Land hat kein Interesse an Politik.,
Kan ik helpen?,Kann ich helfen?,
Du büs tæmlich plietsch.,Du bist sehr pfiffig.,
De Sünn schient an ’n Dag.,Die Sonne scheint tagsüber.,
"Waorüm hätt mi keeneen seggt, wat ik doot schall?","Warum hat mir niemand gesagt, was ich tun soll?",
He süht en bäten mööd ut.,Er sieht etwas müde aus.,
He süht en bäten mööd ut.,Er sieht ein bisschen müde aus.,
Denk dor övers na.,Denk darüber nach.,
De Straat is glitschig.,Die Straße ist glitschig.,
Allen Goden het en Enn.,Alles Gute hat ein Ende.,
De Scharrkatt trünnelt en Mestboll na siene Lock.,Der Mistkäfer rollt eine Dungkugel in sein Loch.,
Datt musselt al den ganzen Dag.,Es nieselt bereits den ganzen Tag.,
He hätt en Weltreis maakt.,Er hat eine Weltreise gemacht.,
Woneem wören ji?,Wo wart ihr?,
He wull ehr gern wedder dropen.,Er will sie gerne wieder treffen.,
Waorüm blarrst du?,Wieso heulst du?,
He is kaputt un ik ook.,"Er ist erschöpft, und ich auch.",
Kees lett sick licht mit ’t Mest snieden.,Käse lässt sich leicht mit dem Messer schneiden.,
Miene Sünnbrand deit weh.,Mein Sonnenbrand tut weh.,
"Ik weet nicht, wo ik na em seuken schall.","Ich weiß nicht, wo ich nach ihm suchen soll.",
Ik kenn em.,Ich kenne ihn.,
Höör op to sabbeln un fang an to arbeidt!,Hör auf zu reden und fang an zu arbeiten!,
De Kist is leddige.,Die Kiste ist leer.,
Tom wöör buten.,Tom war draußen.,
Ik heff en Leeg för di schräven.,Ich habe ein Lied für dich geschrieben.,
Se störven för de Freeheid.,Sie starben für die Freiheit.,
"Ik harrn giern, datt du dit Book leest.","Ich möchte, dass du dieses Buch liest.",
Sien beide Süsters sünd smucket.,Seine Schwestern sind sind alle beide hübsch.,
Wat maakt ji?,Was macht ihr?,
Wat maakt ji?,Was tut ihr?,
Wullt du mit uns Football speelen?,Willst du mit uns Fußball spielen?,
"Se will ich, datt he de Kinners verpimpelt.","Sie wollte nicht, dass er die Kinder verzärtelt.",
In wat för en Joht is Amerika opdeckt worrn?,In welchem Jahr wurde Amerika entdeckt?,
Ik heff hiut nacht nech toslapen.,Ich habe heute Nacht nicht geschlafen.,
De sünd jümmerto so lat...,Die verspäten sich immer so!,
En Japaners harrn sowat nicht seggt.,Ein Japaner hätte so was nicht gesagt.,
Ik bün de König von de Welt!,Ich bin der König der Welt!,
’Keene het düsse Gedichten schräven?,Wer hat diese Gedichte geschrieben?,
He nehm den Hoot af.,Er nahm den Hut ab.,
Se is siene Fründin.,Sie ist seine Freundin.,
Ööl datt Fohrrad.,Öle dieses Fahrrad.,
He deed sien natten Klamotten an ’t Füer drögen.,Er hat seine nassen Kleider am Feuer getrocknet.,
Se sünd Christen.,Sie sind Christen.,
Hebbt ji en Landkoort?,Habt ihr eine Landkarte?,
Häng den Mantel an ’n Haken.,Häng den Mantel an den Haken.,
"Sarah, kunnst du de Finsterluken dichttomaken?","Sarah, kannst du die Fensterläden zumachen?",
Anne speelt faken Tennis na de School.,Ann spielt oft nach der Schule Tennis.,
"He meen, datt he al op Hawaii wäsen is.","Er meinte, er sei bereits auf Hawaii gewesen.",
Woneem wohnt he?,Wo lebt er?,
Woneem wohnt he?,Wo wohnt er?,
’Keene hätt den Appel stahlen?,Wer hat den Apfel gestohlen?,
Miene Huus het twe Treppen.,Mein Haus hat zwei Treppen.,
Wat is de Oorsaak?,Was ist die Ursache?,
He schall sick echt freit.,Er wird sich echt freuen.,
Hess du mi vermisst?,Hast du mich vermisst?,
He deed nienich mit siene Spood dickdoon.,Er prahlte nie mit seinem Erfolg.,
He harrn sick en bruukten Wogen köpen schöölt.,Er hätte sich einen Gebrauchtwagen kaufen sollen.,
"Wenn du en Stift bruukst, lehn ik di een.","Wenn du einen Stift brauchst, leihe ich dir einen.",
En Weetfroo harrn twe Döchter.,Eine Witwe hatte zwei Töchter.,
Waorüm fraagst du ich diene Lehrer üm Raat?,Warum fragst du nicht deinen Lehrer um Rat?,
Datt Kind deed en Katte straken.,Das Kind streichelte eine Katze.,
"Ik heff ehr seggt, wat to doot is.","Ich habe ihr gesagt, was zu tun ist.",
Ik tööv al Stunnen.,Ich warte schon seit Stunden.,
Ik bün ganz tofreden mit di.,Ich bin ganz zufrieden mit dir.,
He is en poor Maol in Europa wäsen.,Er war mehrere Male in Europa gewesen.,
Drinkst du Kaffee?,Trinkst du Kaffee?,
He leeg den Kopp op datt Küssens.,Er legte den Kopf auf das Kissen.,
Se hätt drie Joht brummt.,Sie hat drei Jahre eingesessen.,
Is Tom hiut in de School wesen?,War Tom heute in der Schule?,
He wees so fründlig uns to helpen.,"Er war so freundlich, uns zu helfen.",
Hör dor mit op!,Hör damit auf!,
Elkeen deed siene Idee tostimmen.,Jeder stimmte seiner Idee zu.,
Se hebbt veele verpasst.,Sie haben viel verpasst.,
Mama lett mi faken in ’n Supermarkt inköpen.,Mama lässt mich oft im Supermarkt einkaufen.,
Ik wüss nech woneem ik hengohn schull.,"Ich wusste nicht, wohin ich gehen soll.",
Ik heff em tofällig op de Straat dropen.,Ich hab ihn zufällig auf der Straße getroffen.,
Datt is ook wohr.,Das ist auch wahr.,
Tolest hebbt wi den Topp von ’n Fuji raakt.,Schließlich erreichten wir die Spitze des Fuji.,
God het ehr en smucket Gesicht un en söten Stemm gäven.,Gott hat ihr ein hübsches Gesicht und eine süße Stimme gegeben.,
Miene neet Kleed is root.,Mein neues Kleid ist rot.,
Du bruukst di dor keene Sorgen övers to moken.,Darüber brauchst du dir keine Sorgen machen.,
Ik harrn vergangen Nacht en gresigen Droom.,Ich hatte letzte Nacht einen schrecklichen Traum.,
Ik harrn vergangen Nacht en gresigen Droom.,Ich hatte letzte Nacht einen furchtbaren Traum.,
"Datt hört gliek op to sneen,dunn warrn datt Wederk wedder beters.","Es hört gleich auf zu schneien, dann wird das Wetter wieder besser.",
He plöget ne graode Fuor.,Er pflügt eine gerade Furche.,
He plöget ne graode Fuor.,Er ist geradlinig.,
"Ik heff nicht wullt, datt dit geböhrt.","Ich habe nicht gewollt, dass das passiert.",
To Göttwust hört jümmerto ook Tuffeln to.,Zu Grützwurst gehören immer Kartoffeln dazu.,
Se kan sowat ich seggt hebben.,Sie kann sowas nicht gesagt haben.,
Se kan sowat nech seggt hebben.,Sie kann so etwas nicht gesagt haben.,
"Fraag ehr, wat se inköfft hätt.","Frag sie, was sie eingekauft hat.",
Waorüm heff ik datt nicht sehen?,Warum habe ich das nicht gesehen?,
Ik kaam.,Ich komme.,
De Diutschen drinkt gern Beer.,Die Deutschen trinken gerne Bier.,
Ik gah mit di bet na ’n Bahnhoff.,Ich begleite dich bis zum Bahnhof.,
"Wi hebbt datt noch wedder versöch, aver kunnen datt ich doot.","Wir versuchten es noch einmal, aber konnten es nicht tun.",
Mien Süster speelt mit Poppen.,Meine Schwester spielt mit Puppen.,
"Ik warr so doot, as of ik datt nech sehen heff.","Ich werde so tun, als hätte ich es nicht gesehen.",
In ’t Schummerlicht wees ehr Gesicht nicht düüdlich to kennen.,Im dämmrigen Licht war ihr Gesicht nicht deutlich zu sehen.,
Ik kan ich ahn di läven.,Ich kann nicht ohne dich leben.,
Ik kan nech ahn di läven.,Ich kann ohne dich nicht leben.,
Ik kan nicht ahn di läven.,Ohne dich kann ich nicht leben.,
Wi fleegt övers de Wulken.,Wir fliegen über den Wolken.,
"To, to, see de Voss to ’n Hasen, höörst du ich den Jägers blasen?","Auf, auf, sprach der Fuchs zum Hasen, hörst du nicht den Jäger blasen?",
Wi alle wüllt winnen.,Wir alle wollen gewinnen.,
He het en Hümpel Geld op de Bänk.,Er hat einen Haufen Geld auf der Bank.,
He hätt en Hümpel Geld op de Bänk.,Er hat eine Menge Geld auf der Bank.,
Ik heet Wang Jiaming.,Ich heiße Wang Jiaming.,
Ik heff en Visum.,Ich habe ein Visum.,
Ik eet giern Beern.,Ich esse gerne Birnen.,
He is datt Gesett.,Er ist das Gesetz.,
Wi bööt noch mit Köhlen.,Wir heizten noch mit Kohle.,
’Keene is dor Schuld an?,Wer ist schuld daran?,
Kinners sünd en Segen.,Kinder sind ein Segen.,
Ik kaam ut Saitama.,Ich komme aus Saitama.,
Ik kaam ut Saitama.,Ich komme aus der Stadt Saitama.,
Düsse Hunnen sünd groot.,Diese Hunde sind groß.,
"Wenn se keene Broot hebbt, dann lat jem doch Koken äten!","Wenn sie kein Brot haben, dann sollen sie eben Kuchen essen!",
"Wenn se keene Broot hebbt, dunn lat jem doch Koken äten!","Wenn sie kein Brot haben, sollen sie halt Kuchen essen.",
He mal siene Fohrrad root an.,Er malte sein Fahrrad rot an.,
Ik eet en Gurk.,Ich esse eine Gurke.,
He quatert gau.,Er spricht schnell.,
"He is nech sau dum, äs he uutsüt.","Er ist nicht so dumm, wie er aussieht.",
Se het en gesund Baby kriegen.,Sie hat ein gesundes Baby geboren.,
Se hätt en gesund Baby kriegen.,Sie hat ein gesundes Kind zur Welt gebracht.,
Ik mag keeneen von de twe.,Ich mag keinen der beiden.,
Wo lange schall datt so duren?,Ungefähr wie lange soll das so dauern?,
Beters en Luus in ’n Kohl as gorkeen Fett.,"Besser eine Laus im Kohl, als gar kein Fett.",
"Se frööh mi, woveel Spraken ik snack.","Sie fragte mich, wie viele Sprachen ich spräche.",
Wi sünd alltohoop fööfteihn Lüdd.,Wir sind insgesamt fünfzehn Personen.,
Wo ankickst du na?,Wonach schaust du?,
Wi sünd datt Volk.,Wir sind das Volk.,
Ik höör nien wat.,Ich höre nie etwas.,
Ik heff man een Wunsch.,Ich habe nur einen Wunsch.,
De Schoh sünd to lütt.,Die Schuhe sind zu klein.,
"Mi maakt datt blied, wenn ik Geld för Böker utgäven kan.","Mich macht das glücklich, wenn ich Geld für Bücher ausgeben kann.",
Lincoln het de Wahl wunnen.,Lincoln gewann die Wahl.,
He deed noch wedder frogen.,Er wiederholte seine Frage.,
Woneem hebbt ji Diutsch lihrt?,Wo haben Sie Deutsch gelernt?,
"He seggt, he kinnt di.","Er sagt, er kenne dich.",
Wi hebbt twe Kassbeerbööm in uns Goorn.,Wir haben zwei Kirschbäume in unserem Garten.,
Wat hätt Tom övers mi seggt?,Was hat Tom über mich gesagt?,
He het uns en smucker Hoot wiest.,Er zeigte uns einen hübschen Hut.,
’Keene schall ik datt mellen?,Wem soll ich das melden?,
Se kuhlt en Lock ut.,Sie graben ein Loch.,
"Nee, gornich.","Nein, gar nicht.",
Ik müss ünner ’n Boom schulen gohn vüör ’n Regent.,"Ich musste unter einen Baum gehen, um mich vor dem Regen zu schützen.",
"Ik will em an siene Arbeidssteed beseuken, aver unn nicht.","Ich wollte ihn an seinem Arbeitsplatz besuchen, aber konnte nicht.",
"Ik heff gornich wusst, datt ji ook Japaanschen lihrt.","Ich habe gar nicht gewusst, dass Sie auch Japanisch lernen.",
Ik heff al lange nix mihr von em hört.,Ich habe schon lange nichts mehr von ihm gehört.,
"As ik vonmorgen opkamen bün, harrn ik Koppwehdaag.","Als ich heute Morgen aufgestanden bin, hatte ich Kopfschmerzen.",
Gest du datt ich wüsst?,Hast du das nicht gewusst?,
"Wo Licht is, is ook Schadden.","Wo Licht ist, ist auch Schatten.",
"He is en kloken Junge, ganz wiss.","Er ist ein kluger Junge, ganz gewiss.",
In Japan anfangt datt Schooljohr in ’n April an.,In Japan beginnt das Schuljahr im April.,
Ik heff en Picasso kofft.,Ich habe einen Picasso gekauft.,
Ik mag Kummedies.,Ich liebe Komödien.,
Hebbt ji datt op Lager?,Haben Sie das auf Lager?,
Wullt du noch wat Tee?,Möchtest du noch etwas Tee?,
De Klock geit een Minuut vüör.,Die Uhr geht eine Minute vor.,
"Nöhm dien suddeligen Poten von mi weg, du Baster!","Nimm deine dreckigen Griffel von mir, du Bastard!",
En Peerd hätt Tom träden.,Ein Pferd hat Tom getreten.,
Dat Wicht süht gaut ut.,Das Mädchen ist schön.,
De Schauspeler het en grott Jacht.,Der Schauspieler hat eine große Jacht.,
"Datt kan angahn, datt datt sniet.","Es könnte sein, dass es schneit.",
Se wüllt rieke warrt.,Sie wollen reich werden.,
Böst du je vun diene Hund bäten worrn?,Wurdest du je von deinem Hund gebissen?,
Datt Kind hätt de Katz bi ’n Steert kriegen.,Das Kind erwischte die Katze am Schwanz.,
Ik schriev jeden Dag in miene Daagbook.,Ich schreibe jeden Tag in mein Tagebuch.,
Ik wull stracks mit miene Avkaat snacken.,Ich will sofort meinen Anwalt sprechen.,
Se het em op ’n Vörkopp küsst.,Sie hat ihn auf die Stirn geküsst.,
"Gah nech na buten, datt regen.","Gehe nicht nach draußen, es regnet.",
"Datt is nödig, de Regeln to folgen.",Die Regeln müssen befolgt werden.,
Siene Slips passt goods to siene Antog.,Seine Krawatte passt gut zu seinem Anzug.,
Datt stimmt.,Das stimmt.,
Stimmt datt?,Stimmt das?,
"Datt is swor, en Vugel to dräpen, de flüggt.","Es ist schwierig, einen fliegenden Vogel zu treffen.",
Datt is doch allen Weeswark.,Das ist doch alles Wissenschaft.,
Se möök veele Sucker in ’n Kaffee.,Sie gab viel Zucker in den Kaffee.,
Villicht schull ik Düütsk lihren.,Vielleicht sollte ich Deutsch lernen.,
"Wat heff ik mi verjaagt, as opmaal een rachter mi stünn!","Was habe ich mich erschreckt, als plötzlich jemand hinter mir stand.",
Wis mi noch en Bispell.,Zeig mir noch ein Beispiel.,
Wis mi noch en Bispell.,Zeig mir ein weiteres Beispiel.,
Wis mi noch en Bispell.,Gib mir noch ein Beispiel.,
Do diene Hart apen.,Öffne dein Herz.,
Ik seh en Book.,Ich sehe ein Buch.,
"Is di datt sworfallen to seggen, wo dulle leif du mi hess?","Ist es dir schwergefallen zu sagen, wie sehr du mich liebst?",
Wo dulle datt blaast!,Wie das bläst!,
„Woneem wullt du gern arbeden?“ – „In Australien.“,„Wo möchten Sie gerne arbeiten?“ – „In Australien.“,
Ik bün na ’n Putzbüdel wäsen.,Ich war beim Friseur.,
Ik bün mit miene Wogen na Erfurt fohrt.,Ich fuhr mit meinem Auto nach Erfurt.,
Mit Eliana snacken is as wenn een mit en Wand utsnackt.,"Mit Eliana zu sprechen ist so, als wenn du mit einer Wand sprichst.",
He is dor von de Rebellers angräpen worrn.,Er wurde dort von den Rebellen attackiert.,
Wi hebbt ehr in de Minschenmeng ut de Ogen verlorene.,Wir haben sie in der Menschenmenge aus den Augen verloren.,
Wat för en Film hebbt ji ankeken?,Welchen Film habt ihr angeschaut?,
Wat för en Film hebbt ji ankeken?,Was für einen Film habt ihr angeschaut?,
De sture Held will winnen odder doodblieven.,Der stolze Held wollte entweder siegen oder sterben.,
Spinoza wees en Pantheist.,Spinoza war ein Pantheist.,
Kan ik ook to Foot komen?,Kann ich auch zu Fuß kommen?,
"Japaner, weest spreeksch!","Japaner, seid gesprächig!",
Ik seh den Hund meist elk Dag.,Ich sehe den Hund fast jeden Tag.,
"Tom un Rias säen, datt se datt nicht mehr dröffen.","Tom und Maria sagten, sie dürften das nicht mehr.",
Datt schall üm un bi fööfteihn Dollar kösten.,Es wird ungefähr fünfzehn Dollar kosten.,
Se sitt bi em.,Sie sitzt bei ihm.,
En Magnet tücht Iesen an.,Ein Magnet zieht Eisen an.,
Tom hätt mi verstohn.,Tom hat mich verstanden.,
Kümmst du mit?,Kommst du mit?,
Sit ut vi Latien iss et aver net.,"Sieht aus wie Latein, ist es aber nicht.",
He is jüst torüchkamen.,Er ist gerade zurückgekommen.,
"Datt het ich lange duurn, datt Radels to lösen.","Es hat nicht lange gedauert, das Rätsel zu lösen.",
Se glöövt an en Läven na ’n Dood.,Sie glauben an ein Leben nach dem Tod.,
He peddt den Padd langs.,Er läuft den Pfad entlang.,
Ik slo en Ännerung vüör.,Ich schlage eine Änderung vor.,
He is Tennisspeler.,Er ist Tennisspieler.,
He is Tennisspeler.,Er ist ein Tennisspieler.,
Goods is uns nech goods noog.,Gut ist uns nicht gut genug.,
Köönt ji datt noch wedder moken?,Könnt ihr das noch mal machen?,
Ik mak den Afwasch.,Ich wasche ab.,
He is gröttern as ik.,Er ist größer als ich.,
Dor sitt en Monster ünner miene Bedde.,Da ist ein Ungeheuer unter meinem Bett.,
De Hund deit di nix.,Der Hund tut dir nichts.,
Opmaal höllen mien Fööt an.,Plötzlich hielten meine Füße an.,
"Opmaal deed de Prinz marken, datt siene Lievwacht nicht mihr an siene Siet wees.","Plötzlich bemerkte der Prinz, dass sein Leibwächter nicht mehr an seiner Seite war.",
"Datt speelt keene Rull, wat se seggt hätt.","Es spielt keine Rolle, was sie gesagt hat.",
"Nadat ik TV ankeken harrn, güng ik na Bedde.","Nachdem ich Fernsehen geschaut habe, ging ing ins Bett.",
Von Kaffee ahn Melk krigg ik Soorbrennen.,Von Kaffee ohne Milch bekomme ich Sodbrennen.,
Ut düsse Ruup warrn maol en smucker Botterlicker.,Aus dieser Raupe wird einmal ein schöner Schmetterling.,
Düsse Klub het föfftig Maten.,Dieser Klub hat fünfzig Mitglieder.,
Mi drüppt de Sweet dal.,Mir tropft der Schweiß herunter.,
Wat för Ennsülven hätt dit Verb in de Nutied?,Welche Endungen hat dieses Verb in der Gegenwart?,
Ik heff twe Bröder un een Süster.,Ich habe zwei Brüder und eine Schwester.,
Se is en Kopp lütte as ik.,Sie ist einen Kopf kleiner als ich.,
Datt Poppeer is witt.,Das Papier ist weiß.,
Datt Huus is verköfft worrn.,Das Haus wurde verkauft.,
Datt Huus is verköfft worrn.,Das Haus wurde gekauft.,
Bünt du mall worrn?,Bist du verrückt geworden?,
Ik bün ich mihr bange.,Ich habe keine Angst mehr.,
Wi brukt Geld.,Wir brauchen Geld.,
Se is bange vüör Katten.,Sie hat Angst vor Katzen.,
"Wenn ik wat nech utstahn kan, dann is datt, de Huusslötels to verlesen.","Wenn ich eins hasse, ist es, die Hausschlüssel zu verlieren.",
Kunnst du datt noch wedder seggen?,Kannst du das noch einmal sagen?,
Wat för en Farv hebbt de Wannen in joon Kamern?,Welche Farbe haben die Wände in eurem Zimmer?,
Datt hebbt wi hatt.,Die Sache ist gelaufen.,
He steiht fröh op.,Er steht früh auf.,
Swemm nicht in ’n Diek.,Schwimme nicht im Teich.,
De Söcken rüükt slecht.,Die Socken stinken.,
Ik unn em kuum hören.,Ich konnte ihn kaum hören.,
He is depressiv.,Er ist depressiv.,
Haal mi huer rut.,Hol mich hier raus.,
Un se röögt sick doch!,Und sie bewegt sich doch!,
Tom nömde Rias en Dummbüdel.,Tom bezeichnete Maria als Idiotin.,
Mak datt so as ik di datt segg.,"Mach es so, wie ich es dir sage.",
Wo lange sünd ji al in ’t Butenland?,Wie lange seid ihr schon im Ausland?,
He is jümmerto twischen Klock fief un söss huer.,Er ist immer zwischen 5 und 6 Uhr hier.,
Se het jo weckt.,Sie hat euch geweckt.,
"Mi dücht, datt he di ich helpen kan.","Ich denke, dass er dir nicht helfen kann.",
Ik heff toveel toslapen.,Ich habe zu viel geschlafen.,
Datt heff ik würklich nech von di verwachten.,Das habe ich wirklich nicht von dir erwartet.,
Waorüm bruukst du Lüttgeld?,Warum brauchst du Kleingeld?,
"He hätt so dulle afnahmen, datt du em nicht mihr kennen warrst.","Er hat so stark abgenommen, dass du ihn nicht mehr erkennen wirst.",
Datt is joon Huus.,Das ist euer Haus.,
In datt Kleed süht se smucket ut.,In dem Kleid sieht sie hübsch aus.,
"Sogor en Kind weet, wat datt heet, keene Frünn to hebben.","Selbst ein Kind weiß, was es bedeutet, keine Freunde zu haben.",
"Ik heff de Opgaav kriegen, datt Büro reinmaken.","Mir wurde die Aufgabe zugeteilt, das Büro zu putzen.",
Ik heff miene Plaans opgeven.,Ich habe meine Pläne aufgegeben.,
Wat is ut siene Hund worrn?,Was ist aus seinem Hund geworden?,
Alle Sucker is sööt.,Jeder Zucker ist süß.,
"Pass op, wat du deist!","Pass auf, was du tust!",
"Pass op, wat du deist!","Gib acht, was du tust!",
Snack ich so luut!,Sprich nicht so laut!,
Wo ja ook nix tegen sprickt.,Wogegen ja auch nichts spricht.,
Miene leevsten Spoort is Football.,Mein Lieblingssport ist Fußball.,
Miene leevsten Spoort is Football.,Mein liebster Sport ist Fußball.,
Ik verstoh datt nech.,Ich verstehe es nicht.,
Se hebbt mi behannelt as so ’n Kind.,Sie haben mich wie ein kleines Kind behandelt.,
"Tom wull weten, waorüm ji datt doot hebbt.","Tom möchte wissen, warum ihr das getan habt.",
Wi hebbt övers jo utsnackt.,Wir haben über euch geredet.,
Se harrn en smucke Popp.,Sie hat eine hübsche Puppe.,
Ik heff elk Book in de Bibliothek leest.,Ich habe jedes Buch in der Bibliothek gelesen.,
He is na Grootbritannien gohn.,Er ist nach Großbritannien gegangen.,
’Keene hört düsse Kuffers huer to?,Wem gehört dieser Koffer hier?,
Tom harrn en gode Lehrer.,Tom hatte einen guten Lehrer.,
Verwessel nicht en Kometen mit en Asteroiden.,Verwechsle nicht einen Kometen mit einem Asteroiden.,
Rias het temlich lang Hoor.,Maria hat sehr langes Haar.,
He maakt giern ut en Mügg en Elefant.,"Er liebt es, aus einer Mücke einen Elefanten zu machen.",
Tom hätt den Verstünn verlorene.,Tom hat den Verstand verloren.,
Tom is ich komen un Jane ook nech.,"Tom ist nicht gekommen, und Jane auch nicht.",
Siene Huus is för teihndusend Dollar verköfft worrn.,Sein Haus wurde für zehntausend Dollar verkauft.,
Ik föhr mit di mit.,Ich fahre mit dir mit.,
Se sint bang vör em.,Sie haben Angst vor ihm.,
De Schandarm wees duune.,Der Polizist war besoffen.,
Sünd datt diene?,Gehören die dir?,
He het den helen Appel opeten.,Er aß den ganzen Apfel.,
"Wat höllst du dor von, wenn wi vonavend buten eet?","Was hältst du davon, wenn wir heute Abend draußen essen?",
Waorüm gest du ophöört?,Warum hast du aufgehört?,
Alle düsse Böker hört mi to.,Alle diese Bücher gehören mir.,
Keeneen versteiht mi.,Niemand versteht mich.,
Woveel Blomen hess du kofft?,Wie viele Blumen hast du gekauft?,
Smöök nicht to veele.,Rauch nicht zu viel.,
De Rosen in ’n Goorn blöht.,Die Rosen im Garten blühen.,
Nu weer doch ich so hibbelig.,Nun sei doch nicht so hippelig.,
Datt is ehr Huus.,Das ist ihr Haus.,
Se kan tæmlich goods Tennis speelen. Ik aver ook.,"Sie kann sehr gut Tennis spielen, aber ich auch.",
Mien Hand is in warm Woter.,Meine Hand ist in warmem Wasser.,
Dor is en Monster ünner miene Bedde.,Da ist ein Scheusal unter meinem Bett.,
Dor is en Monster ünner miene Bedde.,Da ist ein Monster unter meinem Bett.,
"Se schell em ut, datt he den Rasen nech meihn harrn.","Sie schimpfte ihn aus, weil er den Rasen nicht gemäht hat.",
He keem üm un bi Klock veer.,Er kam um etwa vier Uhr.,
Gest du al fröhstücken?,Hast du schon gefrühstückt?,
De Wesselkurs för butenlandsche Geldsoorten ännert sick jeden Dag.,Der Wechselkurs für ausländische Währungen ändert sich täglich.,
"Se see, datt ik datt nüms vertellen schull. Dorüm heff ik miene Mund hollen.","Sie sagte, dass ich das nirgends erzählen soll. Deshalb habe ich meinen Mund gehalten.",
"Jem gefüll vüör allens siene Plaan, de Stüürn daltosetten.","Ihnen gefiel vor allem sein Plan, die Steuern zu senken.",
De Schriever arbeiden an siene nee Book.,Der Schreiber arbeitet an seinem neuen Buch.,
"Loop, ans kümmst du to lat.","Lauf, sonst verspätest du dich.",
"Ik harrn nicht dach, datt ik mal „Viagra“ in ’e Wikipedia nakieken schull.","Ich hätte nicht gedacht, dass ich eines Tages bei Wikipedia ""Viagra"" nachschauen würde.",
Ik wull di.,Ich will dich.,
Waorüm hess du en Pulli an?,Warum hast du einen Pulli an?,
"Ik frei mi dor al up, di hiut avend süngen to heuren.","Ich freue mich schon darauf, dich heute Abend singen zu hören.",
He utsnackt teemlich goot Hebrääsch.,Er spricht sehr gut Hebräisch.,
Datt warrn duller un duller.,Es wird immer heftiger.,
Ik unn veele vertellen övers datt Thema...,Ich könnte viel erzählen über das Thema.,
He is en övertüügt Demokraat.,Er ist ein überzeugter Demokrat.,
Wannehr is de Ünnerricht vörbi?,Wann ist der Unterricht vorbei?,
Ik lehr twe Frömdspraken.,Ich lerne zwei Fremdsprachen.,
Ik bün ut Shizuoka.,Ich komme aus Shizuoka.,
Wat weet ji dorvon?,Was wisst ihr davon?,
Datt is en Noodfall.,Dies ist ein Notfall.,
Ik denk an di.,Ich denke an dich.,
Tom muß ganz nödig up’n Pott.,Tom musste dringend aufs Klo.,
Elkeen von uns schull siene Beste gäven.,Jeder von uns sollte sein Bestes geben.,
Wat för en fein Wederk!,Was für ein schönes Wetter!,
"Von em warrn seggt, datt he tæmlich arm is.","Von ihm wird gesagt, er sei sehr arm.",
Alle Lüdd in düssen Ruum sünd Mannslüüd.,Alle Leute in diesem Raum sind Männer.,
"Kunnst du verstaht, wat he seggen wull?","Verstehst du, was er sagen will?",
He möök siene Glas leddige.,Er leerte sein Glas.,
Wat ’n smucke Bloom!,Was für eine schöne Blume!,
Weer ich dumm.,Sei nicht dumm.,
Weer nech dumm!,Sei nicht dumm!,
Wat deist du dor?,Was machst du da?,
Wat deist du dor?,Was tust du da?,
Waorüm gest du en Swin mit?,Warum hast du ein Schwein dabei?,
Se lüggt!,Sie lügt!,
He hätt en swarte Hemd.,Er hat ein schwarzes Hemd.,
"Jo, ik heff datt kriegen!","Ja, ich habe es bekommen!",
Nu heff ik twe Verlaavte.,Nun habe ich zwei Bräute.,
"'n Lojban snackende Robotter, de to Kraftwerk-Musiek danzen deit, schüll 'n coole Saak wäsen.","Ein Roboter, der Lojban spricht und zu Musik von „Kraftwerk“ tanzt, wäre eine coole Sache.",
Lat ehr snacken!,Lass sie reden!,
Wat hess du äten?,Was hast du gegessen?,
Ik wohn in’e Neegd vun’n Diek.,Ich wohne in der Nähe vom Deich.,
Ik wohn in’e Neegd vun’n Diek.,Ich wohne in der Nähe des Deiches.,
Ik kenn ehr Adress.,Ich kenne ihre Adresse.,
Ik heff al faken von di hört.,Ich habe oft von dir gehört.,
En Elefant het en lang Nees.,Ein Elefant hat eine lange Nase.,
Ik bün trech mit em.,Ich bin fertig mit ihm.,
"Afkennst du den Keerl, de di ankickt?","Kennst du den Mann, der dich anschaut?",
Ut Schiet Geld moken,Aus Scheiße Geld machen.,
De Schoh sünd utpeddt.,Die Schuhe sind ausgetreten.,
’keene hätt dissen Satz schräven?,Wer hat diesen Satz geschrieben?,
Huer is en Foto von ehr.,Hier ist ein Foto von ihr.,
Verlaat di nicht to dulle op anneren Lüdd.,Verlass dich nicht zu sehr auf andere Leute.,
Büs du mit dissen Ideen inverstahn?,Bist du mit diesen Ideen einverstanden?,
Bi tein Lüdd tövt.,Ungefähr zehn Leute warten.,
Drinkst du Wien?,Trinkst du Wein?,
"Datt het en Stroomutfall gäven, man nu is de Stroom wedder dor.","Es gab einen Stromausfall, aber jetzt ist der Strom wieder da.",
"Ik mak wiede Reisen, besöök feern Länner, do Saken, de ik noch nien daan heff.","Ich mache weite Reisen, besuche ferne Länder, mache Dinge, die ich noch nie gemacht habe.",
Ik heff wat in de Slaapkamer hört.,Ich hörte etwas im Schlafzimmer.,
Wat warrn op Japaanschen to dit Deert seggt?,Wie heißt dieses Tier auf Japanisch?,
"Man seggt, datt he teemlich rieke is.","Man sagt, er ist sehr reich.",
Datt gröttst Teleskoop op de Welt is op de Kanaren.,Das größte Teleskop der Welt befindet sich auf den Kanaren.,
Datt liggt op datt Sofa.,Es liegt auf dem Sofa.,
Se hätt datt Licht utmaakt.,Sie schaltete das Licht aus.,
"Wi denkt, datt datt slimmste vörbi is.","Wir denken, dass das Schlimmste vorbei ist.",
Uns Lehrersch süht heel jund ut.,Unsere Lehrerin sieht sehr jung aus.,
Ik heff Tom miene Fohrrad verköfft.,Ich habe mein Fahrrad an Tom verkauft.,
Ik heff mi vergangen Maand verkeuhlt hatt.,Ich habe mich letzten Monat erkältet.,
Lat em snacken!,Lass ihn reden!,
Mien Tante levt in New York.,Meine Tante lebt in New York.,
Teken mi en Schaap.,Zeichne mir ein Schaf.,
Opmaal güngen de Lichten ut.,Auf einmal gingen die Lichter aus.,
Wat böst du för ’n utverschaamten Bengel!,Was bist du für ein unverschämter Bengel!,
He is in siene Gedanken fungen.,Er ist in seinen Gedanken gefangen.,
En dunen Keerl slööp op de Bänk.,Ein betrunkener Mann schlief auf der Bank.,
"Wo kunnst du seggen, datt uns Soldaten för nix storven sünd?","Wie kannst du sagen, dass unsere Soldaten für nichts gestorben sind.",
„Wo denkst du an?“ – „Ik denk an di.“,„An was denkst du?“ – „Ich denke an dich.“,
„Wo denkst du an?“ – „Ik denk an di.“,„Woran denkst du?“ – „Ich denke an dich.“,
He harrn wat gägen Joden.,Er hat eine Abneigung gegenüber Juden.,
Du gest jüst en 50-Cent-Stück verlorene.,Du hast gerade ein 50-Cent-Stück verloren.,
Se het em küsst.,Sie hat ihn geküsst.,
Se hätt em küsst.,Sie küsste ihn.,
Du kunnst mi nix vörmaken!,Du kannst mir nichts vormachen!,
Wi nöömt uns Hund Pochi.,Wir nennen unseren Hund Pochi.,
Hess du veele drunken?,Hast du viel getrunken?,
Datt Ies bröök ünner datt Wicht.,Das Eis zerbrach unter dem Gewicht.,
He graavt siene egen Graff.,Er gräbt sein eigenes Grab.,
To Kumfermatschoon keem veele Fründschop.,Zur Konfirmation kamen viele Verwandte.,
He het keene Huusdeerten.,Er hat keine Haustiere.,
Du schallst di gau an datt Klima huer wennen.,Du wirst dich bald an das hiesige Klima gewöhnt haben.,
De Bröder sünd alle beid Musiker.,Die Brüder sind beide Musiker.,
Un mien Hannen hebbt bevert.,Und meine Hände haben gezittert.,
Datt Dack is leck.,Das Dach ist undicht.,
"’T warrn seggt, datt mit de Methood von de Injakulation Mannslüüd multiple Orgasmen hebben köönt.",Angeblich ermöglicht die Methode der Injakulation Männern multiple Orgasmen.,
Woneem is datt versteken?,Wo ist es versteckt?,
"Bi de Rieken lihrt een sporen, bi de Arme kaken.","Bei den Reichen lernt man sparen, bei den Armen kochen.",
Gest du datt Book toenn leest?,Hast du das Buch zu Ende gelesen?,
Lacht ji övers mi?,Lacht ihr über mich?,
Bünt du fröh mi to dräpen?,Bist du froh mich zu treffen?,
Se nehm en Taxi na ’t Krankenhuus.,Sie nahm ein Taxi zum Krankenhaus.,
Woveel kost en Komer?,Wie viel kostet ein Zimmer?,
Miene Mobieltje geit ich.,Mein Mobiltelefon geht nicht.,
De Hund wull rut.,Der Hund will raus.,
Tom harrn en poor Frogen.,Tom hatte einige Fragen.,
Ik bün keene Kind mihr.,Ich bin kein Kind mehr.,
Wees datt Vullmaand odder Neemaand?,War es Vollmond oder Neumond?,
’Keene is Alvar Aalto?,Wer ist Alvar Aalto?,
Se levt in en lütt Dörpe in Ingland.,Sie leben in einem kleinen Dorf in England.,
"Ik mag de Oort lieden, wo du smüüsterst.","Ich mag die Art, wie du lachst.",
Marks hätt miene Book.,Mark hat mein Buch.,
"He lüggt faken, dorüm glövt em nüms.","Da er oft lügt, glaubt ihm niemand.",
Ik gah elk Maand na ’n Putzbüdel.,Ich gehe jeden Monat zum Frisör.,
Se slöög mit de Fuust op ’n Disch.,Sie schlug mit der Faust auf den Tisch.,
Du schaßt nech weddersnacken!,Du sollst nicht widerreden!,
De Seed is ruug.,Die See ist rau.,
Ik wull keene Diutsch lihren.,Ich will kein Deutsch lernen.,
Ned hööl de Fahn hoog.,Ned hielt die Fahne hoch.,
Du fraagst de verkehrten Person.,Du fragst die falsche Person.,
Baven de 2000-Meter-Lien wasst keene Bööm.,Oberhalb der 2000-Meter-Grenze wachsen keine Bäume.,
De Hund het gau siene Knaken in ’n Goorn inbuddelt.,"Der Hund war eifrig damit beschäftigt, seinen Knochen im Garten zu vergraben.",
Na ’n Storm wees de Seed wedder rohig.,Nach dem Sturm war die See wieder ruhig.,
Wat för en lang Gurk!,Was für eine lange Gurke!,
Tom fohrt nicht gern mit’n Buss.,Tom fährt nicht gern mit dem Bus.,
De Brügg twüschen Dænmark un Sweden is meist achte Kilometers lange.,Die Brücke zwischen Dänemark und Schweden ist fast acht Kilometer lang.,
He hätt en witte Katte.,Er hat eine weiße Katze.,
Datt het vüör een Stünn ophöört to sneen.,Es hat vor einer Stunde aufgehört zu schneien.,
Ik bruuk negen Stunnen Slaap.,Ich brauche neun Stunden Schlaf.,
Du dröffst ich speelen.,Du darfst nicht spielen.,
Datt Baby hätt en nüüdlich Gesicht.,Das Baby hat ein niedliches Gesicht.,
Wüllt ji vonavend mit mi toslapen?,Wollt ihr heute Abend mit mir schlafen?,
"He sprüng nech hoog noog, üm en Pries to winnen.","Er sprang nicht hoch genug, um einen Preis zu gewinnen.",
De Schruuv wees ganz utjackelt.,Die Schraube war ganz ausgeleiert.,
"Du kunnst di hensetten, wo du wullt.","Du kannst dich hinsetzen, wo du magst.",
Ik heff en grotten Hund.,Ich habe einen großen Hund.,
Datt mööt wol Amerikaner wäsen.,Das müssen wohl Amerikaner sein.,
"He seggt, ik schall mit ehr na Boston fohren.","Er sagt, ich soll mit ihr nach Boston fahren.",
"He seggt, ik schall mit ehr na Boston fohren.","Er sagt, dass ich mit ihr nach Boston fahren soll.",
He is Baas von ’t Verkoopsafdeel.,Er ist Leiter der Verkaufsabteilung.,
"He is miene Nover, man ik kenn em nicht alle to goods.","Er ist mein Nachbar, aber ich kenne ihn nicht allzu gut.",
De Vogels singen.,Die Vögel sangen.,
De Vogels singen.,Die Vögel singen.,
"Kunnst du mi seggen, wo du övers simmeleerst?",Kannst du mir sagen worüber du nachdenkst?,
Wo smucket se is!,Wie schön sie ist!,
Se het en dicke Jüdder.,Sie hat dicke Titten.,
Nu weet ik datt wedder.,Jetzt fällt es mir wieder ein.,
"Un op en gröne Bänk, de root streken wees, seet en Jungkeerl mit blonne Krüllt un pickswart Hoor.","Und auf einer grünen Bank, die rot angestrichen war, saß ein blondgelockter Jüngling mit kohlrabenschwarzem Haar.",
Ik will datt nakieken.,Ich wollte es nachschlagen.,
De Vågel söch na Kevers.,Der Vogel suchte nach Käfern.,
"Ik weet, woneem du wahns.","Ich weiß, wo du wohnst.",
Düsse Katz is bruun.,Diese Katze ist braun.,
"Wenn datt üm Mathematik geit, is he alle de anner in siene Klass övers.","Wenn es um Mathematik geht, ist er in seiner Klasse allen überlegen.",
Ik heff datt för di daan.,Ich habe das für dich getan.,
He keem de Trepp dal.,Er kam die Treppe herunter.,
Mit ehr wull ik na ’t Enn von de Welt reisen.,Mit ihr möchte ich bis an das Ende der Welt reisen.,
Ik wull inhalen gohn.,Ich will einkaufen gehen.,
De Flegerhaven wees vonwegen Daak sperrt.,Der Flughafen war auf Grund des Nebels gesperrt.,
Siene Hoot seeg tæmlich grappig ut.,Sein Hut sieht ziemlich lustig aus.,
Wüllt wi en lütter Kööm drinkt?,Wollen wir noch einen kleinen Schnaps trinken?,
Blee lett sick licht bögen.,Blei lässt sich einfach biegen.,
Datt ji joon Geld man ich vergitt.,Vergesst euer Geld nicht.,
"Ik heff en List mit Äten opstellt, datt ik nech äten dröff.","Ich habe eine Liste von Speisen erstellt, die ich nicht essen kann.",
Een von miene leevste Schrievers is Herman Melville.,Einer meiner Lieblingsschriftsteller ist Herman Melville.,
"Wenn ik du wees, deed ik gliek na Huus gohn.","Wenn ich du wäre, würde ich sofort heimgehen.",
"Wenn ik du wees, deed ik gliek na Huus gohn.","Wenn ich du wäre, würde ich gleich nach Hause gehen.",
"Wenn ik du wees, deed ik gliek na Huus gohn.",An deiner Stelle ginge ich sofort nach Hause.,
He hätt Botterbrood äten.,Er aß ein Butterbrot.,
Robert wees sied övers een Joht mit Marie verlöövt.,Robert war seit über einem Jahr mit Marie verlobt.,
Ik bün so boren!,Ich bin so geboren!,
Wo lange blievst du huer?,Wie lange bleibst du hier?,
Ik heff datt Bild för 20.000 Yen verköfft.,Ich habe das Bild für 20000 Yen verkauft.,
Ik heff huer dörtig Joht wohnt.,Ich habe hier dreißig Jahre lang gelebt.,
Ik heff huer dörtig Joht wohnt.,Ich habe hier dreißig Jahre lang gewohnt.,
Ik heff huer dörtig Joht wohnt.,Ich habe hier dreißig Jahre gewohnt.,
Ik heff huer dörtig Joht wohnt.,Ich habe hier dreißig Jahre gelebt.,
Tom is gröttern as ik.,Tom ist größer als ich.,
"Ik heff gornich wüsst, datt du so goods kaken kunnst.","Ich wusste gar nicht, dass du so gut kochen kannst.",
Ik bün jüst torüchkamen.,Ich bin gerade zurückgekehrt.,
De School anfangt in ’n April an.,Die Schule fängt im April an.,
Ik heff düssen Sommer twe Kilo tonahmen.,Ich habe diesen Sommer zwei Kilo zugenommen.,
Düssen Sommer heff ik twe Kilo tonahmen.,Diesen Sommer habe ich zwei Kilo zugenommen.,
Düssen Sommer heff ik twe Kilo tonahmen.,Diesen Sommer habe ich zwei Kilogramm zugenommen.,
He stell mi en Fraag.,Er stellte mir eine Frage.,
Se het en grott Dochter.,"Sie hat eine Tochter, die groß ist.",
Is datt en allgemeen Bruuk in diene Land?,Ist das ein allgemeiner Brauch in deinem Land?,
Se mööt vörsichtiger wäsen.,Sie müssen vorsichtiger sein.,
He hätt mit ’n Escher en Lock utkuhlt.,Er hat mit dem Spaten ein Loch gegraben.,
En Katte slöppt op ’n Stohl.,Eine Katze schläft auf einem Stuhl.,
Datt Faat is vull.,Das Gefäß ist voll.,
Datt Faat is vull.,Das Fass ist voll.,
Ik wull noch en Bier.,Ich möchte noch ein Bier.,
Ik wull noch en Bier.,Ich will noch eine Beere.,
Ik wull noch en Bier.,Ich will noch eine Birne.,
Ik wull noch en Bier.,Ich will noch einen Eber.,
Ik wull noch en Bier.,Ich möchte noch eine Birne.,
Ik wull noch en Bier.,Ich möchte noch eine Beere.,
Ik wull noch en Bier.,Ich möchte noch einen Eber.,
Ik wull noch en Bier.,Ich will noch ein Bier.,
De Maand is rachter de Wulken.,Der Mond ist hinter den Wolken.,
Mien Huud warrn an ’e Sünn gau bruun.,Meine Haut wird in der Sonne schnell braun.,
"Ik hööp, datt hört op to regent.","Ich hoffe, es hört auf zu regnen.",
"Tatoeba: Sätz, Sätz un noch mihr Sätz.","Tatoeba: Sätze, Sätze und noch mehr Sätze.",
"Wenn een in Room is, dunn schull een datt doot, as de Römers datt doon.","Wenn man in Rom ist, sollte man sich wie ein Römer verhalten.",
Dt geit di nix an.,Das geht dich nichts an.,
Datt rükt lecker! Wat kaakst du jüst?,Das riecht ja lecker! Was kochst du gerade?,
"Ik weet, wat ik seggt heff.","Ich weiß, was ich gesagt habe.",
Tom is in’t Kino inslopen.,Tom ist im Kino eingeschlafen.,
Datt Freuhstück is trech.,Das Frühstück ist fertig.,
"Wenn du de Schäuhe nicht wutt smeren, sau kunnst du den Schauster den Büel smeren.","Wenn du die Schuhe nicht pflegen willst, so pflegst du des Schusters Geldbeutel.",
Wat maakst du dann dor för en Narrnkraam?,Was machst du denn da für einen Blödsinn?,
Ik bün mit miene Lohn tofreden.,Ich bin mit meinem Gehalt zufrieden.,
Ik bün mit miene Lohn tofreden.,Ich bin mit meinem Lohn zufrieden.,
Datt is mi schietegal.,Das ist mir völlig egal.,
Datt is mi schietegal.,Das ist mir scheißegal.,
Wi hebbt datt Schampoo opbruukt.,Wir haben das Shampoo aufgebraucht.,
Datt warrn bilütten Nacht.,Es wird langsam Nacht.,
"Ik hööp, miene Baas stimmt miene Plaan to.","Ich hoffe, mein Chef stimmt meinem Plan zu.",
He het datt för Geld maakt.,Er hat das für Geld gemacht.,
Du büs en bäten besett.,Du bist ein bisschen dick.,
Du böst en bäten besett.,Du bist ein bisschen hüftig.,
Düsse Kamern kriegt ich veele Sünn af.,Dieses Zimmer bekommt nicht viel Sonne ab.,
De Kever is döstig.,Der Käfer ist durstig.,
Use Scheff heff en Överkoppbildsmieter kofft.,Unser Chef hat einen Tageslichtprojektor gekauft.,
Se deed in ’n Buss blangen em sitten.,Sie saß neben ihm im Bus.,
Datt wees teemlich knapp.,Es war sehr knapp.,
Latien is en dode Spraak.,Latein ist eine tote Sprache.,
Do datt noch wedder.,Mach es noch einmal.,
"Segg mi, waorüm as du mi bi ’n Schoolmeester anscheten hess.","Sag mir, warum du mich beim Lehrer verpetzt hast.",
Kann ik met di kwatern?,Kann ich mit dir schwatzen?,
De beide woren unbannig rieke.,Die beiden waren extrem reich.,
Los!,Los!,
Sünd ji inverstohn?,Seid ihr einverstanden?,
Bünt du mit diene Utsehn tofreden?,Bist du mit deinem Aussehen zufrieden?,
Datt Baby deed siene Mund apen.,Das Baby öffnete seinen Mund.,
So gau as en Plinken.,So schnell wie ein Blinzeln.,
Ik lööp för miene Läven.,Ich lief um mein Leben.,
Datt Taxi hätt twe Fohrgäst afhaalt.,Das Taxi holte zwei Fahrgäste ab.,
De Schaap graast op de Weid.,Die Schafe grasen auf der Weide.,
Nu mag ik keene Bier.,Jetzt mag ich kein Bier.,
In ’n Harvst warrn datt Loov root un geel.,Im Herbst wird das Laub rot und gelb.,
Mi gefallt de Klöör Geel.,Mir gefällt die Farbe Gelb.,
De Kaffee smeckt gresige.,Der Kaffee schmeckt scheußlich.,
Tom un Rias seukt ehr Söön.,Tom und Maria suchen ihren Sohn.,
He arbeden bi en Bänk.,Er arbeitet bei einer Bank.,
Doon wi datt!,Tun wir's!,
Waorüm weenst du?,Wieso weinst du?,
Waorüm weenst du?,Warum weinst du?,
"Se seden, datt de Lagerkösten to hoog wören.","Sie sagten, die Lagerkosten seien zu hoch.",
Se het mi jümmerto anropen.,Sie rief mich ständig an.,
"Wenn du ans nix to doot gest, dunn tell de greekschen Eilannen!","Wenn du nichts anderes zu tun hast, dann zähl die griechischen Inseln!",
Ik wull nech speelen.,Ich will nicht spielen.,
Roop foorts den Dokter an.,Ruf sofort den Arzt an.,
De Typ is ganz un gor mall!,Der Typ ist total verrückt!,
Wat för en CD wullt du anhören?,Welche CD willst du anhören?,
"Süht ut, as wenn datt to regent fangt.","Es sieht aus, als ob es zu regnen beginnt.",
"Oh, mien witte Büx! De wees nee.","Oh, meine weiße Hose! Sie war neu.",
Is de wol en rechten Dokter? De küert so normaal.,Ist der wohl ein richtiger Arzt? Der spricht so normal.,
Ik bruuk Frünnen.,Ich brauche Freunde.,
Ik heff kene Süster.,Ich habe keine Schwester.,
Se hätt em för siene Geld heiraadt.,Sie hat ihn für sein Geld geheiratet.,
Wat kost datt?,Wie viel kostet es?,
Wat kost datt?,Was kostet das?,
He is siene Fründ.,Er ist sein Freund.,
He is vüör Klock achte na Huus komen.,Er ist vor 8 Uhr nach Hause gekommen.,
Wi hebbt uns mit jen anfrünnt.,Wir befreundeten uns mit ihnen.,
"Leevst du noch, Sysko?","Lebst du noch, Sysko?",
Du büs so en Dummbüdel!,Du bist so ein Blödmann!,
He wees tæmlich mödig.,Er war ziemlich müde.,
Ik heff nix in miene Tasch.,Ich habe nichts in meiner Tasche.,
Ick dörv studeren.,Ich darf studieren.,
"Jimmy deed dulle hoosten, vonwegen datt he sick verkeuhlt harrn.","Jimmy hat starken Husten, denn er ist erkältet.",
He deed Esperanto mit en dullen russ’schen Akzent snacken.,Er sprach Esperanto mit starkem russischem Akzent.,
Ik treck mi an un dann wull ik fröhstückt.,Ich ziehe mich an und dann möchte ich frühstücken.,
Mihr as twintig Jugs güngen dor hen.,Mehr als zwanzig Jungen gingen da hin.,
Waorüm hess du datt so hill?,Warum bist du so in Eile?,
Se het miene Geboortsdatum vergäten.,Sie hat meinen Geburtstag vergessen.,
Ik mook datt nicht so.,Ich mache das nicht so.,
Breng mi miene Brill.,Bring mir meine Brille.,
Se hätt em en Hund kofft.,Sie hat ihm einen Hund gekauft.,
Düsse Soort Fischen harrn ik bet dorhen noch ich sehen.,Diese Fischart hatte ich bis dahin noch nie gesehen.,
Ik heff miene Fingerdopp verbrennen.,Ich habe meine Fingerkuppe verbrannt.,
Wat bruuk ik?,Was brauche ich?,
"Wenn ik Tom seh, segg ik em, datt du em socht gest.","Wenn ich Tom sehe, sage ich ihm, dass du ihn gesucht hast.",
Nu överdriffst du.,Jetzt übertreibst du.,
Ik verdeen dubbelte so veele as du.,Ich verdiene doppelt so viel wie du.,
An ’n Heven fleegt twe Kreihn.,Am Himmel fliegen zwei Krähen.,
Gissen is missen.,Vermuten ist danebenliegen.,
Yamamoto is een von miene Frünn.,Yamamoto ist einer von meinen Freunden.,
Häng diene Hoot op ’n Haak.,Hänge deinen Hut auf den Haken.,
"Ik wees verplext, as ik mitkregen heff, datt jümmerto minner jung Lüdd Schrievschrift schrievt köönt.","Ich war verblüfft, als ich erfuhr, dass immer weniger junge Menschen Schreibschrift schreiben können.",
Du bruukst datt nech gliek moken.,Du musst das nicht sofort machen.,
He düker een Stünn later op.,Er tauchte eine Stunde später auf.,
„Hess du miene Mobieltje sehen?“ „Datt liggt op ’n Disch.“,"Hast du mein Handy gesehen? ""Es liegt auf dem Tisch.""",
„Gest du miene Mobieltje sehen?“ „Datt liggt op ’n Disch.“,„Hast du mein Mobiltelefon gesehen?“ – „Das liegt auf dem Tisch.“,
Du böst en gode Jund.,Du bist ein guter Junge.,
Ik heff hüüt mit Tom kört.,Ich habe heute mit Tom gesprochen.,
Ik meen datt ook so.,Ich meine das auch so.,
"Datt deit weh, wenn ik mieg.","Es tut weh, wenn ich pinkle.",
Se kan Russ’sch snacken.,Sie kann Russisch sprechen.,
Wullt du mit mi danzen?,Willst du mit mir tanzen?,
Waorüm in Clermont-Ferrand?,Warum in Clermont-Ferrand?,
Se hebbt al äten.,Sie haben schon gegessen.,
Wi schöölt den Dokter ropen.,Wir sollten den Doktor rufen.,
"Dr. Schmidt het twe Döchter, de een is Krankenswester, de anneren Griepsch.","Dr. Schmidt hat zwei Töchter, die eine ist Krankenschwester und die andere Hebamme.",
"Jümmerto wenn datt regen, leekt datt Dack.","Immer wenn es regnet, leckt das Dach.",
"Datt is miene Droom, en Nobelpries to winnen.","Es ist mein Traum, einen Nobelpreis zu gewinnen.",
Ik kan Bangbüxen nicht utstahn.,Ich kann Feiglinge nicht ausstehen.,
Lat mi tofreden!,Lass mich in Ruhe!,
Ik heff en Turistenvisum.,Ich habe ein Touristenvisum.,
"Tom hätt mi noch ich seggt, wat ik doot schall.","Tom hat mir noch nicht gesagt, was ich tun soll.",
Du singst jümmerto.,Du singst immer.,
Bün ik slapen?,Bin ich eingeschlafen?,
Ik bün slapen.,Ich bin eingeschlafen.,
Se het em Teken gäven sitten to gohn.,"Sie hat ihm ein Zeichen gegeben, sich zu setzen.",
Datt Füer güng ut.,Das Feuer ging aus.,
"Ik weet noch, wat he seggt hätt.","Ich weiß noch, was er gesagt hat.",
Phillesoferen bedüdt lihren to starvt.,Philosophieren bedeutet lernen zu sterben.,
Se hebbt mit mit „Dokter“ ansnackt.,"Sie sprachen mich mit ""Doktor"" an.",
Ik heff twe Tassen Kaffee nohmen.,Ich nahm zwei Tassen Kaffee.,
Is datt in ’n April jümmerto so gresige?,Ist es im April immer so furchtbar?,
Geit di datt goods?,Geht's dir gut?,
Datt het en Eerdbevens gäven un dunn noch en Tsunami.,Es gab ein Erdbeben und zusätzlich noch einen Tsunami.,
De Verenigte Staten sünd en heel groot Land.,Die Vereinigten Staaten sind ein sehr großes Land.,
Düsse Larm is nech uttoholen.,Dieser Krach ist nicht auszuhalten.,
Ik tööv al en halve Stünn op di.,Ich warte schon eine halbe Stunde auf dich.,
Ik heff Tennis speelt.,Ich spielte Tennis.,
Tom wœr nicht in de Kœk.,Tom war nicht in der Küche.,
In de Kœk wœr Tom ich.,In der Küche war Tom nicht.,
De Aap kladder op en Boom.,Der Affe kletterte auf einen Baum.,
Wi mööt wat doot.,Wir müssen etwas unternehmen.,
Wi mööt wat doot.,Wir müssen etwas tun.,
Roker oder Nichroker?,Raucher oder Nichtraucher?,
Lehr toeerst de Formel butenkopps.,Lern zunächst die Formel auswendig.,
Sla Siet negen op.,Schlag Seite neun auf.,
’Keene magst du lever: de Giants odder de Dragons?,Wen magst du lieber: die Giants oder die Dragons?,
Tom sien ierste Fru keem ut Boston.,Toms erste Frau kam aus Boston.,
Ik unn vergangen Nacht nech toslapen.,Ich konnte letzte Nacht nicht schlafen.,
Wo lat is datt jüst in San Francisco?,Wie spät ist es gerade in San Francisco?,
Wo lat is datt jüst in San Francisco?,Wie spät ist es jetzt in San Francisco?,
Winterdaag gaht fröh toenn.,Wintertage enden früh.,
Ik seet blangen John.,Ich saß neben John.,
He grööv en Lock.,Er grub ein Loch.,
He grööv en Lock.,Er hob ein Loch aus.,
"Se weet nicht, wat se mit datt Geld moken schullt.","Sie wissen nicht, was sie mit dem Geld machen sollen.",
Ik kan ehr nix afsloon.,Ich kann ihr nichts abschlagen.,
Kunnst du datt nochmaal seggen?,Kannst du das noch einmal sagen?,
Se harrn gneterswarte Ogen.,Sie hatte kohlpechrabenschwarze Augen.,
Waorüm driggst du keene Kuntaktlinsen?,Warum trägst du keine Kontaktlinsen?,
Dröff ik mi vörstellen?,Darf ich mich vorstellen?,
Ann hätt kene Süster.,Anne hat keine Schwester.,
Se het em mit en Küssens stickt.,Sie hat ihn mit einem Kissen erstickt.,
Wi singen bi ’t Wannern.,Wir sangen beim Wandern.,
Datt Konzert anfangt gliek an.,Das Konzert fängt gleich an.,
"As ik datt hört heff, bün ik noch truriger worrn.","Als ich das hörte, wurde ich noch trauriger.",
Huer stinkt wat.,Hier stinkt irgendetwas.,
Se is stark.,Sie ist stark.,
In China heff ik faken Jasmintee kriegen.,In China habe ich oft Jasmintee bekommen.,
Woveel Kauken kunnst du eten?,Wie viel Kuchen kannst du essen?,
Se maakt datt Finstern op.,Sie macht das Fenster auf.,
Datt Kind kan bet twintig tellen.,Das Kind kann bis zwanzig zählen.,
Wat is ’n datt för ’n Schiet?,Was ist das denn für eine Scheiße?,
Du harrst en bäten ehrder komen schullen.,Du hättest ein bisschen früher kommen sollen.,
Ik gah in ’n Goorn.,Ich gehe in den Garten.,
"Juliana hätt mi vertellt, datt du ut São Paulo bünt.","Juliana hat mir erzählt, dass du aus São Paulo bist.",
De Sünn geit in ’n Oosten op un in ’n Westen ünner.,Die Sonne geht im Osten auf und im Westen unter.,
Ik bün so mööd!,Ich bin so müde!,
"Een is Japaners, de anner Italieners.","Einer ist Japaner, der andere Italiener.",
"Wenn de Rüe griäst, giëwt Riängen.","Wenn der Hund grast, gibt es Regen.",
Lat uns süngen un danzen.,Lasst uns singen und tanzen.,
Ken löpt an Krücken.,Ken läuft an Krücken.,
De Morales sünd in de Stuuv.,Die Morales sind im Wohnzimmer.,
Snackst du Chineesche?,Sprichst du Chinesisch?,
Wi kaamt na datt Gräffnis.,Wir nehmen an der Beerdigung teil.,
Wi draapt uns Klock drie.,Wir treffen uns um 15 Uhr.,
Lynn rönnt gau.,Lynn rennt schnell.,
Ik geet jüst de Blomen.,Ich gieße gerade die Blumen.,
Donnerslach! Datt is ich slecht!,Donnerwetter! Das ist nicht schlecht!,
Datt is miene Book.,Das ist mein Buch.,
Datt Läven is nech gerecht.,Das Leben ist nicht gerecht.,
Ik bün twe Maol in Paris wäsen.,Ich war zwei Mal in Paris.,
Ik bün twe Mal in Paris wäsen.,Ich bin zweimal in Paris gewesen.,
Miene Mann is Dokter.,Mein Mann ist Arzt.,
Wo blieft dann dor de Logik?,Wo bleibt denn da die Logik?,
Ik kenn düssen Junge.,Ich kenne diesen Jungen.,
Frein mi!,Freut mich!,
Ik kan datt nicht sehen.,Ich kann es nicht sehen.,
Middweken froh heff ik mi mit miene Frünn dropen.,Mittwoch früh habe ich mich mit meinen Freunden getroffen.,
Ik mag Fischen lever as Fleesch.,Ich mag Fisch lieber als Fleisch.,
"Datt is en lütt Land, von datt de mehrsten Lüdd noch nien nix hört hebbt.","Es ist ein kleines Land, von dem die meisten Leute noch nie gehört haben.",
Ik schall so bi Meddag mit de Arbeit trech wäsen.,Ich werde gegen Mittag mit der Arbeit fertig sein.,
Siene Huus is kumplett dalbrennt.,Sein Haus brannte vollständig ab.,
Datt Slimmste an ’n Harvst sünd de Loff-Turisten.,Das Schlimmste am Herbst sind die Laub-Touristen.,
Brukt wi en Weltspraak?,Brauchen wir eine Weltsprache?,
Düsse Hoot steiht mi goods.,Dieser Hut steht mir gut.,
De Lüdd woren ich praat för den Storm.,Die Leute waren nicht auf den Sturm vorbereitet.,
De April maakt wat he wull.,"Der April macht, was er will.",
Riekdömer sünd to ’n Utgäven dor.,Reichtümer sind zum Ausgeben da.,
Gah man sitten.,Setz dich hin!,
An de Frücht kinnt ’n den Boom.,An den Früchten erkennt man den Baum.,
Düsse Mann is dood.,Dieser Mann ist tot.,
"Se deed so, as wenn se mi nech hört harrn.","Sie gab vor, mich nicht gehört zu haben.",
Jüst heff ik em dropen!,Gerade habe ich ihn getroffen!,
"Datt wees meist Meddag, as ik opwaken deed.","Es war fast Mittag, als ich aufwachte.",
Gold is veele sworer as Woter.,Gold ist viel schwerer als Wasser.,
Deit di diene Kopp weh?,Tut dir dein Kopf weh?,
Wo büs du hen ünnerwegens?,Wohin bist du unterwegs?,
Ik kan datt nicht mihr uthollen.,Ich ertrage das nicht mehr.,
He müss den Verdrag tegen siene Willen ünnerschrieven.,Er musste den Vertrag gegen seinen Willen unterschreiben.,
Se het em foppt.,Sie hat ihn gefoppt.,
Düsse Tog hüllt von Nakano af an an elk Station.,Dieser Zug hält von Nakano ab an jeder Station.,
"Ik wees datt ich, Kommissar!","Ich war's nicht, Kommissar!",
Ik äät keene Fischen.,Ich esse keinen Fisch.,
Julia hätt veele Rosen un veele Lelen in ehrn Goorn.,Julia hat viele Rosen und viele Lilien in ihrem Garten.,
De Studenten hebbt dit Gedicht butenkopps lihrt.,Die Studenten lernten dieses Gedicht auswendig.,
Sünd de alle eengaal?,Sind sie alle gleich?,
In'n Westen nix Nigget.,Im Westen nichts Neues.,
"En Kind, datt slöppt, is as en Engel.","Ein Kind, das schläft, ist wie ein Engel.",
"Tom deed alleen äten, ofschoonst he hööpt harrn, tohoop mit Mary to äten.","Tom aß allein, obwohl er gehofft hatte, gemeinsam mit Mary zu essen.",
"Nech allen, wat twe Backen het, is en Gesicht.","Nicht alles, was zwei Backen hat, ist ein Gesicht.",
"Se hätt em rümsnackt, en neet Huus to köpen.","Sie hat auf ihn eingeredet, ein neues Haus zu kaufen.",
Du kunnst di dor noch beters op besinnst as ik.,Du erinnerst dich besser daran als ich.,
Kumiko is so groot as Tom.,Kumiko ist so groß wie Tom.,
Datt duurn nicht mihr lange bet to ’t Vörjohr.,Es dauert nicht mehr lange bis zum Frühling.,
Woans het he datt daan?,Wie hat er das gemacht?,
"Löövt ji, datt he dood is?","Glaubt ihr, dass er tot ist?",
Ik besöök ehr alle twe Daag.,Ich besuche sie alle zwei Tage.,
Ik gah jeden Ovend Klock tein na Bedde.,Ich gehe jeden Abend um zehn Uhr schlafen.,
Ik gah jeden Abend Klock tein na Bedde.,Ich gehe jeden Abend um zehn zu Bett.,
