nds,de
He hett en Boom ümhackt in ’n Goorn.,Er hat einen Baum im Garten gefällt.
De Hund weer ut ’e Puust.,Der Hund war außer Atem.
Ik heff in mien Goorn en Appelboom plant.,Ich habe in meinem Garten einen Apfelbaum gepflanzt.
Ik bün in ’n verkehrten Bus instegen.,Ich bin in den falschen Bus gestiegen.
He keek mi in ’t Gesicht.,Er sah mir ins Gesicht.
Mayuko ehr Droom is wohr worrn.,Mayukos Traum wurde wahr.
He bröch uns trurige Narichten.,Er brachte uns traurige Nachrichten.
Ik verstah keen Düütsch.,Ich verstehe kein Deutsch.
"Wenn achter Flegen Flegen flegen, flegen Flegen Flegen achterher.","Wenn hinter Fliegen Fliegen fliegen, fliegen Fliegen Fliegen hinterher."
"Schasst ook de Best wesen, wenn dor ans nüms is!","Du kannst auch der Beste sein, wenn da niemand anderes ist."
De Mann hett den Düvel sien Seel verköfft.,Der Mann verkaufte dem Teufel seine Seele.
Schall ik di en Koort teken?,Soll ich dir eine Karte zeichnen?
Düsse japaansche Satz is unöversettbor.,Dieser japanische Satz ist unübersetzbar.
Dor sünd enkelte Bööd op ’n See.,Es sind einige Boote auf dem See.
Ik deed mi lever scheden laten.,Ich würde mich lieber scheiden lassen.
Dit Book is nich to verköpen.,Dieses Buch ist nicht zu verkaufen.
Ik bün op ’n Weg.,Ich bin auf dem Weg.
Warr ik wedder gohn künnen?,Werde ich wieder gehen können?
Snackst du Georgsch?,Sprichst du Georgisch?
Ik will em anropen. Hest du sien Telefoonnnummer?,Ich will ihn anrufen. Hast du seine Telefonnummer?
Brian nöhm en poor Rosen.,Brian nahm ein paar Rosen.
Woveel Böker hest du denn?!,Wie viele Bücher hast du denn?!
Un diene Süster?,Und deine Schwester?
Du hest di temlich verännert.,Du hast dich sehr verändert.
"Wenn du Freden wullt, denn maak di för ’n Krieg praat.","Wenn du Frieden willst, bereite dich auf den Krieg vor."
He hett dat Water mit sien Foot raakt.,Er hat das Wasser mit seinem Fuß berührt.
Wat schall dat för Edinburgh bedüden?,Was wird das für Edinburgh bedeuten?
Dat fallt mi nich licht.,Das fällt mir nicht leicht.
He füll in ’n Stroom.,Er fiel in den Fluss.
De Oost is en Blangenstroom von de Elv.,Die Oste ist ein Nebenfluß der Elbe.
Ik bün trurig.,Ich bin traurig.
Dat Speel weer traag un langwielig.,Das Spiel war langsam und langweilig.
Mien Puckel deit weh.,Mein Rücken tut weh.
Mien Puckel deit weh.,Mein Rücken schmerzt.
Se hett em en Hemd köfft.,Sie hat ihm ein Hemd gekauft.
Se is uns Naversch.,Sie ist unsere Nachbarin.
De lüttste Eerddeel is Australien.,Der kleinste Kontinent ist Australien.
De lüttste Eerddeel is Australien.,Der kleinste Erdteil ist Australien.
Se wull dat Geld nich annehmen.,"Sie weigerte sich, das Geld anzunehmen."
Giff op!,Gib es auf!
Giff op!,Gib auf!
In de drüdde Stünn hebbt wi Franzöösch.,In der dritten Stunde haben wir Französisch.
Steerns sünd gewaltig grote Plasmabäll.,Sterne sind gigantische Plasmabälle.
"De Nacht weer so düüster, meist so düüster as ehr Hart.","Die Nacht war so schwarz, fast so schwarz wie ihr Herz."
"He weet nich, wat he doon schall.","Er weiß nicht, was er tun soll."
Ehr Muskeln sünd stiev.,Ihre Muskeln sind steif.
Dor is en groot Lock in ’e Wand.,Da ist ein großes Loch in der Wand.
De Wecker geiht teihn Minuten vör.,Der Wecker geht zehn Minuten vor.
Wi bruukt Füür.,Wir brauchen Feuer.
Fangt wi op Sied 30 an.,Fangen wir auf Seite 30 an.
Worüm kummst du uns nich besöken?,Warum kommst du uns nicht besuchen?
He is Maandag na New York föhrt.,Er ist am Montag nach New York gefahren.
Heff ik wat verpasst?,Habe ich etwas verpasst?
Ken hool op to snacken un füng an to eten.,Ken hörte auf zu sprechen und fing zu essen an.
Dat is uns Huus.,Das ist unser Haus.
Faat dat nich an.,Fass es nicht an.
De Tog is jüst afföhrt.,Der Zug ist soeben abgefahren.
Wat för ’n Soort Eten magst du geern?,Was für ein Essen magst du gerne?
Ken un Meg sünd all beid mien Frünnen.,Ken und Meg sind beide meine Freunde.
Wat för en Nettkieker bruukst du?,Was für einen Browser benutzt du?
Wat för en Nettkieker bruukst du?,Welchen Netznavigator verwendest du?
Wat för en Nettkieker bruukst du?,Welchen Netzgucker gebrauchst du?
Normalerwies geiht se Klock negen slapen.,Meistens geht sie um neun Uhr schlafen.
Ik eet nich.,Ich esse nicht.
Ehr Plaan lett beter as mien.,Ihr Plan erscheint mir besser als meiner.
Deit mi leed.,Verzeihung.
Deit mi leed!,Tut mir leid!
Dröff ik disse Appelsien eten?,Kann ich diese Orange essen?
Dröff ik disse Appelsien eten?,Kann ich diese Apfelsine essen?
Hest du Melk?,Hast du Milch?
Noch en lütt beten.,Noch ein kleines bisschen.
Se hett allens kaputtmaakt!,Sie hat alles kaputt gemacht!
Nu is de Aven ut.,Jetzt ist der Ofen aus.
De Sommer is vörbi.,Der Sommer ist vorbei.
De Sommer is vörbi.,Der Sommer ist zu Ende.
Vergeet dat. Dat is de Möh nich weerd.,"Vergiss es, das ist die Mühe nicht wert."
Ik bün in Paris.,Ich bin in Paris.
De Born is dröög.,Der Brunnen ist trocken.
Deit jo dat leed?,Tut es euch leid?
Deit jo dat leed?,Tut dir das leid?
Finger weg von de Schokolaad!,Finger weg von der Schokolade!
Tom hett Mary op ’n Weg na School drapen.,Tom hat Mary auf dem Schulweg getroffen.
Tom see nix.,Tom sagte nichts.
Vonwegen den Storm kunnen wi dat misste Kind nich söken.,Aufgrund des Sturmes konnten wir das vermisste Kind nicht suchen.
De Dänserinnen harrn sik opfleet.,Die Tänzerinnen hatten sich hübsch angezogen.
"Ik weet nich, wannehr he trüggkummt.","Ich weiß nicht, wann er zurückkommt."
Du büst dämelig.,Du bist dumm.
He deed in Holschen afbotten.,Er stiefelte in Holzschuhen fort.
Wies mi dien!,Zeige mir deins!
He is op ’t Partermang.,Er ist auf der Toilette.
Dor is en gele Roos.,Da ist eine gelbe Rose.
Se hett em vördull peddt.,Sie hat ihn arg getreten.
’Keen von de Jungs in dien Klass singt opbest?,Wer von den Jungen in deiner Klasse singt am besten?
Se hebbt keen Spaansch snackt.,Sie sprachen kein Spanisch.
De Tog weer vonwegen en Sneestorm twee Stünnen to laat.,Der Zug hatte wegen eines Schneesturms 2 Stunden Verspätung.
Se hett em instellt.,Sie hat ihn eingestellt.
He mag kene Appelsienen.,Er mag keine Apfelsinen.
Kann ik en Busfohrplaan kriegen?,Könnte ich einen Busfahrplan bekommen?
"Se hett nich maal versöcht, dat richtige to doon.","Sie hatte nicht einmal versucht, das Richtige zu tun."
Ik heff veel an di dacht.,Ich habe viel an dich gedacht.
De hoge Luftfuchtigkeid maakt mi ganz dösig.,Die hohe Luftfeuchtigkeit macht mich ganz müde.
Du musst vörsichtiger wesen.,Du musst vorsichtiger sein.
De Heven verdüüster sik.,Der Himmel verdunkelte sich.
Disse Schrievdisch is ut Holt.,Dieser Schreibtisch ist aus Holz.
Du musst gahn.,Du musst gehen.
"Ik kann mi besinnen, wat he seggt hett.","Ich erinnere mich daran, was er gesagt hat."
Ik weet nix över ehr Plaans.,Ich weiß nichts über ihre Pläne.
Öösterriek is al 1978 ut de Atomenergie utstegen.,Österreich ist bereits 1978 aus der Atomenergie ausgestiegen.
De Schoolmeester sitt op ’n Stohl.,Der Lehrer sitzt auf dem Stuhl.
Ik mag Spraken!,Ich mag Sprachen!
Büst du en Töverer?,Bist du ein Zauberer?
Ik kann nich besünners good kieken.,Ich sehe nicht sehr gut.
Du musst di spoden.,Du musst dich beeilen.
Du musst di spoden.,Du musst dich sputen.
Wi köönt de Achtersied von ’n Maand nich sehn.,Wir können nicht die Hinterseite des Mondes sehen.
Worüm is he mucksch?,Warum ist er beleidigt?
Ik bün noch nicht meud.,Ich bin noch nicht müde.
De Patient liggt op dat Dodenbedd.,Der Patient liegt auf dem Totenbett.
Jim mag den Dokter.,Jim mag den Arzt.
Jim mag den Dokter.,Jim mag den Doktor.
Sünd Tom un Ria all beid to laat to’n Ünnerricht komen?,Sind Tom und Maria alle beide zu spät zum Unterricht gekommen?
Se sünd op en eensame Insel utsett worrn.,Sie wurden auf einer einsamen Insel ausgesetzt.
Se höör stünnenlang Musik.,Sie hörte stundenlang Musik.
"Ik weet, dat Marko krank wesen is.","Ich weiß, dass Marko krank gewesen ist."
Wat is dat?,Was ist das?
Woveel Nachten blieft ji?,Wie viele Nächte bleibt ihr?
Se is wiss över veertig.,Sie ist mit Sicherheit über vierzig.
Du hest twee Böker.,Du hast zwei Bücher.
Hest du twee Böker?,Hast du zwei Bücher?
He itt keen rohen Fisch.,Er isst keinen rohen Fisch.
Ik kenn dat Geföhl.,Ich kenne das Gefühl.
Ik gah vonavend mit Lisa ut.,Ich gehe heute Abend mit Lisa aus.
Laat uns verpuusten.,Lass uns eine Pause machen.
Laat uns verpuusten.,Lasst uns eine Pause machen.
Wo lang kann ik mi dit Book utlehnen?,Wie lang kann ich mir dieses Buch ausleihen?
Mien Geboortsdag is in ’n Juli.,Mein Geburtstag ist im Juli.
Wat is de Ünnerscheed twischen en Duuv?,Was ist der Unterschied zwischen einer Taube?
Ria toog sik an.,Maria zog sich an.
Ik heff noch nix daan.,Ich habe noch nichts getan.
Tohuus gah ik lever barft.,Zu Hause gehe ich lieber barfuß.
Tracy hett ehr Brill verloren.,Tracy hat ihre Brille verloren.
Swiegen is Gold.,Schweigen ist Gold.
"Ik bün nich paranoid, de sünd worraftig achter mi her!","Ich bin nicht paranoid, sie sind tatsächlich hinter mir her!"
De Chineesch Müür is mehr as 5.500 Mielen lang.,Die Chinesische Mauer ist mehr als 5.500 Meilen lang.
De Hund is dood.,Der Hund ist tot.
Ik verlaat Tatoeba.,Ich verlasse Tatoeba.
De Düvel schitt jümmer op den gröttsten Hümpel.,Der Teufel scheißt immer auf den größten Haufen.
Hest du en Trüggfohrkoort köfft?,Hast du eine Rückfahrkarte gekauft?
"Dat is en Huus, jüst as dat, wat ik sehn heff.","Es ist ein Haus, genau wie das, was ich gesehen habe."
Du blöddst an ’e Nees.,Du blutest an der Nase.
Dat is för en Fründ von mi.,Es ist für einen Freund von mir.
"Tööv man, ik roop Jimmy.","Warte kurz, ich rufe Jimmy."
Bob deed Pastoor warrn.,Bob wurde ein Pfarrer.
Se wahnt alleen in de Kamer.,Sie wohnt alleine in dem Zimmer.
Se wahnt alleen in de Kamer.,Sie wohnt allein in dem Zimmer.
"Maak dat man glieks, dat du dat nich vergittst.","Mache es gleich, damit du es nicht vergisst."
Woans se snackt!,Wie sie spricht!
De Bökerladen is dicht bi ’n Park.,Der Buchladen ist nahe am Park.
Ik bün de Gröttste in mien Klass.,Ich bin der Größte in meiner Klasse.
Hett Tom Kinner?,Hat Tom Kinder?
Gest du dat to ’n eersten Maal pröövt?,Hast du das das erste Mal gekostet?
Jeedeen drünk en Glas.,Jeder trank ein Glas.
"Tom will, dat siene Kinner Franzöösch lehrt.","Tom will, dass seine Kinder Französisch lernen."
"Sütt ut, as wenn Bikinis dit Johr in sünd.","Es sieht aus, als ob Bikinis in diesem Jahr Mode sind."
"Vertell em dat, wenn he trüggkummt.","Erzähle ihm das, wenn er zurückkommt."
Disse Stohl is för mi to sied.,Dieser Stuhl ist zu niedrig für mich.
Disse Stohl is to sied för mi.,Dieser Stuhl ist zu niedrig für mich.
Disse Stohl is to sied för mi.,Dieser Stuhl ist für mich zu niedrig.
Disse Stohl is för mi to sied.,Dieser Stuhl ist für mich zu niedrig.
Ik bün jüst von de Post trüggkamen.,Ich bin gerade von der Post zurückgekommen.
Töövst du op een?,Wartest du auf jemanden?
Laat uns eten gahn.,Lasst uns essen gehen.
"Ik weet nich, wat he dood oder lebennig is.","Ich weiß nicht, ob er tot oder lebendig ist."
Ik kaam ut dat Swavenland.,Ich komme aus dem Schwabenland.
"Warrt seggt, de Leevd maakt blind.","Man sagt, Liebe mache blind."
Ik heff keen Kinner.,Ich habe keine Kinder.
Lees dissen Satz nich.,Diesen Satz nicht lesen!
Dat Gras von de Navers is alltied gröner.,Das Gras der Nachbarn ist immer grüner.
"Ik gläuv, Tom meent, dat ik dat denk.","Ich glaube, Tom meint, dass ich das denke."
Ik weer bang to laat to wesen.,Ich fürchtete zu spät zu sein.
Ik weer bang to laat to wesen.,Ich hatte Angst mich zu verspäten.
Twee maal dörteihn is sössuntwintig.,Zwei mal dreizehn ist sechsundzwanzig.
"Wiss kansst du dat nehmen, wenn du dat wullt.","Natürlich kannst du es nehmen, wenn du es willst."
Dat is dat Gesett.,Das ist das Gesetz.
"Ofschoonst Grööndunnersdag na ’t Gesett keen Fierdag is, gellt an dissen Dag na Paragraaf 10 von dat Fierdaaggesett in Baden-Württembarg en Dansverbaad.","Obwohl der Gründonnerstag kein gesetzlicher Feiertag ist, gilt an diesem Tag nach Paragraph 10 des Feiertagsgesetzes in Baden-Württemberg ein Tanzverbot."
Kannst du disse Taschen in ’n Kuffer packen?,Kannst du diese Taschen in den Koffer packen?
Woneem is Noorden?,Wo ist Norden?
Ahn Water kunn nüms op de Welt leven.,Ohne Wasser könnte niemand auf der Erde leben.
Frankriek hett wat gegen Taters.,Frankreich hat etwas gegen Zigeuner.
Gah in ’n Park.,Geh in den Park.
Wat is di wichtig?,Was ist dir wichtig?
Ik heff in mien Goorn en Peerschboom plant.,Ich habe in meinem Garten einen Pfirsichbaum gepflanzt.
"Weetst du, worüm as he nich in ’e School weer?","Weißt du, warum er nicht in der Schule war?"
Du kannst würklich temlich good neihn.,Du kannst wirklich sehr gut nähen.
Wannehr hest du em dat eerste Maal drapen?,Wann hast du ihn zum ersten Mal getroffen?
Büst du dood?,Bist du tot?
Ik kann jo nich noog laven.,Ich kann euch nicht genug loben.
Kummst du to mien Fier?,Kommst du zu meiner Party?
"Dor weren Schäpers, de op jemehr Hood oppassen deden.","Da waren Schäfer, die auf ihre Herde aufpassten."
Na ’t Lüchten keem dat Rummeln.,Nach dem Blitz kam der Donner.
"Ik heff em drapen, as ik in Paris weer.","Ich habe ihn getroffen, als ich in Paris war."
He dor! Höörst du mi?,Hallo! Hörst du mich?
Mööt wi den Bus nehmen?,Müssen wir den Bus nehmen?
De Tähndokter hett mi mien fulen Tähn trocken.,Der Zahnarzt hat mir meinen schlechten Zahn gezogen.
Se hett nich veel Geld.,Sie hat nicht viel Geld.
He smöökt nich.,Er raucht nicht.
Toern Maandag is en Fierdag.,Der nächste Montag ist ein Feiertag.
"So as de Amerikaners Baseball geern hebbt, hebbt de Briten Cricket geern.","So wie die Amerikaner Baseball mögen, mögen die Briten Cricket."
Wo lang slöppt en Boor?,Wie lange schläft ein Bär?
Wi doot dat jedet Johr.,Wir tun das jedes Jahr.
In ’e Köök is en Katt.,In der Küche ist eine Katze.
"He hett sik anwennt, mit Butenlanners to snacken.","Er hat sich angewöhnt, mit Ausländern zu sprechen."
"Mi dücht, wi schullen noch en halve Stünn töven.","Ich glaube, wir sollten noch eine halbe Stunde warten."
Vandaag heff ik nigge Holsken köfft.,Heute habe ich neue Holzschuhe gekauft.
He kann good kaken.,Er kann gut kochen.
Dat bruuk ik.,Das brauche ich.
Worüm sünd wi hier?,Warum sind wir hier?
Hier is mien Telefoonnummer.,Hier ist meine Telefonnummer.
Se hett een Söhn un twee Döchter.,Sie hat einen Sohn und zwei Töchter.
Büst du mit dien Arbeid trech?,Bist du mit deiner Arbeit fertig?
Ik weer noch nie in Neeseeland.,Ich war niemals in Neuseeland.
En Krokodiel hett em dat Been afbeten.,Ein Krokodil hat ihm das Bein abgebissen.
"Ik heff Lust, Hebrääsch to lehren.",Ich habe Lust Hebräisch zu lernen.
Se kunn ehr Ogen nich von em kriegen.,Sie konnte ihre Augen nicht von ihm abwenden.
Wat för en Swienkraam!,Was für eine Sauerei!
He deed önnig jappen.,Er gähnte ausgiebig.
"Ik mag em nich, aver ik mag ehr.","Ich mag ihn nicht, aber ich mag sie."
Tom is temlich swipp.,Tom ist sehr geschickt.
Ik will keen Fleesch.,Ich will kein Fleisch.
Tom deed sien Fööt schrubben.,Tom schrubbte seine Füße.
Se hett een Dutz Eier köfft.,Sie kaufte ein Dutzend Eier.
Uns Team hett den Weddstried wunnen.,Unsere Mannschaft hat das Spiel gewonnen.
"Ik kann mi nich besinnen, woneem ik dat köfft heff.","Ich kann mich nicht erinnern, wo ich es gekauft habe."
Neptun is de achte Planeet von dat Sünnsysteem.,Neptun ist der achte Planet des Sonnensystems.
Ik bün in teihn Minuten trügg.,Ich bin in zehn Minuten zurück.
De Töög föhrt all twee Stünnen.,Die Züge fahren alle zwei Stunden.
"Sodraag se trügg is, roop ik jo an.","Sobald sie zurück sind, rufe ich euch an."
Wannehr harr se dissen Unfall?,Wann hatte sie diesen Unfall?
Wi maakt jüst Plaans för de Feern.,Wir machen gerade Pläne für die Ferien.
"Ik bruuk een, de mi in ’n Arm nimmt un mi seggt, dat allens wedder good warrt.","Ich brauche jemand, der mich in den Arm nimmt und mir sagt, dass alles wieder gut wird."
Ik bün grötter as he.,Ich bin größer als er.
Ik arbeid hier. Ik bün keen Gast.,Ich arbeite hier. Ich bin kein Gast.
Tom hett ’n Halfbroder.,Tom hat einen Halbbruder.
Disse Schokelaad is unbannig sööt un lecker.,Diese Schokolade ist total süß und lecker.
Wi mööt uns an dat Gesett hollen.,Wir müssen uns an das Gesetz halten.
Tom hett en Leed över Ria schreven.,Tom hat ein Lied über Maria geschrieben.
Tom hett sik al jümmer vun’e annern Kinner ünnerscheeden.,Tom hat sich schon immer von den anderen Kindern unterschieden.
Tom is up de Straat vör de Kerk dootschoten worrn.,Tom wurde auf der Straße vor der Kirche erschossen.
Tom is up de Straat vör de Kerk dootschoten worrn.,Tom wurde auf der Straße vor der Kirche totgeschossen.
Tom is ünnen.,Tom ist unten.
En Lastwagen deed de Straat langsjagen.,Ein Lastwagen raste die Straße entlang.
Ik bün jüst opstahn.,Ich bin gerade aufgestanden.
Haal de Appelsienen ut ’n Köhlschapp.,Hole die Orangen aus dem Kühlschrank.
Se seeg en Spökels un verfehr sik.,Sie sah ein Gespenst und erschrak.
Se hebbt sik körtens freet.,Sie haben kürzlich geheiratet.
Nööm mi Ismael.,Nenne mich Ismael.
"Wat vertellst du mi opmaal von Nielpeer? Ik verstah nich, wat de mit diene twölv Goldfisch to doon hebbt?",Wieso erzählst du mir plötzlich von Nilpferden? Ich sehe den Zusammenhang zwischen ihnen und deinen zwölf Goldfischen nicht.
Bi mi tohuus bruukt wi Margarien un keen Botter.,Bei mir zu Hause verwenden wir Margarine statt Butter.
Ik lach mi dal.,Ich lach mich kaputt.
Ik lach mi dal!,Ich lache mich kaputt!
Nich all Vagels köönt flegen.,Nicht alle Vögel können fliegen.
Tom will nich mit di snacken.,Tom will nicht mit dir reden.
Strengsnacken is sien Antwoort nich korrekt.,Genau genommen ist seine Antwort nicht zutreffend.
"Du musst doon, wat ik segg.","Du musst tun, was ich sage."
Tom keem vör Mary an.,Tom kam vor Mary an.
Welke Hoorfarv hett Tom?,Welche Haarfarbe hat Tom?
Se hett em schreen höört.,Sie hat ihn schreien gehört.
Se hett em schreen höört.,Sie hat ihn schreien hören.
Dat Schipp lööp op Grund.,Das Schiff lief auf Grund.
Se sünd Frünnen bleven.,Sie sind Freunde geblieben.
"Gesetten sünd as Spinnweven, de lütte Flegen infangt, man Wöpschen un Peerhöörnken dörbreken lett.","Gesetze sind wie Spinnweben, die kleine Fliegen einfangen, aber Wespen und Hornissen durchbrechen lassen."
Wat en groten Jung he is!,Was er für ein großer Junge ist!
Wat en groten Jung he is!,Was für ein großer Junge er ist!
Snackt ji mit mi?,Redet ihr mit mir?
De Jungs sünd na Noorden gahn.,Die Jungen sind nach Norden gegangen.
Ik will noch en beten slapen!,Ich will noch ein bisschen schlafen!
Woveel Bookstaven hett dat Alfabeet?,Wie viele Buchstaben hat das Alphabet?
Dor weer maal en groot Slott op den lütten Barg.,Es gab einmal ein großes Schloss auf dem kleinen Berg.
Ik bün blau.,Ich bin betrunken.
Ik bün blau.,Ich bin blau.
De Bruud deed opmaal loospruuschen.,Die Braut lachte plötzlich.
Ik seh allens dubbelt.,Ich sehe alles doppelt.
Se künnt hier up se teuven.,Sie können hier auf sie warten.
Laat mi nich alleen!,Lass mich nicht allein!
Ik sliek mi in dat Huus.,Ich schleiche mich ins Haus.
Du schusst mehr eten.,Du solltest mehr essen.
He rööp üm Middernacht an.,Er rief um Mitternacht an.
Anter.,Antworte!
"Wat meenst du dor mit, dat du dat nich weetst?","Was meinst du damit, dass du das nicht weißt?"
Ik söök na en Arbeidssteed.,Ich suche eine Arbeitsstelle.
Ik söök na en Arbeidssteed.,Ich bin auf der Suche nach einer Arbeitsstelle.
"Ik heff vergeten, em dorna to fragen.","Ich habe vergessen, ihn danach zu fragen."
Tofällig fünn he siene verlorene Kamera wedder.,Zufällig fand er seine verlorene Kamera wieder.
Elk Hahn kreiht op sien egen Mesthümpel.,Jeder Hahn kräht auf seinem eigenen Misthaufen.
Woneem kann een Böker köpen?,Wo kann man Bücher kaufen?
Uns Tuun is ut Iesen.,Unser Zaun ist aus Eisen.
Nu sünd ji an ’e Reeg.,Jetzt seid ihr dran.
St. Louis in Missouri is beropen för den Gateway Arch un de Anheuser-Busch-Broeree.,St. Louis in Missouri ist berühmt für den Gateway Arch und die Anheuser-Busch-Brauerei.
Höört disse Böker di to oder mi?,Gehören dir diese Bücher oder mir?
Föhrst du mit ’n Bus na Tokyo?,Fährst du mit dem Bus nach Tokio?
Se kunn alltied op alle Fragen antern.,Sie konnte immer auf alle Fragen antworten.
Hest du enen Knall?,Hast du einen Knall?
Wo faken musst du na ’n Tähndokter?,Wie oft musst du zum Zahnarzt?
’keen hett düssen Kauken backt?,Wer hat diesen Kuchen gebacken?
De Königin hett dat Museum besöcht.,Die Königin hat das Museum besucht.
De Königin hett dat Museum besöcht.,Die Königin besuchte das Museum.
"„Meist veer Pund“, seed Bob.","„Fast vier Pfund“, sagt Bob."
De Meed is verdammt nochmaal to hoog.,Die Miete ist verdammt noch mal zu hoch.
Ted speelt geern Trumpeet.,Ted spielt gerne Trompete.
"Wenn dat nich wohr is, is dat doch good utdacht.","Wenn das nicht wahr ist, ist es doch gut ausgedacht."
Ik heff dat trechkregen.,Ich habe es fertig gebracht.
Tom hett dreedusend Yen in ’e Tasch.,Tom hat dreitausend Yen in der Tasche.
He hett ehr towunken.,Er hat ihr zugewinkt.
"Se hebbt allerwegens op de Welt Filialen, von Kalkutta bet New York.","Sie haben überall auf der Welt Filialen, von Kalkutta bis New York."
De Sommerfeern fangt in ’n Juli an.,Die Sommerferien beginnen im Juli.
"Kiek dien Katt to, denn lehrst du ehr kennen.","Beobachte deine Katze, dann wirst du sie kennen lernen."
De Hund jagt de Katt üm’n Boom.,Der Hund jagt die Katze um den Baum.
"Ik mag all Films, bi de Juzo Itami Speelbaas is.","Ich mag alle Filme, bei denen Juzo Itami Regisseur ist."
Ik heff mi heesch snackt.,Ich redete mich heiser.
Leest dissen Satz nich.,Diesen Satz nicht lesen!
"Köttens, as wi in’n Bookladen in Schottland wören, do freug mien Fru den jungen Verkäuper, of he vun’n bestimmten Kinnerbook en Utgoov up Gäälsch harr.","Als wir kürzlich in einer Buchhandlung in Schottland waren, fragte meine Frau den jungen Verkäufer, ob er von einem bestimmten Kinderbuch eine Ausgabe auf Gälisch habe."
De Weltruum is vull mit Radels.,Der Weltraum ist voller Rätsel.
Worüm hest du dat seggt?,Warum hast du das gesagt?
"Mien Hund Wolfgang slöppt jümmer neven mi op’e Bank, wieldat ik mi mit’n Reekner befaten do.","Mein Hund Wolfgang schläft immer neben mir auf der Bank, während ich am Rechner arbeite."
Ik schall nienich opgeven.,Ich werde niemals aufgeben.
Du musst mehr arbeiden.,Du musst mehr arbeiten.
Ik will Ies naeten.,Ich will Eis zum Nachtisch.
Woneem is de Zoo?,Wo ist der Zoo?
Ik wull ik weer wedder jung.,"Ich wünschte, ich wäre wieder jung."
He hett noch wedder den Weddloop wunnen.,Er gewann erneut den Wettlauf.
De Sozialistische Partei hett man 18% von de Stimmen kregen.,Die Sozialistische Partei hat nur 18% der Stimmen bekommen.
Wat heff ik daan?,Was habe ich getan?
Ik bün ook frömd hier.,Ich bin auch fremd hier.
Wi sünd op de Knee gahn un hebbt beedt.,Wir knieten uns hin und beteten.
Snack luder. Dien Opa höört nich mehr so good.,Sprich lauter! Dein Opa hört nicht mehr so gut.
Hett he di wat seggt?,Hat er dir etwas gesagt?
Dat Bild hangt scheev.,Das Bild hängt schief.
Dat is tohoop utverköfft.,Es ist komplett ausverkauft.
Dat hett mi verblüfft.,Das hat mich verblüfft.
Se driggt en düren Ring.,Sie trägt einen teuren Ring.
"Wenn ik Tom seh, segg ik em, dat ji em söcht hebbt.","Wenn ich Tom sehe, sage ich ihm, dass ihr ihn gesucht habt."
Se hett so smucke Ogen.,Sie hat so schöne Augen.
De Slüters wüllt von Middernacht af an dree Daag lang strieken.,Die Gefängniswärter werden ab Mitternacht drei Tage lang streiken.
Intressant.,Interessant.
De Eer dreiht sik üm de Sünn.,Die Erde umkreist die Sonne.
Wat harrst du?,Was hattest du?
Ik speel Sudoku un stöör di nich mehr.,"Ich werde also Sudoku spielen, anstatt dich weiter zu stören."
De Luft is rut.,Die Luft ist raus.
"Dat Kind lett, as wenn dat slöppt.",Das Kind scheint zu schlafen.
Wo geiht mien Söhn dat?,Wie geht es meinem Sohn?
Woneem hest du Chineesch lehrt?,Wo hast du Chinesisch gelernt?
Büs du n Student?,Bist du Student?
Speelst du mit miene Fööt?,Spielst du mit meinen Füßen?
"Dat deed to lang duren, di to verkloren, worüm as dat nich gahn deed.","Das würde zu lange dauern, dir zu erklären, warum das nicht funktionieren wird."
Mien Naver hett sien Huus kumplett reneveert.,Mein Nachbar hat sein Haus komplett renoviert.
Na en Stoot keem he mit en Wöörbook ünner ’n Arm trügg.,Nach einer Weile kam er mit einem Wörterbuch unter dem Arm zurück.
"Wenn de Katten pruust, warrt dat good Weder.","Wenn die Katzen niesen, wird das Wetter gut."
Hest du keen Stemm in ’n annern Ruum höört?,Hast du keine Stimme im Nebenraum gehört?
Dree Beer un een Tequila harr ik geern.,"Drei Bier und einen Tequila, bitte!"
Ik bruuk dat nich mehr.,Ich brauche es nicht mehr.
Ik bruuk dat nich mehr.,Ich brauche das nicht mehr.
Dat is nix as en Löög!,Das ist nichts als eine Lüge!
Wat wullt du geern doon?,Was würdest du gerne machen?
Ik heff dat mit de Neren.,Ich habe etwas mit den Nieren.
Ik swemm geern.,Ich schwimme gern.
Mike hett en poor Frünnen in Florida.,Mike hat ein paar Freunde in Florida.
Disse is beter.,Dieses ist besser.
Mien Hund tillert mit ’n Steert.,Mein Hund wedelt mit dem Schwanz.
Dor dröff ik nix to seggen.,Da darf ich nichts zu sagen.
Bi Nacht sünd all Katten gries.,Bei Nacht sind alle Katzen grau.
Ik bün vör Eerdbevens bang.,Ich fürchte mich vor Erdbeben.
Ik bün vör Eerdbevens bang.,Ich habe vor Erdbeben Angst.
Dat gefallt mi temlich good.,Es gefällt mir sehr gut.
Ik weet dor meist nix över.,Ich weiß fast nichts darüber.
"Wenn een toveel itt, warrt een dick.","Wenn man zu viel isst, wird man dick."
Elektrostal is veel grötter as Asbest.,Elektrostal ist deutlich größer als Asbest.
Dat is al Klock teihn avends.,Es ist schon zehn Uhr abends.
"Dat is keen Hebrääsch, man Jiddisch.","Das ist kein Hebräisch, sondern Jiddisch."
Snack dor mit em nich över.,Rede mit ihm nicht darüber.
Do wat du wullt.,"Mache, was du willst."
Do wat du wullt.,"Mach, was du willst."
Eet dien Supp!,Iss deine Suppe!
Is de Bank apen?,Hat die Bank geöffnet?
Elk Kind kreeg en Geschenk.,Jedes Kind bekam ein Geschenk.
De sünd binnen.,Sie sind drinnen.
He deed Geld bistüren.,Er steuerte viel Geld bei.
Dat is mien Kantoor.,Das ist mein Büro.
Nedderlandsch lehren is nich swoor.,Niederländisch zu lernen ist nicht schwer.
"He kunn nich snacken, vonwegen dat de Tokiekers to luud weren.","Er konnte nicht sprechen, weil die Zuschauer so laut waren."
Ik bün di een schüllig.,Ich bin dir etwas schuldig.
Speel nich mit ehr Geföhlen.,Spiel nicht mit ihren Gefühlen.
"Vertell mi, wat du wullt.","Erzähle mir, was du willst."
Kiek di dat noch wedder an.,Schau dir das nochmal an.
Se kregen keen Cent.,Sie bekommen keinen Cent.
"Dat beten Geld, wat ik bi mi harr, heff ik ehr geven.","Ich habe ihr das wenige Geld, das ich bei mir hatte, gegeben."
He hett sik na ’t Avendeten henleggt.,Er hat sich nach dem Abendessen hingelegt.
"He seed, dat dat Klock negen weer.","Er sagte, es sei neun Uhr."
Du büst man en Student.,Du bist nur ein Student.
Opmaal deed ik en Schree hören.,Plötzlich hörte ich einen Schrei.
"Tom wöör to stolt, üm sik helpen to loten.","Tom war zu stolz, um Hilfe anzunehmen."
Se sladdert temlich geern.,Sie klatscht sehr gerne.
Dat is en Schädel.,Das ist ein Schädel.
Ik bün in Tokyo boren un opwussen.,Ich bin in Tokio geboren und aufgewachsen.
Wat seggt de Klock?,Wie viel Uhr ist es?
Wat seggt de Klock?,Was sagt die Uhr?
"Wat he ook seggt, vertro em nich.","Was er auch sagt, traue ihm nicht."
Mank de Blomen wüss veel Unkruud.,Zwischen den Blumen wuchs viel Unkraut.
Ik heff dat Snuuvdook plätt.,Ich habe das Taschentuch gebügelt.
De Straat is natt.,Die Straße ist nass.
Wat hest du maakt?,Was hast du gemacht?
Ji sünd duun!,Ihr seid betrunken!
Häs du aal Meddag gieden?,Hast du schon zu Mittag gegessen?
De Topp von ’n Barg liggt ünner Snee.,Die Bergspitze liegt unter Schnee.
Du brickst di den Hals!,Du brichst dir den Hals!
De letzten Beuker wörrn vor acht Daag verköfft.,Die letzten Bücher wurden vor einer Woche verkauft.
Mi geiht dat good.,Mir geht's gut.
Mi geiht dat good.,Mir geht es gut.
Se deed mien Idee tostimmen.,Sie stimmte meiner Idee zu.
Worüm sünd de Schandarms hier?,Warum ist die Polizei hier?
"De optimale Reeg is nich 1-2-3, man 3-2-1.","Die optimale Reihenfolge ist nicht 1-2-3, sondern 3-2-1."
"Ik bün froh, di to sehn!","Ich bin froh, dich zu sehen!"
He wüss dat nich.,Er wusste es nicht.
Ik heff toveel Tiuch!,Ich habe zuviel Zeug!
Wi mööt eerst uns Huusopgaven trech maken.,Wir müssen erst unsere Hausaufgaben fertig machen.
"En lahme Katt is mehr weerd as en gau Peerd, wenn de Pallast vull Müüs is.","Eine lahme Katze ist mehr wert als ein schnelles Pferd, wenn der Palast voller Mäuse ist."
Tom is beneden.,Tom ist unten.
Boomkoken is en düütsche Spezialität.,Baumkuchen ist eine deutsche Spezialität.
Disse Ruut lett sik nich apenmaken.,Dieses Fenster lässt sich nicht öffnen.
Dree Ies harr ik geern.,"Drei Eis, bitte."
Ik bün vör den Krieg in Europa wäsen.,Ich war vor dem Kriege in Europa.
Weetst du wat?,Weißt du etwas?
"Wenn den Schipper de Wellen wegsnappen, is gor nich to beduurn de Mann. Wat geit den dösigen Knappen dat Froonsminsch dor boben an?","Ich glaube, die Wellen verschlingen am Ende Schiffer und Kahn; und das hat mit ihrem Singen die Lore-Ley getan."
Wi sünd över ’n Atlantik flagen.,Wir sind über den Atlantik geflogen.
He möök dat Kiekschapp ut un füng dat Lehren an.,Er schaltete den Fernseher aus und fing an zu lernen.
Een hett mi mien Saken stahlen.,Jemand hat mir meine Sachen gestohlen.
"„Hest du Ria al mal sünner ehr Handtasch sehn?“ – „Ria? Ne, noch nie.“","„Hast du Maria schon einmal ohne ihre Handtasche gesehen?“ – „Maria? Nein, noch nie.“"
Ik bün plietsch.,Ich bin schlau.
"As ik 15 weer, heff ik en egen Kamer kregen.","Als ich 15 war, bekam ich ein eigenes Zimmer."
He schient geern to överdrieven.,Er scheint gerne zu übertreiben.
Tom drinkt gor keen Alkohol.,Tom trinkt gar keinen Alkohol.
Achter dat Kino is en Park.,Hinter dem Kino ist ein Park.
Wo hett Tom mit Ria över snackt?,Worüber hat Tom mit Maria gesprochen?
Kann ik mien Dokter spreken?,Kann ich meinen Doktor sprechen?
Se hett sik dat Foto von mi as lütt Buttjer ankeken un hett lacht.,Sie hat sich das Foto von mir als kleinem Jungen angeschaut und hat gelacht.
Du schusst mien Raad annehmen.,Du solltest meinen Rat annehmen.
De Buur hett sien Trecker in ’e Schüün stahn.,Der Bauer hat seinen Traktor in der Scheune stehen.
Ik heff dat Book för tweehunnerd Yen köfft.,Ich habe das Buch für zweihundert Yen gekauft.
Dat spöökt in dat Huus.,Es spukt in dem Haus.
Ik heff jümmer en Wöörbook bi ’e Hand.,Ich habe immer ein Wörterbuch bei der Hand.
Disse Wand is gröön streken.,Diese Wand ist grün gestrichen.
Ik heff ehr vör twee Johr jichtens sehn.,Ich habe sie vor zwei Jahren irgendwo gesehen.
Ik kann nich wiedergahn.,Ich kann nicht weitergehen.
Bruuk af un to maal dien Kopp.,Benutz gelegentlich mal deinen Kopf.
"Dat deit weh, di so to sehn.","Es tut weh, dich so zu sehen."
He keem in’t Wanken un füll hen.,Er verlor das Gleichgewicht und fiel hin.
Wat schall ’t denn wesen?,Was darf’s denn sein?
Dat is mi schietegaal.,Das geht mir am Arsch vorbei.
Mien Tog is Klock söven losföhrt un Klock teihn in New York ankamen.,Mein Zug ist um sieben abgefahren und um zehn in New York angekommen.
Legg de Eier in dat kakendige Water.,Lege die Eier in das kochende Wasser.
Ik snack mit di.,Ich spreche mit dir.
Ik heff dat in en Koophuus köfft.,Ich habe das in einem Kaufhaus gekauft.
He keek ehr deep in de Ogen.,Er sah ihr tief in die Augen.
Italien is in Europa.,Italien ist in Europa.
He is en beten beter as en Pracher.,Er ist ein wenig besser als ein Bettler.
Wies mi en anner Bispeel.,Zeig mir ein anderes Beispiel.
Falken sünd Griepvagels.,Falken sind Greifvögel.
Dat is afköhlt.,Es hat sich abgekühlt.
Gold is sworer as Sülver.,Gold ist schwerer als Silber.
Tom is al dree Daag in’t Krankenhuus.,Tom ist schon seit drei Tagen im Krankenhaus.
Utstarven is Deel von de Evolution.,Das Aussterben ist ein Teil der Evolution.
Mien Hobby is Breevmarkensammeln.,Mein Steckenpferd ist Briefmarkensammeln.
Wi hebbt keen Geld över.,Wir haben kein Geld übrig.
Ik verstah de Musik nich.,Ich verstehe die Musik nicht.
"Ik heff rutfunnwn, worüm as de Maschien nich güng.","Ich habe herausgefunden, warum die Maschine nicht ging."
Wat leest du?,Was liest du?
Mien Süster is twee Johr jünger as ik.,Meine Schwester ist zwei Jahre jünger als ich.
"Du kannst sitten gahn, wo du wullt.","Du kannst dich hinsetzen, wo du willst."
Ik heff töövt un töövt.,Ich wartete und wartete.
"Bedankt, kann ik en beten mehr kriegen?","Danke, kann ich ein bisschen mehr bekommen?"
Maak de door tau achter di.,Schließ die Tür hinter dir.
De Laden verköfft Aavt un Grööntüüg.,Das Geschäft verkauft Obst und Gemüse.
De Laden verköfft Aavt un Grööntüüg.,Der Laden verkauft Obst und Gemüse.
Wi hebbt en Bullenhitt.,Es herrscht eine Affenhitze.
De Ampel deed rood warrn.,Die Verkehrsampel wurde rot.
De Ampel deed rood warrn.,Die Ampel wurde rot.
De Kole Krieg füng na ’n Tweten Weltkrieg an.,Der Kalte Krieg fing nach dem Zweiten Weltkrieg an.
Dor lööp en Rött över de Straat.,Da läuft eine Ratte über die Straße.
En fuligen Röök keem ut de Kuhl hoogstegen.,Ein fauliger Geruch kam aus dem Erdloch herauf.
„Laat mi tofreden!“ seed se argerlich.,Lass mich in Ruhe! sagte sie ärgerlich.
Dat hier is en Foto von mien Schilleraats.,Das hier ist ein Foto von meinem Gemälde.
In düssen Huus wohnt teihn Lüüd.,In diesem Haus wohnen zehn Leute.
„Wat för en söten lütten Hund. Worüm heet he Panda?“ „Vonwegen dat sien Gesicht utsütt as dat von en Panda.“,„Was für ein süßer Welpe. Warum heißt er Panda?“ „Weil sein Gesicht aussieht wie das eines Panda.“
Wi sünd nich in ’n Dschungel.,Wir sind nicht im Dschungel.
He schellt ehr Appel.,Er schält ihren Apfel.
Ik eet mit mien Hannen.,Ich esse mit meinen Händen.
Dit Wekenenn warrt de Klocken een Stünn trüggstellt.,Dieses Wochenende werden die Uhren eine Stunde zurückgestellt.
Mi gefallt dit Hemd nich. Wies mi en anner.,Mir gefällt dieses Hemd nicht. Zeige mir ein anderes.
Se hett di weckt.,Sie hat dich geweckt.
Un wat krieg ik dor för?,Und was bekomme ich dafür?
In ’e Köök fehlt en Spöölmaschien.,In der Küche fehlt eine Spülmaschine.
Papa hett Böker för mi köfft.,Papa hat Bücher für mich gekauft.
He keem ut China trügg.,Er kehrte aus China zurück.
Ik snack kuum mit em.,Ich spreche kaum mit ihm.
He hett sik in ’t Siek fastföhrt.,Er hat sich im Bachtal festgefahren.
Disse Melk höllt sik twee Daag.,Diese Milch hält sich zwei Tage.
Ik seh dat Huus.,Ich sehe das Haus.
Se is na Ibaragi gahn.,Sie ist nach Ibaraki gegangen.
"Ik heff dor över nadacht, wat du mi seggt hest.","Ich habe über das, was du mir gesagt hast, nachgedacht."
Höörst du de Vagels singen?,Hörst du die Vögel singen?
Ik harr ehr vörher al faken drapen.,Ich hatte sie vorher schon viele Male getroffen.
Köönt wi snacken?,Können wir reden?
Se hett mi namiddags anropen.,Sie hat mich nachmittags angerufen.
He sütt slecht.,Er sieht schlecht.
Dat sünd keen Wöör.,Das sind keine Worte.
Dat sünd keen Wöör.,Das sind keine Wörter.
En beten to laat is veel to laat.,Ein bisschen zu spät ist viel zu spät.
He is gau.,Er ist schnell.
Ik weer vör üm un bi een Johr hier.,Ich war vor ungefähr einem Jahr hier.
De Atoomtall von Iesen is 26.,Die Ordnungszahl von Eisen ist 26.
De Atoomtall von Iesen is 26.,Die Atomnummer für Eisen ist 26.
De Atoomtall von Iesen is 26.,Die Ordnungszahl für Eisen lautet 26.
Ik bün jüst hier ankamen.,Ich bin hier gerade angekommen.
"De de Schoh passt, de treckt hum an.","Wem der Schuh passt, der zieht ihn sich an."
Wat maakt se?,Was machen sie?
Tom sitt up’n Pott.,Tom ist auf’m Klo.
Kannst du mi dat Dingens röverrecken?,Kannst du mir mal das Dings reichen?
Se snackt söven Spraken.,Sie spricht sieben Sprachen.
"Man tütt si nich eier iut, bes man naon Bedde geit.","Man zieht sich nicht eher aus, als man zu Bett geht."
"Se hett em rümsnackt, na dat Kunzert to gahn.","Sie hat auf ihn eingeredet, in das Konzert zu gehen."
Hest du Tennis speelt?,Hast du Tennis gespielt?
"Ik fraag mi, woveel Peer in ’n Unafhängigkeidskrieg doodbleven sünd.","Ich frage mich, wie viele Pferde im Unabhängigkeitskrieg umgekommen sind."
Woveel Spraken snackst du?,Wie viele Sprachen sprichst du?
Ik bruuk dat so gau dat geiht.,Ich brauche es so schnell wie möglich.
De Lüüd nöömt ehr Yotchan.,Man sagte zu ihr Yotchan.
"Tom un Ria säen, dat se dat giern doot.","Tom und Maria sagten, sie täten das gern."
Ik heff man de Halvscheed von ehr Böker.,Ich habe nur halb so viele Bücher wie sie.
Du büs ümmer to late.,Du bist immer zu spät.
De Barg is tweedusend Meter över de See.,Der Berg ist zweitausend Meter hoch über Normalnull.
Sünd se groot?,Sind sie groß?
He kunn utkniepen.,Er konnte entkommen.
He tuuster mi wat in ’t Ohr.,Er flüsterte mir etwas ins Ohr.
Drinkt ji jümmer veel Beer?,Trinkt ihr immer viel Bier?
Dat schall nüms weten.,Niemand wird's erfahren.
Ik seet op ’t Partemang un weer an ’t Simmeleren.,Ich saß auf dem Klo und dachte nach.
He deed kort twieveln.,Er zweifelte kurz.
Hau een dien Book in ’t Gesicht un segg: Facebook!,Klatsche jemandem dein Buch ins Gesicht und sag: Facebook!
Dat Huus dor höört mi to.,Das Haus dort gehört mir.
Dat warrt von Dag to Dag hitter.,Es wird von Tag zu Tag heißer.
Wat weer de Welt ahn Froonslüüd?,Was wäre die Welt ohne Frauen?
"Ik bün 1,83 m groot.","Ich bin 1,83 m groß."
"Ik bün 1,83 m groot.",Ich bin einen Meter dreiundachtzig groß.
Se hett em schreen höört un is na sien Slaapkamer rönnt.,Sie hat ihn schreien gehört und ist zu seinem Schlafzimmer gerannt.
Ik mag den Sommer nich.,Ich mag den Sommer nicht.
"Ik vergeev di nich, utbenahmen wenn du dien ehrlichen Exküsen anbüddst.","Ich werde dir nicht verzeihen, wenn du dich nicht ehrlich entschuldigst."
Woveel köst dat?,Wie viel kostet das?
Wo lang duurt dat?,Wie lange dauert es?
As Kind heff ik veel mit Poppen speelt.,Als Kind habe ich viel mit Puppen gespielt.
Dat is gornich groot.,Das ist überhaupt nicht groß.
Von Konsumkritik kann een sik nix köpen.,Von Konsumkritik kann man sich nichts kaufen.
Dor hett he sik sülvs mit in ’t Knee schaten.,Damit hat er sich selbst ins Knie geschossen.
De Tog deed gauer warrn.,Der Zug legte an Geschwindigkeit zu.
Woveel Taschen hebbt ji?,Wie viele Taschen habt ihr?
Laat uns Vader-Moder-Kind spelen!,"Lasst uns „Vater, Mutter, Kind“ spielen!"
"Wo kann dat angahn, dat du dat nich weetst?","Wie ist es möglich, dass du das nicht weißt?"
Se schüll em ut.,Sie hat ihn ausgescholten.
"Dat sütt ut, as wenn en Storm opswarkt.","Es sieht aus, als zieht ein Sturm auf."
Dat Schipp hett de amerikaansche Flagg hisst.,Das Schiff hatte die amerikanische Flagge gehisst.
Wullt du dit Hemd?,Willst du dieses Hemd?
He weer Tüüg von ’n Unfall.,Er war Zeuge des Unfalls.
"Allens flütt, nix steiht still.","Alles fließt, nichts steht still."
He freit sik dor al op.,Er freut sich darauf.
Kaam wannehr du man wullt.,"Komm, wann immer du willst."
De Koken smeckt sööt.,Der Kuchen schmeckt süß.
’Keen höört dat Eten hier to?,Wem gehört das Essen hier?
He hett mi ook Eten un Geld geven.,Er gab mir auch Essen und Geld.
Du büst nich gau noog.,Du bist nicht schnell genug.
Ik heff ut versehn dien Scherm nahmen.,Ich habe aus Versehen deinen Schirm genommen.
"Du musst mi dat nich vertellen, wenn du nich wullt.","Du musst es mir nicht erzählen, wenn du nicht willst."
"Du musst mi dat nich vertellen, wenn du nich wullt.","Du musst mir das nicht erzählen, wenn du nicht willst."
Dat warrt jümmer slimmer.,Es wird immer schlimmer.
Snackt ji Latiensch?,Sprecht ihr Latein?
Ik kann di ’t nich seggen.,Ich kann dir das nicht sagen.
Ik mag disse Soort Romaans nich.,Ich mag diese Art Romane nicht.
He deed sik en Exküüs utdenken.,Er dachte sich eine Ausrede aus.
Worüm lüggt se jümmer?,Warum lügt sie immer?
Mit wat kann ik di helpen?,Womit kann ich dir helfen?
"Wenn ik maal wat finn, wat mi gefallt, denn is dat jümmer to düür.","Wenn ich mal was finde, was mir gefällt, ist es immer zu teuer."
"Ik bün dat nich wennt, so froh optostahn.","Ich bin es nicht gewohnt, so früh aufzustehen."
Ik kiek geern Kinners bi ’t Spelen to.,Ich schaue gerne Kindern beim Spielen zu.
"Ik heff nix, wo ik mit dickdoon kann.","Ich habe nichts, womit ich prahlen könnte."
Hest du en Drinkgeld dorlaten?,Hast du ein Trinkgeld dagelassen?
He hett opminnst dree Böker över dat Thema schreven.,Er hat mindestens drei Bücher über das Thema geschrieben.
"Gode Nacht, slaap good.","Gute Nacht, schlaf gut."
Se hett nich veel Böker.,Sie besitzt nicht viele Bücher.
"Se weet, dat se good utsütt.","Sie weiß, dass sie gut aussieht."
Miene Ogen sünd blau.,Meine Augen sind blau.
De Pütt is dröögfullen.,Die Grube ist ausgetrocknet.
Tom hett Ria up’e Arbeit kennenlihrt.,Tom hat Maria auf der Arbeit kennengelernt.
För Geld deit he allens.,Für Geld tut er alles.
In Frankriek warrt veel Wien drunken.,In Frankreich wird viel Wein konsumiert.
Se hebbt mi narrt.,Sie haben mich genarrt.
Kann ik di wat fragen?,Kann ich dich etwas fragen?
Ik nehm mien Book mit.,Ich nehme mein Buch mit.
En poor Kinner speelt op de Wisch.,Ein paar Kinder spielen auf der Wiese.
All de annern Jungs hebbt em utlacht.,Alle anderen Jungen haben ihn ausgelacht.
Ik snack keen Spaansch.,Ich spreche kein Spanisch.
Ik heff toveel Wien drunken un bün düselig worrn.,Ich habe zu viel Wein getrunken und bin schwindlig geworden.
Ik heff toveel Wien drunken un bün düselig worrn.,"Ich habe zu viel Wein getrunken, und mir ist schwindlig geworden."
Ik bün en beropen Schauspeler.,Ich bin ein berühmter Schauspieler.
"Wullt du dormit seggen, dat du noch nie in Boston wäsen büst?","Willst du damit sagen, dass du noch nie in Boston gewesen bist?"
He deed Melk in sien Tee un hett ümröhrt.,Er gab Milch in seinen Tee und rührte um.
"He dröög en langen swarten Mantel, de em meist be na de Enkels güng.","Er trug einen langen schwarzen Mantel, der ihm beinah bis zu den Fußknöcheln reichte."
He deed bi de Indianers leven.,Er lebte bei den Indianern.
Mien Geduld is toenn.,Meine Geduld ist am Ende.
De Sneeklocken blöht al jümmer temlich fröh.,Die Schneeglöckchen blühen immer ziemlich früh.
De Katt deed jümmerto mauen.,Die Katze miaut immerzu.
Ik heff düssen Satz ümschreven.,Ich habe diesen Satz umgeschrieben.
Gröön passt nich to rood.,Grün passt nicht zu Rot.
Se kennt veel Seggwöör.,Sie kennt viele Sprichwörter.
Se kennt veel Seggwöör.,Sie kennt viel Sprichwörter.
Ik heff di dat faken seggt.,Ich habe es dir oftmals gesagt.
Mi geiht dat nu al veel beter.,Mir geht es jetzt schon viel besser.
He pack mi an ’n Kraag.,Er packte mich am Kragen.
Frohe Oostern!,Frohe Ostern!
"Miene Katt mag dat, wenn ik ehr achter de Ohren krau.","Meine Katze mag es, wenn ich sie hinter den Ohren kraule."
"Dat Keltsche is noch jümmer dor in de Form von dat Irsche, Waliesche un Schottsch-Gäälsche.","Das Keltische ist immer noch da in Form des Irischen, Walisischen und Schottisch-Gälischen."
Mien Kledaasch weer mit Ööl insuddelt.,Meine Kleidung war mit Öl verschmutzt.
Achter mien Huus is en lütten Diek.,Hinter meinem Haus ist ein kleiner Teich.
"Se hett en Söhn, de Dokter is.","Sie hat einen Sohn, der Arzt ist."
Ik föhr mit ’t Rad na Arbeid.,Ich fahre mit dem Rad zur Arbeit.
"Se deed bleek warrn, as se de Naricht hören deed.","Sie erbleichte, als sie die Nachricht hörte."
"Se deed bleek warrn, as se de Naricht hören deed.","Sie ist bleich geworden, als sie die Nachricht gehört hat."
He is an ’t Stüür toslapen un harr en Unfall.,Er ist am Steuer eingeschlafen und hatte einen Unfall.
Ik will nich alleen gahn.,Ich will nicht allein gehen.
Frankriek liggt süden von England.,Frankreich liegt südlich von England.
Mien Kamer is dubbelt so groot as sien.,Mein Zimmer ist doppelt so groß wie seins.
"Se hett ehr best daan, em to övertügen.","Sie hatte ihr Bestes getan, ihn zu überzeugen."
Laat den Hund nich binnenkamen.,Lasst den Hund nicht hereinkommen.
Ik heff den Film op Video keken.,Ich habe den Film auf Video gesehen.
Wat hest du in de Kœk sehen?,Was hast du in der Küche gesehen?
Hest du hier wat verloren?,Hast du hier etwas verloren?
De Soldaten stünnen all stramm.,Die Soldaten standen alle stramm.
Gaht de Kinner na School?,Gehen die Kinder in die Schule?
He keek links un rechts.,Er sah nach links und rechts.
"Afsehn von de Kledaasch, de he an ’n Liev driggt, hett he gornix.","Bis auf die Kleider, die er am Körper trägt, besitzt er nichts."
Wi sünd in’t Museum.,Wir sind im Museum.
Dat dücht mi intressant!,Das scheint mir interessant!
"He deed all sien Knööv bruken, üm ut dat Autowrack to krupen.","Er hat seine ganze Kraft gebraucht, um aus dem Autowrack zu kriechen."
Ik treck en Bluus ut Kattuun vör.,Ich bevorzuge eine Bluse aus Baumwolle.
"Dat weer kloor, dat se lagen harrn.","Es war klar, dass sie gelogen hatten."
"„Kamui no Ken“ weer en Oord Samurai- oder Ninjageschicht, de in de Övergangstied twüschen den Fall von dat Tokugawa-Shogunat un de Restauration von Japan ünner Kaiser Meiji in dat Johr 1868 speelt.","Kamui no Ken war eine Art Samurai- oder Ninjageschichte, die während der Übergangszeit zwischen dem Niedergang des Tokugawa-Schogunats und der Restauration Japans unter Kaiser Meiji im Jahre 1868 spielt."
He deed achter en groten Steen schulen.,Er versteckte sich hinter einem großen Felsen.
He weer böös op sien Söhn.,Er war wütend auf seinen Sohn.
"Wi hebbt keken, man nix sehn.","Wir haben geschaut, aber nichts gesehen."
He keem achter ’n Vörhang vör.,Er kam hinter dem Vorhang hervor.
Ik mag Alice nich.,Ich mag Alice nicht.
Wat deedst du an mien Steed?,Was würdest du an meiner Stelle tun?
Wat deedst du an mien Steed?,Was würdet ihr an meiner Stelle machen?
Woveel Wöör schall ik schrieven?,Wie viele Wörter soll ich schreiben?
Dit Huus höört em.,Dieses Haus gehört ihm.
Hüüt is Maandag.,Heute ist Montag.
Se hebbt de Aavtbööm sprütt.,Sie spritzen die Obstbäume.
Wenn ik wull kunn ik dat doon.,"Wenn ich wollte, könnte ich es tun."
Mika kann good singen.,Mike kann gut singen.
Ik koom ut Israel.,Ich komme aus Israel.
"He kann nich maal Kinnerleder singen, von Opern wüllt wi swiegen.","Er kann nicht einmal Kinderlieder singen, von Opern ganz zu schweigen."
Immen fleegt von Bloom to Bloom.,Bienen fliegen von Blume zu Blume.
Speelt Humppa!,Spielt „Humppa“!
Mien Unkel hett en Huus in Italien.,Mein Onkel hat ein Haus in Italien.
Kann ik noch en Glas Beer hebben?,Könnte ich noch ein Glas Bier haben?
Ehr Ogen sünd blau.,Ihre Augen sind blau.
He mag keen Jökelee.,Er mag keine Scherze.
Mary hett ehr Fohrrad öölt.,Mary ölte ihr Fahrrad.
Dat Hart is en Muskel.,Das Herz ist ein Muskel.
Wat för Spraken warrt in Belgien snackt?,Welche Sprachen spricht man in Belgien?
De Regeren von Mexiko hett sik geven.,Die mexikanische Regierung kapitulierte.
En Hai hett ’n Mann dat Been afbeten.,Ein Hai biss dem Mann das Bein ab.
Se is mit em na Boston gahn.,Sie ist mit ihm nach Boston gegangen.
Se is mit em na Boston gahn.,Sie ging mit ihm nach Boston.
"Roopt mi an, wenn ji wat finnt.","Ruft mich an, wenn ihr etwas findet."
Ik bün nich an ’t Eten.,Ich esse gerade nicht.
Ik bün nich an ’t Eten.,Ich esse jetzt nicht.
Ik bün nich an ’t Eten.,Ich bin jetzt nicht am Essen.
Se harrn vergangen Nacht Sex.,Sie hatten letzte Nacht Sex.
"He möök en Ümweg, üm mi to helpen.","Er machte einen Umweg, um mir zu helfen."
He is Historiker.,Er ist Historiker.
Wi hebbt achter en groten Boom schuult.,Wir haben hinter einem großen Baum Schutz gesucht.
Na ’n langen Winter hett de Straat Löcker kregen un is temlich rubbelig worrn.,Nach dem langen Winter hat die Straße Löcher bekommen und ist ziemlich holprig geworden.
De Hüüs sünd groot.,Die Häuser sind groß.
"Ehr Hoor weer so lang, dat dat bet an ’e Eer recken deed.","Ihr Haar war so lang, dass es bis auf den Boden reichte."
"Pass op, wo du henpeddst!","Pass auf, wo du hintrittst!"
Ik stüür em na Kalifornien.,Ich schicke ihn nach Kalifornien.
Vör veel Johren stünn hier en Slott.,Vor vielen Jahren stand hier ein Schloss.
Ik bün en Linkspoot.,Ich bin ein Linkshänder.
Du dröffst hier in elk Spraak schrieven. Bi Tatoeba sünd all Spraken gliek.,Du darfst hier in jeder Sprache schreiben. Bei Tatoeba sind alle Sprachen gleich.
Bi ’t Holt steiht en enkelt Huus.,Am Wald steht ein einzelnes Haus.
Ik heff den Film twee Maal von vörn bet achtern sehn.,Ich habe den Film zweimal von vorne bis hinten gesehen.
Opa snackt heel traag.,Opa spricht sehr langsam.
Thai is en intressante Spraak.,Thai ist eine interessante Sprache.
Ik heff Jane de Hand geven.,Ich habe Jane die Hand gegeben.
Mien Huus liggt in de Neegd von ’n Bahnhoff.,Mein Haus liegt in der Nähe eines Bahnhofs.
Woveel Hööd hest du?,Wie viel Hüte hast du?
He is temlich krank.,Er ist sehr krank.
"Dat is mien Droom, na Japan to gahn.","Es ist mein Traum, nach Japan zu gehen."
"Ik heff di seggt, dat se blond is.","Ich habe dir gesagt, dass sie blond ist."
Se hett em in Boston besöcht.,Sie hat ihn in Boston besucht.
Se farvt ehr Hoor al Johren swart.,Sie färbt all die Jahre schon ihr Haar schwarz.
"Ik heff al lang keen Book mehr leest, un dor schaam ik mi to.",Ich habe lange Zeit kein Buch gelesen und dafür schäme ich mich.
Se deed mi tosmüüstern.,Sie lächelte mir zu.
Carol kickt faken Horrorfilms.,Carol schaut oft Horrorfilme an.
He bröök den Weltrekord.,Er brach den Weltrekord.
De Weg na ’t Dörp is temlich hubbelig.,Der Weg zum Dorf ist sehr holprig.
De Weg na ’t Dörp is temlich hubbelig.,Die Straße zum Dorf ist sehr holprig.
Mien Fööt doot weh.,Meine Füße tun weh.
"Wenn wi Tom nich helpt, starvt he.","Wenn wir Tom nicht helfen, stirbt er."
In ’n Winter warrt dat gau düüster.,Im Winter wird es schnell dunkel.
He hett mi anlagen.,Er hat mich angelogen.
Is Tom noch in sien Komer?,Ist Tom noch in seinem Zimmer?
De dulle Regen hett uns von ’t Angeln afhollen.,Der starke Regen hat uns vom Angeln abgehalten.
Echte Fründschop is mehr weerd as Geld.,Echte Freundschaft ist mehr wert als Geld.
Ik heff Kees-Tortillas to ’n Fröhstück eten.,Ich aß Käse-Tortillas zum Frühstück.
Pass op dien Foot op.,Pass auf deinen Fuß auf.
Se is mit de Eier utneiht.,Sie rannte mit den Eiern weg.
He nöhm en Book ut dat Bökerboord.,Er nahm ein Buch aus dem Bücherregal.
Tom seeg dörch dat lütte Kökenfinster.,Tom sah durch das kleine Küchenfenster.
De Priesen hängt von Anbott un Nafraag af.,Die Preise hängen von Angebot und Nachfrage ab.
"Jim keem liesen in de Kamer, dat he dat Baby nich opwaken deed.","Jim kam leise in das Zimmer, sodass er das Baby nicht aufweckte."
Dat weer keen Afsicht!,Das war keine Absicht!
"Ik heff en Dochter, de mit Tom to School geiht.","Ich habe eine Tochter, die mit Tom zur Schule geht."
Ik mag geern Sushi.,Ich mag gern Sushi.
Wo kanns du sowat seggen?,Wie kannst du so etwas sagen?
Portugal is en Utwannererland.,Portugal ist ein Auswanderungsland.
Se sünd so groot as miene Süster.,Sie sind so groß wie meine Schwester.
Ik will nich arbeiden.,Ich will nicht arbeiten.
"Löwen, de slaapt, schall ’n nich wecken.",Schlafende Löwen soll man nicht wecken.
He kennt nüms von uns.,Er kennt keinen von uns.
Daniel sütt ut as en Uiguur.,Daniel sieht aus wie ein Uigure.
He reist geern alleen.,Er reist gern allein.
"Dat is nich dat, wo ik na söök.","Das ist nicht das, wonach ich suche."
Wat sünd dat för Lüüd?,Was sind das für Leute?
Dat deit mi würklich leed!,Das tut mir wirklich leid!
Woneem in de Törkie wahnst du?,Wo wohnst du in der Türkei?
Wi künnt hier veel lihren.,Wir können hier viel lernen.
Aoms gao ik üm tain in't Bedde.,Abends gehe ich um zehn ins Bett.
Kunn jeden Momang Krieg utbreken.,Jederzeit könnte Krieg ausbrechen.
Ehr gefallt elk Weder.,Ihr gefällt jedes Wetter.
"Kopp hoog, ans fallt de lüttje Kroon dal!","Kopf hoch, sonst fällt doch das Krönchen herrunter!"
’Keen schall ik wählen?,Wen soll ich wählen?
Du schusst na en Dokter gahn.,Du solltest einen Arzt aufsuchen.
Wo faken ittst du Fisch?,Wie oft isst du Fisch?
De Boom deed ophollen to wassen.,Der Baum hörte auf zu wachsen.
"Ik heff gornich wusst, dat du ook Japaansch lehrst.","Ich habe gar nicht gewusst, dass du auch Japanisch lernst."
"Veel Lüüd denkt, dat ik en beten roor in ’n Kopp bün.","Viele Menschen denken, dass ich ein bisschen komisch im Kopf bin."
Dat is en Boom.,Das ist ein Baum.
Klabaster un Gizmo sünd Katten.,Klabaster und Gizmo sind Katzen.
Se müss ehr Süster versorgen.,Sie musste ihre Schwester versorgen.
"He is riek, aver nich tofreden.","Er ist reich, aber nicht glücklich."
"Dit Nakieksel is fein, üm Saken natokieken.","Dieses Lexikon ist praktisch, um Dinge nachzuschlagen."
Veronica! Dat Vörjohr is dor! Mien Spoors wasst!,Veronica! Der Lenz ist da! Mein Spargel wächst!
Wo sünd de to good?,Wozu sind die gut?
Jeder Kaapmann lowet siene Ware.,Jeder Händler lobt seine Ware.
Jeder Kaapmann lowet siene Ware.,Jeder Kaufmann lobt seine Ware.
Osaka hett mehr Inwahners as Kobe.,Osaka hat mehr Einwohner als Kobe.
Do dat!,Mache es!
Ik deed de grote Koort op ’n Disch utspreden.,Ich breitete die große Karte auf dem Tisch aus.
En Tass Kaffe köst een Kroon.,Eine Tasse Kaffee kostet eine Krone.
"Tom will weten, worüm du dat doon hest.","Tom möchte wissen, warum du das getan hast."
Wi höört Musiek.,Wir hören Musik.
Krinten sünd opdröögt Wiendruven.,Rosinen sind getrocknete Weintrauben.
Krinten sünd opdröögt Wiendruven.,Rosinen sind getrocknete Trauben.
"Du musst Melk drinken, dat du good wassen kannst.","Du musst Milch trinken, damit du gut wachsen kannst."
Godd hett de Welt schapen.,Gott hat die Welt erschaffen.
Godd hett de Welt schapen.,Gott schuf die Welt.
Ik snack en beten Sloveensch.,Ich spreche ein bisschen Slowenisch.
Ik kenn keen von de dree Keerls.,Ich kenne keinen der drei Männer.
Smöökst du?,Rauchst du?
"De Lüüd seggt, he hett Glück hatt! Dat he ook arbeidt hett, dor snackt keeneen von.","Die Leute sagen, dass er Glück gehabt hat! Dass er auch gearbeitet hat, davon spricht keiner."
"Dat harrst du ook sülvs marken kunnt, dat dat en Dummeree is!","Das hättest du auch selber merken können, dass das eine Dummheit ist!"
Se sünd jüst ankamen.,Sie sind gerade angekommen.
Ik kann Esperanto küern as en Inborener.,Ich kann Esperanto sprechen wie ein Muttersprachler.
Tom is al siet dree Johren in Australien.,Tom ist schon seit drei Jahren in Australien.
Tom kunn den Schrecken von ’n Krieg nienich vergeten.,Tom könnte nie die Schrecken des Krieges vergessen.
De Murais sünd teihn Johr verheiraadt.,Die Murais sind seit zehn Jahren verheiratet.
Ik heff en Tuut köfft.,Ich habe eine Tüte gekauft.
Ik denk an mien Kinner.,Ich denke an meine Kinder.
Se hebbt den Mann as Gefohr för de Sellschop ansehn.,Sie haben den Mann als Gefahr für die Gesellschaft angesehen.
Se hett twee Pund Botter köfft.,Sie hat zwei Pfund Butter gekauft.
"Dat is mi eendoont, wenn ’t sneet.","Es ist mir egal, wenn es schneit."
Sünd dat Tom sien Beuker?,Sind das Toms Bücher?
Ik heff en beten Wicht verloren.,Ich habe etwas an Gewicht verloren.
Vonmorgen hett dat en Eerdbeven geven.,Heute Morgen hat es ein Erdbeben gegeben.
De Wind weiht dull.,Es windet stark.
"Segg mi, wat du in Shounan maakt hest.","Sag mir, was du in Shōnan gemacht hast!"
Dat Eten sütt ja temlich lecker ut.,Das Essen sieht ja sehr lecker aus.
Versöök dat noch eens wedder.,Versuche es noch einmal.
He hett nix verkehrt maakt.,Er hat keinen Fehler gemacht.
He hett nix verkehrt maakt.,Er hat nichts verkehrt gemacht.
Laat uns för en poor Minuten verpuusten.,Lasst uns ein paar Minuten verpusten.
Laat uns för en poor Minuten verpuusten.,Lasst uns für ein paar Minuten verschnaufen.
Tom hett di nich so leef as ik.,Tom liebt dich nicht so sehr wie ich.
Disse Bruuk is al lang utstorven.,Diese Sitte ist schon lange ausgestorben.
Ik bün en Fründ von Robert.,Ich bin ein Freund von Robert.
Mary is sööt. Jane ook.,Mary ist süß. Jane ebenfalls.
Ik seuk mien Süstern.,Ich suche meine Schwestern.
Tom is nich beropen.,Tom ist nicht berühmt.
Spreekt Se platt?,Sprechen Sie Plattdeutsch?
Ik kenn sien Musik.,Ich bin mit seiner Musik vertraut.
He hett sik mit dat Mest in ’n Finger sneden.,Er schnitt sich mit dem Messer in den Finger.
Dat Kind deed sik achter en groten Boom versteken.,Das Kind versteckte sich hinter einem großen Baum.
Wahns du hier?,Wohnst du hier?
"Dat weer jüst so, as ik dat dacht harr.","Es war genauso, wie ich gedacht hatte."
Ai hett sik to mi sett.,Ai setzte sich zu mir.
"He lett riek, is dat aver nich.","Er wirkt reich, ist es aber nicht."
"Wonæm büst du wäsen? Ik verseuk al den ganzen Dag, di to kriegen.","Wo bist du gewesen? Ich versuche schon den ganzen Tag, dich zu erreichen."
Kannst du nich slapen?,Kannst du nicht schlafen?
Dat is nich miene Schuld!,Es ist nicht meine Schuld!
"Dat spiet mi, dat ik di vonavend nich drapen kann.","Ich bedaure, dass ich dich heute Abend nicht treffen kann."
Ik gah jümmer to Foot na School.,Ich gehe immer zu Fuß zur Schule.
Mien Grootvader is vör dree Johr doodbleven.,Mein Opa ist vor drei Jahren gestorben.
Mien Grootvader is vör dree Johr doodbleven.,Mein Großvater starb vor drei Jahren.
Mien Grootvader is vör dree Johr doodbleven.,Mein Großvater ist vor drei Jahren gestorben.
Ik bün al twee Stünnen hier.,Ich bin schon zwei Stunden hier.
Se deed an nix Leegs denken.,Sie dachte an nichts Böses.
"De Tog weer so proppenvull, dat ik de ganze Fohrt stahn müss.","Der Zug war dermaßen überfüllt, dass ich während der gesamten Fahrt stehen musste."
"De Tog weer so proppenvull, dat ik de ganze Fohrt stahn müss.","Der Zug war so brechend voll, dass ich die ganze Fahrt über stehen musste."
En bannig gode Idee!,Eine sehr gute Idee!
De Freeheidsstatue is in New York.,Die Freiheitsstatue befindet sich in New York.
Kann ik mi disse CD utborgen?,Könnte ich mir diese CD ausborgen?
Af un to is en Zigarr eenfach en Zigarr.,Ab und zu ist eine Zigarre einfach eine Zigarre.
Af un to is en Zigarr eenfach en Zigarr.,Manchmal ist eine Zigarre einfach eine Zigarre.
Hest du veel to doon?,Hast du viel zu tun?
Dat kann nich wohr wesen.,Das kann nicht wahr sein.
Tom wœr nich trurig.,Tom war nicht traurig.
Ik heff överhœft keen Frünnen.,Ich habe überhaupt keine Freunde.
He versteiht sik allerbest mit all sien Klassenkameraden.,Er versteht sich blendend mit allen Klassenkameraden.
Disse Scheer sniddt good.,Diese Schere schneidet gut.
Ik heff jüst Sushi eten un Wetenbeer drunken.,Ich hab grade Sushi gegessen und Weizen getrunken.
He fecht tegen Windmöhlens.,Er kämpft gegen Windmühlen.
Is dat Kleed nich en beten kort?,Ist das Kleid nicht ein bisschen kurz?
Elk Nacht lüüster ik Radio.,Jede Nacht höre ich Radio.
Ik miss di.,Ich vermisse dich.
Maakt man gau! Dat Kunzert fangt an.,Beeilt euch! Das Konzert fängt an.
"He deed Mary verkloren, worüm as he to laat to ehr Geboortsdagsfier kamen is.","Er erklärte Mary, warum er zu spät zu ihrer Geburtstagsfeier kam."
Maak di dat bequeem!,Mach's dir bequem!
Wullt du di nich dalsetten?,Willst du dich nicht setzen?
Dit Wöörbook hett nich mehr as 20.000 Wöör.,Das Wörterbuch hat nicht mehr als 20.000 Wörter.
Stell di nich so an!,Stell dich nicht so an!
De Pries is dubbelt so hoog as vör een Johr.,Der Preis ist doppelt so hoch wie vor einem Jahr.
"Do so, as wenn du ik weerst.",Tue so als wärst du ich.
’Keen geiht dat üm?,Um wen geht es?
"Düsse Film is för Vulwassene, nich för Kinner.","Dieser Film ist für Erwachsene, nicht für Kinder."
Ik reis geern.,Ich reise gerne.
Ik reis geern.,Ich verreise gerne.
Ik bruuk en beten Sucker.,Ich brauche etwas Zucker.
Tom hett geern hier arbeidt.,Tom arbeitete gerne hier.
He driggt Hanschen.,Er trägt Handschuhe.
Ik heff meist allens verstahn.,Ich habe fast alles verstanden!
Bliev doch noch en beten.,Bleib doch noch ein bisschen.
He weer en Dichter un en Diplomaat.,Er war ein Dichter und ein Diplomat.
Ik heff em von uns School vertellt.,Ich erzählte ihm von unserer Schule.
Toeerst mööt wi den Kock rutsmieten.,Zuerst müssen wir den Koch entlassen.
Segg mi dat nich!,Sage es mir nicht!
Segg mi dat nich!,Sage mir das nicht!
He is in ’n Pohl sprungen.,Er ist in den Teich gesprungen.
Finnsche Texten seht ut as wenn bi ’t Schrieven dat Tastenboord klemmt hett.,"Finnische Texte sehen aus, als habe beim Schreiben die Tastatur geklemmt."
Disse Bloom rückt good.,Diese Blume riecht gut.
Ik mag de okzitaansche Spraak.,Ich mag die okzitanische Sprache.
"Du schusst di good marken, wat ik di seggt heff.","Du solltest dir gut einprägen, was ich dir gesagt habe."
"Ik weet noch, wat du seggt hest.","Ich weiß noch, was du gesagt hast."
Ik eet en Appel.,Ich esse einen Apfel.
Pinguins sünd snaaksche Vagels.,Pinguine sind eigentümliche Vögel.
Ik kunn keen Beten mehr eten.,Ich konnte keinen Bissen mehr essen.
Ik heff allens ünner Kuntrull.,Ich habe alles unter Kontrolle.
"Ik heff em von uns Plaans vertellt, man dat lett, as wenn he keen Intress hett.","Ich erzählte ihm von unseren Plänen, aber er schien nicht interessiert zu sein."
Kinner eet mehrstendeels geern Ies.,Die meisten Kinder essen gerne Eiscreme.
"John is dat wennt, bet Middernacht optoblieven.",John ist gewohnt bis Mitternacht aufzubleiben.
Japan is nich mehr as vör teihn Johr.,Japan ist nicht mehr wie vor zehn Jahren.
He is von ’n Boom dalfullen.,Er ist vom Baum heruntergefallen.
Wat maakst du denn hier?,Was machst du denn hier?
Wi hebbt hier al Stünnen töövt.,Wir haben nun hier stundenlang gewartet.
Kaam op.,Stehe auf.
Katten köönt Water nich lieden.,Katzen hassen Wasser.
Tom is en goden Kock.,Tom ist ein guter Koch.
"Ik fraag mi, worüm de Eier in ’t Dutz verköfft warrt.","Ich frage mich, wieso Eier im Dutzend verkauft werden."
He keem mi nachtens besöken.,Er kam mich nachts besuchen.
Du magst keen Musik.,Du magst keine Musik.
Een Kroon un föfftig Öre.,Eine Krone und fünfzig Öre.
Worüm sünd ji to Huus?,Warum seid ihr zu Hause?
He füll an ’e Eer.,Er fiel auf den Boden.
De Müüs hebbt von dat Brood eten.,Die Mäuse haben von dem Brot gegessen.
Ik krieg mien Breefkassen nich up.,Ich kann meinen Briefkasten nicht öffnen.
"Würklich tohuus is een dor, wo een sik överall kleien kann, wenn een dat jöökt.","Wirklich zu Hause ist man dort, wo man sich überall kratzen kann, wenn es einen juckt."
"Dat is en grott Ihr, Se kennentolihren!","Es ist eine große Ehre, Sie kennenzulernen!"
Ik heff dat Geld nich von em trüggkregen.,Ich bekam das Geld von ihm zurück.
Deit dat weh?,Tut das weh?
"Ik denk, dat se mehrstendeels na Huus gahn sünd.","Ich denke, dass die meisten nach Hause gegangen sind."
Mien Mudder hett mi de Hoor to kort sneden.,Meine Mutter hat mir die Haare zu kurz geschnitten.
Dat is glieks achter de Eck.,Es ist direkt um die Ecke.
Se hett Blomen in ehr Hand.,Sie hat Blumen in ihrer Hand.
Ik bruuk en Tasch. Kannst du mi een lehnen?,Ich brauche eine Tasche. Kannst du mir eine leihen?
He is de oltste.,Er ist der älteste.
Wo hoog kannst du springen?,Wie hoch kannst du springen?
Lex twee is temlich licht.,Lektion zwei ist sehr leicht.
Kunnen de Neanderdalers snacken?,Konnten die Neandertaler sprechen?
Maak de Ogen apen.,Öffne die Augen.
Jo. Nee. Villicht. Ik weet nich.,Ja. Nein. Vielleicht. Ich weiß nicht.
Ik wünsch di dat Beste.,Ich wünsche dir alles Gute.
Sluut dien Ogen dree Minuten lang.,Schließe deine Augen drei Minuten lang.
Ik bün weg.,Ich bin weg.
Tom hett se noch mal küßt.,Tom hat sie noch mal geküsst.
Jean is in fiev Minuten dor.,Jean ist in fünf Minuten da.
Büst du em nudetied ees in ’e Mööt kamen?,Hast du ihn neulich getroffen?
Den Esel kann ’n an de Ohren kennen.,Man kennt den Esel an den Ohren.
He is en kloken Jung.,Er ist ein kluger Junge.
De Füürwehrlüüd hebbt dat Füür utdaan.,Die Feuerwehr hat das Feuer gelöscht.
De Hund lööp na de Katt.,Der Hund lief zur Katze.
Vör twee Johr bün ik na China gahn.,Vor zwei Jahren bin ich nach China gegangen.
Ik bün Perfesser.,Ich bin Professor.
Dat Kind kriggt nu Tähn.,Das Kind bekommt jetzt Zähne.
Dat Kind kriggt nu Tähn.,Das Kind zahnt nun.
Fraag en Schandarm!,Frag einen Polizisten!
Ik kunn nich slapen.,Ich konnte nicht schlafen.
Dit Gesett schall uns uns Grundrechten roven.,Dieses Gesetz wird uns unsere Grundrechte rauben.
Ik wahn in Danzig.,Ich wohne in Danzig.
Hebbt Tom un Ria Fransch snackt?,Haben Tom und Maria Französisch gesprochen?
Ik heff dat Geld nie kregen.,Ich habe das Geld nie bekommen.
All beid sien Grootvaders sünd dood.,Seine beiden Großväter sind tot.
Ehr Süster wahnt in Schottland.,Ihre Schwester wohnt in Schottland.
Judy deed em ansmüüstern.,Judy lächelte mich an.
Wat maakt joon öllere Süster jüst?,Was macht eure ältere Schwester gerade?
Se hett mi wat to eten geven.,Sie gab mir etwas zu essen.
Ik heff dat dat eerste Maal maakt.,Ich habe es zum ersten Mal gemacht.
"Bedankt, nu verstah ik.","Danke, ich verstehe jetzt."
De Lööw deed sien groot Muul apen un brüll.,Der Löwe öffnete sein riesiges Maul und brüllte.
Mit 18 Johr harr se al ehr eerst Kind.,Mit 18 Jahren hatte sie schon ihr erstes Kind.
"Dat weer en Krieg, den egens keen Nation wull.","Es war ein Krieg, den keine Nation wirklich wollte."
Wat hest du Paula seggt?,Was hast du Paula gesagt?
Ik snack von mien Fründ.,Ich spreche von meinem Freund.
"Wat den een sien Uul, is den annern sien Nachtigall.","Was dem einen seine Eule ist, ist dem anderen seine Nachtigall."
Dat is veel!,Das ist viel!
"Wenn de Daag fangt an to längen, fangt de Winter an to strengen.","Wenn die Tage anfangen, länger zu werden, fängt der Winter an, strenger zu werden."
Ik slaap naakd.,Ich schlafe nackt.
"En Vagel singt, as em de Snavel wussen is.","Ein Vogel singt, wie ihm der Schnabel gewachsen ist."
Wi sünd Arabers.,Wir sind Araber.
Katten köönt in ’n Düüstern sehn.,Katzen können im Dunkeln sehen.
Tatoeba is en fre’e Software.,Tatoeba ist eine freie Software.
He is twee Maal in England wesen.,Er ist zweimal in England gewesen.
Tom hett jüst sien Kamer oprüümt.,Tom hat gerade sein Zimmer aufgeräumt.
De Sahara is en grote Wööst.,Die Sahara ist eine große Wüste.
Du stinkst na Schiet.,Du stinkst nach Scheiße.
De Daag warrt bilütten körter.,Die Tage werden allmählich kürzer.
"Bedüüdt dat, dat du nich kummst?","Bedeutet das, dass du nicht kommen wirst?"
Snackst du Düütsch?,Sprichst du Deutsch?
De Deckel lett sik nich afnehmen.,Der Deckel lässt sich nicht abnehmen.
Ik kann di opstunns nix vertellen.,Ich kann dir momentan nichts erzählen.
He lööp fiev Mielen.,Er lief fünf Meilen.
Se verwacht en Kind.,Sie erwartet ein Kind.
Wo smuck diene Süster is!,Wie schön deine Schwester ist!
Ik heff mi verköhlt.,Ich habe mich erkältet.
Brood warrt von Weten maakt.,Brot wird aus Weizen hergestellt.
Tunge! Dat harr ik nich dacht.,Nanu! Das hätte ich nicht gedacht.
He is de öllst Söhn.,Er ist der älteste Sohn.
"Dat is unfründlich, anner Lüüd antoglupen.","Es ist unhöflich, andere Leute anzustarren."
Dat sütt ut as en Ei.,Das sieht wie ein Ei aus.
Dröff ik noch en beten Melk hebben?,Darf ich noch ein bisschen Milch haben?
Ik höör ehr nich.,Ich höre sie nicht.
Ik drück jo de Dumen.,Ich werde euch die Daumen drücken.
"Mi dücht, Frankforters hebbt veel mehr Smack as Wieners.","Ich finde, Frankfurter haben viel mehr Geschmack als Wiener."
Vör dat anfangt to regen fleegt de Swülken sied.,Vor dem Regen fliegen die Schwalben tief.
Aver de Buur weer fründlich to em un bröch em en Barg bi.,Aber der Bauer war nett zu ihm und brachte ihm eine Menge bei.
"Du schasst di dor gau an wennen, op ’n Lannen to leven.","Du wirst dich schnell daran gewöhnen, auf dem Land zu leben."
He harr Intress an mi.,Er hatte Interesse an mir.
Se hett nie mit em danst.,Sie hat nie mit ihm getanzt.
Woneem schöölt wi den Affall looswarrn?,Wo sollten wir den Abfall entsorgen?
Frankriek weer in ’n Krieg mit Russland.,Frankreich war im Krieg mit Russland.
Dor steiht en Glas op ’n Disch.,Es steht ein Glas auf dem Tisch.
As Kind harr ik ook en Modelliesenbahn.,Als Kind hatte ich auch eine Modelleisenbahn.
Tom is vun en Peerd träden worrn.,Tom ist von einem Pferd getreten worden.
Ik heff miene Süster en Popp geven.,Ich habe meiner Schwester eine Puppe gegeben.
Du schusst lever slapen.,Du solltest lieber schlafen.
Tom und Ria wahnt nu in Boston.,Tom und Maria wohnen jetzt in Boston.
Poggen sünd vör Snaken bang.,Frösche haben Angst vor Schlangen.
Poggen sünd bang vör Snaken.,Frösche haben Angst vor Schlangen.
Dat ganze Land weer tosneet.,Das ganze Land war eingeschneit.
Ik begriep dat nich.,Ich verstehe das nicht.
Ik begriep dat nich.,Ich begreife das nicht.
’Keen höört den Püüster to?,Wem gehört das Gewehr?
Ik bün nich ut Boston.,Ich komme nicht aus Boston.
Wat hest du för dien Fründ köfft?,Was hast du für deinen Freund gekauft?
Verbaden Frücht smeckt opbest.,Verbotene Früchte schmecken am besten.
Michael Jackson is doodbleven.,Michael Jackson ist gestorben.
"Se hett mi seggt, dat se em leef hett.","Sie sagte mir, sie liebe ihn."
He hett minner Brood.,Er hat weniger Brot.
Bliev nich to lang in ’e Sünn.,Bleib nicht zu lange in der Sonne.
"Oh, dat deit mi leed.","Oh, tut mir leid."
Oh! Dat deit mi leed.,Oh! Das tut mir leid.
He keem Klock söss trügg.,Er kam um sechs Uhr zurück.
Ik bün na mien Kinnertied nienich wedder krank wesen.,Nach meinen Kinderjahren bin ich nie wieder krank gewesen.
Mien Nees löppt jümmerto.,Meine Nase läuft ununterbrochen.
Ik schriev faken Bidrääg för Wikipedia.,Ich schreibe sehr oft Beiträge für Wikipedia.
"Mi dücht, du weetst, wat ik meen.","Ich glaube, du weißt, was ich meine."
"Hest du wat, wat du mi seggen wullt?","Hast du etwas, was du mir sagen möchtest?"
Wat för en Krankheid heff ik?,Was für eine Krankheit habe ich?
"Mien Naver is, kort seggt, neeschierig.","Mein Nachbar ist, kurz gesagt, neugierig."
Godd is uns Kracht.,Gott ist unsere Stärke.
"Ik bün froh, soveel gode Frünn to hebben.","Ich bin glücklich, so viele gute Freunde zu haben."
Wi schullen nu beter na Huus gahn.,Wir sollten jetzt besser nach Hause gehen.
He güng twee Stünnen wieder.,Er ging zwei Stunden weiter.
Tux is en antarktischen Vagel.,Tux ist ein antarktischer Vogel.
Tominnst kunn ik di sehn.,Wenigstens konnte ich dich sehen.
Wannehr kummst du na Huus?,Wann kommst du heim?
Wannehr kummst du na Huus?,Wann kommst du nach Hause?
He harr en swoor Leven.,Er hatte ein schweres Leben.
De sünd in Berlin.,Die sind in Berlin.
"Sodraad se mi sehn hett, füng se dat Wenen an.","Sobald sie mich sah, fing sie zu weinen an."
He deed mit slaten Ogen to de Musiek lüüstern.,Er hörte der Musik mit geschlossenen Augen zu.
De Straat is slibberig.,Die Straße ist glitschig.
Ik heff mien E-Mail-Adress vergeten.,Ich habe meine E-Mail-Adresse vergessen.
Ik heff mien E-Mail-Adress vergeten.,Ich habe meine E-Postadresse vergessen.
Wannehr geihst du na Huus?,Wann gehst du nach Haus?
Krieg ik en Narv?,Werde ich eine Narbe bekommen?
Is dor wat Water in ’e Kann?,Ist etwas Wasser in der Kanne?
En Platt hebben hett tominnst een Vördeel - een spoort veel Schampoo.,"Eine Glatze zu haben, hat wenigstens einen Vorteil - man spart viel Shampoo."
Wi dröfft nich noch maal in ’n Krieg trecken.,Wir dürfen nicht noch einmal in den Krieg ziehen.
Nix is as dat lett.,"Nichts ist so, wie es scheint."
De Vagels flögen na ’n Süden.,Die Vögel flogen in den Süden.
He harr en hellblauen Slips üm.,Er trug eine hellblaue Krawatte.
Dat geit mi nix an.,Das geht mich nicht an.
"Mi dücht, dat dat allens en Fraag von Geld is.","Ich glaube, dass alles eine Frage des Geldes ist."
Se sütt alltied bleek ut.,Sie sieht immer bleich aus.
Woans hest du Esperanto lehrt?,Wie hast du Esperanto gelernt?
Jümmer wedder wat frisch!,Immer wieder etwas frisch!
"Se wull dat partu, dat he to de Party inlaadt warrt.","Sie bestand darauf, dass er zur Party eingeladen werden sollte."
Wat för ’n Dokter behannelt di?,Welcher Doktor behandelt dich?
An ’n Fujiyama bleiht keen Edelweiß.,Am Fuji blüht kein Edelweiß.
Dat Hotel is dor neddern.,Das Hotel ist dort unten.
He angelt geern.,Er angelt gern.
Se geiht faken mit em in ’t Kino.,Sie geht oft mit ihm ins Kino.
Hamborg liggt an ’e Elv.,Hamburg liegt an der Elbe.
’N Rogg hebbt se Arme-Lüüd-Koorn nöömt.,Der Roggen wurde Arme-Leute-Getreide genannt.
All Kinner weren mit jemehr Eten tofreden.,Alle Kinder waren mit ihren Mahlzeiten zufrieden.
"Ji sünd mööd, nich?","Ihr seid müde, oder?"
He deed man so.,Er tat bloß so.
Wi wüllt di geern helpen.,Wir möchten dir gerne helfen.
"Ik weet nich, ’keen he is.","Ich weiß nicht, wer er ist."
He keem Klock fiev trügg.,Er kam um 5 Uhr zurück.
He keem Klock fiev trügg.,Er kam um fünf Uhr zurück.
Kann ik dat Licht utdoon?,Kann ich das Licht ausschalten?
Wannehr schall dat trech wesen?,Wann wird es fertig sein?
De Diek is temlich deep.,Der Teich ist sehr tief.
Ik bün good tomood.,Ich fühle mich wohl.
Ik heff Tom na 1988 nich mehr sehn.,Ich habe Tom seit 1988 nicht mehr gesehen.
He is ut en annere Welt.,Er ist von einer anderen Welt.
’keen glövt an Gott?,Wer glaubt an Gott?
"De Nacht is swart, un ok de Dint is swart. De Nacht un de Dint sünd swart.","Die Nacht ist schwarz, und auch die Tinte ist schwarz. Die Nacht und die Tinte sind schwarz."
Opmaal höll de Rulltrepp an.,Plötzlich hielt die Rolltreppe an.
Se speelt Gitarr.,Sie spielt Gitarre.
"Ik heff en Fründ, de in Spanien wahnt.","Ich habe einen Freund, der ihn Spanien wohnt."
Woveel Geld hett he?,Wie viel Geld hat er?
He hett sik en Snööv von sien Süster infungen.,Er hat sich eine Erkältung von seiner Schwester eingefangen.
Dat is snaaksch.,Das ist seltsam.
Wannehr maakt dat Restaurant dicht?,Wann schließt das Restaurant?
"To, laat uns gahn!","Los, lass uns gehen!"
He deed mi mit en Smüüstern antwoorden.,Er antwortete mir mit einem Lächeln.
Disse Satz höört mi.,Dieser Satz gehört mir.
Disse Satz höört mi.,Dieser Satz ist von mir.
Se pruuschen all opmaal loos.,Sie lachten alle auf einmal los.
Ik bün nich trurig.,Ich bin nicht traurig.
Wullt du noch wat Sooß?,Möchtest du noch etwas Soße?
He is en Flasskopp.,Er ist blond.
De Vagel deed na Sebbers söken.,Der Vogel suchte nach Käfern.
He lett riek.,Er scheint reich zu sein.
Worüm deist du mi dat an?,Warum tust du mir das an?
He hett för veer Kinner to sorgen.,Er hat vier Kinder zu versorgen.
"He harr keen Fründ, de em helpen kunn.","Er hatte keinen Freund, der ihm helfen konnte."
Twee maal söven is veerteihn.,Zweimal sieben ist vierzehn.
Twee maal söven is veerteihn.,Zwei mal sieben ist vierzehn.
Ik heff jümmer veel to doon.,Ich habe immer viel zu tun.
Wat deit se?,Was macht sie?
Opa hett sik verköhlt.,Opa ist erkältet.
En Book kann mit en Fründ vergleken warrn.,Ein Buch kann mit einem Freund verglichen werden.
Dat mokt nix.,Das macht nichts.
Disse Kees hett en basch Smack.,Dieser Käse hat einen scharfen Geschmack.
He sütt den Busch vör luder Bööm nich.,Er sieht den Wald vor lauter Bäumen nicht.
"Is hier een, de Chineesch snackt?","Ist hier jemand, der Chinesisch spricht?"
Wullt du wat to drinken?,Willst du etwas zum Trinken?
Maakt de Ogen apen.,Öffnet die Augen.
Ik heff en Fraag.,Ich habe eine Frage.
Se will gahn.,Sie will gehen.
Woveel Spraken köönt ji good snacken?,Wie viele Sprachen könnt ihr gut sprechen?
He harr en Book in ’e Hand.,Er hatte ein Buch in der Hand.
Dat is opstunns Saison för Eerdbeern.,Er ist gerade Erdbeerzeit.
Dat is opstunns Saison för Eerdbeern.,Erdbeeren haben gerade Saison.
Dat Peerd leeg op ’t Stroh.,Das Pferd lag auf dem Stroh.
"Nee, ik bün nich gahn.","Nein, ich bin nicht gegangen."
Ik lees jüst en Book över Spraken.,Ich lese gerade ein Buch über Sprachen.
"Poppeer is witt, Köhlenstoff swart.","Papier ist weiß, Kohlenstoff schwarz."
Büst du en Yankee?,Bist du ein Yankee?
De Paal von ’e Arvt is gröön.,Die Erbsenhülse ist grün.
"Segg mi, wat dor schehn is.","Sage mir, was geschah."
"Wenn ik dit Leed höör, denk ik jümmer an mien Schooltied trügg.","Wenn ich dieses Lied höre, erinnere ich mich immer an meine Schulzeit."
He bleev in ’t Hotel.,Er blieb im Hotel.
Mak keene Fisematenten!,Mach keine Fisematenten!
Ik heff dor wat ganz Dulles sehn.,Ich habe etwas sehr Ungewöhnliches gesehen.
"De Tee is so heet, dat ik den nich drinken kann.","Der Tee ist so heiß, dass ich ihn nicht trinken kann."
Worüm fraagst du nich Tom?,Warum fragst du nicht Tom?
Vör twee Weken weer ik dat eerste Maal in Disneyland.,Vor zwei Wochen war ich zum ersten Mal im Disneyland.
Witt is en Symbool för dat Reine.,Weiß ist ein Sinnbild für Reinheit.
Man ik kann good kaken.,Aber ich kann gut kochen.
Ik bün alltied praat to starven.,Ich bin ständig bereit zu sterben.
Se kunn ehr Lachen nich trügghollen.,Sie konnte ihr Lachen nicht zurückhalten.
En bettchen scheif het God leif.,Ein bisschen schief hat Gott lieb.
Geihst du faken na Kark?,Gehst du oft in die Kirche?
Se acht em.,Sie achten ihn.
En smachtig Hart is leger as en smachtig Darm.,Ein hungriges Herz ist schlechter als ein hungriger Darm.
"He is krank as en Hohn, mag eten aver nix doon.","Er ist krank wie ein Huhn, er mag essen aber nichts tun."
Dat Finster is ut Glas.,Das Fenster ist aus Glas.
Se hett Ria heten.,Sie hieß Maria.
Ik will wat Water drinken.,Ich möchte etwas Wasser trinken.
Weer Tom dor?,War Tom da?
Ut ’n Daak keem opmaal en Schipp vör.,Aus dem Dunst erschien plötzlich ein Schiff.
"Tom un Ria säen, dat se wat mit mi to bespreken harrn.","Tom und Maria sagten, sie müssten mit mir reden."
He hett dree öllere Süstern.,Er hat drei ältere Schwestern.
He kennt mi nich.,Er kennt mich nicht.
’Keen mööt wi inladen?,Wen müssen wir einladen?
’Keen hett em rinlaten?,Wer hat ihn hereingelassen?
Ehr Oog rechts is blind.,Ihr rechtes Auge ist blind.
Ik heff jo nich höört.,Ich habe euch nicht gehört.
He is en lemmige Persoon.,Er ist eine lebhafte Person.
Wannehr is de Regentied toenn?,Wann ist die Regenzeit zu Ende?
"De Toorn, den ji hier seht, is de Eiffeltoorn.","Der Turm, den Sie hier sehen, ist der Eiffelturm."
"Ik sla vör, dat du di mol mit Tom ünnerhöllst","Ich schlage vor, dass du dich mal mit Tom unterhältst."
"Wenn ik unsichtbor weer, denn müss ik nix anhebben.","Wenn ich unsichtbar wäre, dann müsste ich mir nichts anziehen."
Se deed ehr Shirt plätten.,Sie bügelte ihr Shirt.
Wo lang mööt wi dat in ’n Aven laten?,Wie lange müssen wir das im Ofen lassen?
Wi hebbt twee Billy-Regaals von Ikea.,Wir haben zwei Billy-Regale von IKEA.
"In ’e School hebbt wi lehrt, dat de Wuddel ut negen dree is.","In der Schule haben wir gelernt, dass die Quadratwurzel aus neun drei ist."
De Klock geiht verkehrt.,Die Uhr geht falsch.
De Straat is asfalteert.,Die Straße ist asphaltiert.
De Ries schall dat Water tohoop opnehmen.,Der Reis soll die ganze Flüssigkeit aufnehmen.
Dinosauriers sünd nu utstorven.,Dinosaurier sind nun ausgestorben.
Wat för en Film hest du keken?,Welchen Film hast du gesehen?
Wat för en Film hest du keken?,Welchen Film hast du angesehen?
Wat för en Film hest du keken?,Was für einen Film hast du angeschaut?
Veel junge Mannslüüd tögen in ’n Krieg.,Viele junge Männer zogen in den Krieg.
Tom sien Huus hett lütte Finstern.,Toms Haus hat kleine Fenster.
Se harrn nich noog Gold.,Sie hatten nicht genug Gold.
Du speelst good Tennis.,Du spielst gut Tennis.
Büst du mit Peter na München?,Hast du Peter nach München begleitet?
"Ik hööp, dat du keen Mallbüdel büst, oder?","Ich hoffe, dass du kein Verrückter bist, oder?"
De Eer dreiht sik in üm ub bi 365 Daag üm de Sünn.,Die Erde umkreist die Sonne einmal in ungefähr 365 Tagen.
"Wenn ik keen Geld harr, harr ik keen Huus.","Wenn ich kein Geld gehabt hätte, hätte ich kein Haus."
De Höhner hebbt Freten söcht.,Die Hühner suchten Nahrung.
Wi misst di all temlich.,Wir vermissen dich alle sehr.
Do et süms.,Mach es selbst.
Do et süms.,Mach es selber.
"Ik heff mien Geld för Kleder, Äten un Beuker utgäven.","Ich habe mein Geld für Kleidung, Essen und Bücher ausgegeben."
"Kaam nich so laat, okay?","Komm nicht so spät, o.k.?"
"Ik heff Tom seggt, dat ik meud bün.","Ich sagte Tom, ich sei müde."
Dat is mien Geschenk för di.,Das ist mein Geschenk an dich.
Wat wullt du to ’n Fröhstück eten?,Was möchtest du zum Frühstück essen?
Ik bün nu mööd.,Ich bin jetzt müde.
"Helen, dit is mien Kuseng.","Helen, dies ist mein Cousin."
De Dezember hett 31 Daag.,Der Dezember hat einunddreißig Tage.
De Dezember hett 31 Daag.,Der Dezember hat 31 Tage.
Se hett sik de Armkuhlen raseert.,Sie hat sich die Achseln rasiert.
Du harrst nich so veel Ies eten schullt.,Du hättest nicht so viel Eis essen sollen.
Wo groot ji sünd!,Wie groß ihr seid!
Se snack gau.,Sie sprach schnell.
Is dat hier en Duty-Free-Laden?,Ist das hier ein Duty-Free-Geschäft?
"Nee, ik sing nich.","Nein, ich singe nicht."
He wull na de See föhren.,Er wollte an die See fahren.
He wull na de See föhren.,Er wollte ans Meer fahren.
Woveel Kinner sünd ji?,Wie viele Geschwister seid ihr?
He hett mi en Geschenk tostüürt.,Er schickte mir ein Geschenk.
"Warrt seggt, he is en feinen Keerl.","Es heißt, er sei ein netter Kerl."
De sitt up’n Pott.,Der ist auf dem Klo.
De sitt up’n Pott.,Die ist auf dem Klo.
Gode Nacht!,Gute Nacht!
Gode Nacht.,Gute Nacht!
Ik drink jümmer Melk to mien Fröhstück.,Ich trinke immer Milch zu meinem Frühstück.
Du büst to nix to bruken.,Du bist ein Nichtsnutz.
Se dröög en witt Kleed.,Sie trug ein weißes Kleid.
Dat Weder is good.,Das Wetter ist schön.
Wi hebbt na ehr söcht.,Wir suchten nach ihr.
Ut dat Weltall sütt de Eer temlich lütt ut.,Aus dem Weltall sieht die Erde sehr klein aus.
He seed faken so Saken.,Er sagte oft solche Sachen.
Nix is hillig.,Nichts ist heilig.
Ik kann ahn Feernsehn nich leven.,Ich kann ohne Fernsehen nicht leben.
Dat heff ik nich weten.,Das wusste ich nicht.
He is jümmer untofreden.,Er ist ständig unzufrieden.
En Quall hett ehr staken.,Sie wurde von einer Qualle gestochen.
De Maker von de Spraak Slovio hett sogor en Websteed mit Pornos in de Spraak maakt.,Der Erfinder der Sprache Slovio hat sogar eine Webseite mit Pornos in dieser Sprache gemacht.
"Disse Kist is to swoor, ehr to böhren.","Diese Kiste ist zu schwer, um sie zu tragen."
He füng sik n flotten Otto.,Er fing sich Montezumas Rache.
He hett en Reinmakerfroo.,Er hat eine Putzfrau.
Se hett em vonmorgen drapen.,Sie traf ihn heute Morgen.
Ik bün von disse Drietkeerls schanghait worrn!,Ich wurde von diesen Bastarden schanghait!
Dat Peerd lööp hart.,Das Pferd lief schnell.
Ji schullen mehr Grööntüüg eten.,Ihr solltet mehr Gemüse essen.
Kannst du rieden?,Kannst du reiten?
Is he al trügg?,Ist er schon zurück?
"Nee, du dröffst nich.","Nein, du darfst nicht."
Warr nich böös.,Werde nicht bös.
"Ik verstah, wat se meent.","Ich verstehe, was sie meint."
Du bruukst nich so luud snacken.,Du musst nicht so laut reden.
"Ik weet nich, woneem dat is.","Ich weiß nicht, wo das ist."
"Nüms weet, wo Bill hengahn is.","Keiner weiß, wohin Bill gegangen ist."
Se hett em verklaagt.,Sie hat ihn verklagt.
Dat sünd mien Bröder.,Das sind meine Brüder.
Hest du dat al maal maakt?,Hast du es jemals gemacht?
De Soldaten kunnen em nu sehn.,Die Soldaten konnten ihn nun sehen.
"Nüms weet, wo he hen utneiht is.","Niemand weiß, wohin er entflohen ist."
He is en groten Jung.,Er ist ein großer Bub.
Wat deed ik ahn di doon?,Was soll ich ohne dich machen?
Wat deed ik ahn di doon?,Was soll ich ohne dich anfangen?
Ik heff jüst mien Huusopgaven trechkregen.,Ich habe gerade meine Hausaufgaben fertig gemacht.
"Kann dat angahn, dat dat partu nich klappen will?","Kann das sein, dass das einfach nicht funktionieren will?"
Du hest veel Geld un ik heff keen.,Du hast viel Geld und ich habe keins.
"Wenn ’t toveel is, is ’t toveel!","Wenn es zu viel ist, ist es zu viel!"
En Kanickel hett lange Ohren un en korten Steert.,Ein Kaninchen hat lange Ohren und einen kurzen Schwanz.
Jümmer un jümmer wedder hett he mi anlagen.,Immer und immer wieder hat er mich angelogen.
Un wo schall dat för good wesen?,Und wofür soll das gut sein?
„Tatoeba“ is japaansch för „to ’n Bispeel“.,„Tatoeba“ bedeutet auf Japanisch „zum Beispiel“.
Wi mööt jem in ’t Butenland köpen.,Wir müssen sie im Ausland kaufen.
Dat Huus is bi ’n Brand tohoop dalbrennt.,Das Gebäude brannte bei dem Brand vollständig nieder.
Ik kenn sien Adress.,Ich kenne seine Adresse.
Smith is na en Hartinfarkt doodbleven.,Smith ist nach einem Herzinfarkt gestorben.
Na ’t Avendeten gaht wi all in ’e Stuuv.,Nach dem Abendessen gehen wir alle ins Wohnzimmer.
Mien Fööt sünd lütt vergleken mit dien.,Meine Füße sind klein verglichen mit deinen.
Dat is in Japan nich de Fall.,Das ist in Japan nicht der Fall.
"He seeg ut, as wenn he al Daag nix mehr eten harr.","Er schaute aus, als ob er tagelang nichts gegessen hatte."
Wat hest du Mike to ’n Geboortsdag schunken?,Was hast du Mike zum Geburtstag geschenkt?
Ken hett Tom sien Fründin küsst.,Ken hat die Freundin von Tom geküsst.
Se hett lang Hoor.,Sie hat langes Haar.
De Katt slöppt op ’n Disch.,Die Katze schläft auf dem Tisch.
Worüm höörst du nich op mi?,Warum hörst du mir nicht zu?
Worüm höörst du nich op mi?,Warum hörst du nicht auf mich?
He hett veel Böker över Geschicht.,Er hat viele Bücher über Geschichte.
He hett veel Böker över Geschicht.,Er hat viele Geschichtsbücher.
De Sünn schient in ’e Nacht nich.,Die Sonne scheint nachts nicht.
Hest du al opwuschen?,Hast du alles abgewaschen?
"Goden Dag, wat wullt du?","Guten Tag, was möchtest du?"
Katten draagt keen Halsband.,Katzen tragen kein Halsband.
"Se weet dor mehr över, as se tosteiht.","Sie weiß mehr darüber, als sie zugibt."
Dat hett dree Daag slankweg regent.,Es hat drei Tage hintereinander geregnet.
Ik heff keen Aptiet.,Ich habe keinen Appetit.
He weer slecht in ’e School.,Er war schlecht in der Schule.
"De sien Nees afsniddt, schännt sien Gesicht.","Wer seine Nase abschneidet, der verstümmelt sein Gesicht."
Leeg mi nienich wedder an.,Lege dich nie wieder mit mir an.
Sien Romaan gefallt mi.,Sein Roman gefällt mir.
Ik bruuk en Tass hitten Kaffe.,Ich brauche eine Tasse heißen Kaffee.
Gah na ’n Putzbüdel.,Geh zum Friseur.
Reken hett mit Mathematik so veel to doon as dat Bruken von en Schrievmaschien mit Literatur.,Rechnen hat mit Mathematik so viel zu tun wie das Benutzen einer Schreibmaschine mit Literatur.
Liekers is dat wohr.,Trotzdem ist es wahr.
He leevt alleen.,Er lebt allein.
He hett mehr Geld as he tellen kann.,"Er hat mehr Geld, als er zählen kann."
Wannehr geihst du na Arbeid?,Wann gehst du zur Arbeit?
Wi gaht na Huus.,Wir gehen nach Hause.
Ji kriegt mi nienich levig faat!,Ihr kriegt mich niemals lebendig zu fassen!
Ik wull geern en Dapanji eten!,Ich würde gerne ein Dapanji essen!
"Maak, wat he di seggt.","Mach, was er dir sagt."
"Man kann Water drinken, man kann dat aver ook laten.","Man kann Wasser trinken, man kann es aber auch lassen."
Ik güng bet na de Post.,Ich ging bis zur Post.
Dat Kind schrifft en Book.,Das Kind schreibt ein Buch.
Du drinkst toveel Kaffe.,Du trinkst zu viel Kaffee.
"Du büst de Mann, na den ik söcht heff.","Du bist der Mann, nach dem ich gesucht habe."
Worüm is dat mitmol so still?,Warum ist es plötzlich so still?
Ik heff dat Book för teihn Dollar köfft.,Ich habe das Buch für zehn Dollar gekauft.
Se hett em en Book geven.,Sie hat ihm ein Buch gegeben.
"Ik deed em schrieven, wenn ik sien Adress wüss.","Ich würde ihm schreiben, wenn ich seine Adresse wüsste."
Miene Hannen sünd ganz klamm vör Küll.,Meine Hände sind durch die Kälte taub geworden.
Dat rückt na Kees.,Das riecht nach Käse.
Se wüllt mi ümbringen.,Sie werden mich umbringen.
Se wüllt mi ümbringen.,Sie wollen mich umbringen.
Wo gau se löppt!,Wie schnell sie läuft!
Dat is to froh üm optokamen.,"Es ist zu früh, um aufzustehen."
"Wat wullt du lever, Wittwien oder Roodwien?","Was möchtest du lieber, Weißwein oder Rotwein?"
Wannehr sünd ji vonmorgen opstahn?,Wann seid ihr heute Morgen aufgestanden?
Bedankt för allens.,Danke für alles.
Teihn Fungene sünd ut dat Fängnis utbraken.,Zehn Häftlinge brachen aus dem Gefängnis aus.
Wat hest du vergangen Nacht daan?,Was hast du letzte Nacht gemacht?
Ji schullen mehr eten.,Ihr solltet mehr essen.
Du hest en Vagel.,Du hast 'ne Meise.
Ik heff de Reken betahlt.,Ich bezahlte die Rechnung.
Ik heff de Reken betahlt.,Ich habe die Rechnung bezahlt.
Disse Straat warrt bi Gladdies streit.,Diese Straße wird bei Glatteis gestreut.
Bob deed Preester warrn.,Bob wurde ein Pfarrer.
Teh dien Söcken ut.,Zieh deine Socken aus.
Wohrschau!,Vorsicht!
Wat för en staatsche Bloom!,Was für eine herrliche Blume!
Wannehr schall de Welt an ehr Enn kamen?,Wann wird die Erde ihr Ende erreichen?
Bilütten wennt se sik an dat Leven op ’n Lannen.,Allmählich gewöhnt sie sich an das Leben auf dem Lande.
Mit ’n Hannel geiht dat bargdal.,Mit dem Handel geht es bergab.
He deed na sien Hund flöten.,Er pfiff nach seinem Hund.
"Ik sla vör, dat du di mol mit Ria ünnerhöllst.","Ich schlage vor, dass du dich mal mit Maria unterhältst."
"Ik verstoh nich, worüm wi dat doon möten.","Ich verstehe nicht, warum wir das machen müssen."
He hett dat Huus Klock acht verlaten.,Er verließ das Haus um acht Uhr.
Haal man ehr Medizin un en Glas Water.,Hole ihre Medizin und ein Glas Wasser.
Uns Schoolmeester is kamen.,Unser Lehrer ist gekommen.
’Keen nehm ik denn?,Wen nehme ich denn?
Melk? Sucker?,Milch? Zucker?
Keen Steern weer an ’n Heven to sehn.,Kein Stern war am Himmel zu sehen.
Dat is mi piepegal.,Ist mir doch wurscht.
Dat is mi piepegal.,Das is' mir schnurzpiepe.
De Äquater deelt de Eer in twee Halvscheden.,Der Äquator teilt die Erde in zwei Halbkugeln.
Dat is miene Süster.,Das ist meine Schwester.
’Keen hett hier woll de Goldbarren inkuhlt?,Wer hat hier wohl die Goldbarren vergraben?
"Wi hebbt in ’e School lehrt, dat Shakespeare 1564 boren is.","Wir lernten in der Schule, dass Shakespeare im Jahre 1564 geboren wurde."
Mannslüüd kören man nich oft vun ehr Problemen.,Männer reden selten über ihre Probleme.
Ik will mi en Poor Skisteveln köpen.,Ich möchte mir ein Paar Skischuhe kaufen.
Ik bruuk en neet Fohrrad.,Ich brauche ein neues Fahrrad.
"Sue hett en dicken Achtersteven, aver dat maakt ehr nix.","Sue hat einen großen Hintern, aber sie macht sich nichts daraus."
Uns Tog höll opmaal an.,Unser Zug hielt plötzlich an.
Se hett em narrt.,Sie hat ihn genarrt.
In teihn Minuten eet wi to Middag.,In zehn Minuten essen wir zu Mittag.
"Ik weer an ’e Tuur, de Kamer reintomaken.","Ich war an der Reihe, das Zimmer zu putzen."
De Penn is harter as dat Sweerd.,Die Feder ist stärker als das Schwert.
Stopp dat Baby nich in ’n Sack!,Stopfe das Baby nicht in den Sack!
Dat is to snell.,Das ist zu schnell.
He hett Problemen in ’e School.,Er hat Probleme in der Schule.
Woveel Mangos wullt du?,Wie viele Mangos möchtest du?
De Buurhoff grenzt an de Straat.,Der Bauernhof grenzt an die Straße.
"He deed en Jung faatkriegen, as he em jüst en Klock stehlen deed.","Er erwischte einen Jungen, wie er ihm gerade seine Uhr stahl."
"Disse Klock höört mi nich to, de höört di to.","Diese Uhr gehört nicht mir, sondern dir."
De Hahn kreiht bi Sünnopgang.,Der Hahn kräht beim Sonnenaufgang.
Ik bün em 50.000 Yen schüllig.,Ich schulde ihm fünfzigtausend Yen.
Ik bün em 50.000 Yen schüllig.,Ich bin ihm fünfzigtausend Yen schuldig.
Ik bün em 1000 Yen schüllig.,Ich bin ihm 1000 Yen schuldig.
Ik deed geern maal in de Swiez föhren.,Ich würde gern mal in die Schweiz fahren.
"Ik heff Tom seggt, dat mi dat leed dee.","Ich sagte Tom, dass es mir leidtue."
Ik heff en Poor Schoh köfft.,Ich habe ein Paar Schuhe gekauft.
De Jung reed to ’n eersten Maal op en Peerd.,Der Junge ritt zum ersten Mal auf einem Pferd.
"Ik blööd, wenn ik Leevd maak.","Ich blute, wenn ich Liebe mache."
"Ik blööd, wenn ik Leevd maak.",Ich blute beim Beischlaf.
Elkeen lüggt.,Jeder lügt.
Dor is en Kiekschapp in mien Kamer.,Da ist ein Fernseher in meinem Zimmer.
Dor heff ik grood keen Lust tau.,Dazu habe ich gerade keine Lust.
Helen Keller weer doov un blind.,Helen Keller war taub und blind.
Woveel Nachten blievst du?,Wie viele Nächte bleibst du?
Noch dree Lüüd sünd in ’n Bus instegen.,Noch drei Personen stiegen in den Bus ein.
"Ik hööp, dat di dat good geiht.","Ich hoffe, es geht dir gut."
1989 weer en swoor Johr.,1989 war ein schwieriges Jahr.
Se hett mi dat Fischogen-Objektiv geven.,Sie hat mir das Fischaugenobjektiv gegeben.
Ik kann nich good slapen.,Ich kann nicht gut schlafen.
"Vertell mi, wat du in Shounan maakst.","Erzähl mir, was du in Shōnan machst!"
Ik föhr mit dat Rad na School.,Ich fahre mit dem Rad zur Schule.
Is dat franzöösch?,Ist das Französisch?
Tom is nich trurig.,Tom ist nicht traurig.
Ik speel en Speel mit miene Süster.,Ich spiele ein Spiel mit meiner Schwester.
Bob is mien Fründ.,Bob ist mein Freund.
Se is in ’n achten Maand.,Sie ist im achten Monat.
Dor liggt en Koort op ’n Disch.,Es liegt eine Karte auf dem Tisch.
"Dat weren de hungerigen Boren, vör de de Dörplüüd bang weren.","Es waren die hungrigen Bären, vor denen sich die Dorfbewohner fürchteten."
Ik heff wenig Geld bi mi.,Ich habe wenig Geld bei mir.
He hett lang Hoor.,Er hat langes Haar.
Ik heff di allens vertellt.,Ich habe dir alles erzählt.
"Freit mi, to hören, dat de Operation klappt hett.","Ich war erleichtert, zu hören, dass die Operation erfolgreich war."
Georg arbeidt op en groten Buurhoff.,Georg arbeitet auf einem großen Bauernhof.
Ik mag Eier nich geern.,Ich mag keine Eier.
"Ik baad jümmer, ehrdat ik slapen gah.","Ich bade immer, bevor ich schlafen gehe."
Uns Schoolmeester wahnt an ’t Enn von ’e Straat.,Unser Lehrer lebt am Ende der Straße.
Is he nich Dokter?,Ist er nicht Arzt?
He is na Frankriek gahn.,Er ist nach Frankreich gegangen.
Woveel Wien hebbt ji drunken?,Wieviel Wein habt ihr getrunken?
Wi sünd vör een Stünn in ’t Hotel ankamen.,Wir sind vor einer Stunde im Hotel angekommen.
He söcht opstunns na en grötter Huus.,Er sucht im Moment nach einem größeren Haus.
"Ik hööp, dat gefallt di.","Ich hoffe, es wird dir gefallen."
Dröff ik dien Schrievdisch bruken?,Darf ich Ihren Schreibtisch benutzen?
Woveel Spraken kannst du flott snacken?,Wie viele Sprachen kannst du gut sprechen?
He terreet dat Book.,Er zerriss das Buch.
Wüllt wi Swiezerdüütsch mitenanner snacken?,Wollen wir Schweizerdeutsch miteinander reden?
Jim böhr sien Hand hoog.,Jim hob seine Hand.
Du büst noch jung.,Du bist noch jung.
Steek nich den Kopp in ’n Sand!,Stecke nicht den Kopf in den Sand!
He keem jüst rechttiedig in ’e School an.,Er kam gerade rechtzeitig in der Schule an.
Ik heff mien PIN vergeten.,Ich habe meine PIN vergessen!
Ik heff mien PIN vergeten.,Ich habe meine PIN vergessen.
Uns School steiht in ’t Dörp.,Unsere Schule steht im Dorf.
"Ik heff allens, wat ik wull.","Ich habe alles, was ich wollte."
Ik bün mit en sehr Strott opwaakt.,Ich bin mit einer Rachenentzündung aufgewacht.
Ik heff jem to de Geboort von jemehr Dochter graleert.,Ich habe ihnen zur Geburt ihrer Tochter gratuliert.
Vör dat Huus steiht en Boom.,Vor dem Haus steht ein Baum.
Maak dien Ogen apen.,Mache deine Augen auf.
Ik bün al trech.,Ich bin bereits fertig.
Klappt dat?,Klappt das?
Klappt dat?,Funktioniert das?
Dat klappt.,Es klappt.
Wat hett dat mit mien Tokumst to doon?,Was hat das mit meiner Zukunft zu tun?
Woveel Wien hebbt Se drunken?,Wieviel Wein haben Sie getrunken?
Rohen Fisch warrt gau bedorven.,Roher Fisch wird sehr schnell schlecht.
John deed Beth to sien Wiev maken.,John machte Beth zu seinem Weibe.
He müch de School nich.,Er mochte die Schule nicht.
Het he ok japans lehrt?,Hat er auch Japanisch gelernt?
Mehr as de Hälft von de Inwahners sünd gegen den Plaan.,Mehr als die Hälfte der Einwohner sind gegen den Plan.
Höör op to snacken!,Hör auf zu reden!
"He is keen, op den een sik verlaten kann.","Er ist niemand, auf den man sich verlassen kann."
Du dröffst dat nich anlangen.,Du darfst es nicht berühren.
De Wulken hüngen sied.,Die Wolken hingen tief.
Ik slaap geern.,Ich schlafe gerne.
De Tohörers füngen al an to jappen.,Die Zuhörer fingen bereits zu gähnen an.
Se deed mi schoo tosmüüstern.,Sie lächelte mir schüchtern zu.
Lee harr sien best Tüüg an.,Lee hatte seine besten Sachen an.
De Wulken sünd opreten un de Sünn is dörkamen.,"Als die Wolken aufrissen, kam die Sonne zum Vorschein."
Na en korten Freden deed wedder Krieg utbreken.,Nach einem kurzen Frieden brach der Krieg wieder aus.
"De Lehrer vertellt, dat de Eer en Kugel is.","Der Lehrer erzählte, dass die Erde eine Kugel sei."
"Deed di dat wat utmaken, mit mi to kamen?","Würde es dir etwas ausmachen, mit mir zu kommen?"
Dien o’s seht ut as a’s.,Deine o sehen aus wie a.
He is op alltied ut Afrika weggahn.,Er hat Afrika für immer verlassen.
"Wat wi fangt, dat eet wi ok.","Was wir fangen, das essen wir auch."
"Dit Book is dick, man nich besünners düür.","Dieses Buch ist dick, aber nicht sehr teuer."
Ik kenn em nu een Johr.,Ich kenne ihn seit einem Jahr.
Ik kunn em jüst noch ruthalen.,Ich konnte ihn gerade noch herausholen.
Du büst vör dree Daag ankamen.,Du bist vor drei Tagen angekommen.
Ik will nix mit di to kriegen hebben.,Ich will nichts mit dir zu tun haben.
Se eet in ’t Hotel.,Sie essen im Hotel.
He warrt en goden Dokter.,Er wurde ein guter Arzt.
Ik heff op gorkeen Fall wat gegen de Bueree.,Auf keinen Fall habe ich etwas gegen die Landwirtschaft.
Dat is man en Kind.,Es ist nur ein Kind.
Bedankt!,Danke!
Ik heff nich so veel Geld as he.,Ich habe nicht so viel Geld wie er.
"Se weet nich, wat se seggen schall.","Sie weiß nicht, was sie sagen soll."
Dor liggt en Appel op ’n Disch.,Da liegt ein Apfel auf dem Tisch.
Godd is de Anfang von allens.,Gott ist der Anfang aller Dinge.
Köönt ji nich noch en Ogenblick op uns töven? Denn gaht wi mit jo.,Könnt ihr nicht noch ein Augenblickchen auf uns warten? Dann gehen wir mit euch.
He is op een Oog blind.,Er ist auf einem Auge blind.
Vergeet de Fohrkoort nich.,Vergiss die Fahrkarte nicht!
För een Maal hen un trügg bruukst du een Stünn.,Für einmal hin und zurück brauchst du eine Stunde.
’Keen hett dit Finster tweibraken?,Wer hat das Fenster zerbrochen?
"Nehm en Snappdook, dien Nees löppt.","Nimm ein Taschentuch, deine Nase läuft."
"Môk de Dœr tau, wenn du up’n Pott sittst!","Mach die Tür zu, wenn du auf dem Pott sitzt!"
Büst du en Kaffeedrinker?,Bist du ein Kaffeetrinker?
Is dat Glas nu halv vull oder halv leddig?,Ist das Glas nun halb voll oder halb leer?
Is dat Glas nu halv vull oder halv leddig?,Ist das Glas jetzt halb voll oder halb leer?
De jungen Lüüd hebbt Volksleder sungen.,Die Jugendlichen haben Volkslieder gesungen.
Se hett us vergäten.,Sie hat uns vergessen.
"Ik weet, wo ik Jem helpen kann.","Ich weiß, wie ich Ihnen helfen kann."
He hett mehr Geld as he utgeven kann.,"Er hat mehr Geld, als er ausgeben kann."
Se hett em op de Back küsst.,Sie hat ihn auf die Wange geküsst.
He söcht en betere Arbeid.,Er sucht eine bessere Arbeit.
Wi mookt Freuhstück.,Wir machen Frühstück.
Gnaddern ännert ook nix.,Jammern ändert auch nichts.
All laavt se sien Schilleraatsen.,Alle loben seine Gemälde.
De Müür is twee Meter dick.,Die Mauer ist zwei Meter dick.
’Keen höört dit Fohrrad to?,Wem gehört dieses Fahrrad?
Dat is dien Gräffnis.,Das ist dein Begräbnis.
Ik heff nix mit em to doon.,Ich habe nichts mit ihm zu tun.
Ik warr ehr nich mehr sehn.,Ich werde sie nicht mehr sehen.
Wo warrt disse Vagel nöömt?,Wie heißt dieser Vogel?
Klöörlose gröne Ideen slaapt füünsch.,Farblose grüne Ideen schlafen wütend.
He deed de Trepp hoogrönnen.,Er ist die Treppe hochgerannt.
Wat söchst du?,Was suchst du?
Söchst du wat?,Suchst du etwas?
Wat söchst du?,Wonach suchen Sie?
Ik mag ehr temlich geern.,Ich mag sie sehr gerne.
Se is keen gode Person.,Sie ist keine gute Person.
He is teihn Kilogramm sworer as ik.,Er ist zehn Kilogramm schwerer als ich.
He kann nich na School gahn hebben.,Er kann nicht zur Schule gegangen sein.
De Laden verköfft Daagbläder un Tiedschriften.,Der Laden verkauft Zeitungen und Zeitschriften.
Ik harr geern noch en Tass Kaffe.,Ich hätte gern noch eine Tasse Kaffee.
"Wat is dat, wat du in diene Hand hest?","Was ist das, was du in deiner Hand hast?"
Dat heff ik vergeten.,Das habe ich vergessen.
Hest du den Föön mitnahmen?,Hast du den Fön mitgenommen?
Ik will di üm en Gefallen bidden.,Ich möchte dich um einen Gefallen bitten.
Wi hebbt en Stimm in de Slaapkamer hört.,Wir hörten eine Stimme im Schlafzimmer.
He hett mehr Geld as Smack.,Er hat mehr Geld als Geschmack.
Ik gah na ’t Swemmbad.,Ich gehe ins Schwimmbad.
Ik dööp mit Water.,Ich taufe mit Wasser.
Rockefeller weer Guvernör von New york.,Rockefeller war Gouverneur von New York.
Wo groot is he?,Wie groß ist er?
Wo groot he is!,Wie groß er ist!
Dat Vörjohr is rüm un de Sommer fangt nu an.,Der Frühling ist vergangen und der Sommer beginnt.
In ’t Allgemeen leevt Froonslüüd länger as Mannslüüd.,Im Allgemeinen leben Frauen länger als Männer.
Tööv bet du an ’e Reeg büst.,"Warte, bis du an der Reihe bist."
He is jümmer praat.,Er ist immer vorbereitet.
Ik will narms hen gahn.,Ich will nirgendwohin gehen.
"He hett dree Söhn, de Musikers worrn sünd.","Er hat drei Söhne, die Musiker geworden sind."
Steek dien Nees nich in anner Lüüd ehr Saken.,Steck deine Nase nicht in die Angelegenheiten anderer Leute.
Steek dien Nees nich in anner Lüüd ehr Saken.,Stecke deine Nase nicht in fremde Angelegenheiten.
Steek dien Nees nich in anner Lüüd ehr Saken.,Stecke deine Nase nicht in anderer Leute Angelegenheiten.
He weer ganz ut ’e Puust.,Er war völlig außer Atem.
Ik heff dat för twölv Dollar köfft.,Ich habe das für zwölf Dollar gekauft.
"Schaamst du di nich, so to snacken?","Schämst du dich nicht, so zu reden?"
Kannst du mit dat seggen?,Kannst du mir das sagen?
He deed ehr drücken.,Er umarmte sie.
Se schell em ut.,Sie schimpfte ihn aus.
"Ik heff en List mit Saken opstellt, de ik geern köpen deed.","Ich habe eine Liste von Dingen erstellt, die ich gern kaufen würde."
"Ik heff en List mit Saken opstellt, de ik geern köpen deed.","Ich habe eine Liste von Dingen aufgestellt, die ich gerne kaufen möchte."
Disse Kist is ut Holt.,Diese Kiste ist aus Holz.
He deed vör Küll bevern.,Er zitterte vor Kälte.
He deed vör Küll bevern.,Er zittert vor Kälte.
Wat is dien leevste TV-Serie?,Was ist deine liebste TV-Serie?
De Arbeid is halv daan.,Die Arbeit ist halb getan.
Mien Unkel wahnt in London.,Mein Onkel wohnt in London.
Sien Grootmoder sütt ganz benig ut.,Seine Großmutter sieht rüstig aus.
Wat hest du nu wedder utklookt?,Was hast du dir nur wieder ausgedacht?
Na ’t Speel is vör ’t Speel.,Nach dem Spiel ist vor dem Spiel.
Ik bün mit mien Inkamen nu tofreden.,Ich bin mit meinem jetzigen Einkommen zufrieden.
Schalke speelt vonavend gegen Inter Mailand.,Schalke spielt heute Abend gegen Inter Mailand.
Ik bün en netten Keerl.,Ich bin ein netter Kerl.
"Wenn he dat weten deed, harr he uns dat seggt.","Wenn er es wüsste, hätte er es uns gesagt."
Muiriel is twintig.,Muiriel ist zwanzig.
"De See is för de Fisch, wat de Heven för de Vagels is.","Das Meer ist für die Fische, was der Himmel für die Vögel ist."
Se veracht em.,Sie verachtet ihn.
Dat Radio geiht nich.,Das Radio funktioniert nicht.
Dat Radio geiht nich.,Das Radio geht nicht.
De Kööksch hett Nelkenköpp an ’t Stippels daan.,Die Köchin hat Gewürznelken an die Soße getan.
"Belgiers sünd Lüüd, de moolt en Piep un schrieft denn ünner düt Beld: „Düt is keen Piep.“","Belgier sind Menschen, die eine Pfeife malen und dann unter dieses Bild schreiben: „Dies ist keine Pfeife.“"
Kennst du dien Bloodgrupp?,Kennst du deine Blutgruppe?
Se hett en groot Kamer ganz för sik alleen.,Sie hat ein großes Zimmer ganz für sich allein.
Kannst du dit Radels lösen?,Kannst du dieses Rätsel lösen?
"Wi sünd dat wennt, Schoh to dragen.","Wir sind gewohnt, Schuhe zu tragen."
Ik heff jüst Sushi eten un Beer drunken.,Ich habe gerade Sushi gegessen und Bier getrunken.
"Ik heff versöcht, mit em to kören.","Ich habe versucht, mit ihm zu reden."
Ik bruuk en Dokter!,Ich brauche einen Arzt!
"Jo, en lütt beten.","Ja, ein kleines bisschen."
"Dat Best in ’e Midd, seed de Düvel, dor lööp he twischen twee Papen.","Das Beste in die Mitte, sagte der Teufel, und läuft zwischen zwei Pfaffen."
Woneem is de Mississippi?,Wo ist der Mississippi?
Flensborg liggt an de Grenz to Däänmark.,Flensburg liegt an der Grenze zu Dänemark.
"Ik heff em raden, sik uttorohn.","Ich habe ihm geraten, sich auszuruhen."
Wi sünd mit ’n Fleger na Mexiko reist.,Wir sind mit dem Flugzeug nach Mexiko gereist.
Ik heff in de vergangen dree Daag nix eten.,Ich habe in den letzten drei Tagen nichts gegessen.
Un wo is dat good för?,Und wofür ist das gut?
He weer von Kopp bet Foot dörnaat.,Er war von Kopf bis Fuß durchnässt.
Ik bün in Russland boren.,Ich wurde in Russland geboren.
Ik bün in Russland boren.,Ich bin in Russland geboren.
Se hett vergangen Nacht op mien Kinner oppasst.,Sie hat vergangene Nacht auf meine Kinder aufgepasst.
Dat schall ik nienich henkriegen.,Das werde ich niemals schaffen.
In Venedig sünd jümmer veel Turisten.,In Venedig sind immer viele Touristen.
Dit gresige Geel lett mi an de Klöör von dien Bedddook denken.,Dieses hässliche Gelb erinnert mich an die Farbe deines Betttuchs.
Ehr Wagen gefallt mi.,Ihr Wagen gefällt mir.
Cecil deed en Kars ansteken.,Cecil zündete eine Kerze an.
"Ik weet noch, dat ik den Film sehn heff.","Ich weiß noch, dass ich den Film gesehen habe."
Du hest di gau verhaalt.,Du hast dich gut erholt.
Sien Finger blöddt.,Sein Finger blutet.
Wi hebbt den Plaan mit em besnackt.,Wir besprachen den Plan mit ihm.
Ik söök jüst en elektrische Harp.,Ich suche gerade eine elektrische Harfe.
Wullt du wat eten?,Möchtest du was essen?
Binnen un buten de Müürn von Troja warrt sünnigt.,Innerhalb und ausserhalb der Mauern von Troja wird gesündigt.
Wat schenkt wi ehr to Wiehnachten?,Was schenken wir ihr zu Weihnachten?
Buurn seit de Saad in ’t Vörjohr ut.,Bauern säen das Saatgut im Frühjahr aus.
"Ik verstah nich jümmer, wat los is.","Ich verstehe nicht immer, was los ist."
Hebbt ji Drinkgeld geven?,Habt ihr Trinkgeld gegeben?
Se will em küssen.,Sie will ihn küssen.
Nüms praat mit mi.,Keiner spricht mit mir.
"Mien Baas seggt, dat he keen Geld mehr hett.","Mein Chef sagt, dass er kein Geld mehr habe."
Dat sünd miene CDs.,Das sind meine CDs.
He hett allens opeten.,Er hat alles aufgegessen.
Wannehr bruukst du dat?,Wann brauchst du das?
Sühst du dat witte Huus?,Siehst du das weiße Haus?
Ehr neet Kleed gefallt ehr.,Ihr gefällt ihr neues Kleid.
Ehr neet Kleed gefallt ehr.,Ihr neues Kleid gefällt ihr.
Ik bün vergangen Johr na London föhrt.,Ich bin letztes Jahr nach London gefahren.
Thomas kickt en Film.,Thomas schaut einen Film an.
"De Dokter hett em seggt, he schull sik verhalen.","Der Arzt gab ihm Anweisung, sich zu erholen."
Se hett en Katt un twee Hunnen.,Sie hat eine Katze und zwei Hunde.
"He hett tostahn, dat dat stimmt.","Er hat zugegeben, dass es stimmte."
"’Keen arm is, hett Kinner noog.","Wer arm ist, hat genug Kinder."
Swiggst du?,Schweigst du?
De Wuddeln sünd kaakt.,Die Karotten sind gekocht.
De Firma hett dat Projekt opgeven.,Die Firma hat das Projekt aufgegeben.
"Sütt so ut, as wenn ji ut Indien sünd.","Es sieht so aus, als wärt ihr aus Indien."
Dat weer nich mien Afsicht.,Das war nicht meine Absicht.
Du hest dat Book villicht al leest.,Du hast das Buch vielleicht schon gelesen.
De Jung weer meist verdrunken.,Der Junge war fast ertrunken.
Wat wullt du?,Was willst du?
He schall bannig riek sien.,Er soll sehr reich sein.
"Nüms kann seggen, wat de Tokumst bringt.","Niemand kann erzählen, was die Zukunft bringt."
Kaam doch ees vörbi!,Komm doch mal vorbei!
Ik heff worraftig en Spökels sehn.,Ich habe tatsächlich ein Gespenst gesehen.
He hett nich op mien Fraag antert.,Er hat nicht auf meine Frage geantwortet.
Dröff ik dissen Appel eten?,Darf ich diesen Apfel essen?
"Wat magst du lever, Wittwien oder Roodwien?","Was magst du lieber, Weißwein oder Rotwein?"
Ik heff Koppwehdaag. Villicht schull ik en Aspirin nehmen.,Ich habe Kopfweh. Vielleicht sollte ich Aspirin nehmen.
"Wi dachen, dat de Eer sik üm de Sünn beweegt.","Wir dachten, dass sich die Erde um die Sonne bewegt."
"Wi dachen, dat de Eer sik üm de Sünn beweegt.","Wir dachten, dass die Erde um die Sonne kreist."
Dat klappt allerbest!,Das klappt hervorragend!
He hett allerhand Mehl un Ööl köfft.,Er hat reichlich Mehl und Öl gekauft.
Ik heff keen Hund.,Ich habe keinen Hund.
Is hier in de Neegd en Bank?,Ist hier in der Nähe eine Bank?
He slööp bi apen Finster.,Er schlief bei offenem Fenster.
"Dat lett, as wenn em Geld fehlt.","Es scheint, als fehle ihm Geld."
En Haverbuck un veel Mieghamels hebbt op en Feld leevt.,Ein Grashüpfer und viele Ameisen lebten auf einem Feld.
Amerikaners eet veel Fleesch.,Amerikaner essen viel Fleisch.
Nix geiht in ’n Sommer över en groot Glas Beer.,Nichts geht im Sommer über ein großes Glas Bier.
Een von de Knööp von mien Mantel hett sik aflööst.,Einer der Knöpfe meines Mantels löste sich.
Ik will en klore Antwoord hebben.,Ich möchte eine klare Antwort haben.
Hest du en beten Melk?,Hast du etwas Milch?
Dat is fiev vör negen.,Es ist fünf vor neun.
"Weet een, wo Tom un Ria sünd?","Weiß jemand, wo Tom und Maria sind?"
Se hett em för all sien Geld nahmen.,Sie hat ihn wegen seines vielen Geldes genommen.
Se hett em för all sien Geld nahmen.,Sie wählte ihn wegen seines vielen Geldes.
Sundheit is mehr weert as Gold.,Gesundheit ist mehr wert als Gold.
De Vagel op ’t Dack is en Kreih.,Der Vogel auf dem Dach ist eine Krähe.
Is düt een Stroom?,Ist dies ein Fluß?
Ik nehm en Glas Champagner.,Ich nehme ein Glas Champagner.
Sünd de Kabels mitlevert?,Sind die Kabel mitgeliefert?
"Ik wull di ja schrieven, aver ik harr toveel to doon.","Ich wollte dir ja schreiben, aber ich hatte zuviel zu tun."
Disse Disch is ut gode Eek maakt.,Dieser Tisch ist aus guter Eiche hergestellt.
De Wagen steiht praat.,Der Wagen steht bereit.
He schall woll vör Klock fiev trügg wesen.,Er wird vor 5 Uhr zurück sein.
"Un du, wo geiht di dat?","Und du, wie geht es dir?"
Wat bedüüdt dit Schild?,Was bedeutet dieses Schild?
"Du hest di so ännert, dat ik di meist nich wedderkenn.","Du hast dich so sehr verändert, dass ich dich fast nicht wiedererkenne."
Dat is dien Hund.,Das ist dein Hund.
He hett noog Geld.,Er hat genug Geld.
He is vergangen Nacht Klock ölven to Bedd gahn.,Er ist letzte Nacht um 11 Uhr ins Bett gegangen.
Dor bün ik jüst würklich to duun för.,Dafür bin ich gerade wirklich zu betrunken.
Hett he veel Freetied?,Hat er viel Freizeit?
Ik leev hier.,Ich wohne hier.
Ik leev hier.,Ich lebe hier.
"Tom hett mi rümsnackt, mit em in’e Karken to gahn.","Tom überredete mich, mit ihm in die Kirche zu gehen."
De rood-witte Flagg fladder in ’n Wind.,Die rot-weiße Flagge flatterte im Wind.
Dat is mien Katt.,Das ist meine Katze.
Ik heff em nich froogt.,Ich habe ihn nicht gefragt.
De Priesen gaht na baven.,Die Preise gehen nach oben.
"Uns Kinner hebbt Hunnen geern, man ik mag Katten beter lieden.","Unsere Kinder mögen Hunde, aber ich mag Katzen lieber."
Dit is dat Wöörbook vun mien Süster.,Dies ist das Wörterbuch meiner Schwester.
Ik will di en Geschicht vertellen.,Ich werde dir eine Geschichte erzählen.
Ik will di en Geschicht vertellen.,Ich will dir eine Geschichte erzählen.
Bet nu kunn ik eerst de eersten dree Kapittels trechkriegen.,Bis jetzt konnte ich die ersten drei Kapitel abschließen.
Ik lääs veel Beuker.,Ich lese viele Bücher.
En Raav is so swart as Steenkohl.,Ein Rabe ist so schwarz wie Steinkohle.
Drögen Sand nimmt Water op.,Trockener Sand absorbiert Wasser.
"De hebbt utsehn un smeckt as Shrimps, man ik kann di seggen, dat weren keen echte Shrimps.","Sie haben ausgesehen und geschmeckt wie Shrimps, aber ich kann dir sagen, das waren keine echte Shrimps."
Wi hebbt de Narichten sehn.,Wir haben die Nachrichten gesehen.
Tom weer bannig bang.,Thomas war sehr ängstlich.
"Se deed em övertügen, dat to doon.","Sie hat ihn überzeugt, das zu tun."
Worüm studeerst du nich Franzöösch?,Warum studierst du nicht Französisch?
Hest du vonavend al wat vör?,Hast du für heute Abend schon etwas vor?
"As Udo sien Zigarett smöökt harr, güng he weg.","Nachdem Udo seine Zigarette geraucht hatte, ging er fort."
Dat Kleed is ut Sied.,Das Kleid ist aus Seide.
He is in Australien grootworrn.,Er ist in Australien groß geworden.
Se möök em Spinaat eten.,"Sie zwang ihn, Spinat zu essen."
Ik miss di unbannig.,Ich vermisse dich sehr.
Hest du veel Frünn?,Hast du viele Freunde?
Sünd ji Brüer?,Seid ihr Brüder?
Wi hebbt twee Döchter.,Wir haben zwei Töchter.
Mit een Maal güng de Schüün in Flammen op.,Mit einem Mal ging die Scheune in Flammen auf.
Dat is roor.,Das ist seltsam.
Se arbeidt bi de Bank.,Sie arbeitet in einer Bank.
Hest du Kinner?,Hast du Kinder?
Ik heff mi mit dat Mest in ’n Finger sneden.,Ich habe mir mit dem Messer in den Finger geschnitten.
Se harrn Utsöhnsex.,Sie hatten Versöhnungssex.
Woveel köst dat Beer?,Wie viel kostet das Bier?
Per Inschrieven?,Per Einschreiben?
"De Tähndokter is dor gegen, dat du söten Kraam ittst.","Der Zahnarzt ist dagegen, dass du süße Sachen isst."
"Ria hett nich allens, wat se will.","Maria hat nicht alles, was sie will."
Bob schrifft mi een Maal in ’n Maand.,Bob schreibt mir einmal im Monat.
Kennst du em?,Kennst du ihn?
Kennst du em?,Erkennst du ihn?
Katten möögt keen Water.,Katzen mögen kein Wasser.
Ik bün ut Versehn in ’n verkehrten Bus stegen.,Ich bin versehentlich in den falschen Bus gestiegen.
Ik weet nix.,Ich weiß nichts.
De Saalhund liggt op ’n Platen un fläätst sik in ’e Sünn.,Der Seehund liegt auf der Sandbank und fläzt sich in der Sonne.
Dor is keen Solt mehr.,Es ist kein Salz mehr da.
Wo sünd use Kuffers?,Wo sind unsere Koffer?
Kakerlaken versteekt sik bi Dag.,Kakerlaken verstecken sich während des Tages.
Dat harrst ehrder seggen schullt.,Das hättest du eher sagen sollen.
"Dat is wohr, dat he den eersten Pries wunnen hett.","Es ist wahr, dass er den ersten Preis gewonnen hat."
"Ik deed mi frein, wenn du to mi Party kummst.","Ich würde mich freuen, wenn du zu meiner Party kämest."
Nehmt se Visa-Koorten?,Akzeptieren Sie Visa-Karten?
Wies di!,Zeig dich!
Dit Speeltüüg is von Holt.,Dieses Spielzeug ist aus Holz.
De Karkklocken lüüdt.,Die Kirchenglocken läuten.
De Karkklocken lüüdt.,Die Kirchenglocken bimmeln.
"Wichtig is nich, woveel Böker du leest, man wat för Böker du leest.","Wichtig ist nicht, wie viele Bücher du liest, sondern was für Bücher du liest."
Worüm hest du versöcht uttoneihn?,Warum hast du versucht wegzulaufen?
Se deed sien Wunn versorgen.,Sie versorgte seine Wunde.
"Dit Kameel is so tamm, dat elkeen dat rieden kann.","Dieses Kamel ist so zahm, dass es jeder reiten kann."
Mien Hoor warrt jümmer länger.,Mein Haar wird immer länger.
Se hett dat Ticket ümsüs kregen.,Sie bekam das Ticket umsonst.
Se hett dat Ticket ümsüs kregen.,Sie hat die Fahrkarte umsonst bekommen.
Ik sitt allen tohuus.,Ich sitze allein zuhause.
Villicht heff ik mi vergisst.,Vielleicht habe ich mich geirrt.
Moin allemann!,Hallo zusammen!
Peer un Esels sünd verscheden.,Pferde unterscheiden sich von Eseln.
Wat deist du?,Was machst du?
Israel schull von de Koorten wischt warrn.,Israel soll von der Karte verschwinden.
De Tohörers füngen al an to hojahnen.,Die Zuhörer fingen schon an zu gähnen.
Söchst du een?,Suchen Sie jemanden?
Söchst du een?,Suchst du jemanden?
Ik heff dor mit em över streden.,Ich habe mit ihm darüber gestritten.
"Ik weet, wat du meenst.","Ich weiß, was du meinst."
Ik weet wat du meenst.,"Ich weiß, was du meinst."
Ümmer den Brägen inschalten voorn kwatern.,Bitte vor dem Sprechen das Gehirn einschalten.
"Ik bün Finn, man ik snack ook Sweedsch.","Ich bin Finne, aber ich spreche auch Schwedisch."
Se hett em angrepen.,Sie hat ihn angegriffen.
Dit Huus is jüstso groot as dat annere.,Dieses Haus ist so groß wie das andere.
He harr en Unfall un hett sik dor wat bi braken.,Er hatte einen Unfall und hat sich dabei etwas gebrochen.
He is dit Johr dree Zentimeter wussen.,Er ist dieses Jahr drei Zentimeter gewachsen.
Ik heff grote Lust em to sehn.,"Ich habe große Lust, ihn zu sehen."
Se hett twee Poor Söcken köfft.,Sie kaufte zwei Paar Socken.
Schriev dien Adress hier op.,Schreibe deine Adresse hier auf.
Hest du dien Pass dorbi?,Hast du deinen Pass dabei?
Worüm hett he disse Steed opgeven?,Warum hat er diese Stelle aufgegeben?
Tom weer nich lang in ’n Supermarkt.,Tom war lange nicht im Supermarkt.
"Dit hier is en Satz, de von de Sülventall her, en good Haiku is.","Das hier ist ein Satz, dessen Silbenanzahl die, eines Haikus ist."
Wat mookt Tom un Ria hier?,Was machen Tom und Maria hier?
Dick hett Klaveer speelt un Lucy süng.,Dick spielte Klavier und Lucy sang.
Ik verbeed di to smöken.,Ich verbiete dir zu rauchen.
Se stünnen stünnenlang in ’n Stau.,Sie steckten stundenlang im Stau.
"Hest du weten, dat Keerls, de jümmer de Antibaby-Pill nehmt, nich swanger warrt?","Wusstest du, dass Männer, die regelmäßig die Anti-Baby-Pille einnehmen, nicht schwanger werden?"
"Hest du weten, dat Keerls, de jümmer de Antibaby-Pill nehmt, nich swanger warrt?","Wusstest du, dass Männer, die regelmäßig die Anti-Baby-Pille nehmen, nicht schwanger werden?"
Ik drink nienich Beer.,Ich trinke niemals Bier.
Inge hett en dicken Moors.,Inge hat einen dicken Hintern.
Schall ik den Nacken utraseren?,"Möchten Sie, dass ich Ihnen den Nacken ausrasiere?"
Föhlst du di süük?,Fühlst du dich krank?
Wat schall ik doon?,Was soll ich tun?
Use School wöör nich so groot as diene.,Unsere Schule war nicht so groß wie deine.
"Wat is grötter, de Sünn oder de Eer?","Was ist größer, die Sonne oder die Erde?"
Ik ünnerstütt em.,Ich unterstütze ihn.
De Wunn deed Mateer afgeven.,Die Wunde eiterte.
Ik heff al siet söß Stünnen keen Schokolaad mehr eten.,Ich habe schon seit sechs Stunden keine Schokolade mehr gegessen.
Mien Dochter speelt geern mit Poppen.,Meine Tochter spielt gerne mit Puppen.
"Wat meenst du, wo groot miene Dochter in dree Johr wesen schall?","Was meinst du, wie groß meine Tochter in drei Jahren sein wird?"
Dat seed de jüngere von de Bröder.,Das sagte der jüngere der Brüder.
He weer villicht krank.,Er war vielleicht krank.
Denk dor ees över na.,Denke darüber nach.
Ik heff jüst nix to doon.,Ich bin gerade nicht beschäftigt.
Dat sütt ook en Blinnen.,Das sieht auch ein Blinder.
Worüm köönt wi uns nich sülvens ketteln?,Wieso können wir uns nicht selber kitzeln?
Wi föhrt mit ’n Bus na School.,Wir fahren mit dem Bus zur Schule.
Översett den Satz mol in’t Esperanto!,Übersetz den Satz mal ins Esperanto!
Disse Romaan besteiht ut dree Delen.,Dieser Roman besteht aus drei Teilen.
He deed sik dalsetten un hett Daagbladd leest.,Er setzte sich und las die Zeitung.
Se snackt nich use Spraak.,Sie spricht nicht unsere Sprache.
Wo düür is dat?,Wie teuer ist dies?
Villicht ännert he sien Verscheel.,Vielleicht ändert er seine Meinung.
Gode Nacht alltohoop!,Gute Nacht alle zusammen!
Opstunns wahn ik bi mien Unkel.,Zurzeit wohne ich bei meinem Onkel.
Hool de Vaas in beid Hannen.,Halte die Vase in beiden Händen.
"Tom is de Jung, wo ik von kört heff.","Tom ist der Junge, über den ich geredet habe."
Wo breed is dat?,Wie breit ist es?
Wat is dien leevste Soort Appel?,Was ist deine beliebteste Apfelsorte?
Is Cathy ook gahn?,Ist Cathy auch gegangen?
Ik besöök New York dat eerste Maal.,Ich besuchte New York zum ersten Mal.
Ik slaap nich noog.,Ich schlafe nicht genug.
He keem dree Daag later trügg na Huus.,Er kam drei Tage später nach Hause zurück.
"As wi op Reisen weren, hett sik en Naver üm uns Katt kümmert.","Während wir im Urlaub waren, hat sich ein Nachbar um unsere Katze gekümmert."
Susie ehr Hoor sünd temlich lang.,Susies Haare sind sehr lang.
Ik kööp geern in ’t Internett in.,Ich mache gerne Einkäufe im Internet.
De Sweizers drinkt veel Beer.,Die Schweizer konsumieren viel Bier.
"Dat spiet mi, dat ik de Changs misst heff ehr to drepen.","Das ärgert mich, dass ich die Chance verpasst habe, sie zu treffen."
Polen is en groot Land.,Polen ist ein großes Land.
Se mööt dor dat dubbelte von eten.,Sie müssen davon das Doppelte essen.
Se deed blangen em sitten.,Sie saß neben ihm.
Se deed ehren witten Rock rood farven.,Sie färbte ihren weißen Rock rot.
Ik bün Amerikaansch.,Ich bin Amerikaner.
De Vulkaan speet Flammen un Lava ut.,Der Vulkan speit Flammen und Lava aus.
Dat weer de dröögste Juni in dörtig Johr.,Das war der trockenste Juni in dreißig Jahren.
Hebbt ji den Unfall mit egen Ogen sehn?,Habt ihr den Unfall mit eigenen Augen gesehen?
As Kind heff ik geern Moltkaffe drunken.,Als Kind habe ich gern Malzkaffee getrunken.
De Katt is bruun.,Die Katze ist braun.
Ehr Kledaasch stinkt jümmer.,Ihre Kleidung stinkt immer.
De Pracher harr man een Hund.,Der Bettler hatte nur einen Hund.
Du schusst man dat Smöken opgeven.,Du solltest mit dem Rauchen aufhören.
Ik heff mit mien Hand lang twischen ehr Been rümtiepelt.,Ich habe meine Hand lange zwischen ihren Schenkeln wandern lassen.
"Harr ik düssen Fleger nahmen, denn schull ik nu woll nich mehr leven.","Wenn ich dieses Flugzeug genommen hätte, wäre ich jetzt nicht mehr am Leben."
Wi bruukt joon Geld nich.,Wir brauchen euer Geld nicht.
Ik heff en Romaan schenkt kregen – von mien Fründ!,Ich habe einen Roman geschenkt bekommen – von meinem Freund!
Uns Firma is en GmbH.,Unsere Firma ist eine GmbH.
Ik heff lagen.,Ich habe gelogen.
Jümmer nöölt se över dat Eten.,Immer beschwert sie sich über das Essen.
Tom is noch jümmer buten.,Tom ist noch immer draußen.
Ik speel geern Gitarr.,Ich spiele gerne Gitarre.
’Keen is dien Avkaat?,Wer ist dein Anwalt?
He is so groot as ik.,Er ist so groß wie ich.
He helpt ehr.,Er hilft ihr.
He hett en lange Nees.,Er hat eine lange Nase.
He hett anbaden mittohelpen.,"Er hat angeboten, mitzuhelfen."
Na ’t Museum musst du mit dissen Bus.,Zum Museum musst du diesen Bus nehmen.
Maak dat sülvst!,Tu es selbst!
Ik heff ehr för Minako hollen. De beiden seht sik so gliek.,Ich habe sie für Minako gehalten. Sie ähneln sich so sehr.
Se kunnen good rieden un scheten.,Sie konnten gut reiten und schießen.
De Kraans maakt jemehr Nesten faken in de Klockentoorns von Karken.,"Die Kraniche tendieren dazu, ihre Nester in den Glockentürmen der Kirchen zu bauen."
De Krieg hett dat amerikaansche Volk eent.,Der Krieg hatte das amerikanische Volk geeint.
Se itt geern Ies.,Sie isst gerne Eis.
Se leest jüst dat Bladd.,Sie lesen gerade die Zeitung.
Ik heff mehr as twee Stünnen töövt.,Ich habe mehr als zwei Stunden gewartet.
Sien Söhn brummt.,Sein Sohn sitzt.
"Ik weer op de Söök na wat, wat dat nich geven deed.","Ich war auf der Suche nach etwas, das es nicht gab."
He is in ’n annern Lastwagen.,Er ist im anderen Lastwagen.
He hett al lang in Iesland wahnt.,Er hat schon lange in Island gewohnt.
Mien Leven weer in Gefohr.,Mein Leben war in Gefahr.
Tom verleep sik in’n Woold.,Tom verirrte sich im Wald.
Tom verleep sik in’n Woold.,Tom hat sich im Wald verirrt.
"Segg Papa, dat he kamen schall.","Sag Papa, dass er kommen soll."
"Wi hebbt Rechten un Plichten, de in de Verfaten fastleggt sünd.","Wir haben Rechte und Pflichten, die in der Verfassung fixiert sind."
Wat för Wapen harrn se?,Was für Waffen hatten sie?
Ik bün Klock acht bi di tohuus.,Ich bin um acht Uhr bei dir zu Hause.
Ik deed de folgen Ännerung vörsloon.,Ich würde die folgende Änderung vorschlagen.
"Du musst oppassen, dat de Koken nich verbrennt.","Du musst aufpassen, dass der Kuchen nicht verbrennt."
Ik will en Inschenör wesen.,Ich möchte ein Ingenieur werden.
"Ik bün so dumm... Ik versöök di Saken to verkloren, de ik sülvs nich verstah.","Ich bin so blöd... ich versuche, dir Dinge zu erklären, die ich selbst nicht verstehe."
De Snee is weg.,Der Schnee ist verschwunden.
Se wull dor nich mehr över seggen.,"Sie weigert sich, mehr darüber zu sagen."
Ik heff sünnt.,Ich habe gesündigt.
De Büx is smuddelig.,Die Hose ist schmutzig.
Gah liekut.,Geh geradeaus.
Wullt du en Jackvull hebben?,Möchtest du die Jacke voll haben?
Worüm maakst du dat?,Warum machst du das?
Tom hett keen Reekner.,Tom hat keinen Computer.
Tom hett keen Reekner.,Tom hat keinen Rechner.
Tom kennt sien Navers nich.,Tom kennt seine Nachbarn nicht.
Ik schall keen Ieskreem eten.,Ich will keine Eiscreme essen.
Dat Ies in ’t Water is smulten.,Das Eis im Wasser schmolz.
Ik will narms hen.,Ich will nirgendwohin.
Drinkt dien Kinner Melk?,Trinken deine Kinder Milch?
Ik harr nix gegen en Köppken Koffie.,Ich hätte nichts gegen eine Tasse Kaffee.
He deed sien Büx plätten.,Er bügelte seine Hose.
Du schallst mi nich helpen! Ik will dat alleen doon.,Hilf mir nicht! Ich will das allein tun.
Dor blafft en Hund in de Naverschop.,Ein Hund bellt in der Nachbarschaft.
"Is dat nich so, dat wi all naakt in ins Kledaasch steekt?","Ist es nicht so, dass wir alle nackt in unseren Kleidern stecken?"
Woneem is dien Kamer?,Wo ist dein Zimmer?
"He seed, dat he in Afrika boren is.","Er sagt, er sei in Afrika geboren."
Tööv bet söss.,Warte bis sechs.
Ik bün nich doov.,Ich bin nicht taub.
Kennst du all Bookstaven?,Kennst du alle Buchstaben?
Büst du noch jümmer in Florida?,Bist du noch immer in Florida?
"Ik ween elk Kehr, wenn ik dit Leed höör.","Ich weine jedes Mal, wenn ich dieses Lied höre."
Ik wahn bi mien Unkel.,Ich wohne bei meinem Onkel.
"Wenn de Heven fallt, so liggt wi dor all ünner.","Wenn der Himmel herunter fällt, dann liegen wir alle darunter."
De Bruud deed ehren Willen dörsetten.,Die Braut setzte ihren Willen durch.
Ik bün Klock söss trügg.,Ich bin um sechs Uhr zurück.
De Perfesser lehrt Tschechsch.,Der Professor unterrichtet Tschechisch.
Laat den Buur sien Swien.,Lass dem Bauern sein Schwein.
Worüm hest du dat vergeten?,Warum hast du das vergessen?
Se töög mi mit ehr Ogen ut.,Sie zog mich mit Blicken aus.
Dor nich för!,Nichts zu danken.
Dor nich för.,Gern geschehen.
Dor nich för.,Nichts zu danken.
Ken sprüng över de Müür.,Ken sprang über die Mauer.
Nich in mien Goorn.,Nicht in meinem Garten.
Maak dat sülvs!,Mach es selber!
Maak dat sülvs!,Mache das selbst!
Mien Wark is daan.,Meine Arbeit ist getan.
As jungen Keerl harr ik veel Hoor op ’n Kopp un keen op de Bost. Nu is dat jüst annersrüm.,Als Jugendlicher hatte ich viele Haare auf dem Kopf und keins auf der Brust. Jetzt ist es genau umgekehrt.
Wi gaht na ’n Karkhoff.,Wir gehen zum Friedhof.
"Ik heff veel Frünnen, de mi helpt.","Ich habe viele Freunde, die mir helfen."
"Wat he bruukt, is keen Geld, man Leevd.","Was er braucht, ist kein Geld, sondern Liebe."
Dat Dörp is von de Butenwelt afsneden.,Das Dorf ist von der Außenwelt abgeschnitten.
Worüm sünd de hier?,Wieso sind sie hier?
Keeneen snackt mit mi.,Keiner spricht mit mir.
Ööl is in dit Land roor.,Öl ist in diesem Land selten.
He is to Foot na Huus gahn.,Er ist zu Fuß nach Hause gegangen.
"Slaap good, Timmy.","Schlaf gut, Timmy."
"Ik heff Lust, vonavend eten to gahn.","Ich habe Lust, heute Abend essen zu gehen."
Ik gah geern alleen to Foot.,Ich gehe gerne allein zu Fuß.
Se güng rop in ehr Slaapkamer.,Sie ging hinauf in ihr Schlafzimmer.
Wat süst du op dat Bild?,Was siehst du auf dem Bild?
Wo kennst du em von?,Von wo kennst du ihn?
He will nix seggen.,Er will nichts sagen.
He is von sien Frünn utlacht worrn.,Er wurde von seinen Freunden ausgelacht.
Wo wullt du op af?,Worauf willst du hinaus?
Wies mi dat op de Koort.,Zeige es mir auf der Karte.
Worüm büst du na Japan gahn?,Warum bist du nach Japan gegangen?
Ik harr geern dree von de dor.,Ich hätte gern drei von denen da.
Wo steiht GNP för?,Wofür steht GNP?
"He stünn op ’n Schamel, as en Stalen breken deed, dat he sik den Dööts an ’n Etelschapp anslöög.","Er stand auf einem Schemel, als ein Bein abbrach, so dass er sich den Kopf am Vorratsschrank angeschlagen hat."
Mit en Köpper deed he in ’t Water duken.,Mit einem Kopfsprung tauchte er in das Wasser.
De Franzosen sünd uns Frünn.,Die Franzosen sind unsere Freunde.
Ik överlegg mi dat noch maal.,Ich überlege es mir noch mal.
De Bööm sünd in en Afstand von dörtig Meter plant.,Die Bäume sind im Abstand von 30 Metern gepflanzt.
Kann ik wat to drinken hebben?,Könnte ich etwas zu trinken haben?
De Appel is riep.,Der Apfel ist reif.
Ik weer op ’n Barg.,Ich war auf dem Berg.
Se is twee Johr jünger as ik.,Sie ist zwei Jahre jünger als ich.
"Wisch di nie de Ogen, wenn du smuddelige Hannen hest.","Reibe dir nie die Augen, wenn du schmutzige Hände hast."
Disse Barg is 3000 Meter hoog.,Dieser Berg hat eine Höhe von 3000 Metern.
Wi sünd Klock söss an ’n Bahnhoff ankamen.,Wir sind um sechs Uhr am Bahnhof angekommen.
He deed önnig Mairaan un Kommuum an ’e Supp.,Er macht ordentlich Majoran und Kardamom an die Suppe.
Kiek di dat Book op ’n Disch an.,Schau dir das Buch auf dem Tisch an.
Kiek di dat Book op ’n Disch an.,Schaue dir das Buch auf dem Tisch an.
"Allens, wat ik heff, sünd Böker.","Alles was ich habe, sind Bücher."
Se is nich bang vör Snaken.,Sie hat keine Angst vor Schlangen.
Ik heff sowat noch nie sehn.,Ich habe so etwas noch nie gesehen.
Se driggt jümmer swart.,Sie trägt immer Schwarz.
De Mann hett dat Brood eten.,Der Mann hatte das Brot gegessen.
He versteiht gorkeen Franzöösch.,Ich verstehe überhaupt kein Französisch.
He versteiht gorkeen Franzöösch.,Er versteht gar kein Französisch.
Du musst op disse Fragen nich antern.,Du musst diese Fragen nicht beantworten.
Wat verwacht he?,Was erwartet er?
Ik lööp so gau ik kunn üm ehr intokriegen.,Ich lief so schnell ich konnte um sie einzuholen.
Ik bün noch nich sowiet.,Ich bin noch nicht so weit.
De Feldmüüs hebbt de Buurn jemehr Koorn opfreten.,Die Feldmäuse haben das Getreide der Bauern aufgefressen.
Dat weer mien Satz!,Das war mein Satz!
Kannst du mi vergeven?,Kannst du mir verzeihen?
De Mann driggt en Brill.,Der Mann trägt eine Brille.
Wannehr geihst du trügg na Japan?,Wann fährst du zurück nach Japan?
Gode Nacht un drööm fein.,Gute Nacht und träum was Schönes.
Dat Schipp is nu in ’n Haven.,Das Schiff ist jetzt im Hafen.
Wo hest du över snackt?,Worüber hast du gesprochen?
Ik föhr geern Ski.,Ich fahre gern Ski.
Dat is nich wichtig.,Das ist nicht wichtig.
"Allens wat he weet, is, dat he nich weet dat he dat weet.","Alles, was er weiß, ist, dass er nicht weiß, dass er das weiß."
Ik bün mit Baden trech.,Ich bin mit dem Baden fertig.
He und se sünd lieker groot.,Er und sie sind gleich groß.
Ik heff Verwandte in Boston.,Ich habe Verwandte in Boston.
Büst du na ’n Dokter gahn?,Bist du zum Arzt gegangen?
De Lamp is grau.,Die Lampe ist grau.
Wüllt wi joggen?,Sollen wir joggen?
He hett twölv Kinner.,Er hat zwölf Kinder.
"Häbt ji häört, dat en Daiw in mien Naobern sin Huus inbruoken hät?","Habt ihr gehört, dass ein Dieb in das Haus meines Nachbarn eingebrochen ist?"
Up Tom sien Schrievdisch sünd en poor Beuker.,Auf Toms Schreibtisch sind einige Bücher.
He harr sien Söcken verkehrt rüm an.,Er hatte seine Socken verkehrt herum an.
He harr sien Söcken verkehrt rüm an.,Er hat seine Socken verkehrt herum an.
Bedeen di.,Bedien dich.
Se hett em wat to eten geven.,Sie hat ihm etwas zu essen gegeben.
Se hett em wat to eten geven.,Sie gab ihm etwas zu essen.
Dat is gladd as de Moors von en Baby.,Das ist glatt wie ein Babypopo.
Se hett em dat Foto wiest.,Sie zeigte ihm das Foto.
De dree Jungs keken sik an.,Die drei Jungen sahen sich an.
Ik heff good slapen vonnacht.,Ich habe heute Nacht gut geschlafen.
Wi mööt ganz vörsichtig wesen.,Wir müssen ganz vorsichtig sein.
Ik will nu nix to Avend eten.,Ich will jetzt nicht zu Abend essen.
He behr sik as en Kind.,Er benahm sich wie ein Kind.
Dit Huus is temlich lütt.,Dieses Haus ist ziemlich klein.
Se misst em.,Sie fehlt ihm.
Roop man foorts na ’n Dokter oder ’n Patient schall dat slechter gahn.,Rufe sofort den Doktor oder dem Patienten wird es schlimmer gehen.
Wo sünd ehr Daagbläder?,Wo sind ihre Zeitungen?
Ik heff en Granaat.,Ich habe eine Granate.
Ik kenn em al mehr as teihn Johr.,Ich kenne ihn seit mehr als zehn Jahren.
De Maschien harr sik mit Smeer dichtsett.,Die Maschine hatte sich mit Schmiere zugesetzt.
Ik harr geern ’n Gavel.,Ich hätte gerne eine Gabel.
Veel Vagels sitt op den Ast.,Viele Vögel sitzen auf dem Ast.
Ik wahn glieks dor achtern.,Ich wohne gleich da drüben.
Disse Steveln sünd ut Ledder.,Diese Stiefel sind aus Leder.
Ik eet Ries.,Ich esse Reis.
Büst du noch to redden?,Bist du noch zu retten?
In Tokyo hett dat en groot Eerdbeven geven.,In Tokio gab es ein großes Erdbeben.
Melk maakt uns stark.,Milch macht uns stark.
"Dat is dat Book, dat du söcht hest.","Das ist das Buch, das du gesucht hast."
Willkamen bi Tatoeba.,Willkommen bei Tatoeba.
Tom blifft bi us.,Tom bleibt bei uns.
Napoleon deed in ’t Exil op dat Eiland Elba leven.,Napoleon lebte auf der Insel Elba im Exil.
Wat för en Deert is groot?,Welches Tier ist groß?
Se is bannig stolt op ehr sammelt Breevmarken.,Sie ist sehr stolz auf ihre Briefmarkensammlung.
"China grenzt an Pakistan, Indien, Afghanistan, Tadschikistan, Kirgisien, Kasachstan, Noordkorea, Laos, Vietnam, Nepal, Bhutan, Myanmar, de Mongolei un Russland.","China grenzt an Pakistan, Indien, Afghanistan, Tadschikistan, Kirgisien, Kasachstan, Nordkorea, Laos, Vietnam, Nepal, Bhutan, Myanmar, die Mongolei und Russland."
Dat is nich de beste Antwoort.,Das ist nicht die beste Antwort.
"Se wull nich, dat he Poker speelt.","Sie wollte nicht, dass er Poker spielt."
"Dat keem rut, dat dat, wat he bi de Schandarms vertellt harr, nich wohr wesen is.","Es kam heraus, dass das, was er der Polizei erzählt hatte, nicht wahr war."
Düsse Spraak is unutspreekbar!,Diese Sprache ist unaussprechbar!
Ik will in en Slott leven.,Ich möchte in einem Schloss wohnen.
Tom hett dat Licht nich utmookt.,Tom hat das Licht nicht ausgeschaltet.
Nüms höllt mi op!,Niemand hält mich auf!
In Schokolaad is mehr Iesen in as in Spinaat.,Schokolade enthält mehr Eisen als Spinat.
De Goorner hett ’n Knick liek snöödt.,Der Gärtner hat die Hecke gerade geschnitten.
De Weg is lang.,Der Weg ist lang.
To Paosken blaiet de Kiäsenbäume.,Zu Ostern blühen die Kirschbäume.
Mien Naver is vörige Nacht fastnahmen worrn.,Mein Nachbar ist gestern Nacht festgenommen worden.
"Een, twee, dree, veer, fiev, söss, söven, acht, negen, teihn.","Eins, zwei, drei, vier, fünf, sechs, sieben, acht, neun, zehn."
De vörige Satz is wohr.,Der vorherige Satz ist wahr.
Woneem is se hengahn?,Wo ist sie hingegangen?
Wat weer dienen eersten Indruck vun London?,Was war dein erster Eindruck von London?
Ik bün mit ’t Taxi na Kawagoe föhrt.,Ich bin mit dem Taxi nach Kawagoe gefahren.
Ik bün in en poor Minuten trügg.,Ich bin in ein paar Minuten zurück.
"Se un ik, wi sünd in de sülve Klass.","Sie und ich, wir sind in derselben Klasse."
Haruki hett nich veel Geld dorbi.,Haruki hat nicht viel Geld bei sich.
He hett grote Angst vör Hunnen.,Er hat große Angst vor Hunden.
Düsse Stuuv kriggt nich noog Sünnlicht.,Dieses Zimmer bekommt nicht genug Sonnenlicht.
Laat mi dat Avendeten betahlen.,Lass mich das Abendessen bezahlen.
He schull kamen.,Er sollte kommen.
Spaniers hebbt twee Achternaams.,Spanier haben zwei Nachnamen.
Ik kör nich giern över mi.,Ich rede nicht gern über mich.
De Bank maakt freedaags later dicht.,Die Bank schließt freitags spät.
Ik gah elk Avend Klock ölven na Bedd.,Ich gehe jede Nacht um 23 Uhr ins Bett.
Een hett mien Reisschecks stahlen.,Jemand hat meine Reiseschecks gestohlen.
"Wenn du wat nich versteihst, denn fraag.","Wenn du etwas nicht verstehst, dann frage."
Ik bün keen Amerikaner.,Ich bin kein Amerikaner.
De Dag is meist vörbi.,Der Tag ist fast vorüber.
An ’n Beek sitt en Quicksteert un wüppt mit ’n Steert.,Am Bach sitzt eine Bachstelze und wippt mit dem Schwanz.
Tom arbeidt nich giern alleen.,Tom arbeitet nicht gern allein.
Sien Aden rückt na Snaps.,Sein Atem riecht nach Schnaps.
Ik söök en Assistent.,Ich suche einen Assistenten.
Köönt ji Gitarr spelen?,Könnt ihr Gitarre spielen?
Ik heff nich noog Geld för mien Reis.,Ich habe nicht genug Geld für meine Reise.
Höllst du mi för en Dummbüdel?,Hältst du mich für einen Idioten?
"Nee, ik heff dat noch nich schreven.","Nein, ich habe es noch nicht geschrieben."
"Ik heff Tom al seggt, wat ik köpen will.","Ich habe Tom schon gesagt, was ich kaufen will."
De Schachtel is leddig.,Die Schachtel ist leer.
Wat hest du to ’n Fröhstück eten?,Was hast du zum Frühstück gegessen?
"Pass op, wat he seggt.","Pass auf, was er sagt."
Ik bün to laat opwaakt.,Ich bin zu spät aufgewacht.
Töven schaadt doch nix!,Warten schadet doch nichts!
"Dat maakt mi nix ut, wenn du hier bliffst.","Es macht mir nichts aus, wenn du hier bleibst."
Wat is joon Tasch?,Welche ist eure Tasche?
Spreekt ji platt?,Sprecht ihr Plattdeutsch?
Ook en Weg von dusend Mielen fangt mit een Schridd an.,Auch ein Weg von tausend Meilen beginnt mit einem Schritt.
Ik harr mi mien eersten Kuss romantischer vörstellt.,Ich hatte mir meinen ersten Kuss romantischer vorgestellt.
Wat hett mien Book hier to söken?,Was hat mein Buch hier zu suchen?
’Keen hest du in ’t Theater sehn?,Wen hast du im Theater gesehen?
"Swieg un lüüster, Jung!","Schweige und höre zu, Junge!"
Se hüng den Klenner an de Wand.,Sie hat den Kalender an der Wand aufgehängt.
"Mien Katt snurrt, wenn ik ehr achter de Ohren krau.","Meine Katze schnurrt, wenn ich sie hinter dem Ohr kraule."
Se deed em tostimmen.,Sie stimmte ihm zu.
"Tom deit an meist allens, wat he itt, Solt.","Tom macht Salz an fast alles, was er isst."
De Lichten güngen ut.,Die Lichter gingen aus.
Een von Jesus sien Apostels hett Paulus heten.,Einer der Apostel Jesu hieß Paulus.
"Dat weer nich eenfach, em to övertügen.","Es war nicht einfach, ihn zu überzeugen."
Köönt ji dat maken?,Könnt ihr das machen?
En leddig Fatt maakt nich natt.,Ein leeres Fass macht nicht nass.
Tom is nülich up’n Bodden wäsen.,Tom war kürzlich auf dem Dachboden.
Woveel Gäst hest du inlaadt?,Wie viele Gäste hast du eingeladen?
De Wind hett veel Bööm ümreten.,Der Wind hat viele Bäume entwurzelt.
Kannst du de Persoon in dit Bild kennen?,Kannst du die Person auf diesem Bild erkennen?
Du musst tomaken.,Du musst dich beeilen.
He seet op de Bank.,Er saß auf der Bank.
Se wüllt bi de Olympschen Spelen mitmaken.,Sie wollen an den Olympischen Spielen teilnehmen.
Ut de Wunn lööp Blood.,Aus der Wunde floss Blut.
Du büst sweterig.,Du bist verschwitzt.
"Ji staht nich so froh op as joon öllere Süster, ne?","Ihr steht nicht so früh auf wie eure ältere Schwester, oder?"
Lees dit Book.,Lies das Buch!
"Ik wull, ik kunn mit.","Ich wollte, ich könnte mit."
Se kaakt för em.,Sie kocht für ihn.
Ik söök en witten Minirock!,Ich suche einen weißen Minirock!
Ik heff USB-Kavels mit söss verscheden Steckers. Un sowat nöömt sik „universell“!,"Ich habe USB-Kabel mit sechs verschiedenen Steckern. Sowas nennt sich ""universell""!"
Laat uns wat spelen.,Lasst uns etwas spielen.
Ik heff de Schieteree.,Ich habe Durchfall.
Ik rüük Benzin.,Ich rieche Benzin.
Ik mag Snee.,Ich mag Schnee.
De Bodden is fuchtig.,Der Erdboden ist feucht.
Dat is mien Puns.,Das ist meine Muschi.
Tom hett nich noog Frünn.,Tom hat nicht genug Freunde.
"Wi jappt, wenn wi nich noog Suurstoff kriegt.","Wir gähnen, wenn wir nicht genug Sauerstoff bekommen."
Dat geiht di gornix an!,Das geht dich gar nichts an!
Se keem laat in ’e Nacht in ’t Hotel an.,Sie kam spät nachts im Hotel an.
Uns Bökeree is in ’n tweten Stock.,Unsere Bibliothek ist im zweiten Stock.
"Dat Eten weer gresig, liekers heff ik dor nich över rümmuult.","Das Essen war schrecklich, trotzdem habe ich mich nicht darüber beschwert."
Disse Popp is en Geschenk von mien Tante.,Diese Puppe ist ein Geschenk meiner Tante.
Dat Seewater kellt in mien Sniddwunn.,Das Seewasser schmerzt in meiner Schnittwunde.
Ik stüür ehr na Kalifornien.,Ich schicke sie nach Kalifornien.
Se hett em to ehr Party inlaadt.,Sie hat ihn zu ihrem Fest eingeladen.
Dat Avendeten kann töven.,Das Abendessen kann warten.
De Fotos dor sünd ehr.,Die Fotos dort sind ihre.
Een un twe mäk drai.,Eins plus zwei ist gleich drei.
Betty föhrt gau.,Betty fährt schnell.
He will keen Krieg.,Er will keinen Krieg.
Ik will dit Hemd nich.,Ich will dieses Hemd nicht.
De Weertschop von China is 2010 önnig wussen.,Chinas Wirtschaft wuchs 2010 beachtlich.
Se hett mi in ’n Ellbagen knepen.,Sie zwickte mich in den Ellbogen.
He is al en groten Jung.,Er ist schon ein großer Junge.
Ik bün Moslem.,Ich bin Muslim.
Ik bün Moslem.,Ich bin Moslem.
Is he tohuus?,Ist er daheim?
Laat mi di wat to Drinken utgeven.,Lass mich dir einen Drink ausgeben.
Ik heff noch nich all mien Huusopgaven trech.,Ich habe noch nicht alle meine Hausaufgaben erledigt.
Wat heet dat nipp un nau?,Was heißt das genau?
Woveel hest du för den Wogen betohlt?,Wie viel hast du für den Wagen bezahlt?
Dröff ik mitkamen?,Darf ich mitkommen?
De Vagels singt in ’e Bööm.,Die Vögel singen in den Bäumen.
Disse Supp bruukt en beten mehr Solt.,Diese Suppe braucht ein bisschen mehr Salz.
Hest du wat to seggen?,Hast du irgendwas zu sagen?
"Disse Bloom is geel, man all de annern sünd blau.","Diese Blume ist gelb, aber alle anderen sind blau."
"Disse Bloom is geel, man all de annern sünd blau.","Während alle anderen blau sind, ist diese Blume gelb."
He verdeent twee Maal so veel as ik.,Er verdient zweimal so viel wie ich.
He verdeent twee Maal so veel as ik.,Er verdient zwei Mal so viel wie ich.
He verdeent twee Maal so veel as ik.,Er verdient doppelt so viel wie ich.
Wi kennt dat.,Wir kennen es.
Worüm dröögst du di de Hoor?,Warum trocknest du dir die Haare?
Du schusst na ’n Tähndokter gahn.,Du solltest einen Zahnarzt konsultieren.
De Emma kiekt dwars.,Die Emma schielt.
Hebbt de Kinner al äten?,Haben die Kinder schon gegessen?
Se hett nüms besöcht.,Sie hat niemanden besucht.
Se hett nüms besöcht.,Sie besuchte niemanden.
Wi mööt den Schrievdisch afstöven.,Wir müssen den Schreibtisch abstauben.
Hosni Mubarak hett man een Fründ. Un dat is Israel.,Hosni Mubarak hat nur einen Freund. Und der ist Israel.
Tatoeba is en intressante Speelwisch for Klookschieter.,Tatoeba ist eine interessante Spielwiese für Klugscheißer.
"Ik heff sehn, woans he di ankeken hett.","Ich habe gesehen, wie er dich angeguckt hat."
Ik bün vonmorgen Klock söven opstahn.,Ich bin heute Morgen um sieben aufgestanden.
"Maak, wat du wullt!",Mach was du willst!
Ik heff den helen Dag lang op em töövt.,Ich habe den ganzen Tag lang auf ihn gewartet.
"Ik wedd dor 10.000 Yen op, dat he winnt.","Ich wette zehntausend Yen darauf, dass er gewinnt."
Woveel Säck hest du?,Wie viele Säcke hast du?
"Wullt du, dat ik di en Taxi roop?","Willst du, dass ich dir ein Taxi rufe?"
Disse Maschien is nu al veröllert.,Diese Maschine ist inzwischen veraltet.
Bitieden höör ik mien Papa bi ’t Baden singen.,Manchmal höre ich meinen Papa beim Baden singen.
Tom hett sien Roman up’n Schrievmaschien schreven.,Tom hat seinen Roman auf einer Schreibmaschine geschrieben.
He hett al eten.,Er hat schon gegessen.
Een kann nich sünner Water leven.,Man kann nicht ohne Wasser leben.
De Sween höddt sien Hood.,Der Schweinehirte hütet seine Herde.
Dit Bladd köst nix.,Diese Zeitung ist kostenlos.
Dit Bladd köst nix.,Diese Zeitung gibt es gratis.
Man kann sien Koken nich gliektiedig behollen un opeten.,Man kann seinen Kuchen nicht gleichzeitig aufheben und essen.
Man kann sien Koken nich gliektiedig behollen un opeten.,Man kann seinen Kuchen nicht gleichzeitig behalten und aufessen.
Baseball is Sport un Bargstiegen jüstso.,"Baseball ist Sport, und Bergsteigen ebenso."
Wat heet dat?,Was heißt das?
De Kultur von de Maori spreedt sik mang uns jümmer mehr ut un jemehr Spraak is een von de Amtsspraken worrn.,"Die Kultur der Maori breitet sich bei uns immer weiter aus, und ihre Sprache ist eine der Amtssprachen geworden."
De Mai is mien leevsten Maand.,Der Mai ist mein Lieblingsmonat.
De Maand schient nachtens.,Der Mond scheint nachts.
Klei mi an ´n moors!,Du kannst mich mal!
Mien Enkel is noch en Baby.,Mein Enkel ist noch ein Baby.
De Lüüd hebbt in Dörper wahnt.,Die Leute wohnten in Dörfern.
Miene Welt is ook diene Welt.,Meine Welt ist auch deine Welt.
"Dat sünd de blausten Bickbeern, de ik mien Leevdag sehn heff. Jemehr Blau sütt meist künstlich ut.","Das sind die blausten Heidelbeeren, die ich je gesehen habe. Ihr Blau sieht fast künstlich aus."
Ehr Hoor weer natt von ’n Sweet.,Ihr Haar ist schweißnass.
Ik bün keen Athener un keen Greek.,Ich bin kein Athener und kein Grieche.
Ik kann den Larm nich uthollen.,Ich kann den Lärm nicht aushalten.
Ik schriev den Jung.,Ich schreibe dem Jungen.
Woveel Frömdspraken kennst du?,Wie viele Fremdsprachen kennst du?
"Ria, ik heff di leef!","Maria, ich liebe dich!"
He luurt op mien Anroop.,Er erwartet einen Anruf.
"Ik kenn den Grund, worüm as se ehr Steed opgeven hett.","Ich kenne den Grund, weshalb sie ihre Stelle aufgab."
Dor sünd man noch twee Daag na.,Es bleiben nur noch zwei Tage.
Dor weer en Barg Vagels in ’n Boom.,Es waren einen Menge Vögel in dem Baum.
Ik heff vör en halv Johr mit Smöken ophöört.,Ich habe vor einem halben Jahr mit Rauchen aufgehört.
Wat bedüüdt dat?,Was bedeutet das?
Schall ik den Satz ännern?,Soll ich den Satz ändern?
As de Katt üm ’n hitten Bree slieken.,Wie die Katze um den heißen Brei schleichen.
Sien Söhn is bi en Duell doodbleven.,Sein Sohn wurde bei einem Duell getötet.
Dat Book is op Spaansch schreven.,Das Buch ist auf Spanisch geschrieben.
Tom driggt jeden Dag en Hoot.,Tom trägt jeden Tag einen Hut.
Ik heff en poor Böker.,Ich habe ein paar Bücher.
Dat Känguru springt temlich hoog.,Das Känguru springt sehr hoch.
Dat Hotel steiht op en Barg.,Das Hotel steht auf dem Berg.
"Staht op, wenn ik mit jo snack!","Stehen Sie auf, wenn ich mit Ihnen rede!"
"Staht op, wenn ik mit jo snack!","Steht auf, wenn ich mit euch rede!"
Du hest so smucke Wimpern.,Du hast so schöne Wimpern.
De Goorn weer vull Blomen.,Der Garten war voller Blumen.
"Wat meenst du, wat he maakt hett?","Was meinst du, was er gemacht hat?"
"Disse Parlen sünd echt, nich namaakt.","Diese Perlen sind echt, nicht künstlich."
Sien Laden löppt good.,Sein Laden läuft gut.
Se mag ehr School heel geern.,Sie mag ihre Schule sehr gerne.
Ik wull lever dood wesen as di to freen!,Ich will lieber tot sein als dich heiraten!
Wi güngen na ’n Park üm to spelen.,"Wir gingen in den Park, um zu spielen."
"Wi schöölt di missen, wenn du weg büst.","Wir werden dich vermissen, wenn du weg bist."
"In de Karnaval vun Köln röppt man ""alaaf"" un in Düsseldorf ""helau"".","Im Kölner Karneval ruft man ""alaaf"" und in Düsseldorf ""helau""."
"Mien Ökelnaam is ""Itschi"".",Mein Spitzname ist „Itschi“.
Se hebbt em den Kopp raseert.,Man rasierte ihm den Kopf.
Wo wullt du dissen Sommer hengahn?,Wo willst du diesen Sommer hingehen?
Dat geit bi hum to een Ohr herin un to 't anner Ohr weer herut,Das geht bei ihm zum einen Ohr hinein und zum anderen wieder hinaus.
De Priesen sünd dubbelt so hoog as vör twee Johr.,Die Preise sind doppelt so hoch wie vor zwei Jahren.
Wat hest du dit Wekenenn vör?,Was hast du dieses Wochenende vor?
Se hett en verkehrten Indruck von em kregen.,Sie hat einen falschen Eindruck von ihm bekommen.
Du hest mi wat seggt.,Du hast mir etwas gesagt.
Heff ik maakt.,Habe ich gemacht.
"Ik heff lehrt, ahn ehr to leven.","Ich habe gelernt, ohne sie zu leben."
"De von Schullen dröömt, de itt geern Butt.","Wer von Schollen träumt, der isst sie gern."
Ran ’e Arbeid!,An die Arbeit!
De Tinsen schöölt Schridd för Schridd stiegen.,Die Zinsen werden schrittweise steigen.
Wat hest du vergangen Nacht maakt?,Was hast du gestern Nacht gemacht?
Snied de Meloon in söss liek grote Delen.,Schneide die Melone in 6 gleiche Teile.
"Ik kann dat gornich aftöven, in de Feern to föhren.","Ich kann es gar nicht erwarten, in den Urlaub zu fahren."
Wannehr büst du in New York wesen?,Wann bist du in New York gewesen?
Villicht hest du vun mi hört.,Vielleicht hast du von mir gehört.
Allens wat ik will büst du.,"Alles, was ich will, bist du."
Tom is över en Wuttel stolpert.,Tom ist über eine Wurzel gestolpert.
Dit is en Stadplaan von Sendai.,Dies ist ein Stadtplan von Sendai.
"Wenn du dat wullt, denn do ik dat.","Im Falle, dass du es möchtest, werde ich es tun."
De Elefant is grau.,Der Elefant ist grau.
He bruukt en Brill.,Er braucht eine Brille.
De Snee smelt in ’t Vörjohr.,Der Schnee schmilzt im Frühling.
Ik heff Tom nix to seggen.,Ich habe Tom nichts zu sagen.
Physik intresseert mi gornich.,Physik interessiert mich überhaupt nicht.
Deit dat dull weh?,Tut es sehr weh?
"En Schipp, dat Ööl transporteert, warrt Tanker nöömt.","Ein Schiff, das Öl transportiert, nennt man Tanker."
"Ach, dorvon!","Ach, darum!"
Mien Blooddruck is 155 to 105.,Mein Blutdruck ist 155 zu 105.
Ik bün nien bi mien Unkel wesen.,Ich bin nie bei meinem Onkel gewesen.
Ik seh keen Ünnerscheed.,Ich sehe keinen Unterschied.
Holthacker Hick hackt Holt.,Holzhacker Hick hackt Holz.
Dat is aver düür!,Das ist aber teuer!
Se hett en Bloom in ehr Hand.,Sie hat eine Blume in der Hand.
De Mississippi münnt in ’n Golf von Mexiko.,Der Mississippi mündet in den Golf von Mexiko.
Ik bün en Persoon.,Ich bin eine Person.
He is n Tüderbüdel.,Er ist ein Quatschkopf.
Du hest al eten.,Du hast schon gegessen.
Dat Schipp seilt Klock dree af.,Das Schiff legt um drei ab.
Mien Opa geiht geern spazeren.,Mein Großvater geht gerne spazieren.
Dat heff ik reinweg vergeten.,Das habe ich ganz und gar vergessen.
Ik bün nee hier.,Ich bin neu hier.
Siene Temperatur is normaal.,Seine Temperatur ist normal.
De eerste Johrstied in ’t Johr is dat Vörjohr.,Die erste Jahreszeit im Jahr ist der Frühling.
Wat för en smucken Regenbagen!,Was für ein schöner Regenbogen!
Ünner sik hebbt Tom un Ria jümmer Platt snackt.,Unter sich haben Tom und Maria immer Platt gesprochen.
Mien Goorn is lütt.,Mein Garten ist klein.
Ik fünn dat Book heel intressant.,Ich fand das Buch sehr interessant.
Worüm kummst du nich eens vörbi?,Warum kommst du nicht mal vorbei?
Ik verstah dien Fraag nich.,Ich verstehe deine Frage nicht.
Ik söök sien Telefoonnummer in ’t Telefoonbook.,Ich suchte seine Telefonnummer im Telefonbuch.
Is dat dien Book?,Ist das dein Buch?
Is dat dien Book?,Ist dies dein Buch?
Verköffst du Batterien?,Verkaufst du Batterien?
Sawako will na Frankriek gahn.,Sawako will nach Frankreich gehen.
Wannehr is he hier ankamen?,Wann kam er hier an?
De Maand is al opgahn.,Der Mond ist schon aufgegangen.
Dat Huus höört mi to.,Das Haus gehört mir.
Disse Jack is en beten to groot.,Diese Jacke ist ein bisschen zu groß.
Wi bruukt dien Geld nich.,Wir brauchen dein Geld nicht.
Nüms kann em begriepen.,Niemand kann ihn begreifen.
Miene Aapkatt is weglopen.,Mein Affe ist fortgelaufen.
Hest du dissen Film keken?,Hast du diesen Film gesehen?
Hebbt ji Fransch snackt?,Habt ihr Französisch gesprochen?
Nachtens Klock dree heff ik mi övergäven.,Um drei Uhr nachts habe ich gespieben.
Nachtens Klock dree heff ik mi övergäven.,Um drei Uhr nachts habe ich mich übergeben.
Kaam gau trügg.,Komm schnell zurück.
Mary un Jane sünd Kusinen.,Mary und Jane sind Cousinen.
Ik holl dat nich mehr ut!,Ich halte das nicht mehr aus!
Ik holl dat nich mehr ut!,Ich halte es nicht mehr aus!
Dit hier?,Ist es das?
Sett di un roh di ut.,Setze dich und ruhe dich aus.
"De twee Kinner hebbt an ’t Reep tagen, bet dat reten is.","Die zwei Kinder zogen am Seil, bis es riss."
Wat is dien leevst TV-Programm?,Was ist dein liebstes Fernsehprogramm?
"Dat is hart för em, mit sien lütte Rent dörtokamen.","Das ist hart für ihn, mit seiner kleinen Rente auszukommen."
Dat stöfft.,Es staubt.
Du büst smuck.,Du bist hübsch.
Ik roop di Klock söven an.,Ich rufe dich um sieben an.
Krieg geiht uns all wat an.,Krieg geht uns alle etwas an.
Roop de Polizei!,Rufe die Polizei!
Wi sünd alleen.,Wir sind allein.
He wull de Pissmieren los warrn.,Er wollte die Ameisen loswerden.
Woneem büst du vergangen Nacht wesen?,Wo warst du letzte Nacht?
Woneem büst du vergangen Nacht wesen?,Wo bist du die vergangene Nacht gewesen?
Ik holl em för en groten Schriever.,Ich halte ihn für einen großen Schriftsteller.
He seed: „Dat stimmt nich.“,"Er sagte: ""Das stimmt nicht."""
Se gefallt uns all.,Sie gefällt uns allen.
Ik heff Maagpien na ’t Eten.,Ich habe Magenschmerzen nach dem Essen.
Ik heff Maagpien na ’t Eten.,Ich habe nach dem Essen Magenschmerzen.
"He is nich wies, aver plietsch.","Er ist zwar nicht weise, aber doch schlau."
Hest du von Natur krüllt Hoor?,Haben Sie Naturlocken?
Ik heff em bet nu to eerst een Maal drapen.,Ich habe ihn bis jetzt erst einmal getroffen.
Hest du de Inladen vun Tom kregen?,Hast du Toms Einladung erhalten?
"Küer man to, ick do wat ick wil.","Rede du nur, ich tue, was ich will."
De twee Froon kennt sik.,Die zwei Frauen kennen sich.
Se hett mi en Hemd schunken.,Sie hat mir ein Hemd geschenkt.
Ik weet wat he daan hett.,"Ich weiß, was er getan hat."
Ik kunn ehr nich övertügen.,Ich konnte sie nicht überzeugen.
Hebbt Tom un Ria wat doon?,Haben Tom und Maria etwas getan?
Wi hebbt en ganzen Platen vull backt.,Wir haben ein ganzes Backblech voll gebacken.
Natte Kledaasch backt an ’n Liev.,Nasse Kleidung klebt am Körper.
Disse Hüüs weren düüster un smuddelig.,Diese Häuser waren dunkel und schmutzig.
Wo lang duurt dat to Foot na ’n Bahnhoff?,Wie lange dauert es zu Fuß zum Bahnhof?
Dit Metall warrt Zink nöömt.,Dieses Metall nennt man Zink.
"De grote Jung hett dat Kind reddt, dat an ’t Verdrinken weer.",Dieser große Junge rettete das ertrinkende Kind.
Dit Ruumschipp warrt von en Ionenmotoor andreven.,Dieses Raumschiff wird von einem Ionenmotor angetrieben.
He keem Klock söven na Huus.,Er kam um sieben nach Haus.
Vergeet em.,Vergiss ihn.
He füng dat Rennen an.,Er begann zu rennen.
Snack keen Unsinn!,Rede keinen Unsinn!
Snack keen Unsinn!,Sage keinen Unsinn!
Snack keen Unsinn!,Red keinen Quatsch!
Möögt ji Tennis?,Mögt ihr Tennis?
Dat Hart is dor üm Blood to pumpen.,"Das Herz dient dazu, um Blut zu pumpen."
Du büst doch keen Spijoon?,Du bist doch kein Spion?
"Wat mööt, dat mööt.","Was sein muss, das muss sein."
"Wat mööt, dat mööt.","Was sein muss, muss sein."
Ik lees en Book över amerikaansche Geschicht.,Ich lese ein Buch über die amerikanische Geschichte.
"Dat deit mi leed, wenn ik di stöört heff.","Es tut mir leid, wenn ich dich gestört habe."
Gode Reis!,Gute Reise!
De Barg is gröön.,Der Berg ist grün.
Ik will dat nich mehr.,Ich möchte das nicht mehr.
Magst du geern pepert Eten?,Magst du gerne gepfefferte Speisen?
Wat is dat? fröög Tony.,Was ist das? fragte Tony.
Disse Appelsien smeckt temlich good.,Diese Orange schmeckt sehr gut.
Wo bruukst du dat Geld to?,Wozu brauchst du das Geld?
Ik bün en Jung.,Ich bin ein Junge.
Disse Slaat smeckt na Zitroon.,Dieser Salat schmeckt nach Zitrone.
Kiek nich in mien Kamer.,Schau nicht in mein Zimmer.
Mien Maag grummelt.,Mein Magen knurrt.
Dat Nest von de Droßel is op en hoge Pöppel.,Das Nest der Drossel ist auf einer hohen Pappel.
Wi hebbt grade teemlich wat üm’e Hand.,Wir sind gerade ziemlich beschäftigt.
Wi hebbt grade teemlich wat üm’e Hand.,Wir haben gerade ziemlich viel zu tun.
De Katt is in ehr Korv.,Die Katze ist in ihrem Korb.
Wullt du en Dinosaurier eten?,Willst du einen Dinosaurier essen?
Ik bün geern in Iesland!,Ich bin gerne in Island!
"Wenn een riek is, hett een veel Frünnen.","Wenn man reich ist, hat man viele Freunde."
He hett sik de Büxen vullscheten.,Er hat sich in die Hosen geschissen.
Ik warr jo nienich vergeten.,Ich werde euch nie vergessen.
"Se hett tostahn, dat se sik verdaan harr.","Sie gab zu, dass sie sich geirrt habe."
Appelsienen hebbt veel Vitamin C.,Orangen sind reich an Vitamin C.
Ik heff keen Sweerd.,Ich habe kein Schwert.
Ik mag de gröne Klöör.,Ich mag die grüne Farbe.
Laat di von Tom helpen.,Lass dir von Tom helfen.
Ik kann mien Droom nich opgeven.,Ich kann meinen Traum nicht wiedergeben.
De Kamer weer warm.,Das Zimmer war warm.
He deed sien Arger dalsluken un möök mit de Arbeid wieder.,Er schluckte seinen Ärger hinunter und arbeitete weiter.
Se hett mi ehr Album wiest.,Sie hat mir ihr Album gezeigt.
De Lamp deed utgahn un allens weer düüster.,Die Lampe ging aus und alles war dunkel.
Elk Steern is en Kugel.,Jeder Stern ist kugelförmig.
Dat is en kumplett Kuddelmuddel un dat geiht mi op de Nerven.,Das ist ein totales Schlamassel und es geht mir auf die Nerven.
Se hett em op en Köppken Koffie inlaadt.,Sie hat ihn auf ein Tässchen Kaffee eingeladen.
"De Dokter hett mi seggt, dat ik to Bedd gahn schull.","Der Doktor hat mir gesagt, dass ich ins Bett gehen soll."
Is dat Finster tau wäsen?,War das Fenster geschlossen?
Dat Weder is beter worrn.,Das Wetter ist besser geworden.
Dat Lidd lett sik nich afnehmen.,Der Deckel lässt sich nicht abnehmen.
Dat Lidd lett sik nich afnehmen.,Das Glied lässt sich nicht abnehmen.
Hest du en Thema utsöcht?,Hast du ein Thema ausgesucht?
"Se schell em ut, dat he sien Huusopgaven nich daan harr.","Sie schimpfte ihn aus, weil er seine Hausaufgaben nicht gemacht hatte."
Wi hebbt dat Geld nich.,Wir haben das Geld nicht.
As he ophollen deed to snacken weer dat still.,"Als er aufhörte zu sprechen, war es still."
Se is noch nich opduukt.,Sie ist noch nicht aufgetaucht.
He is stärker as du.,Er ist stärker als du.
Wannehr is de Apokalyps?,Wann ist die Apokalypse?
De Vagels fleegt na ’n Süden.,Die Vögel fliegen in den Süden.
Bill weer in Japan.,Bill war in Japan.
Se köfft jümmer Melk.,Sie kauft immer Milch.
"Ik troo all Lüüd, aber nich all lieker lang.","Ich traue jedem Menschen, aber nicht jedem gleich lange."
De Studenten hebbt jüst Feern.,Die Studenten haben gerade Ferien.
"Ik heff Eibhlín in ’e Bökeree sehn, nich Sorcha.","Ich sah Eibhlín in der Bibliothek, nicht Sorcha."
"Mien Opa is in de sülve Kamer doodbleven, in de he boren worrn is.","Mein Opa starb im gleichen Zimmer, in dem er geboren wurde."
Dat Thermometer stünn bi 15 Graad.,Das Thermometer blieb bei 15 Grad stehen.
Ik kann den Sack ook nich böhren.,Ich kann den Sack auch nicht heben.
Jessica deed en Leed singen.,Jessica sang ein Lied.
Kannst du Plattdüütsch snacken?,Sprichst du Plattdeutsch?
Kannst du Plattdüütsch snacken?,Sprichst du Niederdeutsch?
He hett mien Portmaneet nich klaut.,Er hat meine Geldbörse nicht geklaut.
He hett mien Portmaneet nich klaut.,Er hat meinen Geldbeutel nicht gestohlen.
Disse Laden verköfft Dagbläder un Tiedschriften.,Dieses Geschäft verkauft Zeitungen und Zeitschriften.
Kannst du mi dat Solt recken?,Würdest du mir das Salz geben?
Mayuko hett gode Ogen.,Mayuko hat gute Augen.
"Weetst du, woveel Lüüd op de Welt elk Johr verhungert?","Weißt du, wie viele Menschen auf der Welt jährlich verhungern?"
Ik heff en poor Breevmarken in mien Aktentasch.,Ich habe einige Briefmarken in meiner Aktentasche.
Ik bliev dor bet Klock söss.,Ich bleibe dort bis um sechs Uhr.
Dat Museum is för all apen.,Das Museum ist für die Öffentlichkeit geöffnet.
He is en goden Gegener.,Er ist ein guter Gegner.
Een Kreih hackt de anner keen Oog ut.,Eine Krähe hackt der anderen kein Auge aus.
Dat Geld schall woll för üm un bi een Maand recken.,Das Geld wird für ungefähr einen Monat reichen.
Tom hett sien Brill verloren.,Tom hat seine Brille verloren.
Wi leevt in dat Tiedöller von ’t Atoom.,Wir leben im Atomzeitalter.
Büst du in en Schüün boren worrn?,Bist du in einer Scheune geboren worden?
De Klub hett mehr as föfftig Liddmaten.,Der Klub hat mehr als 50 Mitglieder.
Ik haat mien Naberske.,Ich hasse meine Nachbarin.
Dat is mien Huus.,Das ist mein Haus.
Ik heff em sien Book trügggeven.,Ich habe ihm sein Buch zurückgegeben.
Ik seh en Huus.,Ich sehe ein Haus.
"Arbeid gau, eet sinnig!","Arbeite schnell, iss langsam!"
Vergangen Nacht keem he laat na Huus.,Letzte Nacht kam er spät nach Hause.
Se seht good ut!,Sie sehen gut aus!
He slöppt nu al teihn Stünnen.,Er schläft nun schon zehn Stunden.
Se is temlich nehrig.,Sie ist sehr fleißig.
Worüm hett he mit Smöken ophöört?,Warum hat er mit dem Rauchen aufgehört?
Is dat joon Book?,Ist das euer Buch?
Ik wull di nich weh doon.,Ich wollte dir nicht weh tun.
Kannst du mit de Schrievmaschien schrieven?,Kannst du mit der Schreibmaschine schreiben?
Op dat Schild steiht: „Gefohr! 10.000 Volt“.,"Auf dem Schild steht: ""Gefahr! 10000 Volt""."
Rias Fründ heet Tom.,Marias Freund heißt Tom.
’Keen tahlt?,Wer zahlt?
He güng na ’n Dokter.,Er ging zum Arzt.
Wat is dat för en Tüdelkraam?,Was ist das für ein Unsinn?
Elkeen in ’t Dörp kennt em.,Im Dorf kennt ihn jeder.
Elkeen in ’t Dörp kennt em.,Jeder im Dorf kennt ihn.
Laat mi man maken!,Lass mich nur machen!
Kannst du skaten?,Kannst du skaten?
De Kinner schullen na buten gahn un spelen.,Die Kinder sollten nach draußen gehen und spielen.
"Jo, mi dücht, du schusst gahn.","Ja, ich denke, dass du gehen sollst."
Gilles lööp över de Dünen.,Gilles lief über die Dünen.
Luft is lichter as Water.,Luft ist leichter als Wasser.
Un worüm fraagst du?,Und warum fragst du?
Dor is en Lock in disse Sock.,Da ist ein Loch in dieser Socke.
Ik heff de Fraag korrekt antert.,Ich habe die Frage richtig beantwortet.
Ik mieg nich veel.,Ich uriniere nicht viel.
"Wies mi, woneem Puerto Rico op de Koort liggt.","Zeig mir, wo Puerto Rico auf der Karte liegt."
"Wies mi op de Koort, woneem Puerto Rico liggt.","Zeige mir auf der Karte, wo Puerto Rico liegt."
Is dat nich so?,Ist das nicht so?
Snack düüdlich.,Sprich deutlich!
He tuuster ehr wat to.,Er flüsterte ihr etwas zu.
Se geiht ehr egen Weg.,Sie geht ihren eigenen Weg.
Villicht heff ik toveel drunken.,Vielleicht habe ich zu viel getrunken.
Dat weren ganz normale junge Lüüd.,Das waren ganz normale Jugendliche.
Wees bedankt för dien gaue Antwoord.,Vielen Dank für deine schnelle Antwort.
"Denn Politik, seggt de Buur, is anners as doon.","Denn Politik, sagt der Bauer, ist anders als es zu machen."
Ik heff ’n Goorner en poor Bööm planten laten.,Ich ließ den Gärtner einige Bäume pflanzen.
Gaht ji to Foot na School?,Geht ihr zu Fuß zur Schule?
Gah disse Trepp hoog.,Geh diese Treppe hoch.
"Tom sä, dat he na Boston will.","Tom sagte, er wolle nach Boston."
Mien Gesicht tuckt.,Mein Gesicht zuckt.
Ik kann dat alleen.,Ich kann das alleine.
He wull nich veel Geld.,Er verlangt nicht viel Geld.
De Fleger flöög över de Wulken.,Das Flugzeug flog über den Wolken.
Aver du magst dat doch!,Aber du magst es doch!
De Sünn keem rut un dat Ies deed smülten.,Die Sonne kam zum Vorschein und das Eis schmolz.
Se drinkt veel Bruus.,Sie trinken viel Limonade.
"Ik kann nich begriepen, worüm he dat daan hett.","Ich kann nicht verstehen, warum er das gemacht hat."
De Maand is achter de Wulken nich to sehn.,Der Mond ist hinter den Wolken nicht zu sehen.
Woans is di denn so en gode Exküüs infullen?,Wie ist dir denn so eine gute Ausrede eingefallen?
Dat deed gresig stinken.,Es stank fürchterlich.
Düsse Katt hört Tom.,Diese Katze gehört Tom.
Wi wohnt in Rußland.,Wir wohnen in Russland.
Ik heff den Satz verbetert.,Ich habe den Satz korrigiert.
Ik heff den Satz verbetert.,Ich habe den Satz berichtigt.
Ik heff den Satz verbetert.,Ich habe den Satz verbessert.
"Systemaatsch versöch Dima de Nummern von 962 bet 965 antoropen, man jümmer kreeg he den verkehrten Al-Sayib, ofschoonst se all Fanta müchen un nix von Noobs höllen.","Systematisch versuchte Dima die Nummern von 962 bis 965 anzurufen, aber immer bekam er den verkehrten Al-Sayib, obwohl alle Fanta mochten aber nichts von Anfängern hielten."
"Se is in de Verenigten Staten von Amerika opwussen, man ehr Moderspraak is Japaansch.","Sie ist in den Vereinigten Staaten von Amerika aufgewachsen, aber ihre Muttersprache ist Japanisch."
Se hett sien Dood nich wullt.,Sie hat seinen Tod nicht gewollt.
Un so hett Ria Tom kennenlehrt.,Und so hat Maria Tom kennengelernt.
De dicken Lienen op de Koort sünd Weeg.,Die dicken Linien auf der Karte sind Wege.
He deed sik den Snappen in ’t Sackdook afwischen.,Er wischte sich den Rotz in ein Taschentuch.
Büst du för oder gegen den Krieg?,Bist du für oder gegen den Krieg?
Se is in ’t Düüster verswunnen.,Sie ist in der Dunkelheit verschwunden.
Ik heff em mit en annere Fru sehn.,Ich habe ihn mit einer anderen Frau gesehen.
Uns Lehrer sütt heel jung ut.,Unser Lehrer sieht sehr jung aus.
De Muus is in ’t Lock rönnt.,Die Maus ist ins Loch gerannt.
Dat Sushi in dissen Laden is lecker.,Das Sushi in diesem Laden ist lecker.
"Ik weet nich, wo du von snackst.","Ich weiß nicht, wovon du sprichst."
He hett mi sien Fotoalbum wiest.,Er hat mir sein Fotoalbum gezeigt.
He hett mi sien Fotoalbum wiest.,Er zeigte mir sein Fotoalbum.
Dat Eenhoorn is en Fabelwesen.,Das Einhorn ist ein Fabelwesen.
"Nich winnen is wichtig, man mitmaken.","Nicht das Gewinnen ist wichtig, sondern das Mitmachen."
Nüms weer tofreden.,Niemand war zufrieden.
Na de Legenn spöökt dat in dit Huus.,Der Legende nach spukt es in diesem Haus.
Ik heff de verkehrte Adress op ’n Ümslag schreven.,Ich habe die falsche Adresse auf den Umschlag geschrieben.
Se deed dat vörsichtig.,Sie machte das vorsichtig.
Do is mi de Luft wegbleven.,Da blieb mir die Luft weg.
Un nu keem de Floot vertig Daag un vertig Nachten över de Eer.,Und ein Regen kam auf Erden vierzig Tage und vierzig Nächte.
"Dat is noch to froh, üm optostahn.",Es ist noch zu früh um aufzustehen.
"Maak dat so, as ik dat seggt heff.","Mach es so, wie ich es dir gesagt habe."
Höörst du em to?,Hörst du ihm zu?
"As se jünger weer, drünk se lever Kaffe as japaanschen Tee.","Als sie jünger war, trank sie lieber Kaffee als japanischen Tee."
"Gah an, dammi noch eens!","Geh an, verdammt nochmal!"
De Daag sünd länger as de Nachten.,Die Tage sind länger als die Nächte.
Lever toveel hebben as to wenig.,"Lieber zu viel haben, als zu wenig."
Dat Packies is dünner worrn.,Das Packeis ist dünner geworden.
Ik heff tonahmen.,Ich habe zugenommen.
Ik heff tonahmen.,Ich hab zugenommen.
Gröötnis ut Frankriek!,Grüße aus Frankreich!
Buurn klaagt jümmer över dat Weder.,Bauern klagen immer über das Wetter.
Ik mag siene Musiek.,Ich mag seine Musik.
Ik bün jüst eerst trüggkamen.,Ich bin gerade erst zurückgekehrt.
De Bus bruukt üm un bi 45 Minuten.,Der Bus braucht ungefähr 45 Minuten.
Elk von sien Kinner hett en egen Kamer.,Jedes von seinen Kindern hatte ein eigenes Zimmer.
Elk von sien Kinner hett en egen Kamer.,Jedes seiner Kinder hat sein eigenes Zimmer.
He hett lang töövt.,Er hat lange gewartet.
Drinkst du jümmer veel Beer?,Trinkst du immer viel Bier?
Worüm hest du mi nich glöövt?,Warum hast du mir nicht geglaubt?
Ik bün den Larm wennt.,Ich bin an den Lärm gewöhnt.
Woneem hest du di de Hoor snieden laten?,Wo hast du dir die Haare schneiden lassen?
He weer to füünsch to ’n Snacken.,Er war zu wütend zum Sprechen.
Ik hööp ook op Sünnschienweder an ’t Wekenenn.,Ich hoffe auch auf Sonnenschein am Wochenende.
Ik weer noch nie in Europa.,Ich war noch nie in Europa.
He hett wedder sien Regenscherm verloren.,Er hat erneut seinen Regenschirm verloren.
Wannehr schall ik wedder anropen?,Wann soll ich wieder anrufen?
Poolsche Nagels sünd dürer as chineesche.,Polnische Nägel sind teurer als chinesische.
De Lehrer hett uns veel Huusopgaven opgeven.,Der Lehrer gab uns viele Hausaufgaben auf.
Ik möt nu nao hus.,Ich muss nun nach Hause gehen.
Jümmer kluckst du vör ’n Kiekschapp.,Ständig sitzt du vor der Glotze.
Ik heff twee Döchter.,Ich habe zwei Töchter.
"Ik heff mit Tom allens deelt, wat ik harr.","Ich teilte mit Tom alles, was ich hatte."
He is riek op de Welt kamen.,Er kam reich auf die Welt.
Ik kann so ’n Leven nich leven.,Ich kann so ein Leben nicht leben.
Nu man tau! Vun sülvst warrt dat nich!,Dann mal los! Von selbst erledigt sich das nicht!
Wat is dat tweetgröttste Land op de Welt?,Welches ist das zweitgrößte Land der Welt?
Dat is en roren Vörfall.,Das ist ein seltener Vorfall.
"As he utstudeert harr, füng he in en Avkatenkontoor an to arbeiden.","Nachdem er sein Studium beendet hatte, fing er in einer Anwaltskanzlei an zu arbeiten."
Dunn hett mi elkeen Tony nöömt.,Damals nannte mich jeder Tony.
Hett se dat Book al utleest?,Hat sie das Buch schon ausgelesen?
De Wind deed sacht de Bööm küssen.,Der Wind küsste sanft die Bäume.
Is de Himmel blau? Ja.,„Ist der Himmel blau?“ „Ja.“
Jabbel nich.,Jammere nicht.
Siene Hoor sünd swart un lang.,Seine Haare sind schwarz und lang.
Mien Huus steiht in de Neegd von ’n Bahnhoff.,Mein Haus steht in der Nähe des Bahnhofs.
Mien Huus steiht in de Neegd von ’n Bahnhoff.,Mein Haus befindet sich in der Nähe des Bahnhofs.
"Nee, se weer dat nich.","Nein, sie war's nicht."
Veel Länner maakt bi de Olympschen Spelen mit.,Viele Länder nahmen Teil an den Olympischen Spielen.
He is achter ’t Stüür toslapen un harr en Unfall.,Er ist hinter dem Lenkrad eingeschlafen und hatte einen Unfall.
Wat is sworer: een Kilo Gold oder een Kilo Sülver?,Was ist schwerer: ein Kilo Gold oder ein Kilo Silber?
Woveel Milligramm nimmst du opstunns?,Wie viel Milligramm nehmen Sie im Moment?
Mien Katt hett en Katteker doodmaakt.,Meine Katze hat ein Eichhörnchen getötet.
"Ik verstah nich, wat du meenst.","Ich verstehe nicht, was du meinst."
Laat mi dien Temperatur meten.,Lass mich deine Temperatur messen.
He is to Bedd gahn.,Er ist ins Bett gegangen.
"He weer bang, dat du em scheten deedst.","Er hatte Angst, dass du ihn erschießen würdest."
Gah suutje.,Geh langsam.
Dat is ook mien eerst Maal.,Das ist auch mein erstes Mal.
Hebbt ji in Japan Wiehnachten free?,Habt ihr in Japan Weihnachten frei?
He is nich besünners dann.,Er hat eine schlechte Auffassungsgabe.
Wi hebbt en Barg to doon.,Wir haben eine Menge zu tun.
He hett schon jau seggt.,Er hat bereits ja gesagt.
Dat Brood rückt würklich good.,Das Brot riecht wirklich gut.
"Tom, worüm hest du dat doon?","Tom, warum hast du das getan?"
De Klock lüddt.,Die Glocke läutet.
"Ik bün froh, dat Tom us helpen will.","Ich bin froh, dass Tom uns helfen wird."
Ik lehr in Peking Chineesch.,Ich lerne in Peking Chinesisch.
Würklich? Du süst jünger ut.,Wirklich? Du siehst jünger aus.
"Wecker sick mit Schwienekötels franget, krich schmeerige Hande!","Wer sich mit Schweinescheiße zankt, bekommt dreckige Finger!"
He füng en neet Leven an.,Er begann ein neues Leben.
Ik bün Pool.,Ich bin Pole.
Ik wahn 200 Meter von ’n Bahnhoff weg.,Ich wohne 200 Meter vom Bahnhof entfernt.
"Ik heff en Fründin, de in Spanien wahnt.","Ich habe eine Freundin, die ihn Spanien wohnt."
Se is nich opdükert.,Sie tauchte nicht auf.
Hest du en Bananenkoken eten?,Hast du einen Bananenkuchen gegessen?
Tom is in Dænmark upwossen.,Tom ist in Dänemark aufgewachsen.
Tom hett den ganzen Dag in sien Bedd tobröcht un leest.,Tom hat den ganzen Tag lesend im Bett verbracht.
Se hett em mit en Scheer angrepen.,Sie hat ihn mit einer Schere angegriffen.
He is to mööd to ’n Wiedergahn.,Er ist zu müde zum Weitergehen.
Kiek mi an.,Sieh mich an.
Kiek mi an!,Schau mich an!
Kiek mi an!,Sieh mich an!
Kiek mi an!,Kuck mich an!
Dat köst mi mien Bahntje.,Das kostet mich meine Stelle.
Ik kenn em teihn Johr.,Ich kenne ihn seit zehn Jahren.
Se harr keen Poppeer mehr.,Sie hatte kein Papier mehr.
Ik heff mien Portmaneet verloren.,Ich habe meine Geldbörse verloren.
Wees mi nich böös.,Sei mir nicht böse.
Ik versöök to slapen.,Ich versuche zu schlafen.
Se hett em an ’n 20. Oktober besöcht.,Sie hat ihn am 20. Oktober besucht.
Woneem hest du Düütsch lehrt?,Wo hast du Deutsch gelernt?
"Ik frei mi dull, di to sehn.","Ich freue mich sehr, dich zu sehen."
Dat seeg leeg ut.,Das sah böse aus.
Ehr Fohrrad is beter as mien.,Ihr Fahrrad ist besser als meines.
Godd is dood. Un mi geiht dat ook nich besünners good.,Gott ist tot. Und mir geht's auch nicht so gut.
He leeg dor mit sien Been tohoopbunnen.,Er lag da mit seinen zusammen gebundenen Beinen.
Woveel Eilannen hebbt de Philippinen?,Wie viele Inseln haben die Philippinen?
Se kann good mit Kinner üm.,Sie kann gut mit Kindern umgehen.
Se hett mi wat fraagt.,Sie hat mich etwas gefragt.
Tom wull wat schreven.,Tom wollte etwas schreiben.
Laat jo nich faatkriegen.,Lasst euch nicht erwischen.
"Tom lehrt jüst, Programmen in Javascript to schrieven.","Tom lernt gerade, Programme in JavaScript zu schreiben."
Wo föhlst du di?,Wie fühlst du dich?
Ehr Hoor is to lang.,Ihre Haare sind zu lang.
De Mount Everest is de höögste Barg op de Welt.,Der Mount Everest ist der höchste Berg der Welt.
Ik weer eensaam ahn ehr.,Ich war einsam ohne sie.
Jüst dat will ik.,Genau das will ich.
Mien Unkel is doof.,Mein Onkel ist taub.
Wi nehmt den Klock-Acht-Tog.,Wir nehmen den Acht-Uhr-Zug.
1900 is he ut England weggahn un nie trüggkamen.,1900 verließ er England und kehrte nie zurück.
"De Padd to Produktivität in veel Rebeden -- un in Origami -- is, dode Lüüd dien Arbeid för di maken to laten.","Der Weg zu Produktivität auf vielen Feldern - auch in Origami - ist, tote Menschen deine Arbeit für dich machen zu lassen."
Uns is merrn in ’e Wööst dat Benzin utgahn.,Uns ging mitten in der Wüste das Benzin aus.
"Se fröög em, woneem he leven deed.","Sie fragte ihn, wo er lebte."
He hett mehr as noog Geld.,Er hat mehr als genug Geld.
Ik bün gegen den Krieg.,Ich bin gegen den Krieg.
Een Spraak is nienich noog.,Eine Sprache ist nie genug.
"Het hett dat opschreven, dat he dat nich vergitt.","Er hat das aufgeschrieben, damit er das nicht vergisst."
De Haavk füng en Muus.,Der Habicht fing eine Maus.
Worüm hest du so ’n Dummtüüg seggt?,Warum hast du so etwas Blödes gesagt?
"Dat is swoor, dat Smöken optogeven.","Es ist schwer, das Rauchen aufzugeben."
Snack nich mit vullen Mund.,Redet nicht mit vollem Mund.
Du büst nie tofreden!,Du bist nie zufrieden!
"Tom weet nich, wo he von snackt.","Tom weiß nicht, wovon er spricht."
Tom is noch nich in Australien wäsen.,Tom war noch nicht in Australien.
"Ik wüss nich, dat du so good kaken kannst.","Ich wusste nicht, dass du so gut kochen kannst."
He is von ’e Ledder afglippt un hett sik doodfullen.,Er ist auf der Leiter abgerutscht und zu Tode gestürzt.
Tom snackt mit sik sülvst.,Tom spricht mit sich selbst.
Ik bün en gauen Swemmer.,Ich bin ein schneller Schwimmer.
He sütt ut as en goden Jung.,Er sieht wie ein guter Junge aus.
Wullt du riek wesen?,Willst du reich sein?
Du büst mien Sünnschien.,Du bist mein Sonnenschein.
Wi harrn n langen Klöönsnack.,Wir hatten ein langes Gespräch.
Wi harrn n langen Klöönsnack.,Wir haben lange gequasselt.
De Melkstraat is gewaltig groot.,Die Milchstraße ist gewaltig groß.
Du kannst mi nich ophollen.,Du kannst mich nicht aufhalten.
Veel kunservative Amerikaners hebbt em tostimmt.,Viele konservative Amerikaner stimmten ihm zu.
Se hebbt Jean to ’n Käppen von de Mannschop wählt.,Sie wählten Jean zum Mannschaftskapitän.
Wi sünd veel jünger as Tom.,Wir sind viel jünger als Tom.
"Ruten ut, seggt de Glaser.","Die Fensterrauten raus, sagt der Glaser."
Ik heff mi de Kneen schrammt.,Ich habe mir die Knie verschrammt.
Ik heff mi de Kneen schrammt.,Ich habe mir die Knie aufgeschrammt.
Wi hebbt en groot Paket kregen.,Wir erhielten ein großes Paket.
Wat köönt wi vonavend eten?,Was könnten wir heute Abend essen?
Handwark hett gollen Bodden.,Das Handwerk hat goldenen Boden.
Dat geiht mi nix an.,Das geht mich nichts an.
Wo is dat Weder?,Wie ist das Wetter?
De Regenbagen hett söven Klören.,Der Regenbogen hat sieben Farben.
Ik will dat sehn.,Ich möchte es sehen.
Wannehr büst du tolest bi en Gräffnis wesen?,Wann warst du zuletzt bei einer Beerdigung?
Ik kunn all Fragen antern.,Ich konnte alle Fragen beantworten.
Se harr sik nich beielen müsst.,Sie hätten sich nicht beeilen müssen.
Ik lehr japaansch.,Ich lerne Japanisch.
Se kunnen kuum wat sehn.,Sie konnten kaum etwas sehen.
He hett mien Klock stahlen.,Er stahl meine Uhr.
"Dat is egaal, wannehr du kummst.","Es ist egal, wann du kommst."
Schenken maakt faken mehr Freid as schunken kriegen.,Schenken macht oft mehr Freude als beschenkt werden.
De Temperatur von ’n minschlichen Liev liggt üm de 37 °C.,Die Temperatur des menschlichen Körpers bewegt sich um 37 °C.
De Jung hett den Hund bi ’n Steert packt.,Der Junge packte den Hund am Schwanz.
’Keen is he?,Wer ist er?
"Hier liggt dat Book, dat du söchst.","Hier liegt das Buch, das du suchst."
Mien Hund is witt.,Mein Hund ist weiß.
Sien Ogen sünd grötter as sien Maag.,Seine Augen sind größer als sein Magen.
Do nipp dat wat ik segg.,"Mach genau das, was ich sage."
De Vagels fleegt hoog an ’n Heven.,Die Vögel fliegen hoch am Himmel.
"Wat sik geern hett, dat brüüdt sik.","Was sich liebt, das neckt sich."
He hett brune Ogen.,Er hat braune Augen.
Du schaßt in de School keen Lippenstift drägen.,Du sollst in der Schule keinen Lippenstift tragen.
"Jo, ik heff dat mit Afsicht maakt.","Ja, ich habe das mit Absicht gemacht."
"Harr ik dissen Fleger nahmen, denn schull ik nu dood wesen.","Hätte ich dieses Flugzeug genommen, wäre ich nun tot."
Ik heff nich afnahmen.,Ich habe nicht abgenommen.
Ik bün Lin.,Ich bin Lin.
De Kock sitt in ’e Köök.,Der Koch sitzt in der Küche.
"De dat leste ut de Kann hebben will, den sleiht dat Lidd op de Nees.","Wer das Letzte aus der Kanne haben will, dem schlägt der Deckel auf die Nase."
De Dokter hett ehr op en strenge Diät sett.,Der Doktor hat sie auf eine strenge Diät gesetzt.
In ’t Huus spöökt dat.,Im Haus spukt es.
"Ik hoff, dat Tom nich denkt, dat wi em nich afkünnt.","Hoffentlich glaubt Tom nicht, dass wir ihn hassen."
De Armen harrn se leef.,Die Armen liebten sie.
Ik heff dit Fohrtüüg köfft.,Ich habe dieses Fahrzeug gekauft.
"De Straat is en Iesbahn, wees vörsichtig.","Die Straße ist eine Eisbahn, sei vorsichtig."
Du kaakst würklich good.,Du kochst wirklich gut.
De Mann hett de lütten Kinner verfehrt.,Der Mann hat die kleinen Kinder erschreckt.
Wo schöön de Sünnopgang is!,Wie schön die aufgehende Sonne ist!
"Uns Bargen sünd nich so hoog, joon sünd veel höger.","Unsere Berge sind nicht so sehr hoch, die euren sind viel höher."
Mien Mest is stuuv worrn.,Mein Messer ist stumpf geworden.
Moin!,Guten Morgen!
Moin!,Guten Tag!
Moin!,Guten Abend!
Moin!,Ich grüße dich.
Ik heff jüst Falafel eten.,Ich habe gerade ein Falafel gegessen.
Ik heff jüst Falafel eten.,Ich habe gerade eine Falafel gegessen.
Mary hett dat Smöken opgeven.,Mary hat das Rauchen aufgegeben.
Woans sütt se ut?,Wonach sieht sie aus?
Se nöhm miene Hand.,Sie nahm meine Hand.
Ik heff dat Book ümsüs kregen.,Ich habe das Buch umsonst erhalten.
Woneem liggt ehr Huus?,Wo befindet sich ihr Haus?
Dat is mien Süster. Se heet Julia.,Das ist meine Schwester. Sie heißt Julia.
Ik wies di en poor Fotos.,Ich zeige dir einige Fotos.
"Wat Tom seggt hett, hett veel Lüüd Hööp geven.","Was Tom gesagt hat, hat vielen Leuten Hoffnung gegeben."
Versöökt wi dat noch wedder.,Versuchen wir es noch einmal!
Mien Koppwehdaag is weg.,Mein Kopfweh ist weg.
Mi gefallt de Geschicht.,Mir gefällt die Geschichte.
He treckt en Flunsch.,Er zieht eine Flunsch.
"He weer dwungen, na Washington trüggtogahn.","Er war gezwungen, nach Washington zurückzukehren."
Ik heff en Fründ drapen.,Ich habe einen Freund getroffen.
Köönt all Vagels flegen?,Können alle Vögel fliegen?
Lehnst du mi dien Fohrrad för en Stünn?,Leihst du mir dein Fahrrad für eine Stunde?
Ik schell en Appelsien för di.,Ich schäle eine Orange für dich.
"Deit mi leed, ik heff dat vergeten.","Tut mir leid, ich habe es vergessen."
Wi hebbt James to ’n Präsidenten wählt.,Wir haben James zum Präsidenten gewählt.
Gluup keen Lüüd an.,Starre keine Leute an.
Ik will Skisteveln köpen.,Ich möchte Skistiefel kaufen.
Ik hebb twee Bröörs un dree Süsters.,Ich habe zwei Brüder und drei Schwestern.
Se wull dat verstahn.,Sie wollte es verstehen.
Ik weer vergangen Winter Skilopen in Kanada.,Ich war letzten Winter Skilaufen in Kanada.
Ronnie James Dio sien Dood hett mi temlich trurig maakt.,Ronnie James Dios Tod hat mich ziemlich traurig gemacht.
"„Weet ik doch nich“, sä Tom.","„Ich weiß es nicht“, sagte Tom."
Mien Söhn kann al bet hunnerd tellen.,Mein Sohn kann schon bis hundert zählen.
He kluckt al den ganzen Dag op ’t Klo.,Er sitzt den ganzen Tag auf der Toilette.
Laat uns Sushi eten.,Lass uns Sushi essen.
Laat uns Sushi eten!,Lasst uns Sushi essen!
He deed en poor Daag vör sien hunnerdsten Geboortsdag doodblieven.,Er starb ein paar Tage vor seinem hundertsten Geburtstag.
Se hett em vergeven.,Sie hat ihm vergeben.
Dat Vörjohr is dor. Dat warrt jeden Dag warmer.,Der Frühling ist da. Es wird jeden Tag wärmer.
"Wi bruukt Mehl, Sucker un Eier, üm dissen Koken to maken.","Wir brauchen Mehl, Zucker und Eier, um diesen Kuchen zu machen."
Mien Mest is afbraken.,Mein Messer ist zerbrochen.
Woveel köst en Beer?,Wie viel kostet ein Bier?
Ik heff vonmorgen keen Radio höört.,Ich habe heute Morgen nicht Radio gehört.
"Ik hööp, dat du flugs wedder gesund warrst.","Ich hoffe, dass du schnell wieder gesund wirst."
Theo is dicker worrn.,Theo ist dicker geworden.
Welken von de twee is dürer?,Welche von den zweien ist teurer?
Wullt du gahn?,Willst du gehen?
Du wullt gahn?,Du möchtest gehen?
Ik mag em.,Ich mag ihn.
Ik leev för een Maand bi mien Unkel.,Ich lebe für einen Monat bei meinem Onkel.
"Ik weet nich, wat ik winnen oder verleren do.","Ich weiß nicht, ob ich gewinnen oder verlieren werde."
"Ik weet nich, wat ik winnen oder verleren do.","Ich weiß nicht, was ich gewinne oder verliere."
Wat ittst du geern?,Was isst du gerne?
Ik heff eenfach opgeven.,Ich habe einfach aufgegeben.
Miene Mama hett mi en neet Fohrrad köfft.,Meine Mama kaufte mir ein neues Fahrrad.
Köönt wi jo helpen?,Können wir dir helfen?
Se hebbt mi de Hoor to kort sneden.,Sie haben mir die Haare zu kurz geschnitten.
Se is en Stievkopp.,Sie ist eigensinnig.
Se is en Stievkopp.,Sie ist ein Sturkopf.
Se is en Stievkopp.,Sie ist halsstarrig.
Se is en Stievkopp.,Sie ist widerspenstig.
Kannst du mi teihndusend Yen lehnen?,Kannst du mir zehntausend Yen leihen?
’Keen schall denn vör dien Katt sorgen?,Wer wird dann für deine Katze sorgen?
Na’n tweeten Glas Wien is Tom spreeksch worrn.,Nach dem zweiten Glas Wein wurde Tom gesprächig.
Ik will dat mit egen Ogen sehn.,Das will ich mit eigenen Augen sehen.
"Dat Ies is to dünn, üm dien Wicht uttoholen.","Das Eis ist zu dünn, um dein Gewicht auszuhalten."
Ik kann di nich noog laven.,Ich kann dich nicht genug loben.
"Deit mi leed, man wi hebbt dat ook hild.","Entschuldigen Sie, aber wir haben es ebenfalls eilig."
Dat Rohr is ünner den Waterdruck bossen.,Das Rohr barst unter dem Wasserdruck.
Water is in disse Kuntrei knapp.,Wasser ist in dieser Gegend knapp.
Dat Ies smeckt good. Wullt du würklich nix hebben?,Das Eis schmeckt gut. Möchtest du wirklich nichts haben?
De Garcías sünd noch nich ankamen.,Die Garcías sind noch nicht angekommen.
Ik heff veel lehrt ut sien Böker.,Ich habe viel aus seinen Büchern gelernt.
He deed Tennis spelen.,Er spielte Tennis.
Mien Unkel verköfft Fisch.,Mein Onkel verkauft Fische.
"Se is riek, man he is arm.","Sie ist reich, aber er ist arm."
Gröön lett good an di.,Grün steht Ihnen.
Se is 81 worrn.,Sie ist 81 geworden.
"Dat is antoraden, de Priesen vörher to verglieken.","Es ist empfehlenswert, die Preise vorher zu vergleichen."
Dat kann nich angahn!,Das ist nicht möglich!
Dat kann nich angahn!,Das kann nicht sein!
Dat kann nich angahn.,Das kann nicht wahr sein.
Ik kenn ehr gornich.,Ich kenne sie überhaupt nicht.
In de Ümgegend von Chicago hett dat regent.,In der Gegend um Chicago hatte es geregnet.
Hüdigendaags speelt de Kinner nich mehr buten.,Heutzutage spielen die Kinder nicht mehr draußen.
En Klock hängt an ’e Wand.,Eine Uhr hängt an der Wand.
Ik mag ehren Hoot nich.,Ich mag ihren Hut nicht.
Ik stah op dien Sied.,Ich bin auf deiner Seite.
Ik will nich mit em speelen.,Ich will nicht mit ihm spielen.
Woveel hett de Brill köst?,Wie viel hat die Brille gekostet?
Miniröck kaamt wedder in Mood.,Miniröcke kommen wieder in Mode.
Ik verstah dien Spraak.,Ich verstehe deine Sprache.
"Du büst en Düütschen, nech?","Du bist Deutscher, nicht?"
"Wo beter he de Spraak kennt, wo minner mag he ehr.","Je besser er die Sprache kennt, desto weniger mag er sie."
"Nee, ik bün dat nich, du büst dat!","Nein, ich bin es nicht, du bist es!"
Nu sneet dat.,Jetzt schneit es.
Klock söven gah ik na School.,Um sieben Uhr gehe ich zur Schule.
Ik söök mien Kamera.,Ich suche meine Kamera.
He kann keen Düütsch un ook keen Franzöösch snacken.,Er kann kein Deutsch und auch kein Französisch.
De Zoo hett twee Okapis.,Der Zoo hat zwei Okapis.
"Dor is keen Twievel, dat he unschüllig is.","Es gibt keinen Zweifel, dass er unschuldig ist."
Ik heff en Inladen kregen.,Ich habe eine Einladung bekommen.
Vagels fleegt faken tohoop.,Vögel fliegen oft zusammen.
Mien lütte Süster is en beten lösig.,Meine kleine Schwester ist ein bisschen faul.
Tom hett noch mehr Fragen.,Tom hat noch mehr Fragen.
Wi lachen un lachen.,Wir lachten und lachten.
Se is ut Somalia.,Sie ist aus Somalia.
He toog sik an.,Er zog sich an.
He toog sik an.,Er hat sich angezogen.
"Ik weet, dat Tom de Söhn vun en Polizist is.","Ich weiß, dass Tom der Sohn eines Polizisten ist."
"Wören Tom un Ria hier, as du ankeemst?","Waren Tom und Maria hier, als du ankamst?"
Ik heff noch nien en lebennigen Blackfisch eten.,Ich habe noch nie einen lebendigen Tintenfisch gegessen.
"De, de mi kennt, weet, dat ik kathoolsch bün.","Der, der mich kennt, weiß, dass ich katholisch bin."
Se hett dat Geld von em kregen.,Sie hat das Geld von ihm bekommen.
"Ik bruuk en Spegel, üm mi to kämmen.","Ich brauche einen Spiegel, um mich zu kämmen."
Woneem hest du ehr sehn?,Wo hast du sie gesehen?
Woveel Brukers ünnerstütt Websteden so as Tatoeba?,Wie viele Benutzer unterstützen Webseiten wie Tatoeba?
Op jeden Pott passt en Stulp.,Auf jeden Topf passt ein Deckel.
Woveel chineesche Frünn hest du?,Wie viele chinesische Freunde hast du?
Mien Schoolmeester heet Breno.,Mein Lehrer heißt Breno.
"Tom seggt, dat jedereen, den he kennt, dat deit.","Tom sagt, dass jeder, den er kenne, das tue."
De Hochtied is an ’n Sünnavend.,Die Hochzeit findet am Samstag statt.
Worüm kannst du nich kamen?,Warum kannst du nicht kommen?
"Du snackst, as wenn du de Baas weerst.","Du redest, als wärst du der Chef."
De Jung praat as wenn he en Vullwussenen is.,"Der Junge spricht, als ob er ein Erwachsener wäre."
Ik heff en Fru.,Ich habe eine Frau.
Se seeg sien Gesicht.,Sie erblickte sein Gesicht.
"Se hett em allens lehrt, wat se wüss.","Sie hat ihm alles beigebracht, was sie wusste."
"Wo lang duurt dat, mit ’n Fleger na Okinawa to flegen?","Wie lange dauert es, mit dem Flugzeug nach Okinawa zu fliegen?"
Se nömen em en Bangbüx.,Sie nannten ihn einen Feigling.
Tom sleut hinner us de Dœr.,Tom schloss hinter uns die Tür.
Se schrifft nu en Book.,Sie schreibt jetzt ein Buch.
He füng sien Dag mit en good Fröhstück an.,Er begann seinen Tag mit einem guten Frühstück.
He füng sien Dag mit en good Fröhstück an.,Er fing seinen Tag mit einem guten Frühstück an.
De Akkus sünd al wedder leddig.,Schon wieder sind die Akkus leer.
"’Keen sünd ji, dat ji so mit mi snackt?","Wer seid ihr, dass ihr so mit mir sprecht?"
Dröff ik hier Fotos maken?,Darf ich hier fotografieren?
En Glasbuddel wiggt veel mehr as en Plastikbuddel.,Eine Glasflasche wiegt viel mehr als eine Plastikflasche.
Dit Puzzle hett fievhunnerd Delen.,Dieses Puzzle hat fünfhundert Teile.
"Mi dücht, Computerviren schullen as Levensform ankeken warrn.","Ich denke, man sollte Computerviren als Lebensform betrachten."
Stell de Ledder an ’e Müür.,Stelle die Leiter an die Mauer.
In de Leevd un in ’n Krieg is allens verlöövt.,In der Liebe und im Krieg ist alles erlaubt.
Tom sien Süster heet Ria.,Toms Schwester heißt Maria.
"Kann angahn, dat he de Formel nich kennt hett.","Es kann sein, dass er die Formel nicht kannte."
Düsse Vugel is en Wipstiärt.,Dieser Vogel ist eine Bachstelze.
Ik fang vonavend an.,Ich fange heute Abend an.
Ik fang vonavend an.,Ich beginne heute Abend.
He verdeent dree Maal so veel as ik.,Er verdient drei Mal so viel wie ich.
He is al na Huus gahn.,Er ist bereits heimgegangen.
Ik verdrink!,Ich ertrinke!
"Hest du nich seggt, dat dien Wagen stahlen worrn is?","Hast du nicht gesagt, dass dein Wagen gestohlen worden sei?"
"Egentlich wull ik en Borgfrölen in en von söven Draken bewaakt Toorn wesen, un denn schull en Prinz op en witt Peerd de Draken de Köpp afhaun un mi befreen.","Eigentlich wollte ich ein Burgfräulein in einem von sieben Drachen bewachten Turm sein, und dann würde ein Prinz auf einem weißen Pferd den Drachen die Köpfe abschlagen und mich befreien."
Wannehr kaamt wi an?,Wann kommen wir an?
"Du hest doch seggt, dat du dor mit fardig büst.","Du sagtest doch, du wärest damit fertig."
Wi sünd jüst an ’n Bahnhoff anlangt.,Wir sind gerade am Bahnhof angekommen.
"Se wull nich, dat he mit annere Froonslüüd utgeiht.","Sie wollte nicht, dass er mit anderen Frauen ausgeht."
Ik wahn in de Neegd von’n Diek.,Ich wohne in der Nähe vom Deich.
Ik wahn in de Neegd von’n Diek.,Ich wohne in der Nähe des Deiches.
Ik söök mien Frünnen.,Ich suche meine Freunde.
Ik schriev temlich faken Bidrääg för Wikipedia.,Ich schreibe sehr oft Beiträge für Wikipedia.
"Egen bün ik nich, aver wenn ik nich op ’n Saal pissen dröff, denn will ik ook nich dansen.","Eigen bin ich nicht, aber wenn ich nicht in den Saal pinkeln darf, dann will ich auch nicht tanzen."
Miene Grootmoder kann flegen.,Meine Großmutter kann fliegen.
Dat Schipp hett sien Kurs ännert.,Das Schiff wechselte seinen Kurs.
Dat Schipp hett sien Kurs ännert.,Das Schiff hat seinen Kurs geändert.
Ik harr en Idee.,Ich hatte eine Idee.
Ik harr vergangen Nacht ehrder slapen gahn schullt.,Ich hätte letzte Nacht früher schlafen gehen sollen.
Weer dat Book intressant?,War das Buch interessant?
De Demonstranten smeten Steen na de Polizei.,Die Demonstranten warfen Steine auf die Polizei.
He steiht Klock söven op.,Er steht um sieben Uhr auf.
Holl op mit de Tung to smirksen.,Hör auf mit der Zunge zu schnalzen.
Jack sien Book is intressant.,Jacks Buch ist interessant.
Wat hett dat mit di to doon?,Was hat das mit dir zu tun?
"Sütt ut, as wenn keeneen weet, woneem John afbleven is.","Niemand scheint eine Ahnung zu haben, wo John ist."
Wat hett he söcht?,Was hat er gesucht?
"De Tähnfee lehrt Kinner, dat se Delen von jemehr Liev för Geld verköpen köönt.","Die Zahnfee lehrt die Kinder, dass sie Körperteile für Geld verkaufen können."
Tom hett en Peerd kofft.,Tom hat ein Pferd gekauft.
Ik weer vör teihn Johr in Fukuoka.,Ich war vor zehn Jahren in Fukuoka.
Wo lang is dit Visum güllig?,Wie lange ist dieses Visum gültig?
Wat schriffst du?,Was schreibst du?
Tom will arbeiden.,Tom will arbeiten.
Dat is en Book över Steerns.,Das ist ein Buch über Sterne.
Ik kann dat nich utsluten.,Ich kann das nicht ausschließen.
Ik betahl de Reken.,Ich bezahle die Rechnung.
Jümmer to Deensten!,Stets zu Diensten!
Sien Süster sütt jung ut.,Seine Schwester sieht jung aus.
Eet so veel du wullt.,Iss so viel du willst.
Se kann noch nich Fohrrad föhren.,Sie kann noch nicht Fahrrad fahren.
"Oost west, tohuus best.","Ob im Osten oder Westen, in der Heimat ist's am besten."
Ken hett sik blangen mi sett.,Ken setzte sich neben mich.
De Halvscheed von de Oord sünd Sekens.,Die Hälfte der Art sind Weibchen.
Tom hett en Hümpel Stüürschullen.,Tom hat eine Menge Steuerschulden.
Ik güng na Huus.,Ich ging nach Hause.
Du büst jüstso groot as ik.,Du bist genauso groß wie ich.
Disse Maand güng temlich gau rüm.,Dieser Monat verging sehr schnell.
Tom deed den Ammel bet na ’n Rand vullmaken.,Tom füllte den Eimer bis zum Rand.
Dat geiht em beter.,Es geht ihm besser.
Sünd Tom un Ria all beid in Boston boren worrn?,Sind Tom und Maria alle beide in Boston geboren worden?
Ik bün Inschenör.,Ich bin Ingenieur.
Wannehr maakt de Laden dicht?,Wann schließt der Laden?
All wullen dat weten.,Alle wollten es wissen.
Gau rut hier!,Schnell raus hier!
"Good, denn drück mi de Dumen, dat dat klappt.","Gut, dann drück mir mal die Daumen, dass es klappt."
"Ik bün dor gegen, dat se dor alleen hengeiht.","Ich bin dagegen, dass sie allein dorthin geht."
"Wat hest du drunken: Beer, Snaps, Wien oder Champagner?","Was hast du getrunken: Bier, Schnaps, Wein oder Champagner?"
Een von de Stalen is afbraken un ik bün mit ’n Stohl ümkippt.,Eins von den Stuhlbeinen ist abgebrochen und ich bin mit dem Stuhl umgekippt.
Wannehr föhrst du loos?,Wann fährst du los?
Se möök em sitten.,"Sie forderte ihn auf, sich zu setzen."
"Se is krüüsch, wat Eten angeiht.","Sie ist wählerisch, was Essen betrifft."
"Deit mi leed, dat dat so kamen is.","Es tut mir leid, dass es so gekommen ist."
He versöch sik sülvs ümtobringen.,Er versuchte Selbstmord zu begehen.
"Pass op, dat du di nich verköhlst.","Pass auf, dass du dich nicht erkältest."
Ik heff en Miegprobleem.,Ich habe ein Urinproblem.
"Allens, wat ik harr, heff ik di geven.","Alles, was ich hatte, habe ich dir gegeben."
Wohre Keerls drinkt Tee.,Wahre Männer trinken Tee.
Wi freit uns op ’n Besöök von uns Unkel.,Wir freuen uns auf den Besuch unseres Onkels.
Wi freit uns op ’n Besöök von uns Unkel.,Wir freuen uns auf den Besuch von unserem Onkel.
Kannst du mi dien Wöörbook lehnen?,Kannst du mir dein Wörterbuch leihen?
Mary kaakt ahn Solt.,Mary kocht ohne Salz.
Du snackst toveel.,Du redest zu viel.
Du snackst toveel.,Du sprichst zu viel.
Du hest woll toveel vör’n Kiekkasten seten.,Du hast wohl zu viel ferngesehen.
Von de nableven Wöör op de List sünd fiev Nomen.,Von den übriggebliebenen Wörtern auf der Liste sind fünf Hauptwörter.
Glenn hett twee Fründinnen.,Glenn hat zwei Freundinnen.
"He deed vörgeven, dat he en Dokter is.","Er hat vorgetäuscht, dass er ein Doktor ist."
"Ik begriep nich, wat du dor mit beraken wullt.","Ich begreife nicht, was du damit erreichen willst."
Snackst du Lettsch?,Sprichst du Lettisch?
He harr Schauspeler warrn schullt.,Er hätte Schauspieler werden sollen.
Drück nienich dissen Knoop.,Drücke niemals diesen Knopf.
Laat uns teihn Minuten Paus maken.,Lasst uns zehn Minuten Pause machen.
"Oh, ik seh jüst, Kalmücksch is to en Tatoeba-Spraak worrn.","Oh, wie ich sehe, ist Kalmückisch gerade zu einer Tatoeba-Sprache geworden."
Ik weer mööd.,Ich war müde.
Mama maakt jüst en Koken.,Mama macht gerade einen Kuchen.
"Weten is as Mest, dat is man denn good, wenn dat utbröcht warrt.","Wissen ist wie Stallmist, nur gut, wenn er ausgebracht wird."
Se is wiss jüstso smuck as ehr Süster.,Sie ist mindestens genauso schön wie ihre Schwester.
"Pass op mit dat Stroh, ans musselst du den ganzen Hoff vull.","Gib acht mit dem Stroh, sonst sudelst du den ganzen Hof voll."
"He is nich in de Laag, dat to doon.","Er ist nicht in der Lage, es zu tun."
Ik bün beter as du.,Ich bin besser als du.
Ik bün en goden Lehrer.,Ich bin ein guter Lehrer.
Wi sünd mit em na ’n Flegerhaven kamen.,Wir begleiteten ihn zum Flughafen.
Mike un Ken sünd Frünnen.,Mike und Ken sind Freunde.
He deed den Politiker mit en groten Hümpel Geld smeren.,Er schmierte den Politiker mit einem großen Haufen Geld.
Dat sneet.,Es schneit.
Brood warrt von Roggen maakt.,Brot wird aus Roggen gemacht.
De eerste Runn geiht op ’t Huus.,Die erste Runde geht aufs Haus.
Sien Wunn blöddt.,Seine Wunde blutete.
"Dat is verbaden, Saken ut dat Finster to smieten.","Es ist verboten, Gegenstände aus dem Fenster zu werfen."
Worüm deist du dat?,Warum tust du das?
Se hett bi ’t Tennis gegen em verloren.,Sie hat gegen ihn im Tennis verloren.
Ik mag hitten Tee lever as kolen.,Ich mag heißen Tee lieber als kalten.
Se kann Franzöösch snacken.,Sie kann Französisch sprechen.
Dor weer meist nüms in ’n Ruum.,Es war kaum jemand im Zimmer.
Hebbt ji Döst?,Habt ihr Durst?
Ik bün Ungaar.,Ich bin Ungar.
"Wo grötter de Gefohr, wo grötter de Ehr.","Je größer die Gefahr, desto größer die Ehre."
Maak mol foffteihn.,Mach mal halblang.
In ’t Vörjohr warrt de Daag länger.,Im Frühling werden die Tage länger.
Wi wüllt uns nich in ’e Wull kriegen.,Wir wollen uns nicht in die Wolle kriegen.
Dat Daagbladd köst nix.,Diese Zeitung kostet nichts.
Ik versöök Geld to sporen.,"Ich versuche, Geld zu sparen."
Dree hoog dree maakt sövenuntwintig.,Drei hoch drei macht siebenundzwanzig.
Spaansch is licht.,Spanisch ist leicht.
Ik heff ehr en Popp tostüürt.,Ich sandte ihr eine Puppe.
Gewuënhait häf graute Kraft.,Gewohnheit hat große Kraft.
"Isset wohr, dat Midori so goot Vigelien speelt?","Stimmt es, dass Midori so gut Geige spielt?"
Du büst mit ’n Dummbüdel slahn.,Du bist bekloppt.
Dat rückt temlich good.,Es riecht sehr gut.
Dat is keen Speel!,Das ist kein Spiel!
Ik lehr Törksch.,Ich lerne Türkisch.
"Wies mi, wat du in ’e Tasch hest.","Zeig mir, was du in der Tasche hast."
Se speelt mit di as en Katt mit en Muus.,Sie spielt mit dir wie eine Katze mit einer Maus.
Tom keem mit’n Bus na Huus.,Tom kam mit dem Bus nach Hause.
Se nöhm dat Foto wedder in ehr Hand.,Sie nahm das Foto wieder in ihre Hand.
Wi hebbt en witte Katt.,Wir haben eine weiße Katze.
"Wat magst du lever, Tee oder Kaffe?","Was magst du lieber, Tee oder Kaffee?"
He hett mi mit Afsicht peddt.,Er hat mich mit Absicht getreten.
Ik heff jüst soveel to doon as Tom.,Ich bin genauso beschäftigt wie Tom.
Den Röök von Sireen mag ik besünners.,Den Duft von Flieder mag ich ganz besonders.
Tom wusch in de Speule de Pötte un Pannen av.,Tom wusch in der Spüle die Töpfe und Pfannen ab.
Worüm hest du so en düür Wöörbook köfft?,Warum hast du ein so teures Wörterbuch gekauft?
"So plietsch un sacht as he is, is disse Hund gode Sellschop för mi.","So klug und freundlich wie er ist, ist dieser Hund eine gute Begleitung für mich."
"Ik weet nich, wat du meenst.","Ich weiß nicht, was du meinst."
Wi mööt em helpen.,Wir müssen ihm helfen.
Op jeden Fall geiht di dat nix an.,Jedenfalls geht dich das nichts an.
Dat geiht di op jeden Fall nix an.,Das geht dich jedenfalls nichts an.
He föhr mit Ria na Boston.,Er fuhr mit Maria nach Boston.
Köönt ji mi dat Stehlen lehren?,Könnt ihr mir das Stehlen beibringen?
Ik deed em nagahn.,Ich folgte ihm.
Ik deed em nagahn.,Ich ging ihm nach.
In ’n Winter heff ik jümmer Snööv.,Im Winter bin ich ständig erkältet.
Wi hebbt uns mit dat Föhren afwesselt.,Wir haben uns mit dem Fahren abgewechselt.
He leevt in en unbannig groot Huus.,Er lebt in einem riesigen Haus.
’keen hett dat Universum schapen?,Wer hat das Universum erschaffen?
Ik heff in Room leevt.,Ich lebte in Rom.
He hört geern Radio.,Er hört gerne Radio.
De Regen hett veer Daag duurt.,Der Regen hielt vier Tage an.
Maak dien Book nich apen.,Nicht das Buch aufschlagen!
Ik heff di söcht.,Ich habe dich gesucht.
Dat is nu Harvst.,Es ist jetzt Herbst.
Worüm kunnst du vergangen Nacht nich slapen?,Warum konntest du letzte Nacht nicht schlafen?
He süng un süng.,Er sang und sang.
Mayuko schree luud.,Mayuko schrie laut.
He nöhm en Taxi na ’n Flegerhaven.,Er nahm ein Taxi zum Flughafen.
"Ik mag de Oord, woans du löppst.","Ich mag die Art, wie du läufst."
"Wi hebbt dat, wat du wullt, nich.","Wir haben das, was du willst, nicht."
Uns Söhn is in ’n Krieg doodbleven.,Unser Sohn ist im Krieg gefallen.
Wannehr föhrt ji dit Johr in de Feern?,Wann fahrt ihr dieses Jahr in die Ferien?
Bi Gefohr op dissen Knoop drücken.,Bei Gefahr auf diesen Knopf drücken.
Du harrst ehrder kamen schullt.,Du hättest früher kommen sollen.
Prag is temlich schöön.,Prag ist sehr schön.
Hebbt ji dat Finster apen laten?,Habt ihr das Fenster offen gelassen?
Kartuffelchips sünd nich good för di.,Kartoffelchips sind nicht gut für dich.
"Weetst du, worüm de Heven blau utsütt?","Kennst du den Grund, warum der Himmel blau aussieht?"
Dorop kaast du spejen!,Darauf kannst du dich verlassen!
Wo küsst du her?,Woher kommst du?
Wo küsst du her?,Wo kommst du her?
Ik eet geern Schokoladenies.,Ich esse gern Schokoladeneis.
"Wenn Tom dat rutkriggt, bringt he mi üm.","Wenn Tom dahinterkommt, bringt er mich um."
He pleeg Beer to drinken.,Ich pflege Bier zu trinken.
Översett un swieg!,Übersetz und schweig!
"En Idee is en immateriell Modell von en reaal oder annahmen Element von de Realität. En Idee is en Deel von uns Gedanken. Wenn wi wat denkt, is disse enkelte dachte Saak en Idee. De Ideen sünd de Atooms von de Gedanken un de Gedank is en Kumbinatschoon von Ideen.","Eine Idee ist ein immaterielles Modell eines tatsächlichen oder angenommenen Elements der Realität. Eine Idee ist ein Bestandteil unseres Gedankens. Wenn wir etwas denken, ist diese einzelne gedachte Sache eine Idee. Die Ideen sind die Atome des Gedankens und der Gedanke ist eine Kombination von Ideen."
Disse See is de deepste See in Japan.,Dieser See ist der tiefste See in Japan.
Sien Gesicht weer mit Mudd vullkleit.,Sein Gesicht war von Schlamm bedeckt.
Wat hest du för Plään för vonavend?,Was hast du für Pläne für heute Abend?
Ies smült un warrt to Water.,Eis schmilzt und wird zu Wasser.
Ik heff en Appelkoken backt.,Ich backte einen Apfelkuchen.
Ik heff en Appelkoken backt.,Ich habe einen Apfelkuchen gebacken.
Se geiht geern na ’n Strand.,Sie geht gerne an den Strand.
Kööp op dien Nahuusweg en beten Tofu.,Kauf auf deinem Heimweg ein bisschen Tofu.
Dat is mi puttegal.,Das ist mir total egal.
He mag de Arbeid in ’n Goorn.,Er mag die Gartenarbeit.
"Jo, wi schullen ganz vörsichtig wesen.","Ja, wir sollten sehr vorsichtig sein."
Hest du vonmorgen de Narichten in ’t Radio höört?,Hast du heute Morgen die Nachrichten im Radio gehört?
Oma kickt geern Feernsehn.,Oma schaut gerne Fernsehen.
’Keen snackt se mit?,Mit wem spricht sie?
Ik heff veel Geld op mien Spoorbook.,Ich habe viel Geld auf meinem Sparbuch.
Fleesch un Eier hebbt veel Protein.,Fleisch und Eier enthalten viel Proteine.
De Beer rückt good.,Die Birne riecht gut.
"So jung as he is, is he doch en goden Avkaat.","So jung er ist, ist er doch ein guter Anwalt."
Laat mi nienich gahn.,Lasse mich niemals gehen.
Ik tööv op mien Fründin.,Ich warte auf meine Freundin.
En Thermometer is en Reedschop üm de Temperatur to meten.,"Ein Thermometer ist ein Gerät, um die Temperatur zu messen."
Dat Fever hett daalt.,Das Fieber ist gesunken.
"Stöört jo dat, wenn ik smöök?","Stört es euch, wenn ich rauche?"
Dat Wöörbook op ’n Disch höört mi to.,Das Wörterbuch auf dem Tisch gehört mir.
Miene Tante hett mi Blomen brocht.,Meine Tante hat mir Blumen gebracht.
Worüm wüllt ji dat Book köpen?,Wieso wollt ihr das Buch kaufen?
Wokeen hett dat Universum schapen?,Wer hat das Universum erschaffen?
Dat weer en Hunnert-Dollar-Schien.,Das war ein Hundert-Dollarschein.
Bi Nacht sütt allens anners ut.,In der Nacht sieht alles anders aus.
"Dat sütt veel leger ut, as dat is.","Es sieht viel schlimmer aus, als es ist."
Du seggst beter nix.,Du sagst besser nichts.
"Oh nee, ik heff ut Versehn mien Finger afsaagt! Wat nu?",O nein! Ich habe aus Versehen meinen Finger abgesägt! Und was jetzt?
"Oh nee, ik heff ut Versehn mien Finger afsaagt! Wat nu?",O nein! Ich habe mir aus Versehen den Finger abgesägt! Was nun?
Tom stünn in ’e Midd von ’e Kamer.,Tom stand in der Mitte des Zimmers.
Wi kiekt naenanner.,Wir schauen nach den anderen.
Magst du lever Katten oder Hunnen?,Magst du lieber Katzen oder Hunde?
Dat deed na Rook reken.,Es roch nach Rauch.
"Den een sien Brood, den annern sien Dood.","Des einen Brot, des anderen Tod."
Ik harr dat nich seggen schullt.,Ich hätte das nicht sagen sollen.
Ik heff dull Tähnwehdaag.,Ich habe starke Zahnschmerzen.
Smeuken in’t Bett is gefährlich.,Rauchen im Bett ist gefährlich.
Man kann em nix afslahn.,Man kann ihm nichts abschlagen.
Sundheid is mehr weert as Gold.,Gesundheit ist mehr wert als Gold.
Tom mag Kees.,Tom mag Käse.
Köönt ji dat Finster apen maken?,Könnt ihr das Fenster öffnen?
Veel Kinner speelt an ’n Sandstrand.,Viele Kinder spielen am Sandstrand.
Kelantan is een von de Staten in West-Malaysia.,Kelantan ist einer der Staaten von West-Malaysia.
Köönt ji en beten suutjer snacken?,Könntet ihr ein bisschen langsamer sprechen?
Ik schull beter an mien Diploomarbeid arbeiden.,Ich sollte lieber an meiner Diplomarbeit arbeiten.
"Ik heff en Splinter in ’n Finger, man ik krieg em nich rut.","Ich habe einen Splitter im Finger, aber ich bekomme ihn nicht raus."
Snackt hier een Japaansch?,Spricht hier jemand Japanisch?
Dor is keen Film in ’e Kamera.,Es ist kein Film in der Kamera.
Ik kiek na mien Brill.,Ich schaue nach meiner Brille.
He hett man leddig Stroh döscht.,Er drosch nur leeres Stroh.
Grötter is nich jümmer beter.,Größer ist nicht immer besser.
Dat geiht nich.,Das ist nicht möglich.
Opwaken is dat Gegendeel von Toslapen.,Aufwachen ist das Gegenteil von Einschlafen.
Wannehr schall de Fleger in Guadalajara ankamen?,Wann soll das Flugzeug in Guadalajara ankommen?
Wannehr schall de Fleger in Guadalajara ankamen?,Wann soll der Flieger in Guadalajara ankommen?
"Se fraagt, wo dat mööglich is.","Sie fragt, wie das möglich ist."
"Kannst du verkloren, wat dat hier is?","Kannst du mir erklären, was das hier ist?"
Dat is ünner ’n Disch.,Es ist unter dem Tisch.
"Wat ook de Grund wesen mag, se hebbt sik nich freet.","Was auch der Grund gewesen sein mag, sie haben nicht geheiratet."
Ook so.,Ebenfalls.
"He snackt, as wenn he allens weet.","Er redet, als wüsste er alles."
Sünd dor noog Stöhl för all?,Gibt es noch genügend Stühle für alle?
Ik besöök en Fründ in ’t Krankenhuus.,Ich besuche einen Freund im Krankenhaus.
Wi hebbt uns Hund White nöömt.,Wir haben unseren Hund White genannt.
Düsse Satz is keen Satz.,Dieser Satz ist kein Satz.
Se bleev still.,Sie blieb still.
Ik heff mien Navers to ’t Avendeten inlaadt.,Ich habe meine Nachbarn zum Abendessen eingeladen.
Waals sünd jüstso Söögdeerten as Peer.,Wale sind genauso Säugetiere wie Pferde.
"Du hest vergäten, an’t Enn vun’n Satz en Punkt to setten.","Du hast vergessen, am Ende des Satzes einen Punkt zu setzen."
"’Keen is de klöökste Persoon, de ji kennt?","Wer ist die klügste Person, die ihr kennt?"
Wat wullt du in Tōkyō?,Was willst du in Tōkyō?
Wat wullt du in Tōkyō?,Was willst du in Tokyo?
Ehr Nees blödd.,Ihre Nase blutet.
He hett de ganze Melk utpütschert.,Er verschüttete die ganze Milch.
He is meist jüstso groot as se.,Er ist ungefähr so groß wie sie.
Dor keem nüms.,Es kam niemand.
Wat maakt joon öllere Süster nu?,Was macht eure ältere Schwester gerade?
Holthüüs brennt licht.,Holzhäuser sind leicht entflammbar.
Ik heff dat hild.,Ich habe es eilig.
Hest du al Middag äten?,Hast du schon zu Mittag gegessen?
"Wullt du seggen, dat ik keen Bregen heff?","Willst du sagen, dass ich kein Hirn habe?"
Ik kann nich smöken.,Ich kann nicht rauchen.
Ik roop in twintig Minuten wedder an.,Ich rufe in zwanzig Minuten wieder an.
He harr en masse Frünnen.,Er hat eine ganze Menge Freunde.
Hest du mi verstahn?,Hast du mich verstanden?
"Jo, ik heff söss Maal fraagt.","Ja, ich habe sechs Mal gefragt."
All Dörper weren schöön.,Alle Dörfer waren schön.
En Golfball hett Tom dropen.,Ein Golfball hat Tom getroffen.
Besinnst du di?,Erinnern Sie sich?
"Men bruukt so bi teihn Minuten, üm en Ei to kaken.","Man braucht etwa zehn Minuten, um ein Ei zu kochen."
Se is nich in ’e Köök un ook nich in ’e Stuuv.,Sie ist weder in der Küche noch im Wohnzimmer.
Disse Jung is fuul.,Dieser Knabe ist faul.
Un nu schullen wi allens vergeten.,Und jetzt sollten wir alles vergessen.
"Ik kenn den Börgermeester nich, man ik deed em geern kennenlehren.","Ich kenne den Bürgermeister nicht, aber ich würde ihn gern kennenlernen."
Se seet un hett en Zigarett anstaken.,Sie saß und steckte sich eine Zigarette an.
He kriggt en goden Lohn.,Er bekommt einen guten Lohn.
Aftöven un Tee drinken.,Abwarten und Tee trinken.
Darop kaas du spejn.,Das kannst du so annehmen.
He fröög: „Wat deist du?“,Er fragte: „Was tust du?“
"Ik heff höört, Tom is keen goden Schoolmeester.","Ich hörte, Tom sei kein guter Lehrer."
"Eerst wenn du in ’n Sark liggst, hebbt se di dat letzte Maal rinleggt!","Erst wenn du im Sarg liegst, hat man dich das letzte Mal reingelegt!"
Af un to drööm ik von tohuus.,Ab und zu träume ich von zuhause.
Af un to drööm ik von tohuus.,Manchmal träume ich von daheim.
An wat för en Dag hest du normalerwies free?,An welchem Tag hast du normalerweise frei?
Ik bün hellschen bang vör Snaken.,Ich fürchte mich vor Schlangen.
Wi hebbt se teemlich goot kennt.,Wir kannten sie sehr gut.
De Disko is leddig.,Die Disko ist leer.
Se hebbt disse Bööm plant.,Sie haben diese Bäume gepflanzt.
He nehm Afscheed von uns un tröck dor von af.,Er nahm Abschied von uns und ging fort.
"Wenn en Steertpogg wasst, denn geiht de Steert weg un de Been fangt dat Wassen an.","Wenn eine Kaulquappe wächst, verschwindet der Schwanz und die Beine beginnen sich zu bilden."
Se weer vör ehren egenen Schadden bang.,Sie fürchtete sich vor ihrem eigenen Schatten.
No dree Minuten is Tom dat langwielig worrn.,"Nach drei Minuten fing Tom an, sich zu langweilen."
"Du snackst Russ’sch, oder?","Du sprichst Russisch, oder?"
Dat Gebüüd is hunnerd Meter hoog.,Das Gebäude ist hundert Meter hoch.
Se deed de Tiedschrift dörbladern.,Sie hat die Zeitschrift durchgeblättert.
Se deed de Tiedschrift dörbladern.,Sie hat die Illustrierte durchgeblättert.
Ik heff mi en Kamer mit em deelt.,Ich habe mit ihm ein Zimmer geteilt.
"Ik kann dat nich rutkriegen, wat de Schriever seggen will.","Ich kann nicht herausfinden, was der Autor versucht zu sagen."
He is al dree Johr in Japan.,Er ist schon drei Jahre in Japan.
Miegremen hebbt en good organiseert Sellschop.,Ameisen haben eine gut organisierte Gemeinschaft.
Ik bün good in Mathe.,Ich bin gut in Mathe.
Ik bün achter allens achterkamen!,Ich habe alles entdeckt!
Dat is Kabbes.,Das ist Mist.
Worüm büst du so wöterig?,Warum bist du so zornig?
Worüm büst du so wöterig?,Warum bist du so erbost?
Ik weer föffteihn Johr lang Schoolmeester.,Ich war fünfzehn Jahre lang Lehrer.
Du schusst em üm Raad fragen.,Du solltest ihn um Rat fragen.
"Segg ees, büst du mall?","Sag mal, bist du verrückt?"
Ik weet nich. Dat hängt von ’n Pries af.,Ich weiß nicht. Das hängt vom Preis ab.
Ik harr tovör noch nie von Lviv höört.,Ich hatte nie zuvor von Lviv gehört.
Se kennt Tom.,Sie kennt Tom.
Disse Scheer is nee.,Diese Schere ist neu.
Nehm de Appelsienen ut ’n Köhlschapp.,Nehmen Sie die Orangen aus dem Kühlschrank.
Ik will dien Geld nich.,Ich will dein Geld nicht.
De Katt itt jüst.,Die Katze frisst gerade.
"Ik heff Tom froogt, of he se goot kenn.","Ich fragte Tom, ob er sie gut kenne."
Wat is lichter: een Kilo Gold oder een Kilo Sülver?,Was ist leichter: ein Kilo Gold oder ein Kilo Silber?
Se hett mit em danst.,Sie hat mit ihm getanzt.
Ik heff een Stünn lang mit ehr snackt.,Ich redete eine Stunde lang mit ihr.
"Dick hett vör, alleen to gahn.","Dick plant, alleine zu gehen."
Hebbt ji al Avenbrood eten?,Habt ihr schon zu Abend gegessen?
Bob un Tom sünd Bröder.,Bob und Tom sind Brüder.
Wat hett disse Stohl hier to söken?,Was hat der Stuhl hier zu suchen?
Tom geit to desülve School as Mary.,Thomas besucht die gleiche Schule wie Maria.
"Hest du Lust, mit mi to dansen?","Hättest du nicht Lust, mit mir zu tanzen?"
He is ut Georgia.,Er ist aus Georgia.
Tom bröch Ria to’n Lachen.,Tom brachte Maria zum Lachen.
"Wat schull woll passeren, wenn twee Grootmächt mit verscheden Spraken, so as to ’n Bispeel de USA un China, sik enig warrn schullen, versöökswies in de Grundscholen Esperanto to lehren?","Was würde geschehen, wenn zwei Großmächte mit verschiedenen Sprachen, wie z. B. USA und China, übereinkommen würden, versuchsweise das Lernen von Esperanto in den Grundschulen einzuführen?"
Mi hett en Katt kleit.,Ich wurde von einer Katze gekratzt.
"Se hett en Dochter, de Mary heet.",Sie hat eine Tochter namens Mary.
Mayuko kunn mi keen Antwoord op mien Fraag geven.,Mayuko kann mir keine Antwort auf meine Frage geben.
Se is dreeundörtig.,Sie ist dreiunddreißig.
"Du musst sweren, dat du dien Verspreken höllst.","Du musst schwören, dass du dein Versprechen halten wirst."
"Dat is roor, dat de Postbaad noch nich kamen is.","Es ist merkwürdig, dass der Postbote noch nicht gekommen ist."
Vertell wieder.,Erzähl weiter.
De automaatsche Spraakkenner geiht wedder nich.,Die automatische Spracherkennung funktioniert schon wieder nicht mehr.
Ik heff frisch Brood köfft.,Ich habe frisches Brot gekauft.
Wi künnt nix maken.,Wir können nichts machen.
"Ik bün dwungen worrn, Spaansch to lehren.","Ich wurde gezwungen, Spanisch zu lernen."
"’Keen in de Kark geiht, glöövt an Godd.","Wer in die Kirche geht, glaubt an Gott."
"Du kannst weglopen, aver du kannst di nich versteken.","Du kannst weglaufen, aber du kannst dich nicht verstecken."
Is Tony dor?,Ist Tony da?
He pack mi an ’n Kragen.,Er packte mich am Kragen.
Greta geiht na de Baadschop.,Greta geht zur Botschaft.
"Se weer blind, doov un stumm.","Sie war blind, taub und stumm."
Se müss mehr as een Stünn töven.,Sie musste mehr als eine Stunde warten.
Wo romantisch!,Wie romantisch!
Een Swülk maakt noch keen Sommer.,Eine Schwalbe macht noch keinen Sommer.
De Daak deed gau dichter warrn.,Der Nebel wurde schnell dichter.
"Slöppst du, Tom?","Schläfst du, Tom?"
Sien Vaderland is Georgien.,Sein Vaterland ist Georgien.
Ik heff Sachiko lever as Akiko.,Ich habe Sachiko lieber als Akiko.
He is veel beter as du.,Er ist viel besser als du.
Een kunn siene Fragen nich verstahn.,Man konnte seine Fragen nicht verstehen.
All dat Fleesch weer slecht.,Das ganze Fleisch war schlecht.
Ik heff Tom al schreven.,Ich habe Tom bereits geschrieben.
Wat en warmen Dag!,Was für ein warmer Tag!
De Steern is mit dat blote Oog to sehn.,Der Stern ist mit bloßem Auge sichtbar.
Ik heff teihn Eier köfft.,Ich habe zehn Eier gekauft.
He is groot un se ook.,Er ist groß und sie auch.
Föhrt he mit ’n Bus na Arbeid?,Fährt er mit dem Bus zur Arbeit?
He föhrt mit ’n Bus na Arbeid?,Er fährt mit dem Bus zur Arbeit?
Ik heff dit Leed för ehr schreven.,Ich habe dieses Lied für sie geschrieben.
Wi togen us an.,Wir zogen uns an.
De Jung hett nix to eten.,Der Junge hat nichts zu essen.
Se nickköppen sik to.,Sie nickten sich zu.
Se nickköppen sik to.,Sie nickten einander zu.
De Stroom warrt an disse Steed opmaal enger.,Der Fluss wird an dieser Stelle plötzlich enger.
"Ik verstah nich, wat he seggt.","Ich verstehe nicht, was er sagt."
Ik kunn em meist nich verstahn.,Ich konnte ihn kaum verstehen.
Se draagt en smucken Slips.,Sie tragen einen hübschen Schlips.
Wi sünd acht Lüüd.,Wir sind 8 Personen.
Ik verkööp online Klamotten.,Ich verkaufe Kleider online.
Ik verkööp online Klamotten.,Ich verkaufe Kleider im Internet.
Tom open en Book.,Tom öffnete ein Buch.
Du musst ophören mit Drinken.,Du musst mit Trinken aufhören.
De Jung smeet mit en Steen na ’n Pogg.,Der Junge schmiss einen Stein nach dem Frosch.
Ji sünd Kinner.,Ihr seid Kinder.
Veel Kinner höört den Verscheel nich so good.,Viele Kinder hören den Unterschied nicht so gut heraus.
Ik will di to ’n Geboortsdag en Fohrrad schenken.,Ich möchte dir zum Geburtstag ein Fahrrad schenken.
Wullt du en Köppken Kaffe?,Möchtest du ein Tässchen Kaffee?
Dat warrt jeden Dag hitter.,Es wird täglich heißer.
Kann ik mi hier hensetten?,Kann ich mich hier hinsetzen?
"Man lehrt en fremde Spraak op’t best, wenn man in dat Land levt, wo de snackt warrt.","Man lernt eine fremde Sprache am besten, wenn man in dem Land lebt, in dem sie gesprochen wird."
"Nu wasst tohoop, wat tohoop höört!","Jetzt wächst zusammen, was zusammen gehört!"
He hett twee Maal heiraadt un harr mehr as twintig Kinner.,Er hat zweimal geheiratet und hatte mehr als zwanzig Kinder.
Woveel Äppel hest du äten?,Wie viele Äpfel hast du gegessen?
Se hett em in ’n Zoo mitnahmen.,Sie hat ihn in den Zoo mitgenommen.
Mien Huus is groot.,Mein Haus ist groß.
De Beten bleev em in ’n Hals steken.,Der Bissen blieb ihm im Halse stecken.
Du büst dat föffte Rad an ’n Wagen.,Du bist das fünfte Rad am Wagen.
"Opa is na ’t Krankenhuus föhrt, as sien Enkel sik sien Enkel braken harr.","Opa ist ins Krankenhaus gefahren, als sich sein Enkel seinen Knöchel gebrochen hatte."
De Jung is in de Slaveree verköfft worrn.,Der Junge wurde in die Sklaverei verkauft.
Kannst du mi helpen?,Kannst du mir helfen?
Kannst du mi helpen?,Kannst du mir mal helfen?
Ik heff von di dröömt.,Ich habe von dir geträumt.
Wat deedst du an mien Steed seggen?,Was würdest du an meiner Stelle sagen?
De Muur is vull mit Graffitis.,Die Mauer ist voll von Graffiti.
He seet op en Bank.,Er saß auf einer Bank.
Uns hebbt se nich op de Party inlaadt.,Uns hat man nicht auf die Party eingeladen.
He is temlich vörsichtig.,Er ist sehr vorsichtig.
"Ik hööp, dat ji jo nich verköhlt.","Ich hoffe, dass ihr euch keine Erkältung holt."
Disse Flatteree bringt di gornix.,Diese Schmeichelei bringt dir gar nichts.
De Wunn in ’n Arm hett en Noor trügglaten.,Die Wunde an dem Arm hinterließ eine Narbe.
Ik bün en Mann.,Ich bin ein Mann.
He kann ehr Fragen nich antern.,Er kann ihre Fragen nicht beantworten.
Mien Reekner is mien besten Fründ.,Mein Computer ist mein bester Freund.
"Wenn se nich gahn weer, harr he ehr wohrschienlich blödig slahn.","Wäre sie nicht gegangen, hätte er sie wahrscheinlich blutig geschlagen."
’Keen von jo weer toeerst hier?,Wer von euch war als erster hier?
Alice güng üm teihn in ’t Bedd.,Elke ging um zehn ins Bett.
He harr en hungerigen Blick.,Er hatte einen hungrigen Blick.
Se itt jüst.,Sie isst gerade.
Tom is vun en Hund angräpen worrn.,Tom wurde von einem Hund angegriffen.
Ik laat de Böker hier.,Ich lasse die Bücher hier.
De Jung sweeg.,Der Junge schwieg.
Büst du mit dien Leven tofreden?,Bist du mit deinem Leben zufrieden?
Mien Hart is gröön un geel.,Mein Herz ist grün und gelb.
Is Papa in ’e Köök?,Ist Papa in der Küche?
"Ik finn, dat du Tom man seggen schußt, dat du em giern hest.","Ich finde, du solltest Tom sagen, dass du ihn liebst."
"Kiek mol, wat ik för Tom kofft heff!","Sieh mal, was ich für Tom gekauft habe!"
Se hett em an ’n See mitnahmen.,Sie hat ihn an den See mitgenommen.
Tohuus is allens bi de Reeg.,Zu Hause ist alles in Ordnung.
He hett dat Huus arvt.,Er hat das Haus geerbt.
Disse Fohrkoort gellt dree Maand lang.,Diese Fahrkarte ist drei Monate lang gültig.
De Film fangt glieks an.,Der Film fängt gleich an.
Kann ik jo üm en Gefallen bidden?,Kann ich euch um einen Gefallen bitten?
De beste Speler von all Tieden weer Pelé.,Der beste Spieler zu allen Zeiten war Pelé.
He is bang as en Haas.,Er ist furchtsam wie ein Hase.
De annere geiht nich.,Die andere funktioniert nicht.
Wat schrieft ji?,Was schreibt ihr?
Wi hebbt en witt Dischlaken op ’n Disch leggt.,Wir legten ein weißes Tischtuch auf den Tisch.
"De Welt is nich mehr dat, wat se weer.","Die Welt ist nicht mehr das, was sie war."
De tweie Popp höört mi to.,Die zerbrochene Puppe gehört mir.
Dat is mien Dochter.,Das ist meine Tochter.
Dat Kind snackt al ganz good.,Das Kind spricht schon ganz gut.
Stünnen gaht rüm un se tellt de Minuten.,Stunden vergehen und sie zählt die Minuten.
Du musst mit mi kamen.,Du musst mit mir kommen.
Ik harr geern disse Kamera.,Ich hätte gerne diese Kamera.
"En Atoom is Protonen, Neutronen un Elektronen maakt.","Ein Atom besteht aus Protonen, Neutronen und Elektronen."
Elk Kongressafornte kunn wählen.,Jeder Kongressabgeordnete konnte wählen.
Ik will en poor Tüffeln.,Ich möchte ein paar Kartoffeln.
Wat heff ik di seggt?,Was hab ich dir gesagt?
Ik heff mi jüst duuscht.,Ich habe mich gerade geduscht.
De hillige Schrift von de Moslems is de Koran.,Die Heilige Schrift der Moslems ist der Koran.
"Ik heff dat Book, von dat du snackst, noch nich leest.","Ich habe das Buch, von dem du sprichst, noch nicht gelesen."
Ik kann nich mehr!,Ich kann nicht mehr!
Ik seh em af un to in ’t Feernsehn.,Ich sehe ihn manchmal im Fernsehen.
He slööp glieks to.,Er schlief gleich ein.
De Krant köst nix.,Die Zeitung ist gratis.
De Köhers bröchen de Kudd bieen.,Die Kuhhirten trieben die Herde zusammen.
Hett di de Film gefallen?,Hat dir der Film gefallen?
Hett di de Film gefallen?,Gefiel dir der Film?
Disse Regel lett sik op allens anwennen.,Diese Regel kann man auf alles anwenden.
Dat schall opminnst fiev Dollar kösten.,Es wird mindestens fünf Dollar kosten.
Is dat wohr?,Ist das wahr?
Taro is vör twee Johr doodbleven.,Taro ist vor zwei Jahren gestorben.
Ümweltschuul fangt bi mi an.,Umweltschutz fängt bei mir an.
"Disse Kamer is so lütt, dat een dor nich in spelen kann.","Dieses Zimmer ist so klein, dass man darin nicht spielen kann."
Em is de rechte Foot inslapen.,Ihm ist der rechte Fuß eingeschlafen.
Se geiht jümmer na ’n Tähndokter un kriggt dorüm ook meist keen Tähnwehdaag.,"Da sie regelmäßig zum Zahnarzt geht, bekommt sie so gut wie nie Zahnschmerzen."
De Ollsch is gesund un stark as ’n Eek.,Die Alte ist gesund und stark wie ein Baum.
De Ollsch is gesund un stark as ’n Eek.,Die alte Frau ist gesund und stark wie ein Baum.
Hest du dien Huusopgaven al maakt?,Hast du deine Hausaufgaben schon gemacht?
Ik heff em to mi na Huus inlaadt.,Ich habe ihn zu mir nach Hause eingeladen.
"Dat is beter för mi, wenn ik en Fisch heff un keen Vagel.","Es ist besser für mich, dass ich einen Fisch habe und keinen Vogel."
"De Dokters hebbt dat nich verwacht, dat sik mien Süster so gau verhalen deed.","Die Ärzte haben das nicht erwartet, dass sich meine Schwester so schnell erholt."
Ik sing nich oft.,Ich singe nicht oft.
Ik mag Karnmelk.,Ich mag Buttermilch.
Wi eet dree Maal an ’n Dag.,Wir essen dreimal am Tag.
Wi eet dree Maal an ’n Dag.,Wir essen drei Mal am Tag.
Susan mag Katten.,Susan mag Katzen.
Wi köönt ehr nich helpen.,Wir können ihr nicht helfen.
"Oh, dor is en Botterlicker!","Oh, da ist ein Schmetterling!"
"Ik heff dor meist Angst vör, mit di to snacken.","Ich habe beinahe Angst davor, mit dir zu reden."
Veel Lüüd sünd in den Krieg verhungert.,Viele Menschen sind im Krieg verhungert.
Wi bruukt en Plaan.,Wir brauchen einen Plan.
Se hett em ünnerkregen.,Sie hat ihn bezwungen.
Ik kunn nich allens sehn.,Ich konnte nicht alles sehen.
He hett kuum Böker.,Er hat kaum Bücher.
Caesar het keen Fohrrad hefft.,Caesar hatte kein Fahrrad.
"Jo, dat denk ik ook.","Ja, das denke ich auch."
Peking ännert sik so gau.,Peking ändert sich so schnell.
Dat weer acht Meter lang.,Es war acht Meter lang.
"Wat de Buer nich kinnt, dat fret he nich.","Was der Bauer nicht kennt, das frisst er nicht."
Wat för en schöne Bloom!,Was für eine schöne Blume!
Op dat Pult liggt en Appel.,Auf dem Pult liegt ein Apfel.
"Wi bemeuht us, tominnst eenmal in’t Johr na Boston to föhren.","Wir bemühen uns, wenigstens einmal im Jahr nach Boston zu fahren."
Tom weet dat al.,Tom weiß es bereits.
Tom weet dat al.,Tom weiß das schon.
Tom weet dat al.,Tom weiß das bereits.
Dat sütt ut as en Aant.,Es sieht aus wie eine Ente.
Drink de Medizin.,Trinke die Medizin.
Wi twee sünd vergangen Johr uteneen gahn.,Wir zwei haben uns letztes Jahr getrennt.
Ik heff dien Telefoonnummer vergeten.,Ich habe deine Telefonnummer vergessen.
"He weer 1,83 m groot un wöög 180 kg.","Er war 1,83 m groß und wog 180 kg."
Ik bün al veer Johr mit Ria verheirodt.,Ich bin schon vier Jahre mit Maria verheiratet.
Elkeen Voss laavt sien Steert.,Jeder Fuchs lobt seinen Schwanz.
"Veer Been good, twee Been leeg.","Vier Beine gut, zwei Beine schlecht."
Dat is noog för fiev Daag.,Es ist genug für fünf Tage.
Hett se en Hobby?,Hat sie ein Hobby?
Wannehr büst du na Huus kamen?,Wann bist du nach Hause gekommen?
Dat gütt.,Es gießt.
He hett sik antrocken un is rutgahn.,Er hat sich angezogen und ist rausgegangen.
Woveel Opnahmen schall ik maken?,Wie viele Aufnahmen soll ich machen?
Ik heff Tom sien Noricht kregen.,Ich habe Toms Nachricht bekommen.
Se puult in ’e Nees.,Sie pult in der Nase.
Hebbt ji allens leest?,Habt ihr alles gelesen?
Ik tööv op Godot.,Ich warte auf Godot.
Ook dat gauste Peerd hett man veer Been.,Auch das schnellste Pferd hat nur vier Beine.
Ewondo is de Spraak von ’n Ewondo-Stamm ut Kamerun.,Ewondo ist die Sprache von einem Ewondo-Stamm in Kamerun.
De Vereen is 1990 grünnt worrn.,Der Verein wurde 1990 gegründet.
’Keen kann mi helpen?,Wer kann mir helfen?
Mi warrt ganz düselig.,Mir wird ganz schwindlig.
‚Tammi‘ mit twee m. Also T-A-M-M-I.,Tammi mit zwei M. Also T-A-M-M-i.
He hett keen Fründin.,Er hat keine Freundin.
En leddig Fatt klingt veel luder.,Ein leeres Fass klingt viel lauter.
"Wat wullt du doon, wenn du vullwussen büst?","Was willst du machen, wenn du erwachsen bist?"
Ik will Süüdkorea besöken.,Ich will Südkorea besuchen.
De Amerikaansche Börgerkrieg hett veer Johr duurt.,Der Amerikanische Bürgerkrieg dauerte vier Jahre.
"De Fraag is, woans wi dat Geld kriegen schöölt.","Die Frage ist, wie wir das Geld bekommen werden."
"’Keen vör Fröst bevert, de bruukt keen Thermometer, man en Schaal.","Wer vor Frost zittert, braucht kein Thermometer, sondern einen Schal."
De Jung hett mi mit Steen smeten.,Der Junge hat mit Steinen nach mir geworfen.
Dat Huus weer dürer as dacht.,Das Haus war teurer als erwartet.
He hett sien Geld tohoop verloren.,Er hat sein ganzes Geld verloren.
Wat du seggt hest is schieren Tüdelkraam.,"Was du gesagt hast, ist alles Blödsinn."
He is veel rümkamen.,Er ist viel herumgekommen.
All hebbt se mi utlacht.,Alle lachten mich aus.
In uns Goorn is en lütten Diek.,In unserem Garten ist ein kleiner Teich.
"Ik heff höört, dat dat Water afstellt warrt, wenn een de Waterreken nich betahlt. Is dat wohr?","Ich habe gehört, dass wenn man die Wasserrechnung nicht bezahlt, die Wasserversorgung abgestellt wird. Ist das wahr?"
Ik heff dit Book al toenn leest.,Ich habe dieses Buch schon zu Ende gelesen.
"Wi gaht na School, üm to lehren.","Wir gehen zur Schule, um zu lernen."
Du dröffst nich gohn.,Du darfst nicht gehen.
Se hebbt den Fungenen freelaten.,Sie ließen den Gefangenen frei.
Du schusst man slapen.,Du solltest schlafen.
Dat hest du daan!,Das hast du getan!
Du hest dat daan!,Du hast es getan!
"De Eer is keen Steern, man en Planeet.","Die Erde ist kein Stern, sondern ein Planet."
Roop den Dokter!,Rufe den Doktor!
Ik heff em vör de Gefohr wohrschaut.,Ich habe ihn vor der Gefahr gewarnt.
Wo lang hest du Football speelt?,Wie lange hast du Fußball gespielt?
"Ik wüss nich, woneem ik hengahn oder wat ik doon schull.","Ich wusste nicht, wohin ich gehen oder was ich tun sollte."
"Ik wüss nich, woneem ik hengahn oder wat ik doon schull.","Mir war nicht klar, wohin ich mich wenden oder was ich machen sollte."
Un denn?,Und dann?
De Kuhl is to lütt. Graav man driest to!,Das Loch ist zu klein. Grabe weiter!
Ik will en Book. Woneem is de Bookladen?,Ich will ein Buch. Wo ist der Buchladen?
Dat is en Kiekschapp.,Das ist ein Fernseher.
Diene Kamera is man halv so groot as mien.,Deine Kamera ist nur halb so groß wie meine.
Ik bün en Bangbüx.,Ich bin ein Angsthase.
Ik bün en Bangbüx.,Ich bin ein Feigling.
Is Jim noch nich trügg?,Ist Jim noch nicht zurück?
Wees still un höör to.,Sei still und hör zu!
He höll de Luft an.,Er hielt seinen Atem an.
Disse Rasenmeiher löppt mit Benzin.,Dieser Rasenmäher läuft mit Benzin.
Ik will mit di wat besnacken.,Ich möchte mit dir etwas besprechen.
Wat wullt du hebben?,Was möchtest du haben?
Büst du mit uns Plaan inverstahn?,Bist du mit unserem Plan einverstanden?
Wi mööt Suur köpen.,Wir müssen Essig kaufen.
"He harr wat, wat ik nich harr - Vertroon.","Er hatte etwas, das ich nicht hatte - Vertrauen."
"He harr wat, wat ik nich harr - Vertroon.","Er hat etwas, was ich nicht habe - Vertrauen."
"Vergeet nie, dat Füür uttomaken.","Vergiss nie, das Feuer zu löschen."
"Wenn du na Israel kummst, bruukst du veel Schekels. Water köst 0,50 ₪.","Wenn du nach Israel kommst, brauchst du viel Geld. Wasser kostet 0,50 ₪."
Worüm versteckst du dien Titten?,Warum versteckst du deine Brüste?
Wat kann se em seggen?,Was kann sie ihm sagen?
De Snee weer en poor Meter deep.,Der Schnee war mehrere Meter tief.
Nüms küert mit mi.,Keiner spricht mit mir.
Ik kunn in de Feern en Toorn kennen.,Ich konnte in der Ferne einen Turm ausmachen.
Ik heff Gott dootmaakt.,Ich habe Gott erschlagen.
Ik heff Gott dootmaakt.,Ich habe Gott getötet.
"Un wenn se nich storben sünd, lewt se noch.","Und wenn sie nicht gestorben sind, leben sie noch."
Tom backt so mannichmol Keks.,Tom backt oft Kekse.
Dat Leven geiht wieder.,Das Leben geht weiter.
Ik draag geern Holschen.,Ich trage gerne Holzschuhe.
Ik heff mi jüst sneden.,Ich habe mir gerade in den Finger geschnitten.
Ik heff keen Tohuus mehr.,Ich habe kein Zuhause mehr.
Ria hett twee butenlandsche Frünn.,Maria hat zwei ausländische Freunde.
Vertell nüms von uns Plaan.,Erzähle niemandem von unserem Plan.
He fehlt mi.,Er fehlt mir.
Smiet keen Steen.,Wirf keine Steine.
Mi doot all Muskeln weh.,Mir tun alle Muskeln weh.
"Tom kennt den Keerl, wo Ria mit kamen is.","Tom kennt den Mann, mit dem Maria gekommen ist."
Thailand liggt in Asien.,Thailand liegt in Asien.
Miene Süster kaakt in ’e Köök.,Meine Schwester kocht in der Küche.
"Tom seggt vun sik, dat he en fraam Christ is.","Tom sagt von sich, dass er ein gläubiger Christ sei."
Ik heff Koppwehdaag.,Ich habe Kopfweh.
Ik heff Koppwehdaag.,Ich habe Kopfschmerzen.
Ik heff Koppwehdaag.,Mein Kopf tut weh.
"Mi dücht, de Supp bruukt en Pries Solt.","Ich denke, die Suppe benötigt eine Prise Salz."
"Mien Droom is dat, Füürwehrfroo to wesen.","Mein Traum ist es, Feuerwehrfrau zu sein."
Wiest jo!,Zeigt euch!
Kenn dien Worteln.,Kenne deine Wurzeln.
Se hett al betere Daag sehn.,Sie hat schon bessere Tage gesehen.
Ik frei mi över dat Weder.,Ich bin über das Wetter erfreut.
Se kann temlich good neihn.,Sie kann ziemlich gut nähen.
Mien Verscheel is dat Gegendeel von dien.,Meine Meinung ist das Gegenteil von deiner.
Magst du keen Beer?,Magst du kein Bier?
Dat is beter as nix.,Es ist besser als nichts.
"Dat bringt nix, to wenen.","Es bringt nichts, zu weinen."
Tom hett se noch mal en Söten geven.,Tom hat sie noch mal geküsst.
Ik heff em ganz unverwacht drapen.,Ich traf ihn völlig unerwartet.
Ik heff em ganz unverwacht drapen.,Ich habe ihn ganz unverhofft getroffen.
Unafhängigkeitsdag is an ’n 7. September.,Der Unabhängigkeitstag ist am 7. September.
Veel Bööm smiet jemehr Loff in ’n Winter af.,Viele Bäume verlieren im Winter ihr Laub.
Veel Bööm smiet jemehr Loff in ’n Winter af.,Viele Bäume verlieren im Winter ihre Blätter.
He hett vörig Johr Kyoto besöcht.,Er hat letztes Jahr Kyōto besucht.
He hett vörig Johr Kyoto besöcht.,Er hat voriges Jahr Kyōto besucht.
He hett vörig Johr Kyoto besöcht.,Er hat im letzten Jahr Kyōto besucht.
He hett vörig Johr Kyoto besöcht.,Er war im vergangenen Jahr in Kyōto.
Ik tööv bet Klock veer.,Ich werde bis vier Uhr warten.
Ik tööv bet Klock veer.,Ich warte bis vier Uhr.
Ik tööv bet Klock veer.,Ich warte bis 4 Uhr.
Dat Bedd is to hart.,Das Bett ist zu hart.
Dat Huus is nich besünners groot.,Das Haus ist nicht sehr groß.
Ik gah in ’n Park.,Ich gehe in den Park.
Wi hebbt en Kind annahmen.,Wir haben ein Kind adoptiert.
An klore Daag kann een den Barg Fuji sehn.,An heiteren Tagen kann man den Fuji sehen.
Is dat dien Fründ?,Ist das dein Freund?
"’Keen ahn Sünn is, schall den eersten Steen smieten.","Wer ohne Sünde ist, werfe den ersten Stein."
Yumi ehr Koreaansch warrt jümmer beter.,Yumis Koreanisch wird immer besser.
Ick bün all dor.,Ich bin schon da.
Ick bün all dor.,Ich bin schon hier.
Dröff ik nu na Huus gahn?,Darf ich nun nach Hause gehen?
De Paus is toenn.,Die Pause ist zu Ende.
Wahnt ji alleen?,Wohnt ihr allein?
Ik kann keen Beer mehr drinken.,Ich kann kein Bier mehr trinken.
Dat is Middagtied.,Es ist Zeit zum Mittagessen.
Roodwien passt good bi Fleesch.,Rotwein passt gut zu Fleisch.
"He weer so arm, dat he keen Brood köpen kunn.","Er war so arm, dass er kein Brot kaufen konnte."
Se warrt von Dag to Dag beter.,Sie wird von Tag zu Tag besser.
Ik heff keen Süster.,Ich habe keine Schwester.
Wi sünd glieks dor.,Wir sind gleich da.
Kiek mi in de Ogen.,Schau mir in die Augen.
Wat ’n mooi Dag!,Was für ein schöner Tag!
"De Roboter weer so levensecht, dat dat grugelig weer.","Der Roboter war so lebensecht, dass es gruselig war."
Dat is nu all in Tüder.,Das ist jetzt alles durcheinander.
In ’t Gegendeel to en Emmendaler hett en Limbörger faken en weken Karn.,Im Gegensatz zu einem Emmentaler hat ein Limburger oft einen weichen Kern.
Vonmorgen weren dat teihn Graad ünner Null.,Heute Morgen war es zehn Grad unter Null.
Ik heff mi mit en Mest sneden.,Ich habe mich mit einem Messer geschnitten.
He is ut Georgien.,Er ist aus Georgien.
De Bus keem leddig an.,Der Bus kam leer an.
Se leevt in de Neegd.,Sie lebt in der Nähe.
Ik bün jüst an ’n Flegerhaven ankamen.,Ich bin gerade am Flughafen angekommen.
Ik mag frische Luft.,Ich mag frische Luft.
"Kaak de Supp so lang, bet se dick warrt.","Koche die Suppe so lange, bis sie andickt."
Wi grillt jüst.,Wir grillen gerade.
Antimateer is temlich instabil.,Antimaterie ist ziemlich instabil.
Woneem is de School?,Wo ist die Schule?
Tom het den Weddloop wunnen.,Tom hat den Wettlauf gewonnen.
Shishir löppt mi na.,Shishir folgt mir.
Shishir löppt mi na.,Shishir läuft mir nach.
Wat maakt dien Süster nu?,Was macht deine Schwester jetzt?
Wannehr passt di dat?,Wann passt es dir?
Is dat witt?,Ist das weiß?
Is dat witt?,Ist es weiß?
Ik schall nich mit di snacken.,Ich soll nicht mit dir reden.
Uns Naversch weer al wedder bi ’n Putzbüdel.,Unsere Nachbarin war schon wieder beim Friseur.
"Nee, ik gah narms hen vonnacht.","Nein, ich gehe heute Nacht nirgendwohin."
Dat weer stockdüüster.,Es war stockdunkel.
"Ik weet noch, dat ik lacht heff.","Ich erinnere mich, dass ich lachte."
Ik speel nich so good Tennis.,Ich spiele nicht so gut Tennis.
"Du musst weten, dat ik snurk.","Du musst wissen, dass ich schnarche."
„Worüm hest du mi dat nich vertellt?“ – „Du hest mi nich fraagt.“,„Warum hast du’s mir nicht gesagt?“ – „Du hast mich nicht gefragt.“
Kiek achter di!,Schau' hinter dich!
"Wenn du dood büst, helpt di dat ook nich mehr.","Wenn du tot bist, nützt es dir auch nichts mehr."
Tom lihrt jeden Dag na’n Avendäten Fransch.,Tom lernt jeden Tag nach dem Abendessen Französisch.
Paul is in Room boren.,Paul ist in Rom geboren.
Paul is in Room boren.,Paul wurde in Rom geboren.
Wi bruukt wat to eten.,Wir brauchen etwas Essbares.
"Se verlöövt uns nich, in ’e Disko to gahn.","Sie erlauben uns nicht, in die Disko zu gehen."
Dor isset.,Da ist es.
Se is en Voss.,Sie ist ein Fuchs.
Büst du de Profeet?,Bist du der Prophet?
Wi mööt op em töven.,Wir müssen auf ihn warten.
En Johr hett twölv Maand.,Ein Jahr hat zwölf Monate.
He nööm mi Ichiro.,Er nannte mich Ichiro.
Wees bedankt för dien Antwoord.,Danke für deine Antwort.
Se küßte em up’e Wangen.,Sie küsste ihn auf die Wange.
"Wo een ook henkickt in europa, de Taters hebbt allerwegens en sworen Stand.","Wohin man auch in Europa schaut, die Zigeuner haben überall einen schweren Stand."
Ik weer in ’n Feberwoor in São Paulo.,Ich war im Februar in Sao Paulo.
Ik weer in ’n Feberwoor in São Paulo.,Ich war im Februar in São Paulo.
Wo föhlst du di nu?,Wie fühlst du dich jetzt?
Israel sien Existenzrecht schull nüms anlangen.,Das Existenzrecht Israels sollte nicht in Frage gestellt werden.
Laat mi en beten nadenken.,Lass mich ein bisschen nachdenken.
Ik heff em en Koort geven.,Ich habe ihm eine Karte gegeben.
Ik bün na Paris gahn.,Ich bin nach Paris gegangen.
’Keen hett Brasilien opdeckt?,Wer hat Brasilien entdeckt?
Ik kann dat.,Ich kann das.
Inge hett en dicken Neers.,Inge hat einen dicken Hintern.
He behrt sik as en Kind.,Er benimmt sich wie ein Kind.
Is dit Fransch?,Ist das Französisch?
Dat heelt sik sülvs.,Das verheilt von selbst.
Ik tro di nich.,Ich traue dir nicht.
Ik heff Snökerkraam för de Kinner mitbröcht.,Ich habe Naschzeug für die Kinder mitgebracht.
Se höört em to.,Sie hört ihm zu.
He harr sien Scherm in ’n Bus vergeten.,Er hat seinen Schirm im Bus vergessen.
Büst du inverstahn?,Bist du einverstanden?
De Bahnhoff is hier in de Neegd.,Der Bahnhof ist hier in der Nähe.
De Papegai is dood.,Der Papagei ist tot.
Kann ik mit mien VISA-Koort betahlen?,Kann ich mit meiner VISA-Karte bezahlen?
Mien Unkel hett groot Intress an Kunst.,Mein Onkel hat großes Interesse an Kunst.
Is dat joon oder uns Schuld?,Ist das eure oder unsere Schuld?
Se vergitt jümmer mien Telefoonnummer.,Sie vergisst immer meine Telefonnummer.
Dit is mien Personaalutwies.,Dies ist mein Personalausweis.
Bring mi wat to eten.,Bring mir was zum Essen.
Un leeg vör allen nich.,Und lüge vor allem nicht.
"Wat för en Farv hett dien Mieg: hell, düüstergeel, roodachtig oder goldbruun?","Welche Farbe hat dein Urin: hell, dunkelgelb, rötlich oder goldbraun?"
Du schusst di beter nich in anner Lüüd ehr Saken rinmengeln.,Du solltest dich besser nicht in die Angelegenheiten anderer Leute einmischen.
Se hebbt wenig Böker.,Sie haben wenige Bücher.
Deööm warrt nich jümmer wohr.,Träume werden nicht immer wahr.
Mien Foot slöppt wedder in!,Mein Fuß schläft wieder ein!
Dor fehlt en Gavel.,Eine Gabel fehlt.
Dor fehlt en Gavel.,Es fehlt eine Gabel.
Villicht is he doot.,Vielleicht ist er tot.
Wannehr büst du trüggkamen?,Wann bist du zurückgekommen?
Miene Unkels leevt in London.,Meine Onkel leben in London.
Nich knicken oder folen!,Nicht knicken oder falten!
"Wi weren bi de Möhl, dicht bi ’t Hempfeld.","Wir waren bei der Mühle, dicht am Hanffeld."
Hier de blanken Fakten.,Hier die nackten Tatsachen.
Tom is veel grötter as ji.,Tom ist viel größer als ihr.
"Du süst ut, as wenn du to doon hest.",Du siehst beschäftigt aus.
Wi sünd 100 Mielen na Westen föhrt.,Wir sind 100 Meilen nach Westen gefahren.
Disse Brügg is ut Holt.,Diese Brücke ist aus Holz.
Ik seed „Stopp!“,"Ich sagte ""Halt!"""
Ik harr geern en Gin Tonic.,Ich hätte gern einen Gin Tonic.
Katten fangt Müüs.,Katzen fangen Mäuse.
Jiro is nich hier.,Jiro ist nicht hier.
Ik tööv op mien Fründ.,Ich warte auf meinen Freund.
Ik laat mi nich ünnerkriegen.,Ich lasse mich nicht unterkriegen.
Se keem alleen.,Sie kam allein.
Dat sneet dor.,Es schneit dort.
Dor sneet dat.,Dort schneit es.
"Ria weet nich, ’keen se fragen schall.","Maria weiß nicht, wen sie fragen soll."
Du schusst de Fiev nehmen.,Du solltest die Fünf nehmen.
Dit Böötsystem bött mit Eerdööl.,Diese Heizvorrichtung verwendet Erdöl als Brennstoff.
"Wenn du mi bittst, denn biet ik trügg.","Wenn du mich beißt, dann beiße ich zurück."
Lütt un kregel is beter as en groten Flegel.,Klein und munter sein ist besser als ein großer Flegel zu sein.
Sett di daal!,Setz dich!
Tom hett en Finsterschiev kaputtmookt.,Tom hat eine Fensterscheibe kaputtgemacht.
He hett di giern.,Er hat dich gern.
"Wenn een nich itt, denn blifft een dood.","Wenn man nicht isst, stirbt man."
"He seed, dat sik de Eerd üm de Sünn dreiht.","Er sagte, dass sich die Erde um die Sonne dreht."
Leeg nich.,Lüge nicht.
Leeg nich!,Lüge nicht!
Nimm dat!,Nimm es!
De Satz is goot.,Der Satz ist gut.
"As he sik dat Been bröök, müss he dree Maand lang Krücken bruken.","Als er sich sein Bein brach, musste er drei Monate lang Krücken verwenden."
Se hett en Katt. De Katt is witt.,Sie hat eine Katze. Die Katze ist weiß.
Hest du en Föön mitnahmen?,Hast du einen Fön mitgenommen?
Dat Book is lütt.,Das Buch ist klein.
Ik gah slapen.,Ich gehe schlafen.
Woveel köst de Büx?,Wie viel kostet die Hose?
Worüm büst du hier?,Warum bist du hier?
"Du hest Döst, wullt du Water?","Du hast Durst, möchtest du Wasser?"
"Allens mit Maten, seed de Snieder, do hau he sien Wiev mit de Eel dood.","Alles mit Maßen, sagte der Schneider, also schlug er seine Frau mit der Elle tot."
Se keek em in ’t Gesicht.,Sie sah ihm ins Gesicht.
Harr ik di dat nich seggt?,Hatte ich es dir nicht gesagt?
Woneem schall ik dat henleggen?,Wo soll ich das hinlegen?
Wi hebbt den Hund Tim nöömt.,Wir nannten den Hund Tim.
"Wo mehr een hett, wo mehr will een hebben.","Je mehr man hat, desto mehr möchte man haben."
"Raad ees, woneem ik wesen bün.","Rate mal, wo ich gewesen bin."
Översett disse Sätz in ’t Japaansche.,Übersetze die folgenden Sätze ins Japanische!
"Nee, nee, dat geiht op mien Reken.","Nein, nein, das geht auf meine Rechnung."
Romeo freet Julia.,Romeo heiratet Julia.
Allerbest. Bedankt.,Sehr gut. Danke.
Ik kann dat nich verstahn.,Ich kann es nicht verstehen.
Ik will nich mit ehr speelen.,Ich will nicht mit ihr spielen.
"Ik weet nich mehr, wo dit lütte Dingsbums rinhöört.","Ich weiß nicht mehr, wo das kleine Ding reingehört."
Du böst duune!,Du bist besoffen!
Dor liggt grote Steen an ’e Eer.,Da liegen große Steine auf der Erde.
Ik heff en anner Verscheel as du.,Meine Meinung unterscheidet sich von deiner.
Nüms wüss dat.,Kein Mensch wusste das.
Ik will Düütsch snacken.,Ich will Deutsch sprechen.
Ik will betahlen.,Ich möchte zahlen.
Ik söök en Geschenk för mien Fründ.,Ich suche ein Geschenk für meinen Freund.
Wasch di dat Gesicht un de Hannen.,Wasch dir das Gesicht und die Hände!
Fule Schäpers hebbt gode Hunnen.,Faule Schäfer haben gute Hunde.
"Deit mi leed, dat du so lang töven hest müsst.","Tut mir leid, dass du so lange warten musstest."
Schriffst du dat allens op?,Schreibst du das alles auf?
"Ik wull, ik kunn mien Humor mit een delen. En enkelte Persoon deed mi för ’n Anfang al recken!","Ich wünschte, ich würde meinen Humor mit jemandem teilen. Eine einzige Person würde mir ja für den Anfang schon reichen!"
Mien Dag is Klock fiev toenn.,Mein Tag ist um fünf Uhr zu Ende.
"Dat is mi egaal, wat du geihst oder bliffst.","Es ist mir egal, ob du gehst oder bleibst."
Du büst grötter as se.,Du bist größer als sie.
Mi sünd de Hannen bunnen.,Mir sind die Hände gebunden.
Smöken is verlöövt.,Rauchen ist erlaubt.
Ik heff mi dat Been braken.,Ich habe mir das Bein gebrochen.
Wi hefft nu veel to doon.,Wir sind gerade sehr beschäftigt.
"Wenn du von teihn veer wegnimmst, denn hest du söss.","Wenn du von zehn vier wegnimmst, dann hast du sechs."
Ik heff groot Vertroon in ’n Dokter.,Ich habe ein großes Vertrauen in den Doktor.
Se is worraftig en Hex!,Sie ist wirklich eine Hexe!
Nich so hart!,Nicht so schnell!
De Schramm an ’t Knee is etterig.,Die Schürfwunde am Knie ist vereitert.
Disse Koken is temlich sööt.,Dieser Kuchen ist ziemlich süß.
Ik heff negen Stünnen lang slapen.,Ich schlief neun Stunden lang.
En Pogg in en Sood kennt ’n Ozeaan nich.,Ein Frosch in einem Brunnen kennt den Ozean nicht.
"De Koh hett vergeten, dat se en Kalv wesen is.","Die Kuh hat vergessen, dass sie ein Kalb gewesen ist."
Ik bün an ’n Bahnhoff anlangt.,Ich bin am Bahnhof angekommen.
Wo snackt wi jüst över?,Worüber sprachen wir gerade?
Wo snackt wi jüst över?,Worüber sprechen wir gerade?
Magst du lever Fleesch oder Fisch?,Magst du lieber Fleisch oder Fisch?
Ik heff den Romaan mit Pleseer leest.,Ich habe den Roman mit Vergnügen gelesen.
Borgst du mi dien Stift?,Leihst du mir deinen Stift?
Wees keen Oorslock.,Sei kein Arschloch.
Wo hest du mi sehn?,Wo hast du mich gesehen?
Ria hett langsam Japaansch snackt.,Maria sprach langsam Japanisch.
Frölen Meier is temlich smuck.,Fräulein Meier ist sehr schön.
De Bläder an ’e Bööm warrt in ’n Harvst rood.,Die Blätter an den Bäumen werden im Herbst rot.
Ik kann morsen.,Ich kann morsen.
Ik will dit Wöörbook köpen.,Ich will dieses Wörterbuch kaufen.
Laat jem snacken!,Lass sie reden!
"De weet all, dat ik Muslim bin.","Die wissen alle, dass ich Muslim bin."
"Ik will nich, dat de Liud mi nich mihr lieden kœnt.","Ich will nicht, dass die Leute mich hassen."
He kunn Akiko von Anfang an good lieden.,Von Anfang an war er von Akiko sehr angetan.
Wat hest du dien Fründ köfft?,Was hast du deinem Freund gekauft?
Teihn Daag güngen vörbi.,Zehn Tage gingen vorbei.
De Ledder is ut Metall.,Die Leiter ist aus Metall.
Dat is binah Klock söss.,Es ist fast sechs Uhr.
Ik heff en Allergie gegen Pollen.,Ich habe eine Pollenallergie.
Se snackt över Musik.,Sie reden über Musik.
Dat stimmt nich.,Das stimmt nicht.
He möök den kaputten Disch wedder ganz.,Er reparierte den kaputten Tisch.
"Wenn du en Mathematiker fraagst, wat he grootwussen is oder noch lütt, denn wunner di nich, wenn he „jo“ antert.","Wenn du einen Mathematiker fragst, ob er erwachsen oder minderjährig ist, dann sei nicht überrascht, wenn er ""ja"" antwortet."
Ik heff mi in ’n Finger sneden.,Ich habe mir in den Finger geschnitten.
Dat hett mi reddt.,Das hat mich gerettet.
Se seet ünner en Boom.,Sie saß unter einem Baum.
Wat is dien leevst Leed von ZZ Top?,Was ist dein Lieblingslied von ZZ Top?
Se is twee Johr jünger as he.,Sie ist zwei Jahre jünger als er.
Glieks üm ’e Eck!,Gleich um die Ecke!
Ik heff em dat Geld geven.,Ich habe ihm das Geld gegeben.
In ’t Vörjohr warrt dat warmer un warmer.,Im Frühling wird es wärmer und wärmer.
"Sniddst du en Eerdkrüper den Steert af, wasst he na.","Schneidest du einer Eidechse den Schwanz ab, wächst er nach."
Du hest ehr anbrüllt un dat gefallt mi nich.,"Du hast sie angeschrien, und das gefällt mir nicht."
Wi sünd de Besten.,Wir sind die Besten.
Jack stünn froh op.,Jack stand früh auf.
Cristiano Ronaldo is Footballer.,Cristiano Ronaldo ist Fußballer.
Marie is op ehr Kamer un lehrt.,Marie lernt in ihrem Zimmer.
Häbt ji düssen Mann sain.,Habt ihr diesen Mann gesehen?
Wat nu?,Und was nun?
Ik heff opstunns veel to doon.,Ich habe derzeit viel zu tun.
Dit Hemd köst teihn Dollar.,Das Hemd kostet zehn Dollar.
"Judy sütt ut, as wenn se en Spook sehn harr.","Judy sieht aus, als wenn sie ein Gespenst gesehen hat."
Dor is en Hoor in mien Supp.,Da ist ein Haar in meiner Suppe.
Binnen twee Stünnen geiht de Sünn ünner.,In den nächsten zwei Stunden geht die Sonne unter.
He hett mit Afsicht lagen.,Er hat absichtlich gelogen.
Ik will keen Wehdaag mehr hebben.,Ich will keinen Schmerz mehr fühlen.
Ik will keen Wehdaag mehr hebben.,Ich will keine Schmerzen mehr haben.
Ik laat mi wat infallen.,Ich lass mir etwas einfallen.
"Ik heff mi dor rasch an wennt, vör Tokiekers to snacken.","Ich gewöhnte mich rasch daran, vor Publikum zu sprechen."
Ik dröff keen Alkohol drinken.,Ich darf keinen Alkohol trinken.
Laat uns dor na de School över snacken.,Lass uns nach der Schule darüber reden.
Se hett mi en SMS schreven.,Sie schrieb mir eine SMS.
Woveel köst dit Snuppdook?,Wie viel kostet dieses Taschentuch?
Dit Johr is en wichtig Johr för mi.,Dieses Jahr ist ein wichtiges Jahr für mich.
Dat ganze Eten weer weg.,Das ganze Essen war weg.
Kannst du uns Handsteen repareren?,Kannst du unser Spülbecken reparieren?
He stünn op.,Er stand auf.
He stünn op.,Er ist aufgestanden.
Een von de Kuffers is ganz leddig.,Einer von den Koffern ist vollkommen leer.
Se hett ehr eerst Kind mit twintig kregen.,Sie bekam ihr erstes Kind mit 20.
Ryoko hett en sööt lütt Gesicht.,Ryoko hat ein süßes kleines Gesicht.
Intresseerst du di för Blomen?,Interessierst du dich für Blumen?
Woveel Biller hest du kofft?,Wie viele Bilder hast du gekauft?
Dat fallt mi swoor.,Das fällt mir schwer.
"He weer nich in ’e School, denn he weer krank.","Er war nicht in der Schule, weil er krank war."
Dat is en neet Book.,Das ist ein neues Buch.
"Wees jümmer slauer as de Lüüd, de di instellt.","Sei immer schlauer als die Leute, die dich einstellen."
Hest du dat op ’n Swartmarkt köfft?,Hast du das auf dem Schwarzmarkt gekauft?
Ik heff dat von di lehrt.,Ich habe das von dir gelernt.
He deed mit toe Ogen Musik hören.,Er hörte der Musik mit geschlossenen Augen zu.
Dat maakt dörtig Euro.,Das macht 30 Euro.
Ik heff twee Daag nich slapen.,Ich habe zwei Tage lang nicht geschlafen.
Wat geiht di dat an?,Was geht dich das an?
"Mien Fohrrad weer weg, as ik trüggkeem.","Mein Fahrrad war weg, als ich zurückkam."
De Vörwahl för Italien is +39.,Die Vorwahl für Italien ist +39.
Wat is Künst?,Was ist Kunst?
Ik heff en Poor Steveln köfft.,Ich kaufte ein Paar Stiefel.
De Jäger hett en Voss schaten.,Der Jäger hat einen Fuchs geschossen.
"Ik heff vergäten, dat Finster totomoken.","Ich habe vergessen, das Fenster zu schließen."
Uns Fleger weer üm un bi dörtig Minuten laat.,Unser Flieger hatte ungefähr dreißig Minuten Verspätung.
Kannst du mit slaten Ogen gahn?,Kannst du mit geschlossenen Augen gehen?
Ik heff kuum noch Geld över.,Ich habe kaum noch Geld übrig.
"Se deed, wat se kunn, üm mi to schaden.","Sie tat, was sie konnte, um mir zu schaden."
Ik bün en groten Fan von Getter Jaani.,Ich bin ein großer Bewunderer von Getter Jaani.
De Bäcker hett beste Rundstücker.,Der Bäcker hat hervorragende Brötchen.
Hest du hiut al en Satz mit mihr as söß Wœr schreven?,Hast du heute schon einen Satz mit mehr als sechs Wörtern geschrieben?
Magst du witte Schokolaad?,Magst du weiße Schokolade?
Elvis Presley leevt!,Elvis Presley lebt!
Dor is de Seine un hier is de Brügg.,Dort ist die Seine und hier ist die Brücke.
Ik will nich mien Leven op ’t Speel setten.,Ich will nicht mein Leben riskieren.
Ünner Europa sien Iesköst liggt villicht en Waterozeaan.,Unter Europas Eisplatte ist vielleicht ein Wasserozean.
’Keen hest du dat Book geven?,Wem hast du das Buch gegeben?
Wullt du noch bet na ’n Füürtoorn gahn?,Möchtest du noch bis zum Leuchtturm gehen?
Sülvs in ’n Winter hebbt wi nich veel Snee.,Selbst im Winter haben wir nicht viel Schnee.
Ik will mit di slapen.,Ich will mit dir schlafen.
"Ik kann mi nich verkloren, worüm as se nich kamen is.","Ich kann mir nicht erklären, warum sie nicht gekommen ist."
Ik kaam jüst ut dat Kino.,Ich komme gerade aus dem Kino.
Se köönt mi verstahn.,Sie können mich verstehen.
Se höört em nich to.,Sie hört ihm nicht zu.
He deed bi de Inders leven.,Er lebte bei den Indern.
Fabio sien Wagen parkt güntsied von Elena ehr Huus.,Fabios Wagen parkt gegenüber von Elenas Haus.
All Weeg föhrt na Room.,Alle Wege führen nach Rom.
Se hett em peddt.,Sie hat ihn getreten.
Wat kaakt ji?,Was kocht ihr?
De Hund blöddt.,Der Hund blutet.
In dat Glas is keen Melk.,In dem Glas ist keine Milch.
Ik heff en groten Pint!,Ich habe ein großes Glied!
Wi verhannelt nich mit Terroristen!,Wir verhandeln nicht mit Terroristen!
Dat is för di!,Das ist für dich!
Ik heff Tom anropen.,Ich rief Tom an.
Ik heff Tom anropen.,Ich habe Tom angerufen.
Al na dree Daag weer de Kiekschapp wedder kaputt.,Schon nach drei Tagen war der Fernseher wieder kaputt.
Worüm fraagst du nich dien Fründ?,Warum fragst du nicht deinen Freund?
Nu weet ik wedder.,Jetzt weiß ich es wieder.
Nu leev ik in Kyoto.,Ich lebe jetzt in Kyōto.
Ik mag Sachiko mehr as Akiko.,Ich mag Sachiko mehr als Akiko.
Buten regent dat.,Draußen regnet es.
Sitt dor en Katt op ’n Disch?,Sitzt da eine Katze auf dem Tisch?
Disse Jung is plietsch.,Dieser Junge ist intelligent.
He reegt sik licht op.,Er regt sich leicht auf.
Se kann nich Ski föhren.,Sie kann nicht Ski fahren.
Vör uns Ogen düker dat lütte Eiland op.,Vor unseren Augen tauchte die kleine Insel auf.
"Von uns Inkamen elk Maand mööt wi de Kösten för Eten, Meed, Kledaasch, Fohrtkösten un so wieder betahlen.","Aus unserem monatlichen Einkommen müssen wir die Kosten für Essen, Miete, Kleidung, Fahrkosten usw. bestreiten."
"As ik en lütt Kind weer, kunn ik överall slapen.","Als ich ein kleines Kind war, konnte ich überall schlafen."
Häs du mi laiw?,Liebst du mich?
"Dat Vörjohr seit, de Harvst aust.","Der Frühling sät, der Herbst erntet."
Dat Radio is kaputt.,Das Radio ist kaputt.
En ümfullen Boom deed den Weg versperren.,Ein umgefallener Baum versperrte den Weg.
Ik kann snacken.,Ich kann sprechen.
Se harrn nix to eten.,Sie hatten nichts zu essen.
De Fleger flöög över dat Eiland.,Das Flugzeug überflog die Insel.
Kann ik hier en Kunzertkoort köpen?,Kann ich hier eine Konzertkarte kaufen?
Mien Unkel geiht mit sien Geld riev üm.,Mein Onkel geht großzügig mit seinem Geld um.
"Ria deed so, as of Tom se nich interesseer.","Maria tat so, als würde Tom sie nicht interessieren."
"Wi hebbt keen warm Water, de Röhren sünd kaputt.","Wir haben kein warmes Wasser, weil die Rohre kaputt sind."
De Lichten sünd ut.,Die Lichter sind aus.
Worüm nehmt wi uns nich en Taxi?,Warum nehmen wir uns nicht ein Taxi?
Laat uns dissen Weg gahn.,Lasst uns diesen Weg gehen.
Dat is licht seggt!,Das ist leicht gesagt!
Dit Book is dick un dat annere dünn.,Dieses Buch ist dick und das andere dünn.
Ik bün in Yokohama boren.,Ich bin in Yokohama geboren.
Dat rummelt un regent!,Es donnert und regnet!
Översett düssen Satz in’t Fransche.,Übersetze diesen Satz ins Französische.
De Stroom weer muddig.,Der Fluss war vom Schlamm trübe.
Speelst du keen Tennis?,Spielst du kein Tennis?
Büst du doov?,Bist du taub?
Ik will Tom en beten Geld gäven.,Ich will Tom ein bisschen Geld geben.
"Maak dat Finster dicht, dat tütt!",Mach das Fenster zu! Es zieht!
Lihrst du Düütsch?,Lernst du Deutsch?
Wi kunnen uns verstahn.,Wir konnten einander verstehen.
De Toorn nüül licht na links.,Der Turm tendierte leicht nach links.
Laat uns an ’n Strand gahn.,Lasst uns an den Strand gehen.
"Denkst du, he hett de Arbeid alleen daan?","Denkst du, er hat die Arbeit allein getan?"
"Harr Lena man op Düütsch sungen, harr se wohrschienlich wunnen.","Hätte Lena nur auf Deutsch gesungen, wäre ihr der Sieg gelungen."
"Ik will nich, dat he mi findt.","Ich will nicht, dass er mich findet."
Wi hebbt uns Familienfeern in Tahiti maakt.,Wir haben einen Familienurlaub nach Tahiti unternommen.
"Mien Fransch is nich goot noog, üm dat tau verkloren.","Mein Französisch ist nicht gut genug, um das zu erklären."
Wat is dien Bloodgrupp?,Wie heisst deine Blutgruppe?
Tom hett hüüt nix äten.,Tom hat heute nichts gegessen.
Magdalena un Ania sünd gode Frünnen.,Magdalena und Ania sind gute Freunde.
"As du anropen hest, hebbt wi jüst över di snackt.","Als du angerufen hast, haben wir gerade über dich geredet."
Ik wull geern Yen in Dollar wesseln.,Ich würde gerne Yen in Dollar wechseln.
De Heven betreckt sik mit düüstere Wulken.,Der Himmel füllt sich mit schwarzen Wolken.
Se kann Ski föhren un skaten.,Sie kann Ski fahren und Schlittschuh laufen.
Lees dat hier.,Lies das hier.
Büst du ok dor wäsen?,Warst du auch dort?
Se gefallt mi temlich good.,Sie gefällt mir sehr gut.
Ik bruuk en Kuffer. Lehnst du mi een?,Ich brauche einen Koffer. Leihst du mir einen?
Se hett teihn Kinner.,Sie hat zehn Kinder.
Ik foder geern Duven.,Ich füttere gerne Tauben.
Düt Water is geod to drinken.,Dieses Wasser ist gut zu trinken.
Kannst du disse Wöör utspreken?,Kannst du diese Wörter aussprechen?
Se will mit em utgahn.,Sie will mit ihm ausgehen.
En Katteker deed sik mank de Telgen versteken.,Ein Eichhörnchen versteckte sich zwischen den Zweigen.
Den Jung sien Fohrrad is in ’e Garaasch.,Das Fahrrad des Jungen ist in der Garage.
Mike güng op den Jung to.,Mike ging auf den Jungen zu.
He hett wat mit de Saak to doon.,Er hat etwas mit der Angelegenheit zu tun.
Ik bün en beten mööd.,Ich bin ein bisschen müde.
Ik bün en beten mööd.,Ich bin ein wenig müde.
Ik bün en beten mööd.,Ich bin etwas müde.
"As se de Naricht hören deed, is se bleek worrn.","Als sie die Nachricht hörte, ist sie blass geworden."
Wo bün ik för tostännig?,Wofür bin ich zuständig?
Ik bün an ’n 10. Oktober 1972 boren.,Ich bin am 10. Oktober 1972 geboren worden.
Disse Diek dröögt sogoor in ’n Sommer nich ut.,Dieser Teich trocknet sogar im Sommer nicht aus.
"Ria sä, dat se Tom dor nich bi helpen wull.","Maria sagte, sie wolle Tom nicht dabei helfen."
"Twee Maand sünd dat nu al, dat he na Frankriek trocken is.","Zwei Monate sind es nun schon, seit er nach Frankreich gezogen ist."
De Wind hett dat Vagelhuus von ’n Boom dalstött.,Der Wind stieß das Vogelhaus vom Baum herunter.
All Eier sünd fulig worrn.,Alle Eier wurden faul.
Dat Ei will klöker wesen as de Hehn.,Das Ei will klüger sein als die Henne.
Ik heff de Böker all beid leest.,Ich habe beide Bücher gelesen.
Ik will dat Peerd nich.,Ich will das Pferd nicht.
Ik swemm nich besünners good.,Ich schwimme nicht sehr gut.
Ik heff jüst duuscht.,Ich habe gerade geduscht.
Smüüstern is en goodkopen Weg üm smucker to wesen.,Lächeln ist ein billiger Weg um schöner zu sein.
"Wat meenst du, wo löppt de Padd hen?","Wohin glaubst du, dass der Pfad führt?"
"Na Klock 6 fungen de Anstellten an, na Huus to gahn.","Nach 6 Uhr begannen die Angestellten, nach Hause zu gehen."
Ik smöök nich mehr.,Ich rauche nicht mehr.
Wi hebbt jeden Dag söss Lexen.,Wir haben jeden Tag sechs Stunden.
Se sünd dood.,Sie sind tot.
Woveel Studenten hett diene Universität?,Wie viele Studenten gibt es an deiner Universität?
Worüm is de Banaan krumm?,Warum ist die Banane krumm?
Ik bün achter de Flegen.,Ich bin hinter den Fliegen her.
Dröff ik smöken?,Darf ich rauchen?
Hest du dat ganz leest?,Hast du es ganz gelesen?
Uns Höövdkantoor is in Osaka.,Unsere Zentrale ist in Ōsaka.
Mien Fründin danst good.,Meine Freundin tanzt gut.
Ehr Hoor hüng in adrette Krüllen dal.,Ihr Haar hing in netten Locken herab.
Ziri is to Bedd gahn.,Ziri ist ins Bett gegangen.
Dat Door warrt Klock acht slaten.,Das Tor wird um acht Uhr geschlossen.
Ik heff vör tweeunhalv Stünnen eten.,Ich habe vor zweieinhalb Stunden gegessen.
De Polizei hett em faatkregen.,Die Polizei hat ihn gefasst.
Betty kunn beter singen.,Betty könnte besser singen.
För veel Lüüd in Indien sünd Keih hillig.,Für viele Leute in Indien sind Kühe heilig.
Bill hett mi dit Book mitbröcht.,Bill hat mir dieses Buch mitgebracht.
"Hunnen, de blafft, biet nich.","Hunde, die bellen, beißen nicht."
"Hunnen, de blafft, biet nich.",Bellende Hunde beißen nicht.
Dor is nich mehr veel Poppeer över.,Es ist nur noch wenig Papier übrig.
All Maten hebbt Togang to disse Böker.,Alle Mitglieder haben Zugang zu diesen Büchern.
Dien Antwoord is verkehrt.,Deine Antwort ist falsch.
In ’n Köhlschapp is Melk.,Im Kühlschrank ist Milch.
Mien Mieg is druuv.,Mein Urin ist trübe.
Ehr Töhn blöddt.,Ihr Zeh blutet.
Wullt du lütte oder grote Schiens?,Möchtest du kleine oder große Scheine?
Dor bruukst du mi nich för to danken.,Da brauchst du mir nicht für zu danken.
He drinkt nich noog Tittmelk.,Er trinkt nicht genug Muttermilch.
Swore Arbeid bün ik nich wennt.,Schwere Arbeit bin ich nicht gewohnt.
Dor is keen Leven in dissen Liev.,Es ist kein Leben in diesem Körper.
"He weet nich, wat he seggt.","Er weiß nicht, was er sagt."
Se füng bilütten an to verstahn.,Sie begann allmählich zu verstehen.
He is in de teihnte Klass.,Er ist in der zehnten Klasse.
"Jimmy hett mi anbedelt, dat ik mit em na ’n Zoo gah.","Jimmy hat mich angebettelt, dass ich mit ihm in den Zoo gehe."
To laat.,Zu spät.
Ik heff noch to doon.,Ich habe noch zu tun.
De Priesen sünd hoog.,Die Preise sind hoch.
Se smüüstert jümmer.,Sie lächelt immer.
Hett dien Kamer twee Finster?,Hat dein Zimmer zwei Fenster?
Ik heet Jack.,Ich heiße Jack.
De Amerikaners sünd en agressiv Volk.,Die Amerikaner sind ein aggressives Volk.
Mien Unkel hett mi en Geschenk geven.,Mein Onkel hat mir ein Geschenk gemacht.
Mien Unkel hett mi en Geschenk geven.,Mein Onkel gab mir ein Geschenk.
De Studenten stünnen un töven op ’n Bus.,Die Studenten standen und warteten auf den Bus.
"Tom harr Ria anropen, wenn he ehr Telefonnummer hatt harr.","Tom hätte Maria angerufen, wenn er ihre Telefonnummer gehabt hätte."
Wi mööt de Familientraditionen hooghollen.,Wir müssen die Familientraditionen aufrechterhalten.
En Huus ut Holt brennt lichter as en Huus ut Steen.,Ein Holzhaus brennt leichter als ein Steinhaus.
De Tieger is en Roovdeert.,Der Tiger ist ein Raubtier.
Kann ik noch wat mehr Ries un Kohl kriegen?,Kann ich noch etwas mehr Reis und Kohl bekommen?
Ik heff den ganzen Dag in’n Park verbröcht.,Ich habe den ganzen Tag im Park verbracht.
"Schaad, dat du nich to de Party kamen kunnst!","Schade, dass du nicht zu der Party kommen konntest!"
De lütte Mann driggt en swarten Antog.,Der kleine Mann trägt einen schwarzen Anzug.
He harr Vigelien un Striekstock dorbi.,Er hatte Geige und Bogen dabei.
"Ik weet nich, wannehr ik weer tohuus bün.","Ich weiß nicht, wann ich wieder zu Hause bin."
Nüms wüss wat.,Keiner wusste etwas.
Ik will tokamen Johr Chineesch lehren.,Ich möchte nächstes Jahr Chinesisch lernen.
"Dien Plaan is good, man mien Plaan is beter.","Dein Plan ist zwar gut, aber mein Plan ist besser."
Jack is een von mien Frünn.,Jack ist einer meiner Freunde.
Wi seht mit uns Ogen.,Wir sehen mit unseren Augen.
"Ik kunn dat nich tügen, mi en Fohrrad to köpen.","Ich konnte es mir nicht leisten, ein Fahrrad zu kaufen."
"„Ik weet dat nich“, sä Tony.","„Ich weiß es nicht“, sagte Tony."
Ik tööv al siet Klock twee op di.,Ich warte schon seit zwei Uhr auf Sie.
Worüm hest du versöcht uttobüxen?,Warum hast du versucht wegzulaufen?
Dat is ’n gode Infall!,Das ist eine gute Idee!
Sünd ji op Facebook?,Seid ihr auf Facebook?
Wo hoog is de Barg?,Wie hoch ist der Berg?
Schiet! Mien Fründin is al trügg! Wat schöölt wi maken?,Mist! Meine Freundin ist schon zurück! Was sollen wir machen?
Tom weer för Mary ehr Raad dankboor.,Tom war für Marys Rat dankbar.
Ik heff hiut den ganzen Dag tohuus verbröcht.,Ich habe heute den ganzen Tag zu Hause verbracht.
"Se hett vergeten, em to schrieven.","Sie hat vergessen, ihm zu schreiben."
De sünd al jümmer so wäsen.,Die sind schon immer so gewesen.
’Keen hett dat Finster tweibraken?,Wer hat das Fenster zerstört?
Ik heff geern veel to doon.,Ich habe gerne viel zu tun.
Wi speelt elk Saterdag Football.,Wir spielen jeden Samstag Fußball.
Wi speelt elk Saterdag Football.,Wir spielen jeden Sonnabend Fußball.
Elk Saterdag speelt wi Football.,Jeden Samstag spielen wir Fußball.
Elk Saterdag speelt wi Football.,Jeden Sonnabend spielen wir Fußball.
Wi sünd mit ’n Bus na ’n Kongress föhrt.,Wir sind mit dem Bus zum Kongress gefahren.
Se is en Flasskopp.,Sie ist ein blondes Mädchen.
Se weet nich maal worüm.,"Sie wissen nicht einmal, wieso."
"Wi söökt een, de good Franzöösch kann.","Wir suchen jemanden, der gut in Französisch ist."
Hett Tom al en Inladen kregen?,Hat Tom schon eine Einladung bekommen?
Ik heff mien neet Poor Hanschen in de Bökeree liggen laten.,Ich ließ mein neues Handschuhpaar in der Bibliothek zurück.
Üm dree kann ik kamen.,Um drei Uhr kann ich kommen.
Üm dree kann ik kamen.,Um drei kann ich kommen.
He kladder op ’n Barg Fuji.,Er bestieg den Berg Fuji.
Helen maakt sik grote Sorgen üm ehr Dochter.,Helen macht sich große Sorgen um ihre Tochter.
Bliffst du hier en Stoot?,Bleibst du hier einen Augenblick?
"He fröög mi, wat ik chineesch Eten mag.","Er fragte mich, ob ich chinesische Speisen mag."
Ken is üm un bi so groot as Bill.,Ken ist ungefähr so groß wie Bill.
Kannst du ook op Italieensch tellen?,Kannst du auch auf Italienisch zählen?
"Ik wull, ik kunn so good Klaveer spelen as Susi.","Ich wünschte, ich könnte so gut Klavier spielen wie Susi."
Ik heff den Koken ut ’n Aven nahmen.,Ich nahm den Kuchen aus dem Ofen.
Good süst du ut.,Gut schaust du aus.
Du süst good ut.,Gut siehst du aus.
Du süst good ut.,Du siehst gut aus.
Woveel Böker besitt he?,Wie viele Bücher besitzt er?
De Pries hängt von de Grött af.,Der Preis ist von der Größe abhängig.
Is hier jichtens en Post?,Ist hier irgendwo eine Post?
He deed ehr Wöör as Kumpelment opfaten.,Er fasste ihre Worte als Kompliment auf.
Ik heff gorkeen Lust to studeren.,"Ich habe überhaupt keine Lust, zu studieren."
De Handöker sünd smuddelig.,Die Handtücher sind dreckig.
Frei di nich to froh!,Freue dich nicht zu früh!
Is dor een?,Ist dort jemand?
Is dor een?,Ist da wer?
De Welt is en lütt Dörp.,Die Welt ist ein kleines Dorf.
Kannst du dat kaputte Radio repareren?,Kannst du das kaputte Radio reparieren?
Dat deit nich weh.,Das tut nicht weh.
Laat uns tohoop utkniepen.,Lasst uns zusammen fliehen.
Ik wull ik weer noch wedder jung.,"Ich wünschte, ich wäre wieder jung."
Mit wat för en Tog willst du fohren?,Mit was für einem Zug willst du fahren?
Mien Hobby is Gitarr spelen.,Mein Hobby ist Gitarre spielen.
Se deed dat Baby baden.,Sie badet das Baby.
Woneem is dat Telefoonbook?,Wo ist das Telefonbuch?
Kulturn ut Oost un West draapt sik in dit Land.,Kulturen aus Ost und West treffen sich in diesem Land.
"De Opgaav vun de Ethik as 'n filosoofsch Fack is dat dorüm nich, inhaltlich neeartige moraalsche Gesetten to formeliern.","Die Aufgabe der Ethik als philosophisches Fach besteht nicht darin, inhaltlich neue moralische Gesetze zu formulieren."
Veel Lüüd hebbt ünner en Mangel an Eten to lieden.,Viele Menschen haben unter Mangelernährung zu leiden.
Dor is keen Water in’n Emmer.,Es ist kein Wasser im Eimer.
"Schell den Appel, ehrdat du em ittst.","Schäl den Apfel, bevor du ihn isst."
Mien besten Fründ is jüst in Room.,Mein bester Freund ist gerade in Rom.
Ik bün tofreden mit disse Schoh.,Ich bin zufrieden mit diesen Schuhen.
Tom drinkt veel Melk.,Tom trinkt viel Milch.
Mien Ogen sünd blau.,Meine Augen sind blau.
Dat is lichter as ik dach.,"Es ist einfacher, als ich dachte."
Tom hett noch veel to lehren.,Tom muss noch viel lernen.
"Du kannst allens nehmen, wat du wullt.","Du kannst alles nehmen, was du willst."
Tom wull Geld.,Tom wollte Geld.
Tom brukt Antwoorden.,Tom braucht Antworten.
Worüm hest du mi anropen?,Warum hast du mich angerufen?
He lüggt!,Er lügt!
He lüggt.,Er lügt.
He möök en Schridd na vörn.,Er machte einen Schritt nach vorn.
Sünd dusend Yen noog?,Sind tausend Yen genug?
Wo lang kennst du Jack?,Wie lange kennst du Jack?
Ik heff in ’n Düüstern en Swevelsticken anstaken.,Ich zündete im Dunkeln ein Streichholz an.
Ria is Tom sien Grôtmoder.,Mary ist Toms Großmutter.
Legg dat Book baven op de annern.,Lege das Buch auf die anderen.
"Ik heff nich wüßt, dat he verheiraadt is.","Ich wusste nicht, dass er verheiratet ist."
"Ik heff nich wüßt, dat he verheiraadt is.","Ich habe nicht gewusst, dass er verheiratet ist."
Du weetst temlich veel över Sumo.,Du weißt ziemlich viel über Sumo.
Ik harr en Unfall.,Ich hatte einen Unfall.
"Se hett ehren Mann binnenkregen, dat se de Feern in Frankriek verbringt.","Sie überredete ihren Mann, die Ferien in Frankreich zu verbringen."
Büst du do tofräden wäsen?,Warst du damals glücklich?
Hier is een Appel.,Hier ist ein Apfel.
Jane wull en Iestuut.,Jane wollte eine Eistüte.
Ik bün mit mien nee Huus ganz un gor tofreden.,Ich bin mit meinem neuen Haus vollkommen zufrieden.
De Kraan hett nie von ’t Flegen dröömt. Aver de Hund.,"Der Kranich hat nie vom Fliegen geträumt, wohl aber der Hund."
Dat is en Schoner.,Das ist ein Schoner.
Nööm mi Ishmael.,Nenne mich Ishmael.
De Frömme keem op mi to.,Der Fremde kam auf mich zu.
Dat Book hett veel Sieden.,Das Buch hat viele Seiten.
Wat is dien leevste Soort Fisch?,Was ist deine Lieblings-Fischart?
De Jung kann bet teihn tellen.,Der Junge kann bis zehn zählen.
"Ik sla vör, dat ji jo mol mit Tom ünnerhoolt.","Ich schlage vor, dass ihr euch mal mit Tom unterhaltet."
De Aso is en aktiven Vulkaan.,Der Aso ist ein aktiver Vulkan.
He bröch de Kinner to ’n Lachen.,Er brachte die Kinder zum Lachen.
De Mann sitt güntsied von ’n Beek.,Der Mann sitzt jenseits des Baches.
Bickbeern wasst vör allen op Moorbodden good.,Blaubeeren wachsen vor allem gut auf Moorboden.
Hest du dat verstahn?,Hast du es kapiert?
Hest du dat verstahn?,Hast du das verstanden?
Grammatik lehrt bi Yoda du hest!,Grammatik gelernt bei Yoda du hast!
In use Woolden levt keen Boren.,In unseren Wäldern leben keine Bären.
De Stroom Kiso warrt faken de Rhien von Japan nöömt.,Der Fluss Kiso wird oft der Rhein Japans genannt.
He mag geern Appelsienen.,Er mag Orangen sehr.
Föhrt disse Bus na ’t Hilton Hotel?,Fährt dieser Bus zum Hilton Hotel?
Ik heff bi ’n Weddstried mitmaakt.,Ich nahm am Wettbewerb teil.
Worüm wüllt ji em ümbringen?,Warum wollt ihr ihn umbringen?
De Minirock is wedder Mood.,Der Minirock ist wieder in Mode.
He is al dor.,Er ist bereits da.
"Dat is na Paragraaf 2, Afsatz 5 verbaden.","Das ist nach Paragraph 2, Absatz 5 verboten."
’Keen sien is dat?,Wem gehört das?
Se hett Lust to dansen.,Sie hat Lust zu tanzen.
Du hest dat ook nich wüsst.,Du hast das auch nicht gewusst.
En Keed is nich stabiler as ehr swäckst Lidd.,Eine Kette ist nicht stabiler als ihr schwächstes Glied.
Ik leng na Sellschop.,Ich sehne mich nach Gesellschaft.
Disse Schoh is een Grött grötter.,Dieser Schuh ist eine Nummer größer.
"Ik hööp, dat gefallt jo.","Ich hoffe, es wird euch gefallen."
Ut wat för en Land kummst du?,Aus welchem Land kommst du?
Bruuk nich dissen Disch blangen ’t Finster.,Benutzen Sie nicht diesen Tisch neben dem Fenster.
Ik weer vergangen Nacht so duun.,Ich war letzte Nacht so betrunken.
Tom greut sien Noverin.,Tom grüßte seine Nachbarin.
Tom is Inschenör för Elektrotechnik.,Tom ist Ingenieur für Elektrotechnik.
Ik gah normalerwies to Foot.,Ich gehe normalerweise zu Fuß.
Siene Schoh sünd bruun.,Seine Schuhe sind braun.
Disse Medizin schall dien Rämm betern.,Diese Medizin wird Ihre Krämpfe lindern.
"Gleich und gleich gesellt sich gern, säd de Düwel, dunn güng hei mit en Afkaten spazieren.","Gleich und gleich gesellt sich gern, sagte der Teufel, dann ging er mit einem Advokaten spazieren."
Ik fang vonnamiddag an.,Ich fange heute Nachmittag an.
Woveel köst disse Klock?,Wie viel kostet diese Uhr?
Een Tung is nie noog.,Eine Zunge ist nie genug.
"Ik heff den Pracher allens Geld geven, wat ik harr.","Ich gab dem Bettler alles Geld, was ich hatte."
Se eet veel Ries.,Sie essen viel Reis.
Woneem is dien Hund?,Wo ist dein Hund?
Wisch den Stoff von ’t Regaal.,Wische den Staub vom Regal.
Wat maakst du dor?,Was machst du da?
Wat maakst du dor?,Was tust du da?
He hett keen Fründ to ’n Spelen.,Er hat keinen Freund zum Spielen.
Se hett ehren Söhn alleen in ’n Wagen laten.,Sie hat ihren Sohn allein im Auto gelassen.
Wo lang wahnt ji al hier?,Wie lange wohnt ihr schon hier?
Wo laat is dat nu in San Francisco?,Wie spät ist es nun in San Francisco?
"Du kannst mien Schrievdisch bruken, wenn du wullt.","Du kannst meinen Schreibtisch benutzen, wenn du willst."
Se is vör twee Johr von de School afgahn.,Sie ist vor zwei Jahren von der Schule abgegangen.
Worüm anterst du mi nich op miene Narichten?,Warum antwortest du nicht auf meine Nachrichten?
Sliek di nich ut dat Kunzert rut!,Schleiche dich nicht aus dem Konzert hinaus!
Tom hett Ria Geld schickt.,Tom hat Maria Geld geschickt.
Ik kenn di nich.,Ich kenne dich nicht.
Veel Europäers kennt dat modeerne Japan nich.,Viele Europäer kennen nicht das moderne Japanisch.
Ik heff dat nich müggt.,Ich habe das nicht gemocht.
Miene Süster is temlich plietsch.,Meine Schwester ist ziemlich schlau.
En poor Maand later is Israel in Ägypten inmarscheert.,Ein paar Monate später ist Israel in Ägypten einmarschiert.
Smöken kann di ümbringen.,Rauchen kann tödlich sein.
Se is noch jünger as Tom.,Sie ist noch jünger als Tom.
Disse Diek weer vull mit lütte Fisch.,Dieser Teich war voller kleiner Fische.
Ik will nich na Italien gahn.,Ich will nicht nach Italien gehen.
Dat is de Tasch vun mien Lehrerin.,Das ist die Tasche meiner Lehrerin.
Dat hett den ganzen Dag jümmerto regent.,Es hat den ganzen Tag ununterbrochen geregnet.
Nu wahn ik bi mien Unkel.,Jetzt wohne ich bei meinem Onkel.
Ik weer an ’t Söken.,Ich war am Suchen nach dir.
Dit Book is in veer Delen ünnerdeelt.,Dieses Buch ist in vier Teile unterteilt.
Du kannst nich verleren.,Du kannst nicht verlieren.
Mi hett en Teek beten.,Ich wurde von einer Zecke gebissen.
Ik heff de Schieterigge.,Ich habe flotten Otto.
Dree Lüüd sünd noch jümmer misst.,Drei Leute sind immer noch vermisst.
Röög mi nich an!,Rühr mich nicht an!
"Wenn ik doodblieven schull, ’keen deed sik denn üm miene Kinner kümmern?","Wenn ich sterben sollte, wer würde sich dann um meine Kinder kümmern?"
"Kloor deed ik trurig wesen, wenn he doodblieven deed.","Natürlich wäre ich traurig, wenn er sterben würde."
Mama hett för mien Geboortsdag en Koken backt.,Mama hat zu meinem Geburtstag einen Kuchen gebacken.
Laat mi de Wuddeln snieden.,Lass mich die Möhren schneiden.
’Keen hett den Boom plant?,Wer hat den Baum gepflanzt?
Ik will en warme Supp eten.,Ich möchte eine warme Suppe essen.
He pack mi bi mien Kraag.,Er packte mich bei meinem Kragen.
"De Hund hett jümmer jiffelt, dor heff ik em een op de Snuut geven, un he is aftrocken un hett jault.","Der Hund hat ständig gekläfft, da habe ich ihm was auf die Schnauze gegeben, und er ist weggelaufen und hat gejault."
Dit is en Peerd.,Dies ist ein Pferd.
Dit is en Peerd.,Das ist ein Pferd.
He hett en Swien.,Er hat ein Schwein.
Ik heff en poor Frünnen.,Ich habe einige Freunde.
Ik gah geern mit mien Frünnen na ’t Kino.,Ich gehe gerne mit meinen Freunden ins Kino.
’Keen sien Porträät is op disse Breevmark?,Wessen Porträt ist auf dieser Briefmarke?
Ik wünk em trügg.,Ich winkte ihm zurück.
Ik bün nich mit em inverstahn.,Ich bin nicht mit ihm einverstanden.
De Inwahnertall stiggt.,Die Bevölkerung nimmt zu.
Villicht sneet dat.,Vielleicht schneit es.
Hebbt wi noog Suur?,Haben wir noch Essig?
Allerwegens regent dat.,Überall regnet's.
Blangen de Bank steiht en Bänk.,Neben der Bank steht eine Bank.
Wi nöömt dissen Barg Tsurugidake.,Wir nennen diesen Berg Tsurugidake.
Ik heff dor en dumme Fraag.,Ich habe da eine dumme Frage.
De Tanker hett man en lütte Kru.,Der Tanker hat nur eine kleine Mannschaft an Bord.
Dat is Klock söven.,Es ist sieben Uhr.
Pandas sünd temlich plietsch.,Pandas sind sehr schlau.
Wœr dat to licht?,War das zu einfach?
Wœr dat to licht?,War das zu leicht?
Ji wüllt na’e Ukraine.,Ihr wollt in die Ukraine.
Woneem is mien Klock?,Wo ist meine Uhr?
He geiht geern spazeren.,Er geht gerne spazieren.
Weetst du woneem ik wahn?,"Weisst du, wo ich wohne?"
Faken müss se sülvs hengahn.,Oft musste sie selbst hingehen.
Ik studier in't Butenland.,Ich studiere im Ausland.
"Wenn du de Katt op dit Bild süst, denn roop an.","Wenn du auf diesem Bild eine Katze siehst, ruf mich an."
"Wenn du de Katt op dit Bild süst, denn roop an.","Wenn du die Katze auf diesem Bild siehst, ruf an."
„Radioaktivität“ is en Begreep ut de Chemie.,„Radioaktivität“ ist ein Begriff aus der Chemie.
Legg di op ’n Buuk.,Lege dich auf den Bauch.
Düt Land hett en riek Kultur.,Dieses Land hat eine reiche Kultur.
"Wo mehr ji lehrt, wo mehr weet ji.","Je mehr ihr lernt, desto mehr wisst ihr."
In ’e Sandkuhl möök he sik den Sandpott för ’t Flett vull.,In der Sandgrube machte er sich den Sandeimer voll für die Diele.
Dröff ik di Bob nömen?,Darf ich dich Bob nennen?
Du snackst.,Du sprichst.
Maak dat Finster apen.,Mach das Fenster auf.
Ik heff Bus 61 nahmen.,Ich nahm den Bus Nummer 61.
Du schullst dat beter nich maken.,Du solltest es besser nicht machen.
Dit is en Hund.,Das ist ein Hund.
"Kannst du mi helpen, dissen Kuffer to dregen?","Kannst du mir helfen, diesen Koffer zu tragen?"
He folgde ehr up.,Er folgte ihr nach.
Reeg di nich so op!,Reg dich nicht so auf!
Se weren de eersten in ’n Bus.,Sie waren die Ersten im Bus.
En Katt hett twee Ohren.,Eine Katze hat zwei Ohren.
Se hett veel snackt.,Sie hat viel gesprochen.
Hest du en Föhn mitnahmen?,Hast du einen Fön mitgenommen?
"Ria weet, wat se will.","Maria weiß, was sie will."
Kööp de Vullversion.,Kaufe die Vollversion.
Dat is noch nich Vörjohr.,Es ist noch nicht Frühling.
Dat Kleed is gröön.,Das Kleid ist grün.
He hett nich veel Geld.,Er hat nicht viel Geld.
Ik will Töverer warrn.,Ich will Zauberer werden.
"Solang ik leev, schall ik em nienich vergeten.","Solange ich lebe, werde ich ihn niemals vergessen."
Ik heff all söss Finstern dichtmaakt.,Ich habe alle sechs Fenster geschlossen.
Weetst du en good Wöörbook?,Kennst du ein gutes Wörterbuch?
Mi höört en Peerd to.,Mir gehört ein Pferd.
Kennst du de röömschen Tallen?,Kennst du die römischen Zahlen?
"Na, du büst aver en Slüngel.","Na, du bist aber ein Schlingel."
En Swarm Peerhöörnken hett de Kinner angrepen.,Ein Schwarm Hornissen hat die Kinder angegriffen.
Wat för en Klöör hett Henri IV. sien witt Peerd?,Welche Farbe hatte das weiße Pferd Heinrichs des Vierten?
Büst du Student?,Sind Sie Student?
Ik kaam in een Stünn trügg.,Ich komme in einer Stunde zurück.
Man kunn em mit dat blote Oog sehn.,Man konnte ihn mit bloßem Auge sehen.
"Hallo, is Luisa dor?","Hallo, ist Luisa da?"
"Se deed den Koken pröven, wat he sööt noog is.","Sie probierte den Kuchen, um zu sehen, ob er süß genug sei."
Hest du en Kind?,Hast du ein Kind?
Wat wisst du doarmet seggen?,Was willst du damit sagen?
Kann ik dit eten?,Darf ich das essen?
"Ik heff vergäten, em wat to seggen.","Ich habe vergessen, ihm etwas zu sagen."
Ik versuup!,Ich ertrinke!
Do dat Füür ut!,Lösch das Feuer!
Was Tom dor?,War Tom da?
"Dat letzt Maal, dat ik di sehn heff, weer vör twintig Johr.","Das letzte Mal, als ich dich gesehen habe, war vor zwanzig Jahren."
De Stried geiht wieder!,Der Streit geht weiter!
Tom spält ok goot Schach.,Tom spielt auch gut Schach.
Jüst dat!,Genau!
De Buurn hebbt över den veel to natten Sommer klaagt.,Die Bauern klagten über den viel zu nassen Sommer.
Dat köst nix.,Das ist kostenlos.
Dat köst nix.,Das ist gratis.
Köst dat nix?,Ist das kostenlos?
Dat Slimmste an ’n Winter is de Snee.,Das Schlimmste am Winter ist der Schnee.
De Katt speelt geern in ’n Goorn.,Die Katze spielt gerne im Garten.
"Wenn Se wüllt, künnt Se hier teuven.","Wenn Sie wollen, können Sie warten."
Worüm fraagst du?,Warum fragst du?
So hett he de Maschien utfunnen.,So hat er die Maschine erfunden.
Disse Stohl is ut Plastik.,Dieser Stuhl ist aus Plastik.
Dat Water ut dissen Born is keen Drinkwater.,Das Wasser aus diesem Brunnen ist kein Trinkwasser.
Dat fangt nich vör halvig negen an.,Das fängt nicht vor acht Uhr dreißig an.
Wi speelt geern Football.,Wir spielen gern Fußball.
Ik snack dien Spraak.,Ich spreche deine Sprache.
Ik smeck na Solt.,Ich schmecke Salz.
Dat Gesett gellt för elkeen egaalweg.,Das Gesetz gilt für alle.
"Höör op, dat to seggen!","Hör auf, das zu sagen!"
Use Heens leggt veel Eier.,Unsere Hennen legen viele Eier.
De Präsident hett de Slaveree afschafft.,Der Präsident hat die Sklaverei abgeschafft.
Sien Foto weer in ’t Bladd.,Sein Foto war in der Zeitung.
Isabela weer mien eerste Fründin.,Isabela war meine erste Freundin.
Ik heff mien Autoslötel verloren.,Ich habe meinen Autoschlüssel verloren.
"’Keen de Koh tohöört, faat se bi ’n Steert.","Wem die Kuh gehört, der fasse sie beim Schwanz."
Een hett mien Tasch wegnahmen.,Jemand hat meine Tasche weggenommen.
Dor weren man söss Lüüd op de Fier.,Es waren nur sechs Leute auf der Party.
Ik schüddköpp.,Ich schüttelte den Kopf.
Wullt du noch en Tass Tee?,Willst du noch eine Tasse Tee?
Ik müss wählen twüschen A un B.,Ich musste zwischen A und B wählen.
Kaam nich to laat!,Verspäte dich nicht!
Hest du noch nix daan?,Hast du noch nichts getan?
Tom hett nu en egen Kamer.,Tom hat jetzt ein eigenes Zimmer.
Ik heff braken.,Ich habe erbrochen.
"’Keen sien Brood ik eet, den sien Leed ik sing.","Wes Brot ich ess, des Lied ich sing."
Ik kenn ehr twee Johr.,Ich kenne sie seit zwei Jahren.
Tom deed en Liek op ’t Poppeer teken.,Tom zeichnete eine Gerade auf das Papier.
Se hett en groot Tittwark.,Sie hat dicke Titten.
London is een von de gröttsten Städer op de Welt.,London ist eine der größten Städte der Welt.
Ik verstah em nich.,Ich verstehe ihn nicht.
Worüm wullt du disse Spraak lehren?,Warum willst du diese Sprache lernen?
Se höll ehr Ogen slaten.,Sie hielt ihre Augen geschlossen.
Ik will geern Zigarren hebben.,Ich möchte gern Zigarren haben.
Wi hebbt en poor Daag lang keen Fleesch eten.,Wir haben ein paar Tage lang kein Fleisch gegessen.
Düssen Disk is ut Holt maakt.,Dieser Tisch ist aus Holz gemacht.
Ik kenn dien Spraak.,Ich kenne deine Sprache.
Ik deed geern Araabsch lehren.,Ich würde gern Arabisch lernen.
Se weer so dumm un hett dat löövt.,Sie war so dumm und hat es geglaubt.
Dat hett veel sneet.,Es hat viel geschneit.
He mag Schokoladenkoken.,Er mag Schokoladenkuchen.
Büst du dor faken wesen?,Bist du dort oft gewesen?
Judy danst temlich good.,Judy tanzt sehr gut.
Nu is he an ’e Reeg.,Nun ist er an der Reihe.
Ik bün en Masochist.,Ich bin ein Masochist.
"Ik weet, dat ik nix weet.","Ich weiß, dass ich nichts weiß."
Na 125 Johren Entwicklung is kloar: Esperanto is mehr as blos ene Sprook.,Nach 125 Jahren Entwicklung ist klar: Esperanto ist mehr als nur eine Sprache.
Dat warrt koler.,Es wird kälter.
Woneem is de Kass?,Wo ist die Kasse?
En Imm summt.,Eine Biene summt.
"Dat sütt ut, as wenn dat sneen warrt.","Es sieht aus, als wird es schneien."
Gefallt jo dat?,Gefällt euch das?
Ik bün doch keen Baby!,Ich bin doch kein Baby!
Wiehnachten is an ’n 25. Dezember.,Weihnachten ist am 25. Dezember.
Ut nix warrt nix.,Aus nichts wird nichts.
Dat is en lütten Hund.,Es ist ein kleiner Hund.
Dat is en lütten Hund.,Das ist ein kleiner Hund.
Wat hest du köfft?,Was hast du gekauft?
Allens is prima.,Alles ist bestens.
Allens is prima.,Alles ist prima.
Wo lang speelst du al Football?,Wie lange spielst du schon Fußball?
Steve seeg temlich tofreden ut.,Steve sah sehr zufrieden aus.
Ik heff wat mit di to bekören.,Ich muss mit dir über etwas reden.
Ik heff wat mit di to bekören.,Ich habe etwas mit dir zu besprechen.
Se wahnt in en Dörp.,Sie wohnt in einem Dorf.
He is na Paris reist.,Er ist nach Paris gereist.
George wiggt opminnst 70 Kilo.,George wiegt mindestens 70 Kilogramm.
Se güng alleen in ’t Kino.,Sie ging allein ins Kino.
Ik kann Football spelen.,Ich kann Fußball spielen.
Arabien is riek an Ööl.,Arabien ist reich an Öl.
Ik will dat ook nich mehr wedder doon.,Ich will es auch nicht mehr wieder tun.
Ik will as Picasso wesen.,Ich möchte wie Picasso sein.
Ik will as Picasso wesen.,Ich will wie Picasso sein.
Ik heff Jim von mien Kinnertied af an kennt.,"Ich habe Jim gekannt, seitdem ich ein Kind war."
Allerbest!,Klasse!
En Tieger dükert in de Neegd op.,Ein Tiger erscheint in der Nähe.
Carl Benz hett 1886 dat Patent för dat eerste Automobil kregen.,Carl Benz hat 1886 das Patent für das erste Automobil erhalten.
Holt brennt.,Holz brennt.
De Süstern sünd all beid temlich smuck.,Alle beide Schwestern sind sehr hübsch.
Wat von mien Geld is stahlen worrn.,Ein Teil von meinem Geld ist gestohlen worden.
Dat is mien Fohrrad.,Das ist mein Fahrrad.
"Is nu jüst een Johr verleden, dat mien Fründ doodbleven is.","Es ist nun gerade ein Jahr vergangen, dass mein Freund gestorben ist."
Ik heff twee Bröder.,Ich habe zwei Brüder.
"Oh, dat sütt lecker ut!","Oh, das sieht lecker aus!"
En goden Ünneroffzeer sütt sik al as Generaal.,Ein guter Unteroffizier sieht sich schon als General.
En typische Krankenswester maakt so Saken as mit de Miegbuddel helpen un vör en Operation de Steed raseren.,"Eine typische Krankenschwester macht solche Dinge, wie mit der Urinflasche zu helfen und das Operationsfeld zu rasieren."
Is dat dien Kamer?,Ist das dein Zimmer?
Ik mag em nich.,Ich mag ihn nicht.
’Keen is joon Engelschlehrer?,Wer ist euer Englischlehrer?
Un wat maakt wi nu?,Und was machen wir jetzt?
"Ik warr allens doon, üm di to gefallen.","Ich werde alles tun, um dir zu gefallen."
Dat köst twintig Euro.,Das kostet zwanzig Euro.
Wees nich so streng to de Kinner.,Sei nicht so streng zu den Kindern.
Magst du dissen Goorn?,Magst du diesen Garten?
Se is jümmer blied un smüüstert.,Sie ist immer heiter und lächelt.
Ik bün in de vergangen teihn Johr nienich krank wesen.,Ich war in den letzten zehn Jahren nie krank.
Du schusst dien Kinner en good Vörbild wesen.,Du solltest deinen Kindern ein gutes Vorbild sein.
Se hebbt elk för sik betahlt.,Sie zahlten jeder für sich.
Worüm schient de Maand nachtens?,Warum scheint der Mond nachts?
Ik heff ehr Telefoonnummer opschreven.,Ich schrieb ihre Telefonnummer auf.
Dat Huus is hunnert Meter hoog.,Das Haus ist hundert Meter hoch.
Dat Huus is hunnert Meter hoog.,Das Hochhaus ist hundert Meter hoch.
Gaht wi wieder.,Gehen wir weiter.
Mike töövt ünnen.,Mike wartet unten.
"De Buurn harrn fiev Ossen un negen Keih un twölv Schaap vör dat Dörp bröcht, de wullen se verköpen.","Die Bauern hatten fünf Ochsen und neun Kühe und zwölf Schäfchen vor das Dorf gebracht, die wollten sie verkaufen."
"Ik heff gornich mitkregen, dat he rutgahn is.","Ich habe gar nicht mitbekommen, dass er rausgegangen ist."
Ik bün den ganzen Dag tohuus bleven.,Ich bin den ganzen Tag zu Hause geblieben.
Ik bün bang vör wille Deerten.,Ich habe Angst vor wilden Tieren.
Wi sünd laat.,Wir sind spät dran.
Holthüüs fangt licht Füür.,Holzhäuser fangen leicht Feuer.
Wi seten vörn.,Wir saßen vorne.
Ik bruuk em nich mehr.,Ich brauche ihn nicht mehr.
Ik schull dat letztere seggt harrn.,"Das ist das, was ich sagen wollte."
"Harr ik en Hund, deed ik em Tom nömen.","Hätte ich einen Hund, würde ich ihn Tom nennen."
Ik will na Lemberg...,Ich möchte nach Lemberg fahren.
"Jümmer wenn ik mi verköhlt heff, löppt mi de Nees.","Immer wenn ich eine Erkältung habe, läuft meine Nase."
Siet vörig Johr leev ik nich mehr in Sanda.,Seit vorigem Jahr habe ich nicht mehr in Sanda gewohnt.
Mit Geld geiht allens.,Mit Geld geht alles.
He verköfft Grööntüüg in dissen Laden.,Er verkauft Gemüse in diesem Laden.
Wat is dien leevst Gedicht?,Was ist dein Lieblingsgedicht?
De Jung drinkt Melk.,Der Junge trinkt Milch.
Hett he Maria besöcht?,Hat er Maria besucht?
Se köfft en Book in ’n Laden.,Sie kaufte ein Buch in dem Laden.
Wat för en prächtigen Goorn!,Was für ein prächtiger Garten!
"Ik heff vergeten, wat ik seggen wull.","Ich habe vergessen, was ich sagen wollte."
"Vonwegen dat he mi nich doodmaken kunn, heff ik em doodmaakt.","Da er mich nicht töten konnte, tötete ich ihn."
"Dat weer reinen Tofall, dat he dat Speel wunnen hett.","Es war reiner Zufall, dass er das Spiel gewann."
Een Euro sünd een Dollar föfftig Cent.,Ein Euro sind ein Dollar fünfzig Cent.
Ik gah duuschen.,Ich gehe duschen.
Ik wünsch di en gode Reis.,Ich wünsche dir eine gute Reise.
"En goden Ünneroffzeer dröömt dor von, en Generaal to wesen.","Ein guter Unteroffizier träumt davon, ein General zu sein."
De Minister müss Bott geven.,Der Minister musste von seinem Amt zurücktreten.
Se hebbt brune Huud un swart Hoor.,Sie haben braune Haut und schwarze Haare.
Ik heff nix to seggen.,Ich habe nichts zu sagen.
In China warrt na ’n Maandklenner Neejohr fiert.,In China wird nach dem Mondkalender Neujahr gefeiert.
Ik lees jüst en Book.,Ich lese gerade ein Buch.
Ik will dat opeten.,Ich möchte das aufessen.
"Dat is mooi, un dit is ook mooi.","Das ist schön, und das ist auch schön."
He hett de Maschien anmaakt.,Er hat die Maschine eingeschaltet.
Tom keek se en poor Ogenblicken an.,Tom sah sie einige Augenblicke lang an.
Dat is man Gissen.,Das sind nur Vermutungen.
Worüm warrt wi boren?,Warum werden wir geboren?
Hiroko seet dor ganz alleen.,Hiroko saß dort ganz alleine.
Ik speel geern Shogi.,Ich spiele gerne Shogi.
Ik heff ehr noch nie vörher sehn.,Ich habe sie noch nie zuvor gesehen.
Dat Vörjohr is vörbi un de Sommer fangt an.,Das Frühjahr ist vorbei und der Sommer fängt an.
Wat hest du seggt? Kannst dat noch wedder seggen?,Was hast du gesagt? Kannst du das wiederholen?
De April is de veerte Maand in ’t Johr.,April ist der vierte Monat im Jahr.
De April is de veerte Maand in ’t Johr.,April ist der vierte Monat des Jahres.
De Batterie is leddig.,Die Batterie ist leer.
De Batterie is leddig!,Die Batterie ist leer!
Ik will keen Sucker.,Ich will keinen Zucker.
He kümmert sik nich üm sien Kinner.,Er kümmert sich nicht um seine Kinder.
"Deit mi leed, ik heff ganz un gor vergeten dat to doon.","Verzeihung, ich habe es total vergessen, das zu tun."
De Diek is dree Meter deep.,Der Teich ist 3 Meter tief.
De Diek is dree Meter deep.,Der Teich ist drei Meter tief.
Hebbt ji al eten?,Habt ihr schon gegessen?
Heff ik mi verjaagt! Sliek di doch nich so von achtern an!,Hab ich mich erschreckt! Schleich dich doch nicht so von hinten an!
Dor weer nüms in ’n Goorn.,Da war niemand im Garten.
Du musst gedülliger wesen.,Du musst geduldiger sein.
Peter is opstunns nich dor.,Peter ist im Moment abwesend.
Kennst du ehr?,Kennst du sie?
Du kennst ehr?,Du kennst sie?
Se kriggt ehr Kind in ’n Juli.,Sie bekommt ihr Kind im Juli.
Gah nich weg!,Gehe nicht weg!
Gah nich weg!,Geh nicht weg!
Woans warrt disse Vagel nöömt?,Wie nennt man diesen Vogel?
Hebbt ji en Stadplaan?,Haben Sie einen Stadtplan?
Hebbt ji en Stadplaan?,Habt ihr einen Stadtplan?
Ik will dor nix mit to doon hebben.,Ich möchte damit nichts zu tun haben.
Dor will ik nix mit to doon hebben.,Damit will ich nichts zu tun haben.
Tom hett ok keen Smacht.,Tom hat auch keinen Hunger.
"Ik weet, wo swor di dat fallt.","Ich weiß, wie schwer dir das fällt."
Tom reist veel.,Tom reist viel.
Ik heff Schmacht.,Ich habe Hunger!
Dat is en Sneemann.,Das ist ein Schneemann.
Tom hett al Middag eten.,Tom hat schon zu Mittag gegessen.
Wi staht mit uns Rügg gegen de Müür.,Wir stehen nun mit unserem Rücken an der Wand.
Ik plan in en Puff te arbeden.,"Ich plane, in einem Bordell zu arbeiten."
Se wüllt na’e Ukraine.,Sie wollen in die Ukraine.
Uns Vörfohren kemen vör 150 Johr in dit Land.,Unsere Vorfahren kamen vor 150 Jahren in dieses Land.
Ik mag Tee lever as Kaffe.,Ich mag Tee lieber als Kaffee.
Ik mag Kaffe lever as Tee.,Kaffee mag ich lieber als Tee.
En Pogg keem ut dat Water.,Ein Frosch kam aus dem Wasser.
Dat Slott steiht an en schönen See.,Das Schloss steht an einem schönen See.
Ik söök en Pullover.,Ich suche einen Pullover.
Ik heff dat Bild al maal sehn.,Ich habe das Bild schon mal gesehen.
Du dröffst en poor Daag lang nix eten.,Du darfst ein paar Tage lang nichts zu dir nehmen.
Ik heff miene Fantasie bruukt.,Ich habe meine Phantasie benutzt.
Ik heff miene Fantasie bruukt.,Ich habe meine Phantasie bemüht.
De Levensduur von son Batterien is üm un bi dree Johr.,Die Lebensdauer solcher Batterien beträgt ungefähr drei Jahre.
Laat uns de Kassett anhören.,Lasst uns die Kassette anhören.
"Wenn allens good löppt, slütt he dat Studium 2001 af.","Wenn alles gut läuft, schließt er das Studium 2001 ab."
Gah trügg op dien Platz.,Geh zurück auf deinen Platz.
Schmidt hätt küert un Kohl hätt schullen.,Schmidt hat gesprochen und Kohl hat geschimpft.
Miene Frünn hebbt mi to ’n Eten nödigt.,Meine Freunde luden mich zum Essen ein.
Se is mit ’n Bus na Chicago föhrt.,Sie fuhr mit dem Bus nach Chikago.
Du musst ehre Wanung seen.,Du musst ihre Wohnung sehen.
Du musst ehre Wanung seen.,Du solltest ihre Wohnung sehen.
Disse Blomen hebbt en apartigen Röök.,Diese Blumen haben einen einzigartigen Geruch.
"Nickel is en hart, hell sülvern Metall.","Nickel ist ein hartes, hell silbernes Metall."
"Ik weet nich, ’keen den Koken maakt hett.","Ich weiß nicht, wer den Kuchen gemacht hat."
Se hett mit em weddt.,Sie hat mit ihm gewettet.
"De Tweeschen gliekt sik so dull, dat dat meist nich mööglich is, de twee uteneentohollen.","Die Zwillinge sehen sich so ähnlich, dass es so gut wie unmöglich ist, den einen vom anderen zu unterscheiden."
Smöökt ji?,Raucht ihr?
Se is binah sösstig.,Sie ist beinahe sechzig.
Ik bün kaputt.,Ich bin kaputt.
Dat Book höört mi to.,Das Buch gehört mir.
Dat Book höört mi to.,Dieses Buch gehört mir.
"Ick wüss nich, dat he dor weer.","Ich wusste nicht, dass er da war."
"Ick wüss nich, dat he dor weer.","Ich wusste nicht, dass er hier war."
Stööv dat Reck af.,Staube das Reck ab.
"Hest du dor wat gegen, wenn ik dat finster apendo?","Hättest du etwas dagegen, wenn ich das Fenster öffne?"
"Sodraad he mi sehn deed, lööp he weg.","Sobald er mich gesehen hatte, lief er weg."
He seet achter Tralljen.,Er saß hinter Gittern.
Meg ehr Hoor sünd von Natuur krüllt.,Megs Haare haben natürliche Locken.
De See is störmsch.,Die See ist stürmisch.
"Ik kann mi noch op en Geschicht besinnen, de miene Oma mi vertellt hett.","Ich erinnere mich an eine Geschichte, die meine Oma mir erzählt hat."
Kann ik mit mien Kreditkoort betahlen?,Kann ich mit meiner Kreditkarte bezahlen?
Häng dien Mantel an ’n Haken.,Häng deinen Mantel an den Haken.
"Dat is nich so slimm, as du denkst.","Es ist nicht so schlimm, wie du denkst."
Köönt ji mi bi de Bibliotheek afsetten?,Könnt ihr mich an der Bibliothek absetzen?
"Segg uns, wat wi nu doon schöölt.","Sag uns, was wir als Nächstes tun sollen."
Ik kann mien Navers nich utstahn.,Ich kann meine Nachbarn nicht ausstehen.
"Wasch diene Fööt, dat du den Dreck afkriggst.","Wasch deine Füße, damit du den Dreck herunter bekommst."
Wi hebbt noog Water.,Wir haben genug Wasser.
Dat Leven is as en Reis.,Das Leben gleicht einer Reise.
He keem ook nich.,Er kam auch nicht.
Sünd Supp un Salaat in dissen Pries mit in?,Sind Suppe und Salat in diesem Preis enthalten?
Worüm sünd in mien Salaatbedd soveel Sniggen?,Warum sind in meinem Salatbeet so viele Schnecken?
’Keen hett mi mien Korv mit Fleesch stahlen?,Wer hat mir meinen Korb mit Fleisch gestohlen?
Wi hebbt an ’n Strand speelt.,Wir haben am Strand gespielt.
Villicht harr ik dat beter nich doon schullt.,Vielleicht hätte ich das besser nicht tun sollen.
Wi hebbt ehrder as ans Middag eten un sünd halvig een loosgahn.,Wir haben früher als sonst zu Mittag gegessen und sind um 12:30 Uhr losgegangen.
"Ik verstah nich, wo ji von snackt.","Ich verstehe nicht, worüber ihr redet."
Dat Klima hier is as in Frankriek.,Das Klima hier ist wie in Frankreich.
Ik heff en Hartanfall hatt.,Ich habe einen Herzanfall gehabt.
Dat schall nu en lütt beten weh doon.,Das wird jetzt ein klein wenig weh tun.
Ik bün ’n Udel.,Ich bin von Beruf Polizist.
Ik speel up wat anners an.,Ich spiele auf etwas anderes an.
Ik mag dissen Hund.,Ich mag diesen Hund.
Ik schall di dat Autoföhren lehren.,Ich werde dir das Autofahren beibringen.
Du dröffst nich rechts föhren.,Du darfst nicht rechts fahren.
De Brügg is ut Steen.,Die Brücke dort ist aus Stein.
Wullt du wat to eten?,Möchtest du etwas zu essen?
Wat wullt du to eten?,Was möchtest du zu essen?
’Keen arbeidst du för?,Für wen arbeitest du?
Börgermeester Beccaria is dood.,Bürgermeister Beccaria ist tot.
He is Busfohrer.,Er ist Busfahrer.
Man sien Frünn nöömt em Ken.,Aber seine Freunde nennen ihn Ken.
"Kiek na, ’keen dat is.","Schau nach, wer es ist."
Du rückst ut ’n Mund.,Du hast Mundgeruch.
Dat lett as wenn he toslapen is.,Er scheint eingeschlafen zu sein.
En Moskito hett mi jüst staken.,Ein Moskito hat mich gerade gestochen.
Miene Mudder hett dat Huus vör teihn Minuten verlaten.,Meine Mutter hat das Haus vor zehn Minuten verlassen.
De Toilett weer achter de Trepp.,Die Toilette befindet sich hinter der Treppe.
Dat Baby weent de ganze Nacht.,Das Baby weinte die ganze Nacht.
"Gebildt' Lüd drapen sick, säd de Voss, dunn güng hei mit de Gaus spazieren.","Gebildete Leute treffen sich, sagte der Fuchs, dann ging er mit der Gans spazieren."
Wi segen em narms.,Wir sahen ihn nirgends.
Se is ook Verköpersch.,Sie ist auch Verkäuferin.
Dat köönt wi nich doon.,Das können wir nicht tun.
Se köff en niggen polter.,Sie kaufte ein neues Hemd.
Dat Hauhn is in de Köök.,Das Huhn ist in der Küche.
Ik heff en beten Fever.,Ich habe ein wenig Fieber.
Wat is dien Verscheel över mien Book?,Was ist deine Meinung über mein Buch?
Dat Experiment harr Spood.,Das Experiment war erfolgreich.
A is fiev Maal länger as B.,A ist fünfmal länger als B.
En Riesschaal wiggt üm un bi 180 Gramm.,Eine Reisschale wiegt ca. 180 Gramm.
Se schullen Gummistevel hebben.,Sie sollten Gummistiefel haben.
Ik gah to Foot na School.,Ich gehe zu Fuß zur Schule.
He wull en to groten Boom mit sien Biel ümmaken.,Er wollte einen zu großen Baum mit seinem Beil fällen.
Ik heff en Katt un en Hund.,Ich habe eine Katze und einen Hund.
Dat Lock is groot noog.,Das Loch ist groß genug.
Vergangen Nacht heff ik en Book leest.,Letzte Nacht las ich ein Buch.
Bill di dor man nix op in!,Bilde dir nur nichts darauf ein!
Ick heff de Schieterigge.,Ich habe Durchfall.
Se hett veel Frünn in Hongkong.,Sie hat viele Freunde in Hongkong.
Sien Leven is in Gefohr.,Sein Leben ist in Gefahr.
Wullt du Geld?,Möchtest du Geld?
Dat is nich mien Schuld!,Das ist nicht meine Schuld.
Dat is nich mien Schuld.,Das ist nicht meine Schuld.
Japaansch is mien Moderspraak.,Japanisch ist meine Muttersprache.
He is de gröttste von de dree.,Er ist der größte von den dreien.
Ik söök na dien Süster. Woneem is de?,Ich suche nach deiner Schwester. Wo ist sie?
He bevert as Eschenloov.,Er zittert wie Espenlaub.
Worüm hest du mi hüüd nacht nich anropen?,Wieso hast du mich letzte Nacht nicht angerufen?
"’Keen swiggt, stimmt to.","Wer schweigt, stimmt zu."
Se slöög em in ’t Gesicht.,Sie ohrfeigte ihn.
Se slöög em in ’t Gesicht.,Sie schlug ihm ins Gesicht.
Se harrn jemehr egen Kultuur.,Sie hatten ihre eigene Kultur.
Dat blifft ünner uns.,Das bleibt unter uns.
Du dröffst nich rinkamen.,Du darfst nicht reinkommen.
Büst du al maal in dissen Kroog wesen?,Warst du schon mal in dieser Wirtschaft?
Ahn Maschienen kunnen wi nich mehr leven.,Ohne Maschinen können wir nicht mehr leben.
Segg sowat nich noch wedder.,Sag sowas nicht noch einmal.
Snack nich leeg von annere.,Rede nicht schlecht von anderen.
"„Wo finnst du dat, dat sik Tom stickum mit Anna dröppt?“ – „Dull finn ik dat nich, man dat is mi ook nich wichtig noog, üm mi dor över uptorägen.“","„Wie findest du es, dass sich Tom heimlich mit Anna trifft?“ – „Toll finde ich es nicht, aber es ist mir auch nicht wichtig genug, um mich darüber aufzuregen.“"
De Gardien füng Füür.,Die Gardine fing Feuer.
Weest mien Gäst!,Seid meine Gäste!
In twee Weken föhrt wi Skilopen in ’e Bargen.,In zwei Wochen fahren wir zum Skilaufen in die Berge.
De Mandant hett mit sien Avkaat snackt.,Der Mandant sprach mit seinem Anwalt.
Dröff ik en Bild von di maken?,Darf ich ein Bild von dir machen?
De Brügg warrt opstunns nee streken.,Die Brücke wird gerade neu gestrichen.
Wi süngen tohoop de Esperanto-Hymne.,Wir sangen zusammen die Esperanto-Hymne.
Ik kann mi noch swack op dat Begeevnis besinnen.,Ich erinnere mich schwach an das Ereignis.
Ik verwacht nix von di.,Ich erwarte nichts von dir.
He hett sik an sien Been links opereren laten.,Er hat sich an seinem linken Bein operieren lassen.
En Mann keem neger.,Ein Mann kam näher.
Ahn di bün ik nix.,Ohne dich bin ich nichts.
"Se hett jümmer wedder seggt, dat se unschüllig is.","Sie hat immer wieder gesagt, dass sie unschuldig ist."
He deed dat Glas mit Wien füllen.,Er füllte das Glas mit Wein.
Wat wullt du doon?,Was willst du tun?
Hest du good slapen?,Hast du gut geschlafen?
He is mien Naver.,Er ist mein Nachbar.
China is dat gröttste Land in Asien.,China ist das größte Land in Asien.
Dat dalladen vun de Data is afsluten.,Das Runterladen der Datei ist abgeschlossen.
Du musst dien Opgaven doon.,Du musst deine Aufgaben erledigen.
He is bi ’t Skiföhren henfullen un hett sik den Arm braken.,Er ist beim Skifahren hingefallen und hat sich den Arm gebrochen.
Hest du em drapen?,Hast du ihn getroffen?
Dat warrt elk Dag hitter un hitter.,Es wird von Tag zu Tag heißer.
Dat is en Toorn.,Das ist ein Turm.
De Katt lickt sik den Oors.,Die Katze leckt sich den Hintern.
Wi harrn dichten Daak in London.,Wir hatten dichten Nebel in London.
Laat uns hier langs gahn.,Lasst uns diesen Weg gehen.
Dat warrt düüster buten.,Es wird draußen dunkel.
Wat maakst du nu?,Was tust du gerade?
He weer in Frankriek.,Er war in Frankreich.
Ehr Hoor is lang.,Ihre Haare sind lang.
De Supp is to solt.,Die Suppe ist zu salzig.
He hett de Deek blau streken.,Er strich die Decke blau.
De Boor is temlich tamm un bitt nich.,Der Bär ist ziemlich zahm und beißt nicht.
Snackst du Sweedsch?,Sprichst du Schwedisch?
He hett sien Arbeid verloren.,Er hat seine Arbeit verloren.
An dien Steed deed ik dat anners maken.,"Wenn ich du wäre, würde ich das so nicht machen."
Ik bün allergisch gegen Fisch.,Ich bin allergisch gegen Fisch.
Ik lees keen Böker.,Ich lese keine Bücher.
"Dat weer swoor, dat Radels to lösen.","Es war schwer, das Rätsel zu lösen."
Ik heff em över de Straat gahn sehn.,"Ich sah, wie er die Straße überquerte."
Ik heff de Katt in ’t Gnick packt.,Ich packte die Katze am Nacken.
Ik bün nu temlich mööd.,Ich bin jetzt sehr müde.
Du schusst nich toveel Bontjes eten.,Du solltest nicht zu viele Bonbons essen.
Hest du opstunns to doon?,Bist du im Moment beschäftigt?
He driggt siene Böker ünner ’n Arm.,Er trägt seine Bücher unter dem Arm.
Hebbt ji en Antwoord kregen?,Habt ihr eine Antwort bekommen?
De Rosen in ’n Goorn rüükt good.,Die Rosen im Garten riechen gut.
"Ik harr vör, Dokter to warrn.","Ich hatte vor, Arzt zu werden."
Se hett em beten.,Sie hat ihn gebissen.
He is groot un dick un hett jümmer to doon.,Er ist groß und dick und immer beschäftigt.
Ik heff em in ’t Huus gahn sehn.,Ich sah ihn ins Haus gehen.
De Kuur hett di good daan.,Die Kur hat dir gut getan.
Bliffst du vonavend tohuus?,Bleibst du heute Abend zuhause?
Hest du keen Döst?,Hast du keinen Durst?
"Du hest Glück hatt, dat he di nich beten hett.","Du hast Glück gehabt, dass er dich nicht gebissen hat."
De Dichter hett en beten mehr as twintig Joht hier leevt.,Der Dichter lebte etwas mehr als zwanzig Jahre hier.
"Good, nimm dat.","Gut, nimm es."
"’Keen is de Jung, de de Rull von Peter Pan speelt?","Wer ist der Junge, der die Rolle des Peter Pan spielt?"
Se hett stünnenlang op em töövt.,Sie hat stundenlang auf ihn gewartet.
Wat dat wat warrt? Dat warrt wat!,Ob das etwas wird? Das wird was!
Wat dat wat warrt? Dat warrt wat!,Kann es gelingen? Es wird gelingen!
Ehr Geschicht hett sik as wohr rutstellt.,Ihre Geschichte hat sich als wahr herausgestellt.
He hett so sien Nücken.,Er hat so seine Eigenarten.
He hett so sien Nücken.,Er hat so seine Grillen.
Man woneem sünd wi?,Aber wo sind wir?
Ik bün för dree Doog hier.,Ich bin für drei Tage hier.
Se hett mien Anbott aflehnt.,Sie lehnte mein Angebot ab.
Dröff ik dit Book utlehnen?,Darf ich dieses Buch ausleihen?
Ik deed geern in Frankriek wahnen.,Ich würde gerne in Frankreich wohnen.
Dat is kaputt.,Das ist kaputt.
Ik kaam ut Brasilien.,Ich komme aus Brasilien.
Dat is nich mien Beer!,Das ist nicht mein Bier!
In ’n Harvst fallt de Bläder.,Im Herbst fallen die Blätter.
In ’n Harvst fallt de Bläder.,Im Herbst fällt das Laub.
Disse Schilleree is veel Geld weerd.,Dieses Gemälde ist viel Geld wert.
De Maand geiht toenn.,Der Monat geht dem Ende zu.
Soldaten sünd Gefohr wennt.,Soldaten sind Gefahr gewohnt.
Hol dinen Sabbel un luster to.,Halt den Mund und hör zu.
Hol dinen Sabbel un luster to.,Halt den Mund und hör zu!
En Dwargknienken schull nienich alleen leven.,Ein Zwergkaninchen sollte niemals allein leben.
"Wo mehr du arbeidst, wo mehr verdeenst du.","Desto mehr du arbeitest, desto mehr verdienst du."
Se hööl de Luft an.,Sie hielt den Atem an.
He güng na ’t Butenland.,Er ging ins Ausland.
Wo laat is dat?,Wie spät ist es?
Wo bedankt man sik up Japaansch?,Wie bedankt man sich auf Japanisch?
He jökelt jümmer rüm.,Er macht ständig Witze.
He jökelt jümmer rüm.,Er scherzt immer herum.
In ’n Krieg hebbt se veel Klocken insmulten.,Im Krieg haben sie viele Glocken eingeschmolzen.
Tom rokt.,Tom raucht.
"Ik wull, ik harr en Koort för dat Kunzert köfft.","Ich wünschte, ich hätte eine Karte für das Konzert gekauft."
"Hett mi een anropen, as ik buten weer?","Hat mich jemand angerufen, während ich draußen war?"
Hest du Schoh un Söcken?,Hast du Schuhe und Socken?
Ik bün Muslim.,Ich bin Muslim.
Ik bün Muslim.,Ich bin ein Moslem.
Ik bün Muslim.,Ich bin Moslem.
Beter wat as gornix.,"Besser etwas, als gar nichts."
Se deed em en Pullover knütten.,Sie strickte ihm einen Pullover.
Ik weer kaputt.,Ich war erschöpft.
Ji mööt nich glieks gahn.,Ihr müsst nicht sofort gehen.
"Briänniëdelmiddag: Schmikket guëd, aober wenn et gieden häs, mosse di henleggen, süs mosse briäken.","Brennnesseleintopf: Schmeckt gut, aber wenn du ihn gegessen hast, musst du dich hinlegen, sonst musst du brechen."
"Ik heff em drapen, as he in Japan weer.","Ich habe ihn getroffen, als er in Japan war."
Mien Huus is dien Huus.,Mein Haus ist dein Haus.
Worüm büst du to laat kamen?,Warum bist du zu spät gekommen?
Jüst dat wull ik.,Genau das wollte ich.
Ik heff ehr tofällig op ’n Bahnhoff drapen.,Ich habe sie zufällig auf dem Bahnhof getroffen.
Ik besitt man teihn Böker.,Ich besitze nur zehn Bücher.
He deed sik gau an ’t kole Weder wennen.,Er gewöhnte sich schnell an kaltes Wetter.
Ik weet nix von ehr.,Ich weiß nichts von ihr.
Ik weet nix von ehr.,Ich weiß nichts über sie.
He verlett sik jümmer op annere.,Er verlässt sich stets auf andere.
Se möök dat Radio lieser.,Sie stellte das Radio leiser.
Nancy schall woll nienich mit mi utgahn. Ik speel nich in ehr Liga.,Nancy wird niemals mit mir ausgehen. Ich spiele nicht in ihrer Liga.
He weer bet op de Knaken dörnaat von ’n Regen.,Er war bis auf die Knochen durchnässt vom Regen.
Wat hest du vonavend vör?,Was hast du heute Abend vor?
De Postbaad maakt den Breevkassen leddig.,Der Postbote leert den Postkasten.
Nu is ’t hen.,Jetzt isses im Eimer.
Japaners sünd Asiaten.,Japaner sind Asiaten.
Ik bün utgahn.,Ich ging aus.
Ik bün utgahn.,Ich bin ausgegangen.
Fraag nich.,Frag nicht.
"Ik wull würklich geern weten, worüm as he sowat daan hett.","Ich möchte wirklich gerne wissen, weshalb er so etwas gemacht hat."
Roop foorts 110.,Ruf sofort die 110.
De eerste Deel von dit Book speelt in Florenz.,Der erste Teil dieses Buches ist in Florenz angesiedelt.
Kiek man sturr op mien Finger.,Bitte betrachte starr meinen Finger.
Ik kann mi good op em besinnen.,Ich kann mich gut an ihn erinnern.
"Wenn use Katten 'ne Kau wör, dann mösten we up 'n Balken taun melken!","Wenn unsere Katze eine Kuh wäre, müssten wir zum Melken hoch auf den Balken."
"Ik begriep, wat du seggst.","Ich begreife, was du sagst."
Dat Schipp hett keen Radar.,Dieses Schiff ist nicht mit Radar ausgestattet.
Magst du lever Wittwien oder Roodwien?,Magst du lieber Weißwein oder Rotwein?
Denk dor nich maal an!,Denke darüber nicht einmal nach!
De Kinner hebbt sik na de School en Pizza deelt.,Die Kinder teilten sich nach der Schule eine Pizza.
Ik bruuk en Hamer.,Ich brauche einen Hammer.
Mien Reekner föhrt nich mehr hooch.,Mein Rechner fährt nicht mehr hoch.
Kien Minske kann twehunnert Jaor liäwen.,Kein Mensch wird zweihundert Jahre alt.
Beweeg dien Achterdeel un gah dor op dal!,Lüfte deinen Hintern und geh los!
Beweeg dien Achterdeel un gah dor op dal!,Krieg deinen Arsch hoch und mach voran!
Se deed blangen em sitten un harr de Ogen slaten.,Sie saß neben ihm mit geschlossenen Augen.
De Mudder deed dat Kind küssen.,Die Mutter küsste das Kind.
In 2001 hebbt Terroristen dat World Trade Center vun New York angrepen.,2001 haben Terroristen das World Trade Center in New York angegriffen.
"Wenn et löpt, dann löpt et.","Wenn es läuft, dann läuft es."
En halv Brood is beter as gornix.,Ein halber Laib Brot ist besser als gar nichts.
Föhrst du mit ’n Bus na School?,Fährst du mit dem Bus zur Schule?
Hier is en Book.,Hier ist ein Buch.
Kannst du dat Radels lösen?,Kannst du das Rätsel lösen?
He kann sik al nich mehr op de Been hollen.,Er kann sich schon nicht mehr auf den Beinen halten.
Wi mööt noch dat Hau kehren un Holt hacken.,Wir müssen noch das Heu wenden und Holz hacken.
"Denkst du, dat Fisch hören köönt?","Meinst du, dass Fische hören können?"
Ik bün ut Sambia.,Ich bin aus Sambia.
"Snacken köönt wi all, doon is en Ding.","Handle, rede nicht."
De Laden is op de anner Stratensied.,Der Laden ist auf der anderen Straßenseite.
Un worüm dat?,Und warum das?
Ik heff miene Autoslötels verloren.,Ich habe meine Autoschlüssel verloren.
Dien Portmoneet liggt op ’n Kiekschapp.,Dein Portemonnaie liegt auf dem Fernseher.
He deed ehr von Kopp bet Foot munstern.,Er musterte sie von Kopf bis Fuß.
"Em is dat egaal, wat he itt.","Ihm ist es egal, was er isst."
Disse Soort Kledaasch is jüst Mood.,Diese Art von Kleidung ist gerade in Mode.
Wat is mit em?,Was ist mit ihm?
Woneem doot se dat?,Wo machen sie das?
To ’n Glück is nüms natt worrn.,Glücklicherweise wurde niemand nass.
Süst du den Ingang von ’n Park?,Siehst du den Eingang von dem Park?
Uns Feernseher geiht al wedder nich.,Unser Fernseher ist schon wieder defekt.
Du hest in ’t Swarte drapen.,Du hast ins Schwarze getroffen.
Tom keek in den Nachthimmel.,Tom sah in den Nachthimmel.
Se hett temlich kort Hoor.,Sie hat sehr kurzes Haar.
"Wo denkst du an, wenn du dit Bild ankickst?","Woran denkst du, wenn du dieses Bild betrachtest?"
Du musst nich glieks gahn.,Du musst nicht sofort gehen.
Dor sitt en Bayer mit en Ledderbüx.,Dort sitzt ein Bayer in einer Lederhose.
Tom hett nich soveel Frünn as Ria.,Tom hat nicht so viele Freunde wie Maria.
Dit is en DVD.,Das ist eine DVD.
Vörig Nacht hebbt wi von op ’t Dack de Steerns bekeken.,Letzte Nacht haben wir die Sterne vom Dach aus angesehen.
"Ik heff vergäten, ehr wat to vertellen.","Ich habe vergessen, ihr etwas zu sagen."
Bet na ’n Bahnhoff is dat en good Enn.,Bis zum Bahnhof ist es ein ganzes Stück.
Ik heff dree Hunnen.,Ich habe drei Hunde.
"Ik heff höört, dat du wunnen hest. Glückwunsch!","Ich habe gehört, dass du gewonnen hast. Glückwunsch!"
Ik holl Verspreken jümmer.,Versprechen halte ich immer.
Ik bün jünger as he.,Ich bin jünger als er.
Se is noch nich hier.,Sie ist noch nicht hier.
Dat weer Nacht.,Es war Nacht.
"Ik bün in Osaka boren, man in Tokyo opwussen.","Ich wurde in Osaka geboren, bin aber in Tokyo aufgewachsen."
Disse Tee is to bitter.,Dieser Tee ist zu bitter.
"Wies mi, woneem dat weh deit.","Zeig mir, wo es weh tut."
He harr en Unfall.,Er hatte einen Unfall.
Ik harr Glück.,Ich hatte Glück.
He is mien Fründ. Kennt ji em?,Das ist mein Freund. Kennt ihr ihn schon?
He is mien Fründ. Kennt ji em?,Er ist mein Freund. Kennt ihr ihn?
Dat steiht in sien Book.,Das steht in seinem Buch.
De Butenminister von Libyen is överlopen.,Libyens Außenminister ist übergelaufen.
An ’n Dingsdag drippt sik dat Parlament.,Am Dienstag tagt das Parlament.
"Segg mi, wat du denkst.","Sag mir, was du denkst."
Woans warrt joon Achternaam utspraken?,Wie spricht man euren Nachnamen aus?
Jim deed sik mellen.,Jim zeigte auf.
Ik bün nich dumm.,Ich bin nicht dumm.
He deed sik blangen ehr setten.,Er setzte sich neben sie.
Ik heff de Autobahn 58 nahmen.,Ich habe die Autobahn 58 genommen.
Hebrääsch is en swoore Spraak.,Hebräisch ist eine schwere Sprache.
"Elk Dag bruukt wi veel Saken, de Edison utfunnen hett.","Jeden Tag benutzen wir viele Dinge, die Edison erfunden hat."
Du kannst nich wiedergahn.,Du kannst nicht weitergehen.
Bi ’t Skiföhren heff ik mi mien Been braken.,Beim Skifahren habe ich mir mein Bein gebrochen.
Ik heff en Hund.,Ich habe einen Hund.
Ik mag lever Selter.,Ich mag lieber Sprudel.
Ik mag lever Selter.,Ich mag lieber Mineralwasser.
Ik mag lever Selter.,Ich mag lieber Selters.
"Se hebbt en Graffsteen över dat Graff opstellt, de över den Haven kickt.","Sie haben einen Grabstein über dem Grab errichtet, der über den Hafen blickt."
Wullt du mit mi danzen?,Willst du mit mir tanzen?
"Dat is dat Book, dat du söchst.","Das ist das Buch, das du suchst."
He seet op de Bank in ’n Park.,Er saß auf der Bank in einem Park.
Maak dat Finster dicht!,Mach das Fenster zu!
Dat is meist vörbi.,Es ist fast vorbei.
Wi brukt em nich.,Wir brauchen ihn nicht.
Ik heff dree Daag nix mehr eten.,Ich habe drei Tage nichts mehr gegessen.
Du schusst di bi em bedanken.,Du solltest dich bei ihm bedanken.
Tom deed sien Mantel un sien Hanschen uttehn.,Tom zog seinen Mantel und seine Handschuhe aus.
Vonavend will ik na en Kunzert gahn.,Heute Abend will ich in ein Konzert gehen.
De Mann springt över ’n Beek röver.,Der Mann springt über den Bach hinweg.
"Ik weet nich mäer, wat ik doon schall.","Ich weiß nicht mehr, was ich tun soll."
"Se kunn föhlen, wo ehr Kneen beven deden.","Sie konnte fühlen, wie ihre Knie zittern."
’Keen wullst du dat verköpen?,Wo willst du das verkaufen?
Du büst alltied to laat.,Du bist immer zu spät.
"Ik weet, dat dat swoorfallt.","Ich weiß, dass das schwerfällt."
Mien Huus liekt dien.,Mein Haus ähnelt deinem.
"Mi dücht, dat is to groot!","Ich denke, es ist zu groß!"
Ik mag ’n Winter.,Ich mag Winter.
Good daan is beter as good seggt.,Gut getan ist besser als gut gesagt.
He drünk Beer.,Er trank Bier.
Worüm maakst du keen Diäät?,Warum machst du keine Diät?
He hett twee Böker schreven.,Er hat zwei Bücher geschrieben.
Ik heff nüms to’n Snacken.,Ich habe niemanden zum Reden.
Ik roop foorts en Dokter.,Ich werde sofort einen Arzt rufen.
Dit is mien Schrievdisch.,Dies ist mein Schreibtisch.
Se schall mi vonnamiddag besöken kamen.,Sie wird mich heute Nachmittag besuchen kommen.
Markus hett mien Book.,Markus hat mein Buch.
"Deit mi leed, ik heff di lang töven laten.","Entschuldige, ich habe dich lange warten lassen."
Speel mi en beten Chopin.,Spiel mir ein bisschen Chopin vor.
Vonmorgen hett dat musselt.,Heute früh hat es genieselt.
De Wind hett önnig weiht an den Dag.,Der Wind war stark an dem Tag.
Mien Franzöösch is gresig.,Mein Französisch ist lausig.
Woneem leevst du nu?,Wo lebst du nun?
Uns Hund kuhlt sien Knaken in ’n Goorn in.,Unser Hund vergräbt seine Knochen im Garten.
Hest du faken Neesblöden?,Hast du oft Nasenbluten?
"Ik kunn de Klöör von sien Hemd nich kennen, dat weer dor buten to düüster.","Ich konnte die Farbe seines Hemds nicht erkennen, denn es war zu dunkel draußen."
He sett den Buur op ’n Eddelmann.,Er setzt den Bauern auf den Edelmann.
Ik heff disse Nacht good slapen.,Ich habe diese Nacht gut geschlafen.
Ik bün bang vör Rulltreppen.,Ich habe Angst vor Rolltreppen.
"Regeln sünd dor, üm braken to warrn.","Regeln sind da, um gebrochen zu werden."
Tom hett al den ganzen Dag noch nix äten.,Tom hat den ganzen Tag noch nichts gegessen.
He is Armeeoffzeer.,Er ist Armeeoffizier.
Ik wull Philosoph warrn.,Ich wollte Philosoph werden.
Worüm weent dat Baby?,Warum weint das Baby?
Dat Lehren von en Frömdspraak feddert Gedüür.,Das Erlernen einer Fremdsprache erfordert Geduld.
He drück mi gegen de Wand.,Er drückte mich gegen die Wand.
Tom und Ria hebbt vör twee Weken hieradt.,Tom und Maria haben sich vor zwei Wochen verheiratet.
Tom und Ria hebbt vör twee Weken hieradt.,Tom und Maria haben vor zwei Wochen geheiratet.
Dien Neeslock is veel grötter as mien.,Dein Nasenloch ist viel größer als meines.
Wullt du en beten Melk?,Möchtest du etwas Milch?
Wullt du en beten Melk?,Willst du ein bisschen Milch?
Dat weer en gresigen Unfall.,Das war ein schrecklicher Unfall.
Nüms hett dissen Satz wegdaan.,Niemand hat diesen Satz gelöscht.
Ik wull na China.,Ich wollte nach China.
Michael hett Dora dat geven.,Michael gab das Dora.
Se hett de hele Nacht roort.,Sie hatte die ganze Nacht geheult.
Sünd ji all Kanadiers?,Seid ihr alle Kanadier?
"De Schäper tellt sien Schaap: „Een, twee, dree, veer, fiev … eenhunnerd.“","Der Schäfer zählt seine Schafe: ""Eins, zwei, drei, vier, fünf ... einhundert."""
Dat is en Zitronenboom.,Das ist ein Zitronenbaum.
Mi kellt de Kusen.,Ich habe Zahnschmerzen.
En Peerd hett Tom bäten.,Ein Pferd hat Tom gebissen.
"Ik wull jo ja geern helpen, man ik heff jüst to doon.","Ich würde euch ja gern helfen, aber ich bin gerade beschäftigt."
Is Freedag en Disch för twee free?,Ist am Freitag ein Tisch für zwei frei?
Se deed uns mit en Smüüstern begröten.,Sie begrüßte uns mit einem Lächeln.
Is nich allens Gold wat blinkt.,"Es ist nicht alles Gold, was glänzt."
Dor weren veel Lüüd.,Da waren viele Leute.
De Kinner speelt mit dat Speeltüüg.,Die Kinder spielen mit dem Spielzeug.
Ik seh dien Huus.,Ich sehe dein Haus.
He hett mien Geldbüdel nich stahlen.,Er hat meinen Geldbeutel nicht gestohlen.
Woveel Ogen harr de Zykloop?,Wie viele Augen hatte der Zyklop?
"Ik kann Tom nich utstahn, man ik heff em ok giern.","Ich hasse Tom, aber ich liebe ihn auch."
He döggt för de Arbeid.,Er ist für die Arbeit geeignet.
Denn man tau!,Los dann!
Denn man tau!,Dann fangen wir mal an.
Worüm stinkt dat hier so?,Warum stinkt das hier so?
Dit Wöörbook hett twölv Bänn.,Dieses Wörterbuch hat 12 Bände.
Sett dien Mütz op.,Setz deine Mütze auf.
Use Dochter hett sik den Finger an en Rietsticken verbrennt.,Unsere Tochter hat sich den Finger an einem Streichholz verbrannt.
Ik gah na Arbeid.,Ich gehe arbeiten.
"Kunn ja ook angahn, dat he noch in ’n Stau steiht.","Es könnte ja auch sein, dass er noch im Stau steht."
Se lachen em ut.,Sie lachten sie aus.
Ik gah faken mit jem fischen.,Ich gehe oft mit ihnen fischen.
Worüm wullt du in ’t Butenland studeren?,Wieso willst du im Ausland studieren?
Wannehr geihst du loos?,Wann gehst du los?
Laat dat dicht.,Lass es geschlossen.
Laat dat dicht.,Lass das zu.
Dat is nich in Wöör uttodrücken.,Das kann man nicht in Worte fassen.
Dat verwacht de Briten von jemehr Königin.,Das erwarten die Briten von ihrer Königin.
Ik seh dat nich.,Ich sehe es nicht.
Ik bün nich good in Eerdkunn.,Ich bin schwach in Erdkunde.
Ik heff jüstso veel Geld as se.,Ich habe genauso viel Geld wie sie.
Elk Vörjohr geiht de Stroom hier över de Övers.,Jeden Frühling tritt der Fluss hier über die Ufer.
Ik holl Tom för gefährlich.,Ich halte Tom für gefährlich.
Dat is Water op sien Möhl.,Das ist Wasser auf seine Mühle.
Kannst du Klock negen vörbikamen?,Können Sie um neun vorbeikommen?
Gegen Döst helpt Kööm un Beer.,Gegen Durst helfen Kümmel und Bier.
Se leest geern.,Sie liest gerne.
Ik heff hier wahnt.,Ich habe hier gewohnt.
Ik weet nich wat ik doon schall.,"Ich weiß nicht, was ich tun soll."
Worüm büst du denn so fuchtig?,Warum bist du denn so fuchtig?
Smökt he toveel Zigaretten?,Raucht er zu viele Zigaretten?
Ken deed sik blangen mi setten.,Ken setzte sich neben mich.
Ik heff en Holtdisch.,Ich habe einen Holztisch.
Ik harr geern dree von disse.,Ich hätte gerne drei von diesen hier.
Achter de Kimm liggt mien tohuus.,Hinter dem Horizont liegt mein Zuhause.
Is noch Melk dor?,Ist noch Milch da?
De Schriever deed Wien drinken.,Der Schreiber hat Wein getrunken.
De Schriever deed Wien drinken.,Der Schreiber trank Wein.
De Sünn güng achter de Bargen ünner.,Die Sonne ging hinter den Bergen unter.
Ik heff so lang op de Hacken seten bet mien Been doov worrn sünd.,"Ich hab so lange auf den Fersen gesessen, bis meine Beine taub geworden sind."
Ik bün dat Gesett!,Das Gesetz bin ich!
De Köhers dreven en Hood Keih tohoop.,Die Viehhirten trieben eine Herde Kühe zusammen.
Ik heff mit Münten betahlt.,Ich bezahlte mit Münzen.
He is för Dunast an ’t Stüür bestraaft worrn.,Er wurde für Trunkenheit am Steuer bestraft.
"Dat Baguette ut dat Paket nehmen un in ’n vörbött Backaven bi 200 °C so 8 bet 10 Minuten, je nadem wo bruun dat warrn schall, op de middelste Plaat trechbacken.","Das Baguette aus der Packung nehmen und im vorgeheizten Backofen bei 200°C ca. 8-10 Minuten, je nach gewünschter Bräune, auf mittlerer Schiene fertigbacken."
"Se süng en Leed, von dat ik den Titel nich kenn.","Sie sang ein Lied, dessen Titel ich nicht kenne."
Tom speelt jüst Vigelien.,Tom spielt gerade Geige.
Segg.,Sag es.
Linda stünn op üm to singen.,Linda stand auf um zu singen.
Dat weer stickendüüster.,Es war zappenduster.
Woneem hett de Imm di staken?,Wo hat die Biene dich gestochen?
Ik kann överall slapen.,Ich kann überall schlafen.
Wo geiht di dat so?,Wie geht es dir so?
Du büst in Europa!,Du bist in Europa!
Ria is miene Dochter.,Maria ist meine Tochter.
Tom hett al wunnen.,Tom hat bereits gewonnen.
He was mitn Heevschruver int Krankenhuus brocht.,Er wurde mit dem Hubschrauber ins Krankenhaus geflogen.
Ik bün to mööd to ’n Kladdern.,Ich bin zu müde zum Klettern.
In ’n woveelten Maand büst du swanger?,Im wievielten Monat bist du schwanger?
Tom hett keen Huus.,Tom hat kein Haus.
De Aap füll von ’n Boom.,Der Affe fiel vom Baum.
Wat is mallöört?,Was ist passiert?
Wat is mallöört?,Was ist geschehen?
Woneem sünd de Duuschen?,Wo sind die Duschen?
Ik heff en Söhn un en Dochter. De een is in New York un de annere in London.,Ich habe einen Sohn und eine Tochter. Die eine ist in New York und der andere in London.
He hett em en Pullover köfft.,Er kaufte ihm einen Pullover.
Dat schall di gerüen!,Du wirst es bereuen!
Dat schall di gerüen!,Das wirst du noch bereuen!
Dat schall di gerüen!,Du wirst es noch bereuen!
Wi töövt al en halve Stünn op di.,Wir warten schon eine halbe Stunde auf dich.
Slaveree is en Verbreken gegen de Minschheid.,Sklaverei ist ein Verbrechen gegen die Menschheit.
"Dat deit mi leed. Ik nehm trügg, wat ik seggt heff.","Es tut mir leid. Ich nehme zurück, was ich gesagt habe."
De Supermarkt is apen.,Der Supermarkt ist offen.
Dat Eten weer nich so dull.,Das Essen war nicht so toll.
Dat Eten weer nich so dull.,Das Essen war nicht so doll.
Maak nu dien Huusopgaven.,Mach jetzt deine Hausaufgaben.
"Se hebbt freet, as se noch jung weren.","Sie haben geheiratet, als sie noch jung waren."
Uns Schoolmeester snackt af un to to gau.,Unser Lehrer spricht bisweilen zu schnell.
Frankriek grenzt an Spanien.,Frankreich grenzt an Spanien.
Iesen warrt in ’n Schippbo bruukt.,Eisen wird im Schiffbau verwendet.
"Ik bruuk nich to weten, ’keen us dat gäven hett.","Ich brauche nicht zu wissen, wer uns das gegeben hat."
Ik baad elk Dag.,Ich bade jeden Tag.
He maakt geern allens sülvs.,Er macht gern alles selbst.
De Diek is opdröögt.,Der Teich ist ausgetrocknet.
Dor lacht de Kraal.,Da lacht die Koralle.
Wat is Glück?,Was ist Glück?
He hett en Dochter.,Er hatte eine Tochter.
Ik gah to Foot.,Ich gehe zu Fuß.
De Platz is free.,Der Platz ist frei.
Woveel Liter Water sünd dor in ’t Swemmbad?,Wie viel Liter Wasser sind in dem Schwimmbad drin?
Tom snackt grood Russ’sch.,Tom spricht gerade Russisch.
Roodhoorte Lüüd hebbt faken Sünnsprütten.,Rothaarige Menschen haben häufig Sommersprossen.
Dat is aver en lütte Arvt!,Das ist aber eine kleine Erbse!
"Se seed uns, dat de Straat sperrt is.","Sie sagte uns, die Straße sei gesperrt."
Ik heff di nich verstahn.,Ich habe dich nicht verstanden.
Dat Huus mit dat gröne Dack höört mi to.,Das Haus mit dem grünen Dach gehört mir.
Ik wull ehr geern drapen.,Ich würde sie gerne treffen.
Opstunns bün ik en beten knapp bi Kass.,Im Moment bin ich ein bisschen knapp bei Kasse.
Se harr en Radio.,Sie hatte ein Radio.
"Ik wohrschau di, gah dor nich hen.","Ich warne dich, geh nicht hin."
He smirkst mit de Tung.,Er schnalzt mit der Zunge.
Hest du ehr jüst eerst kennenlehrt?,Hast du sie gerade erst kennengelernt?
Woneem is he?,Wo ist er?
Hett se en Süster?,Hat sie eine Schwester?
Mi doot jümmer de Been weh.,Mir tun ständig die Beine weh.
Wi drinkt uns Tee mit Sucker.,Wir trinken unseren Tee mit Zucker.
Se hett mi opmaal en Kuss geven.,Sie hat mir auf einmal einen Kuss gegeben.
Woneem kann ik telefoneren?,Wo kann ich hier telefonieren?
Sünd al twee Weken vörbi un ik heff di nich sehn.,Ich habe dich schon seit zwei Wochen nicht mehr gesehen.
De Klock geiht teihn Minuten na.,Die Uhr geht zehn Minuten nach.
Kann ik di binnen twintig Minuten wedder anropen?,Kann ich dich in den nächsten zwanzig Minuten zurückrufen?
Snackt ji över de Arbeid?,Sprecht ihr über die Arbeit?
Dit is de eerste Kehr.,Das ist das erste Mal.
Ik heff al lang nich mehr smöökt.,Ich habe schon lange nicht mehr geraucht.
Dat is keen Graffiti; dat is Banksy!,Es ist kein Graffiti; es ist Banksy!
He is mit Afsicht op mien Foot peddt.,Er trat absichtlich auf meinen Fuß.
Dor kenn ik mi nich ut.,Da kenne ich mich nicht aus.
"De Insel in Japan, de opwiedst in ’n Süden is, is Okinawa.",Die südlichste Insel Japans ist Okinawa.
Hebbt ji den Time-Artikel över Asien leest?,Habt ihr den Time-Artikel über Asien gelesen?
Wo hest du dat denn her?,Wo hast du das denn her?
Sett di doch op den Stohl.,Setz dich doch auf den Stuhl.
Dat köst för di 2000 Peseten.,Das kostet für dich 2.000 Peseten.
"Wat mit us is, geiht de doch an’n Oors vörbi.","Was mit uns ist, geht denen doch am Arsch vorbei."
"„Moin, Tom!“ – „Moin, Ria!“","„Hallo, Tom!“ – „Hallo, Maria!“"
"Wenn ik groot bün, will ik en König wesen.","Wenn ich groß bin, will ich ein König sein."
He singt geern in de Baadwann.,Er singt gerne in der Badewanne.
Tom wusch de Pötte un Pannen.,Tom wusch die Töpfe und Pfannen.
Wat hett se di totuustert?,Was hat sie dir zugeflüstert?
Süst du de Lüüd in ’n Park?,Siehst du die Leute im Park?
"Dat is en lichter, en Klock uteneentoboon as ehr wedder tohooptosetten.","Es ist leichter, eine Uhr auseinanderzunehmen, als sie wieder zusammenzusetzen."
Holl dien Ogen apen.,Halt deine Augen offen.
Mien grote Süster hett Hoor bet na ehr Schullern.,Meine große Schwester hat schulterlanges Haar.
Mary is groot.,Maria ist groß.
"Se schell em ut, dat he to laat weer.","Sie schimpfte ihn aus, weil er zu spät war."
Ik heff Water in ’n Ammel füllt.,Ich habe Wasser in den Eimer gefüllt.
Arbeidt Tom un Ria noch?,Arbeiten Tom und Maria noch?
"Chiro mag kene Litschis, he is en Kater.","Chiro mag keine Litschis, da er ein Kater ist."
"Ik weet, dat du weetst, dat ik dat weet.","Ich weiß, dass du weißt, dass ich das weiß."
Wi mœt us Huus verköpen.,Wir müssen unser Haus verkaufen.
Moin Mimi! Wo geiht di dat?,Hallo Mimi! Wie geht es?
Dit Book hannelt von Steerns.,Dieses Buch handelt von Sternen.
Ik kann nich na dat böverste Fack recken.,Ich kann das oberste Fach nicht erreichen.
Ik bün elk Avend tohuus.,Ich bin jeden Abend zu Hause.
Dröff ik den Stoffsuger bruken?,Darf ich den Staubsauger benutzen?
Se bröch de Kinner na Bedd.,Sie brachte die Kinder ins Bett.
"Poppeer is witt, Kohlenstoff is swart.","Papier ist weiß, Kohlenstaub ist schwarz."
"He kann nich kamen, he is krank.","Er kann nicht kommen, er ist krank."
Disse Schoh sünd to düür.,Diese Schuhe sind zu teuer.
De Mann snack mit en depe Stimm.,Der Mann sprach mit einer tiefen Stimme.
"Ik heff höört, dat du ook Breevmarken sammelst.","Ich habe gehört, dass du auch Briefmarken sammelst."
Disse Bruuk stammt ut de Edo-Tied.,Dieser Brauch stammt aus der Edo-Zeit.
Ik drink nich veel Wien.,Ich trinke nicht viel Wein.
Sien Weid is 20 Quadratmielen groot.,Seine Weide erstreckt sich über 20 Quadratmeilen.
Worüm studeerst du Franzöösch?,Warum studierst du Französisch?
"Wi hebbt dat nich henkregen, wat över Oma un Opa ruttokriegen.","Es ist uns nicht gelungen, etwas über Oma und Opa herauszufinden."
De Fraag deed em verbasen.,Die Frage erstaunte ihn.
"Ik bün dat nich wennt, so behannelt to warrn.",Ich bin eine solche Behandlung nicht gewohnt.
Vonavend gaht wi tibeetsch eten.,Heute Abend gehen wir tibetisch essen.
Russland is de gröttste Staat op de Welt un de Vatikaan is de lüttste Staat op de Welt.,Russland ist der größte Staat der Welt und der Vatikan ist der kleinste Staat der Welt.
Dat weer en lange Nacht.,Es war eine lange Nacht.
Ik mag Schokoladenies!,Ich mag Schokoladeneis!
Ik mag Schokoladenies!,Ich mag Schokoladeneis.
In ’n Pries sünd de Stüürn nich mit in.,Der Preis enthält keine Steuern.
Dit Land is mien Egendom.,Dieses Land ist mein Eigentum.
Drinkst du Alkohool?,Trinkst du Alkohol?
Kau dien Eten good un denn sluck dat dal.,Kaue dein Essen gut und dann schlucke es hinunter.
Wat maakt ji dor?,Was macht ihr da?
Dat is en temlich gode Idee.,Das ist eine sehr gute Idee.
"Wat schall ik doon, wenn se starvt?","Was soll ich tun, wenn sie stirbt?"
He deed wiedersnacken.,Er sprach weiter.
Was he al jümmer so?,War er schon immer so?
Dat Handook is in ’t Bad.,Das Handtuch ist im Bad.
Sien Reed hett dree Stünnen duurt.,Seine Rede dauerte drei Stunden.
Sien Reed hett dree Stünnen duurt.,Seine Rede hat drei Stunden gedauert.
Maria hett sik wat to eten köfft.,Maria hat sich etwas zu essen gekauft.
He kann nich Gitarr spelen.,Er kann nicht Gitarre spielen.
De Tweeschen keken na ’t Baby.,Die Zwillinge schauten nach dem Baby.
Dit Johr hett dat veel regent.,Dieses Jahr regnete es viel.
"Du schusst wat eten, ehr du geihst.","Du solltest etwas essen, bevor du gehst."
Sluut dat Door dicht.,Mach die Türe zu.
"As ik de Vörhäng apen maken deed, snee dat.","Als ich die Vorhänge öffnete, schneite es."
"Wat wünscht du di to Wiehnachten, Jenny?","Was wünschst du dir zu Weihnachten, Jenny?"
Ik heff em sehn.,Ich habe ihn gesehen.
Dat is to sien Vördeel.,Es ist zu seinem Vorteil.
"Ik heff jüst en Book leest, as he rinkeem.","Ich las gerade ein Buch, als er eintrat."
Dat is verbaden bi de Arbeid to smöken.,"Es ist verboten, während der Arbeit zu rauchen."
Anter op de Fraag.,Antworte auf die Frage.
Se hett em dat Geld geven.,Sie hat ihm das Geld gegeben.
Tom is na de Arbeit gliek na Huus föhrt.,Tom fuhr nach der Arbeit gleich nach Hause.
Se proovt den Ries.,Sie probieren den Reis.
"Ik heff en Fründ, de in London wahnt.","Ich habe einen Freund, der in London wohnt."
"Ik bün nich bang to seggen, wat ik denk.","Ich bin nicht bang zu sagen, was ich denke."
"Tom dee, wat he mi verspraken harr.","Tom tat, was er mir versprochen hatte."
De Ass an ’n Ackerwagen weer braken.,Die Achse an dem Ackerwagen war gebrochen.
"Is dat dat, wat du wullt?","Ist es das, was du wolltest?"
He verdeent twintig Dollar an ’n Dag.,Er verdient zwanzig Dollar pro Tag.
He verdeent twintig Dollar an ’n Dag.,Er verdient zwanzig Dollar am Tag.
"Stimmt dat, dat Eerdfarken Miegremen freet?","Stimmt es, dass Erdferkel Ameisen fressen?"
Dat hest du verdeent.,Das hast du verdient.
Ik bruuk faken SSH üm von annerwegens op mien Reekner roptokamen.,"Oft benutze ich SSH, um von anderswo auf meinen Computer zuzugreifen."
Wat för en Huus gefallt di beter?,Welches Haus gefällt Ihnen mehr?
Goden Avend. Wo geiht di dat?,Guten Abend. Wie geht es dir?
Is dat de Bus na Oxford?,Ist das der Bus nach Oxford?
Een Schluck künnt wi noch.,Einen Schluck können wir noch.
Ik mag geern Krintenstuten eten.,Ich esse gerne Rosinenstuten.
De Schmitt iss ´n wunnerbor Vigelienstrieker.,Herr Smith ist ein hervorragender Geiger.
Laat uns en Kaffepaus maken.,Lass uns eine Kaffeepause machen.
Dat Neeshoorn is temlich groot.,Das Nashorn ist sehr groß.
Wo heet mien Dokter?,Wie heisst mein Doktor?
In dat Graff leed al en Liek.,In dem Grab lag schon eine Leiche.
He snackt teihn Spraken.,Er spricht zehn Sprachen.
De Dichter schrifft veel Dichtels.,Der Dichter schrieb viele Gedichte.
Ik bün Börger von de USA.,Ich bin ein US-Bürger.
"Se harr en Hoot op, de roor utsehn deed.","Sie trägt einen Hut, der komisch aussieht."
Ik snack nich geern vör Lüüd.,Ich spreche nicht gerne vor Menschen.
De Rosen in ’n Goorn reekt good.,Die Rosen im Garten riechen gut.
Dat is to düür!,Das ist zu teuer!
Dat is to düür.,Das ist zu teuer.
Küsst mi.,Küsst mich.
Amerikaners seggt dor Vietnam-Krieg to; de Vietnamesen seggt dor Amerikaansch Krieg to.,Die Amerikaner sagen Vietnam-Krieg dazu; die Vietnamesen sagen dazu Amerikanischer Krieg.
"Wenn du Berliners magst, denn magst du wohrschienlich ook Amerikaners, de sünd jüstso sööt.","Wenn du Berliner magst, dann magst du wahrscheinlich auch Amerikaner, die sind genauso süß."
Gah nich över de Straat!,Überquere nicht die Straße.
Dat begünnt nich vör half negen.,Das fängt nicht vor halb neun an.
Wat för een is dien Gitarr?,Welche ist deine Gitarre?
Tell bet dörtig.,Zähl bis dreißig.
Wi hebbt dor en goden Pries för kregen.,Wir haben einen guten Preis dafür bekommen.
Dien Stift is beter as mien.,Dein Stift ist besser als meiner.
Siene Tähn föhlen sik ganz stuuv an.,Seine Zähne fühlen sich ganz stumpf an.
Wi kennt em.,Wir kennen ihn.
Ik heff veel to doon.,Ich habe viel zu tun.
Wi kennt uns noch nich lang.,Wir kennen uns noch nicht lange.
"In de teihn Johr na ’n letzten Zensus is de Inwahnertall üm 7,15% daalt.","In den zehn Jahren nach der letzten Zählung ist die Einwohnerzahl um 7,15 % geschrumpft."
Du süst ja so tatergeel ut in ’t Gesicht!? Geiht di dat nich good?,Du siehst ja so unheimlich gelb im Gesicht aus! Geht es dir nicht gut?
Du kannst hier nich eten.,Du kannst hier nicht essen.
Tom hett den Text in’t Fransche översett.,Tom hat den Text ins Französische übersetzt.
He töövt op mien Anroop.,Er erwartet einen Anruf.
Dat Fleesch is good braden.,Das Fleisch ist gut gebraten.
De Köningin schall tokamen Johr in China to Besöök wesen.,Die Königin wird nächstes Jahr in China zu Besuch sein.
Caesar oder nix.,Entweder Caesar oder nichts.
"Uns Huus hett söven Kamern, de Stuuv mittellt.","Unser Haus hat sieben Zimmer, das Wohnzimmer eingeschlossen."
Ik heff keen Katt.,Ich habe keine Katze.
He leevt op ’n Topp von dissen Barg.,Er lebt oben auf diesem Berg.
Ik heff een schreen höört.,Ich habe jemanden schreien gehört.
Se is in ’n achten Maand swanger.,Sie ist im achten Monat schwanger.
Gah doch na ’n Dokter!,Geh doch zum Arzt!
Du büst en goden Fründ.,Du bist ein guter Freund.
Schree nich so veel!,Schrei nicht so viel!
Is dat sworer to vergeven oder to vergeten?,Ist es schwieriger zu verzeihen oder zu vergessen?
Disse Appel is önnig rood.,Dieser Apfel ist ziemlich rot.
"Wenn du dien Plicht nich deist, denn doot de Lüüd op di rafkieken.","Wenn du deine Pflicht nicht tust, werden die Leute auf dich herabschauen."
Narr!,Narr!
De Jung köfft en Hund.,Der Junge kauft einen Hund.
Ik bün trech mit Blomengeten.,Ich bin fertig mit Blumengießen.
De Mann hett den ganzen Dag lang slapen.,Der Mann hat den ganzen Tag lang geschlafen.
Wat is dat för en Ding?,Was ist das für ein Ding?
Kaam mit dien Oors ut ’e Puuschen!,Setz deinen Arsch in Bewegung!
"Ik heff allens, wat ik will.","Ich habe alles, was ich will."
Miene Kamera is waterdicht.,Meine Kamera ist wasserfest.
Du hest en beten Ketchup op dien Slips kleckert.,Du hast ein bisschen Ketchup auf deinen Schlips gekleckert.
Se keek an ’e Deek.,Sie schaute an die Decke.
Dissen Film harr ik geern sehn.,Diesen Film hätte ich gerne gesehen.
Enkelt- oder Dubbeltkamer?,Einzel- oder Doppelzimmer?
De Kark is op de anner Stratensied.,Die Kirche ist auf der anderen Straßenseite.
Se schellt Kartuffeln.,Sie schält Kartoffeln.
He stööt mit ’n Dööts gegen de Deek.,Er stieß mit dem Kopf gegen die Decke.
Se is minner plietsch as du.,Sie ist weniger intelligent als du.
De USA grenzt in ’n Noorden an Kanada.,Die USA grenzen im Norden an Kanada.
Wees bedankt för dat Verbetern.,Danke für die Korrektur.
"Ik warr allens doon, üm jo to gefallen.","Ich werde alles tun, um euch zu gefallen."
"’Keen krüppt, kann nich strumpeln!","Wer kriecht, kann nicht stolpern!"
Alltohoop weren dat teihn Eier.,Zusammen waren es zehn Eier.
Magst du swarte Katten?,Magst du schwarze Katzen?
He snackt gau.,Er redet schnell.
Dat Pidgin hett kene Modersprekers.,Das Pidgin hat keine Muttersprachler.
Dor is noog Eten för all dor.,Es ist genug Essen für alle da.
Dat is tohoop Tüdelkraam!,Das ist völliger Quatsch!
"Ik heff di dull misst, as du in Frankriek weerst.","Ich habe dich sehr vermisst, als du in Frankreich warst."
De Straat is vonwegen en Unfall sperrt.,Die Straße ist aufgrund eines Unfalls gesperrt.
"Ik verstah nich, wat de Autor dor mit seggen will.","Ich verstehe nicht, was der Autor damit sagen will."
"Se hett so daan, as wenn se nix weet.",Sie hat so getan als wüsste sie nichts.
Ik weer von de Arbeid kumplett kaputt.,Ich war von der Arbeit total erschöpft.
Ik schenk ehr dat.,Ich schenke es ihr.
Se itt jüst Middag.,Sie isst gerade zu Mittag.
Ik bün jümmer noch dörstig.,Ich bin immer noch durstig.
De Atoombumm is en grote Gefohr för de Minschheid.,Die Atombombe ist eine große Gefahr für die Menschheit.
Ik will dor nich över kören.,Ich will nicht darüber sprechen.
"Segg mi, worüm as se weent.","Sag mir, warum sie weint."
"Segg mi, worüm as se weent.","Sage mir, warum sie weint."
He kreeg mi bi ’n Kanthaak.,Er packte mich am Kragen.
Kiek di maal dit Bild an.,Schau dir mal dieses Bild an.
Dat is gloodnee.,Es ist brandneu.
Yōko kann sik keen Reekner köpen.,Yōko kann sich keinen Rechner kaufen.
Dor weren man söss Lüüd op de Party.,Es waren nur sechs Leute auf der Party.
Junge Lüüd draagt faken snaaksche Kledaasch.,Teenager tragen oft seltsame Kleidung.
Se is achter allens achterkamen! Ik armen Stackel!,Sie hat alles entdeckt! Ich Armer!
Ik heff al en Plaan.,Ich habe schon einen Plan.
He is üm Middernacht ankamen.,Er ist um Mitternacht angekommen.
Ik heff een grölen höört.,Ich habe jemanden grölen gehört.
Ik wull jo dat seggen.,Ich wollte es euch sagen.
"Ik hööp, dat uns Soldaten winnt.","Ich hoffe, dass unsere Soldaten siegen werden."
De Generaal keem sünner sien Adjudant.,Der General kommt ohne seinen Adjudanten.
De Jung keek in de Kamer.,Der Junge schaute in das Zimmer.
"Böhr de Hand, wenn du de Antwoord weetst.","Hebe die Hand, wenn du die Antwort weißt."
Kannst du dat bewiesen?,Kannst du das beweisen?
Wi fröhstückt Klock söven.,Wir frühstücken um sieben Uhr.
Ik schell di en Appelsien.,Ich schäle dir eine Orange.
Ik schell di en Appelsien.,Ich schäl dir eine Orange.
Nüms deed dat verstahn.,Niemand verstand es.
De Wehdaag weer nich uttohollen.,Der Schmerz war nicht auszuhalten.
Du schusst en poor Daag lang nich na buten gahn.,Du solltest ein paar Tage lang nicht rausgehen.
He hett dree Döchter.,Er hat drei Töchter.
Se sünd in Tranen utbraken.,Sie sind in Tränen ausgebrochen.
Driggst du giern Nogellack?,Trägst du gern Nagellack?
Heff jümmer dien Wöörbook bi ’e Hand.,Habe immer ein Wörterbuch bei der Hand.
Wat rummelt dor denn so?,Was grummelt da denn so?
Du schullst mi dat beter nu seggen.,Du solltest es mir besser jetzt sagen.
He nöhm ehr Geschenk an.,Er nahm ihr Geschenk an.
Jo un nee.,Ja und nein.
Jo un nee.,Jein.
De Vulkaan kann alltied utbreken.,Der Vulkan kann jederzeit ausbrechen.
He hett en good Alibi.,Er hat ein gutes Alibi.
Woveel Eilannen hett Nederland?,Wie viele Inseln haben die Niederlande?
De Wolga is mit 3530 Kilometers de längste Stroom in Europa.,Die Wolga ist mit 3530 km der längste Fluss in Europa.
Ji sünd to froh kamen.,Ihr seid zu früh gekommen.
Ik bün achter em her.,Ich bin hinter ihm her.
Magst du Plummenkoken?,Magst du Pflaumenkuchen?
Dor is en Watermöhl över de Brügg.,Da ist eine Wassermühle über der Brücke.
Ik wasch jüst af.,Ich wasche gerade ab.
He harr een Dochter.,Er hatte eine Tochter.
He schull inlaadt warrn.,Er sollte eingeladen werden.
Geld regeert de Welt.,Geld regiert die Welt.
Na ’n Ünnerricht speel ik Gitarr.,Nach dem Unterricht spiele ich Gitarre.
Se hett dree Bröder.,Sie hat drei Brüder.
"Dat düürt mi, dat ik dor hengahn bün.","Ich bedaure, dass ich dort hingegangen bin."
He lach.,Er lachte.
Dat weer pickdüüster.,Es war stockduster.
Is allens trech?,Ist alles fertig?
Allens is trech.,Alles ist fertig.
Ik heff jüst Middag eten.,Ich habe gerade zu Mittag gegessen.
He deed sik op dat Bedd setten.,Er setzte sich auf das Bett.
Disse Kist wiggt en Tünn. Wat is dor in?,Diese Kiste wiegt eine Tonne. Was ist da drin?
Hest du di al de Hannen wuschen?,Hast du dir schon die Hände gewaschen?
Se weer dapper.,Sie war tapfer.
Wi hebbt över den Andrag afstimmt.,Wir haben über den Antrag abgestimmt.
Speelst du mit mien Fööt rüm?,Spielst du mit meinen Füßen?
De Diekboo is för de Fresen alltied en Saak van Belang west.,Der Deichbau ist für die Friesen immer eine wichtige Sache gewesen.
Ik will ok Melk.,Ich will auch Milch.
De Büx is to groot.,Die Hose ist zu groß.
Dat weet man Godd.,Das weiß nur Gott.
Kiek nich trügg.,Schau nicht zurück.
He is nich so groot.,Er ist nicht so groß.
Worüm sünd ji utneiht?,Warum seid ihr weggelaufen?
De Kiekschapp geiht nich.,Der Fernseher funktioniert nicht.
Ik will se wat frogen.,Ich will sie etwas fragen.
"Dat is allens, wat ik över em weet.","Das ist alles, was ich über ihn weiß."
De Mannslüüd sünd op Jacht na Löwen gahn.,Die Männer sind auf Löwenjagd gegangen.
Hebbt ji veel drunken?,Habt ihr viel getrunken?
Ik harr dat Geld nehmen schullt.,Ich hätte das Geld nehmen sollen.
Is dat schier Gold?,Ist das reines Gold?
Bi dat Unglück hett he en Arm verloren.,Bei dem Unglück verlor er einen Arm.
Dat füng an bannig to plästern.,Das fing mächtig an zu regnen.
"Ik heff nix seggt, man dat hett em füünsch maakt.","Ich habe nichts gesagt, aber das hat ihn wütend gemacht."
Opmaal bleev he stahn un keek sik üm.,Plötzlich blieb er stehen und blickte sich um.
"De swarte Katt hett snurrt, as se straakt worrn is.","Die schwarze Katze schnurrte, als sie gestreichelt wurde."
"De swarte Katt hett snurrt, as se straakt worrn is.","Die schwarze Katze hat geschnurrt, als ob man sie streicheln würde."
De Proppentrecker is Murks.,Der Korkenzieher ist eine Fehlkonstruktion.
"Bi de Olympschen Spelen warrt en Goldmedallj för ’n eersten Platz, en Sülvermedallj för ’n tweten Platz un en Bronzmedallj för ’n drüdden Platz utgeven.","Bei den olympischen Wettkämpfen wird eine Goldmedaille für den ersten Platz, eine Silbermedaille für den zweiten Platz und eine Bronzemedaille für den dritten Platz verliehen."
Se liggt al twee Maand in ’t Krankenhuus.,Sie liegt schon zwei Monate im Krankenhaus.
Kennst du disse Daam?,Kennst du diese Dame?
De Mann itt Brood.,Der Mann isst Brot.
Dat Leven is veel to kort för en lang Gesicht.,Das Leben ist viel zu kurz für ein langes Gesicht.
Disse Fisch sünd hogen Druck un dat Afwesen von Licht wennt.,Diese Fische sind hohen Druck und an die Anwesenheit von Licht gewöhnt.
Elkeen hett dusend Dollar betahlt.,Jeder zahlte tausend Dollar.
Du süst kregel ut.,Du siehst munter aus.
Tom geiht giern an’n Strand.,Tom geht gerne an den Strand.
Will Jenny na Huus?,Möchte Jenny nach Hause?
Se bleven dor sitten.,Sie blieben dort sitzen.
He is duune.,Er ist betrunken.
Selter is al dor.,Mineralwasser ist schon da.
De bunten Bökenbüsch in ’n Harvst gefallt mi bannig.,Die bunten Buchenwälder im Herbst gefallen mir sehr.
De See is vull mit Fisch.,Der See ist voller Fische.
Ik warr em doodscheten.,Ich werde ihn erschießen.
"Kiek mi in de Ogen un segg mi, dat du dat nich daan hest.","Schau mir in die Augen und sag mir, dass du es nicht getan hast."
Mööt wi för dne Kurs en Book köpen?,Müssen wir für den Kurs ein Buch kaufen?
Se kunn keen Fleeg wat andoon.,Sie kann keiner Fliege was zu Leide tun.
De Kamerdeern is noch nich kamen.,Das Zimmermädchen ist noch nicht gekommen.
Dat Kollosseum is dat Wohrteken von Room.,Das Colloseum ist das Wahrzeichen von Rom.
Tom wull us nich up siene Fier hebben.,Tom wollte uns nicht auf seiner Feier haben.
Weetst du noch?,Weißt du noch?
Wi sünd dree Johr verheiraadt.,Wir sind seit drei Jahren verheiratet.
"In ’n Winter drink ik lever warmen Sake, in ’n Sommer lever kolen.","Im Winter trinke ich lieber warmen Sake, im Sommer trinke ich lieber kalten."
He hett nüms sehn.,Er hat niemanden gesehen.
Wullt du mit na mi kamen un Pannkoken eten?,Möchtest du zu mir kommen und Pfannkuchen essen?
Maakt wi dat glieks trech.,Erledigen wir das sofort.
Ik bün fett.,Ich bin fett.
Wo hoog is disse Toorn?,Wie hoch ist dieser Turm?
"Mi wœr woll vergäven, wenn ik dat dä.","Mir würde wohl vergeben, wenn ich das täte."
Em lückt eenfach allens.,Ihm gelingt einfach alles.
Dat is en Sackstraat.,Das ist eine Sackgasse.
Se kriegt en ganzen Hümpel Snee in Hokkaido.,In Hokkaidō gibt es eine Menge Schnee.
"Jim, sluut dat Finster.","Jim, schließe das Fenster."
De Lüüd sünd alltiet fründlig.,Die Leute sind immer freundlich.
"Ik heff mi jüst fraagt, wat för Spraken du snacken kannst.","Ich fragte mich gerade, welche Sprachen du sprechen kannst."
Wat will dat vun mi?,Was will sie von mir?
Ik krieg in ’n Winter faken en Snööv.,Ich erkälte mich oft im Winter.
De Vagels singt.,Die Vögel singen.
In de vergangen teihn Johr sünd de Priesen üm föfftig Perzent stegen.,In den letzten zehn Jahren sind die Preise um 50 Prozent gestiegen.
All Bläder von ’n Boom sünd geel worrn.,Alle Blätter des Baums sind gelb geworden.
He mag italieensch Eten.,Er mag italienische Speisen.
Hebbt wi uns al eens drapen?,Haben wir uns schon mal getroffen?
Ut de Feern lüggt sik dat licht.,Aus der Ferne lügt es sich leicht.
Bringt wi dat gau achter uns.,Bringen wir es schnell hinter uns!
Sien Hoor is lang.,Seine Haare sind lang.
Woneem hebbt ji jo kennenlehrt?,Wo habt ihr euch kennengelernt?
Willkamen!,Willkommen!
Hest du al maal son goden Film sehn?,Hast du jemals einen so guten Film gesehen?
De Maisebbers burren liesen vör sik hen un de Immen brummen un elk Vagel süng so good he kunn; överall weer Gesang un Freid.,"Die Maikäfer murmelten leise vor sich hin und die Bienen summten, und jeder Vogel sang, so gut er konnte; überall war Gesang und Freude."
De Kiekschapp will nich mehr angahn.,Der Fernseher will nicht mehr angehen.
Justin Bieber is beröhmter as Katie Holmes.,Justin Bieber ist berühmter als Katie Holmes.
Frohen 4. Juli!,Alles Gute zum 4. Juli!
"Dat heet, de Wikingers hebbt Amerika noch vör Kolumbus opdeckt.","Es heißt, die Wikinger hätten Amerika noch vor Kolumbus entdeckt."
’Keen schall den Hoot ophebben?,Wer soll den Hut aufhaben?
Dien Küss smeckt na Kaneel.,Deine Küsse schmecken nach Zimt.
"Tom deed rood warrn, as he Mary naakd sehn deed.","Tom wurde rot, als er Maria nackt sah."
Ik kaam jüst ut de Duusch.,Ich komme gerade aus der Dusche.
Ik höör Musik.,Ich höre Musik.
Du schusst di de Hoor snieden laten.,Du solltest dir die Haare schneiden lassen.
He driggt en Brill.,Er trägt eine Brille.
De Tokaido-Lien is in Tokyo toenn.,Die Tokaido-Linie endet in Tokio.
Mien Naversch hett ehr Huus kumplett reneveert.,Meine Nachbarin hat ihr Haus vollständig renoviert.
Ik snack Interlingua.,Ich spreche Interlingua.
He hett en Hund un söss Katten.,Er hat einen Hund und sechs Katzen.
Ik weer dor en poor Maal.,Ich war dort ein paar Mal.
Nüms in sien Klass is gauer as he.,Niemand in seiner Klasse ist schneller als er.
Wees still.,Sei still.
De Olympschen Spelen sünd all veer Johr.,Die Olympischen Spiele finden alle vier Jahre statt.
’Keen leevt in dat Huus?,Wer lebt in diesem Haus?
Ik seeg den Fleger dat Gebüüd binnenstöten.,Ich sah das Flugzeug ins Gebäude stürzen.
Ik seeg den Fleger dat Gebüüd binnenstöten.,"Ich sah, wie das Flugzeug in das Gebäude stürzte."
"Wenn ik en Vagel weer, denn kunn ik na di henflegen.","Wenn ich ein Vogel wäre, könnte ich zu dir fliegen."
Ria wahnt in Kairo.,Maria wohnt in Kairo.
"Du hest so schöön Hoor, Wat för en Shampoo bruukst du?",Du hast so schönes Haar. Was für ein Shampoo benutzt du?
Magdalena un Ania sünd all beid ut Polen.,Magdalena und Ania sind beide aus Polen.
Ik will di en goden Raad geven.,Ich will dir einen guten Rat geben.
Ik heff Lust Esperanto to lehren.,"Ich habe Lust, Esperanto zu lernen."
Willkamen trügg. Wi hebbt di misst!,Willkommen zurück. Wir haben dich vermisst!
Laat mi dat noch ees wedder versöken.,Lassen Sie es mich nochmal probieren.
Dor sprickt nix gegen.,Es steht nichts entgegen.
"„Schöölt wi Kriegen spelen?“ „Jo, worüm nich.“","„Wollen wir Fangen spielen?“ — „Ja, gerne!“"
Dat is Tom sien Knief.,Das ist Toms Messer.
’Keen hett dit Gedicht schreven?,Wer schrieb dieses Gedicht?
"Dat is nich licht, mit Kried to schrieven.","Es ist nicht leicht, mit Kreide zu schreiben."
Dichters vergliekt faken den Dood mit ’n Slaap.,Dichter vergleichen oft den Tod mit dem Schlaf.
En Voss hett de Kükens ut ’n Stall stahlen.,Ein Fuchs hat die Küken aus dem Stall gestohlen.
Disse Katt slöppt geern an mien Sied.,Diese Katze schläft gerne an meiner Seite.
Ik gah elk Dag na Kark.,Ich gehe jeden Tag in die Kirche.
Ik heff twee Stünnen sungen.,Ich habe zwei Stunden lang gesungen.
"Ik weer en Nachtuul, aver nu kaam ik al jümmer froh op.","Ich war ein Nachtmensch, aber jetzt bin ich ein Frühaufsteher."
He hett en Sünnbrand op ’n Rügg.,Er hat einen Sonnenbrand auf dem Rücken.
"’Keen wat to hunnerd Perzent weet, weet wohrschienlich to wenig.","Wer hundertprozentig sicher ist, weiß wahrscheinlich zu wenig."
Worüm is se hier?,Warum ist sie hier?
Ik stell den Wecker op söss.,Ich stelle den Wecker auf sechs.
Ik will en Tass Kaffe drinken.,Ich möchte eine Tasse Kaffee trinken.
Ik wies jo maal en poor.,Ich zeige euch mal ein paar.
Tom is so gau as en Leopard.,Tom ist so schnell wie ein Leopard.
Nachtens sünd all Katten grau.,Nachts sind alle Katzen grau.
Nachtens sünd all Katten grau.,In der Nacht sind alle Katzen grau.
Graav en deep Pütt.,Grabe ein tiefes Loch.
Graav en deep Pütt.,Grabe einen tiefen Brunnen.
Woneem sünd wi?,Wo sind wir?
"„Ik heff Tom und Ria froogt, worüm se nie heirodt hebbt.“ – „Un wat hebbt se antwoordt?“","„Ich habe Tom und Maria gefragt, warum sie nie geheiratet hätten.“ – „Und was haben sie geantwortet?“"
"Weet ji, wat UNESCO heet?","Wisst ihr, was UNESCO heißt?"
Se röppt em jede Nacht an.,Sie ruft ihn jede Nacht an.
Kannst du en beten langsamer snacken?,Kannst du ein bisschen langsamer sprechen?
"Tom kunn sehn, dat Marie dat Konzert nich genaten harr.","Thomas sah Maria an, dass sie das Konzert nicht genossen hatte."
Mien Schuller deit mi weh.,Mir tut die Schulter weh.
Ik bün Georg.,Ich bin Georg.
Miene Kinner sünd in ’e School.,Meine Kinder sind in der Schule.
Wenen helpt nich gegen Wehdaag.,Weinen hilft nicht gegen Schmerzen.
Du musst di op dat Slimmste instellen.,Du musst dich auf das Schlimmste vorbereiten.
Se is mallerig.,Sie ist verrückt.
Ik kenn dien Vörnaam.,Ich kenne deinen Vornamen.
Woveel Nachten blieft Se?,Wie viele Nächte bleiben Sie?
He is de Öllst von jem.,Er ist der älteste von ihnen.
"Ik frei mi, di weddertosehn.","Ich freue mich, dich wiederzusehen."
He hett dat ut Jux seggt.,Er sagte das im Scherz.
Se is en gode Kööksch.,Sie ist kein guter Koch.
Bill is nich so groot as Bob.,Bill ist nicht so groß wie Bob.
De Laag is slechter worrn.,Die Lage hat sich verschlechtert.
Deist du mi en Kluuntje in mien Koffie?,Tust du mir ein Stückchen Zucker in meinen Kaffee?
Dit Book heff ik söcht.,Dieses Buch habe ich gesucht.
Disse Koken smeckt to sööt.,Dieser Kuchen schmeckt zu süß.
Wo kann ik in ’n Himmel kamen?,Wie kann ich in den Himmel kommen?
He snackt Japaansch as en Japaner.,Er spricht Japanisch wie ein Japaner.
De Grenzen von mien Spraak sünd de Grenzen von mien Welt.,Die Grenzen meiner Sprache bedeuten die Grenzen meiner Welt.
Stell dat Radio luder. Ik höör nix.,Stell das Radio lauter. Ich höre nichts.
Wat is dien leevste Tall?,Was ist deine liebste Zahl?
Wat is dien leevste Tall?,Was ist deine Lieblingszahl?
De See Biwa keem in Sicht.,Der Biwa-See kam in Sicht.
Dat höört hier nich hen.,Das gehört nicht hierhin.
Worüm is Malteesch nich in ’e List mit Spraken mit in?,Warum ist Maltekisch nicht in der Sprachliste drin?
Worüm is Malteesch nich in ’e List mit Spraken mit in?,Warum ist Maltesisch nicht in der Sprachliste drin?
"Dat geiht nich, bi WoW en Jedi to spelen.",Es ist nicht möglich bei WoW einen Jedi zu spielen.
"Segg Ria, dat ik ehr leef heff!","Sage Maria, dass ich sie liebe!"
Wat is loos mit di?,Was ist los mit dir?
Weetst du wannehr de Laden slütt?,"Weißt du, wann der Laden schließt?"
"„Sprickt ji Düütsch?“ – „Nä, ik bün Französin.“","„Sprechen Sie Deutsch?“ – „Nein, ich bin Französin.“"
Se deden sik gegensiedig ansmüüstern.,Sie lächelten sich gegenseitig an.
Susan höört geern Musik.,Susan hört gerne Musik.
Ik swemm meist elk Dag.,Ich schwimme fast jeden Tag.
Dat Book liggt up’n Kiekkasten.,Das Buch liegt auf dem Fernseher.
"Ik heff versöcht, de Melodie butenkopps to lehren.","Ich habe versucht, die Melodie auswendig zu lernen."
Ik wull geern en Foto von di hebben.,Ich würde gern ein Foto von dir haben.
"Slaap sacht, Sean.","Schlafe gut, Sean."
YouTube is keen gode Websteed.,YouTube ist keine gute Website.
Sien Huus steiht to ’n Verkoop.,Sein Haus steht zum Verkauf.
Wullt du dat nu sehn?,Willst du es jetzt sehen?
Wullt du dat nu sehn?,Willst du das nun sehen?
Disse Kinner sünd blied.,Diese Kinder sind fröhlich.
De Düvel hett Hiroshima un Nagasaki toschannen slahn.,Der Teufel hat Hiroshima und Nagasaki zerstört.
"Wies mi de Fotos, de du in Paris opnahmen hest.","Zeige mir die Fotos, die du in Paris aufgenommen hast."
Worüm sünd de nich tau mi komen?,Warum sind die nicht zu mir gekommen?
"Ik heff nüms, wo ik mit snacken kann.","Ich habe niemanden, mit dem ich sprechen kann."
Benehm di as en jungen Mann.,Benimm dich wie ein junger Mann.
De Rekter deed elkeen von de Schoolafgängers de Hannen schüdden.,Der Rektor schüttelte jedem Schulabgänger die Hand.
Settst du di nich op mien Knee?,Setzt du dich nicht auf meine Knie?
Japan is en riek Land.,Japan ist ein reiches Land.
Se leed de Tiedschrift op den Disch.,Sie legte die Zeitschrift auf den Tisch.
Jedereen kennt em.,Alle kennen ihn.
Mayuko kann Fohrrad föhren.,Mayuko kann Fahrrad fahren.
"All Kinner müssen na Bedd, ehrdat dat buten düüster warrn deed.","Alle Kinder mussten ins Bett, bevor es dunkel wurde."
"Kannst du mi seggen, wo dat üm geiht?","Kannst du mir sagen, worum es geht?"
"Wat hebbt ji jüst maakt, as ik vonmorgen anropen heff?","Was habt ihr gerade gemacht, als ich heute Morgen angerufen habe?"
Du schasst dat schaffen.,Du wirst es schaffen.
Lang schall de Sowjetunion leven!,Lang lebe die Sowjetunion!
Ik heff em faken sehn.,Ich habe ihn oft gesehen.
He is jüst ankamen.,Er ist gerade angekommen.
Ik heff mien Klock verloren.,Ich habe meine Uhr verloren.
De Sünn is groot.,Die Sonne ist groß.
Wi hebbt veel Alkohool drunken.,Wir haben viel Alkohol getrunken.
Dor is keen Sucker.,Es ist kein Zucker da.
Ik heff Döst. Giff mi mol wat Koles to drinken.,Ich habe Durst. Gib mir bitte etwas Kaltes zu trinken.
Worüm liehrst du Diutsch?,Warum lernst du Deutsch?
Ik kann em nich noog danken.,Ich kann ihm nicht genug danken.
Du schusst nich na School gahn.,Du solltest nicht zur Schule gehen.
Du schusst nich na School gahn.,Du solltest nicht in die Schule gehen.
En Waal is lieker veel en Fisch as en Peerd dat is.,Ein Wal ist genauso viel Fisch wie es ein Pferd ist.
"Segg mi, worüm as he nich dor weer.","Sag mir, warum er abwesend war."
Worüm is se ehrder na Huus kamen?,Warum ist sie früher nach Hause gekommen?
He harr en Dochter.,Er hatte eine Tochter.
Laat uns trügggahn.,Lass uns zurückgehen.
He arbeidt in de Bueree.,Er arbeitet in der Landwirtschaft.
Ji schullen beter keen Alkohol mehr drinken.,Ihr solltet besser keinen Alkohol mehr trinken.
Ik kann dissen Steen nich lüchten.,Ich kann diesen Stein nicht heben.
"Ries maakt dick, eet dor nich toveel von!","Reis macht dick, iss nicht zu viel davon!"
"Wat he över England seggt hett, dat is wohr.","Was er über England gesagt hat, ist wahr."
"Sushi is good, man thailandsch Eten is beter.","Sushi ist gut, aber thailändisches Essen ist besser."
"Kiek, kiek!","Schau, schau!"
Ik heff dat Book nich köfft.,Ich habe das Buch nicht gekauft.
Frisch Aavt is good för dien Gesundheid.,Frisches Obst ist gut für deine Gesundheit.
Se hett ehren Autoslötel verloren.,Sie hat ihren Autoschlüssel verloren.
De Ünnerricht fangt halvig negen an.,Der Unterricht beginnt um 08:30 Uhr.
Wat hett he seggt?,Was hat er gesagt?
He hett wat seggt.,Er hat etwas gesagt.
He is praat na Kanada to gahn.,Er ist bereit nach Kanada zu gehen.
De Snee weer kneedeep.,Der Schnee war knietief.
Disse Disch is swoor.,Dieser Tisch ist schwer.
Dat Kind deed sik över dat Geschenk frein.,Das Kind freute sich über das Geschenk.
"Tiegers leevt in ’n Dschungel, Löwen in de Savann.","Tiger leben im Dschungel, Löwen in der Savanne."
Ik kenn em nich.,Ich kenne ihn nicht.
Dat is jümmer so wesen.,Das ist immer so gewesen.
Ik kann Tom nich sünnerlich lieden.,Ich mag Tom nicht besonders.
"Ik dröff in mien Dagbook schrieven, wat ik will.","Ich darf in mein Tagebuch schreiben, was ich will."
"Goden Avend! Ik bün Ria, en Fründin vun Tom.","Guten Abend! Ich bin Maria, eine Freundin von Tom."
Mi doot all Knaken weh.,Mir tun alle Knochen weh.
Haal mi dat Book.,Hol mir das Buch.
Se hebbt en Deel von de Wand dalreten.,Sie rissen einen Teil der Wand nieder.
Tom hett en Fru un twee Kinner.,Tom hat eine Frau und zwei Kinder.
"Se is Elizabeth nöömt worrn, na ehr Tante.",Sie bekam den Namen Elisabeth nach ihrer Tante.
Is dat Latien?,Ist das Latein?
Ik heff dat Slötelbund in ’e Tasch.,Ich trage den Schlüsselbund in der Tasche.
He wull jüst slapen gahn.,Er wollte gerade schlafen gehen.
De Temperatur fallt.,Die Temperatur fällt.
Treck en Lien von A na B.,Ziehe eine Linie von A nach B.
Yukio Mishima hett sik 1970 dat Leven nahmen.,Yukio Mishima nahm sich 1970 das Leben.
Dat is al Dag; de lange Nacht is vörbi.,"Es wurde Tag, die lange Nacht ist vorbei."
"Ik bün Noelia, un du?","Ich bin Noelia, und du?"
"Ik bün Noelia, un du?","Ich bin Noelia, und wer bist du?"
Dit Water smeckt good.,Dieses Wasser schmeckt gut.
Uns Vöröllern kemen vör 150 Johr in dit Land an.,Unsere Vorfahren kamen vor 150 Jahren in diesem Land an.
Dat Hotel is afbrennt.,Das Hotel brannte ab.
Séamas Mhicí Sheáin is vergangen Johr doodbleven.,Séamas Mhicí Sheáin ist vergangenes Jahr gestorben.
Ik seet blangen em.,Ich saß neben ihm.
"Denk dor över na, wat du daan hest.","Denk darüber nach, was du getan hast."
Wor maakst du dat för?,Warum machst du das?
Ik do ’t nich wedder.,Ich tu's nicht wieder.
Tom un Ria wüllt dat nich mihr.,Tom und Maria wollen das nicht mehr.
Schall ik jümmer good tomood wesen?,Sollte ich immer guter Laune sein?
Ik häb et in de Trecken daon.,Ich habe es in die Schublade gesteckt.
De Bläder seilt een na ’t annere an ’e Eer.,Die Blätter segeln eins nach dem anderen auf den Boden.
Is dat de Bahnhoff?,Ist das der Bahnhof?
Ik harr geern en Sandwich.,Ich hätte gern einen Sandwich.
Dat regent hier meist nie.,Es regnet hier fast nie.
Ik heff en Poor Hanschen köfft.,Ich habe ein Paar Handschuhe gekauft.
"Ik heff düssen Satz nich ut dat Franzöösche, man ut dat Russ’sche översett.","Ich habe diesen Satz nicht aus dem Französischen, sondern aus dem Russischen übersetzt."
Üm un bi all söss Stünnen hebbt wi Ebb.,Ungefähr alle sechs Stunden haben wir Ebbe.
Ik heff in mien Tung beten bet se blöden deed.,"Ich habe in meine Zunge gebissen, bis sie blutete."
"Ik gläuv, Tom is bang vör Slangen.","Ich glaube, Tom hat Angst vor Schlangen."
Wi kennt ehr nich.,Wir kennen sie nicht.
Du hest so glaue Ogen.,Du hast so schöne Augen.
Ik heff hier teihn Johr lang arbeidt.,Ich habe hier zehn Jahre lang gearbeitet.
"He hett dat Vermaak, ik heff de Kösten.","Er hatte das Vergnügen, ich zahlte die Kosten."
"Wenn du na ’n Supermarkt geihst, kannst du mi en poor Appelsienen mitbringen?","Wenn du in den Supermarkt gehst, kannst du mir bitte ein paar Orangen mitbringen?"
Wenn ik man sien Adress kennen deed.,Wenn ich nur seine Adresse kennen würde!
Wannehr kummst du trügg?,Wann kommst du zurück?
Se hett em op de Steern küsst.,Sie hat ihn auf die Stirn geküsst.
Ik will dat ook weten!,Ich will es auch wissen!
Dat will ik ook weten.,Das will ich auch wissen.
Wullt du en Sneed Pitaya?,Möchtest du eine Scheibe Pitaya?
"Jane hett twintig Stünnen bruukt, üm na Japan to flegen.","Jane brauchte zwanzig Stunden, um nach Japan zu fliegen."
"Wenn ik Geld harr, deed ik dissen Reekner foorts köpen.","Wenn ich Geld hätte, würde ich diesen Computer sofort kaufen."
Dit Book is över Steerns.,Das Buch handelt von Sternen.
Mi geiht dat good. Un di?,"Mir geht's gut, und dir?"
"Mi geiht dat good, un di?","Mir geht's gut, und dir?"
Se speel Basketball.,Sie spielte Basketball.
Över de Wulken schient de Sünn.,Über den Wolken scheint die Sonne.
Du büst mallerig.,Du bist verrückt.
Wen häöert düsse Tasken?,Wem gehört diese Tasche?
Ik lees jüst en Romaan von Sidney Sheldon.,Ich lese gerade einen Roman von Sidney Sheldon.
Laat di nich ünnerkriegen!,Lass dich nicht unterkriegen!
Höört disse Hoot di?,Gehört dieser Hut dir?
Dat köst 30 Euro.,Das wird 30 € kosten.
Ik heff dat in en Worenhuus köfft.,Ich kaufte es in einem Warenhaus.
"Wo is denn dat Book henkamen, dat ik jüst hier henleggt harr?","Wo ist denn das Buch hingekommen, das ich gerade hier hingelegt hatte?"
Hest du Soorbrennen?,Hast du Sodbrennen?
"Ik finn, wi schullen Tom seggen, dat wi dat nich mehr mookt.","Ich finde, wir sollten Tom sagen, dass wir das nicht mehr tun werden."
Föhr den Wagen in ’e Garaasch.,Fahr den Wagen in die Garage.
Se will em drücken.,Sie will ihn umarmen.
Tom is nich dor.,Tom ist nicht da.
Se kaamt ut de USA.,Sie kommen aus den USA.
Spraak un Kultur laat sik nich vonenanner lösen.,Sprache und Kultur lassen sich nicht voneinander trennen.
He hett een Söhn un twee Döchter.,Er hat einen Sohn und zwei Töchter.
Dat köst di teihndusend Yen.,Das kostet dich zehntausend Yen.
Verlaat di nich op annere.,Verlass dich nicht auf andere.
Wat warrt dien Fru denken?,Was wird deine Frau denken?
Ik kann en beten Ainu.,Ich kann ein bisschen Ainu.
Se hett ehr Klass good ünner Kuntrull.,Sie hat ihre Klasse gut unter Kontrolle.
Wo warrt Botter ut maakt?,Woraus wird Butter gemacht?
Ik bruuk Feern!,Ich brauche Urlaub!
Een Spraak is nie noog.,Eine Sprache ist nie genug.
"Laat uns so doon, as wenn wi Buteneerdsche sünd.","Lasst uns so tun, als wären wir Außerirdische."
Tom will nich mit jo snacken.,Tom will nicht mit euch reden.
He güng stahn.,Er erhob sich.
Schall dat ne Jux wesen?,Soll das ein Scherz sein?
"’Keen is stärker, Tiger oder Lööw?","Wer ist stärker, Tiger oder Löwe?"
De Slips passt good to dien Hemd.,Die Krawatte passt gut zu deinem Hemd.
Se hett em an ’n Strand drapen.,Sie hat ihn am Strand getroffen.
Se hett em an ’n Strand drapen.,Sie traf ihn am Strand.
He harr bi de Arbeid en Unfall.,Er hatte einen Arbeitsunfall.
Büst du alleen?,Bist du alleine?
Snackst du mit mi?,Redest du mit mir?
Woveel Tassen Tee drinkt ji an’n Dag?,Wie viele Tassen Tee trinken Sie am Tag?
Woveel Tassen Tee drinkt ji an’n Dag?,Wie viele Tassen Tee trinkt ihr am Tag?
"Ik see nix, un dat hett em argert.","Ich sagte nichts, und das ärgerte ihn."
Ik bün noch temlich mööd.,Ich bin noch sehr müde.
"Ik denk nich, dat Tom un Ria scheedt sünd.","Ich denke nicht, dass Tom und Maria geschieden sind."
Wannehr hest du di mit em dropen?,Wann hast du dich mit ihm getroffen?
Nüms bruukt klingoonsch pIqaD op Tatoeba.,Niemand braucht klingonisches pIqaD auf Tatoeba.
"Slaap is de beste Medizin, wenn een sik verköhlt hett.",Schlaf ist die beste Medizin bei einer Erkältung.
Mien Kiekschapp is in ’n Dutt.,Mein Fernseher ist kaputt.
Mien Kiekschapp is in ’n Dutt.,Mein Fernseher ist hinüber.
Wannehr maakt de Bäckeree dicht?,Um wie viel Uhr schließt die Bäckerei?
Ik will Sex mit ehr hebben.,Ich will Sex mit ihr haben.
Kees lett sik licht mit en Mest snieden.,Käse lässt sich leicht mit einem Messer schneiden.
Ik bün nich plietscher as se.,Ich bin nicht intelligenter als er.
Tom un ik hebbt us lang över dit Thema ünnerholen.,Tom und ich haben uns lange über dieses Thema unterhalten.
Hebbt ji joon Kamer oprüümt?,Habt ihr euer Zimmer aufgeräumt?
Dat is dicht an söven. Wi mööt na School (gahn).,"Es ist schon fast sieben, wir müssen zur Schule gehen."
Dat is dicht an söven. Wi mööt na School (gahn).,"Es ist schon fast sieben Uhr, wir müssen zur Schule gehen."
Dat is dicht an söven. Wi mööt na School (gahn).,"Es ist schon fast sieben, wir müssen zur Schule."
De Fleger is Klock söven loosflagen.,Das Flugzeug hob um sieben ab.
In Chai-Tee is faken Kommuum in.,Chai-Tee enthält oft Kardamom.
He keem ut Boston.,Er kam aus Boston.
"Wenn ik en Bloodspenn von en Eddelmann krigg, warrt mien Blood denn vigelett?","Wenn ich eine Blutspende von einem Adligen bekomme, wird mein Blut dann lila?"
Ik heet Farshad.,Ich heiße Farshad.
Godd schall mit uns wesen.,Gott sei mit uns.
Wo schrifft man Ehr Achternaam?,Wie schreibt sich Ihr Nachname?
Wo schrifft man Ehr Achternaam?,Wie schreibt man Ihren Nachnamen?
Wo schrifft man Ehr Achternaam?,Wie wird Ihr Nachname geschrieben?
Wo schrifft man Ehr Achternaam?,Wie schreibt sich Ihr Familienname?
Wo schrifft man Ehr Achternaam?,Wie schreibt man Ihren Familiennamen?
Wo schrifft man Ehr Achternaam?,Wie wird Ihr Familienname geschrieben?
Se schullen beter keen Alkohol mehr drinken.,Sie sollten besser keinen Alkohol mehr trinken.
"Dat höört sik snaaksch an, man dat stimmt.","Es mag sich seltsam anhören, aber es stimmt."
"Wat denkst du, ’keen du büst?","Was denkst du, wer du bist?"
Hebbt ji Fragen?,Habt ihr Fragen?
Hest du den Hund fuddert?,Hast du den Hund gefüttert?
"Sütt na Regen ut, wi schullen beter de Ruten dichtmaken.","Es sieht nach Regen aus, wir sollten besser die Fenster schließen."
Hest du disse Naricht al höört?,Hast du diese Nachricht schon gehört?
Borschtsch smeckt beter as dat klingt.,"Borschtsch schmeckt besser, als es klingt."
He grabbel sik an ’n Kopp un deed en scheve Snuut trecken.,Er griff sich an den Kopf und zog eine schiefe Schnute.
All bet op een weren dor.,Alle bis auf einen waren anwesend.
Mark Zuckerberg hett mi mien Idee klaut!,Mark Zuckerberg hat mir meine Idee geklaut!
Dor höört twee to.,Es gehören immer zwei dazu.
En Boor geiht bi en Doden nich bi.,Ein Bär berührt keinen Toten.
Wo lang hest du in Sanda leevt?,Wie lange hast du in Sanda gelebt?
Dat Baby weer de ganze Nacht still.,Das Baby war die ganze Nacht still.
Schiet! Ik heff mi verdoon.,"Mist, ich habe mich vertan!"
Disse Kamer is nich so groot.,Dieses Zimmer ist nicht so groß.
Disse Kamer is nich so groot.,Dieses Zimmer ist nicht sehr groß.
"Ik heff vör, na ’n Putzbüdel to gahn.","Ich habe vor, zum Friseur zu gehen."
"Dat is en grote Ehr, ehr kennentolehren.","Es ist eine große Ehre, sie kennenzulernen."
Hier warrt nich smöökt.,Hier wird nicht geraucht.
He hett teihn Keih.,Er besitzt zehn Kühe.
Se deed luder warrn.,Sie erhob die Stimme.
Laat uns en Münt smieten.,Lass uns eine Münze werfen.
An uns School hebbt wi Uniformen an.,An unserer Schule tragen wir Uniformen.
Wi gaht af un an tohoop angeln.,Wir gehen ab und zu zusammen angeln.
Ik heff twee Dagbläder aboneert.,Ich habe zwei Zeitungen abonniert.
Woveel köst en Baguette?,Wieviel kostet ein Baguette?
Woveel köst en Baguette?,Was kostet ein Baguette?
Dat schall di noch ees spieten.,Das wirst du noch bedauern.
Disse Hoot is di to groot.,Dieser Hut ist dir zu groß.
Nachtens seht wi hier mehr Steerns as in Tokyo.,Nachts sehen wir hier mehr Sterne als in Tokio.
Ries wasst in warme Klimazonen.,Reis wächst in warmen Klimazonen.
Pablo un Maria weren hier.,Pablo und Maria waren hier.
Se gaht elk Dag na Arbeid.,Sie gehen jeden Tag zur Arbeit.
Se hett em en Klock schenkt.,Sie schenkte ihm eine Uhr.
Ik bün de Gröttste in uns Klass.,Ich bin die Größte in unserer Klasse.
Ik bün de Gröttste in uns Klass.,Ich bin der Größte in meiner Klasse.
"Use Maria is in n Kaustall, to n melken.","Unsere Maria ist im Kuhstall, um zu melken."
"Tom is na Boston komen, üm Kunst to studeren.","Tom ist nach Boston gekommen, um Kunst zu studieren."
Ik ett lever Fisch as Fleesch.,Ich esse lieber Fisch als Fleisch.
Dat köst twee Euro.,Das kostet zwei Euro.
Woveel Spegelplaten hest du?,Wie viele CD's hast du?
Woveel Spegelplaten hest du?,Wie viele Silberscheiben hast du?
In Länner so as Noorwegen un Finnland hebbt se in ’n Winter en Hümpel Snee.,In Ländern wie Norwegen und Finnland haben sie im Winter einen Haufen Schnee.
"Tom hett nich wüßt, woneem Ria weer.","Tom wusste nicht, wo Maria war."
Ik heff mehr as een Maand in Nagoya leevt.,Ich habe mehr als einen Monat lang in Nagoya gelebt.
Se hett em von lütt op an kennt.,Sie hat ihn von kleinauf gekannt.
Wi hebbt jümmer noch en Hümpel to doon.,Wir haben immer noch jede Menge zu tun.
Egentlich harr ik dat weten müsst.,Eigentlich hätte ich das wissen müssen.
Nedderländsk is naig vöwant an Düütsk.,Niederländisch ist eng verwandt mit Deutsch.
Ik bün noch nie in Kuschiro wesen.,Ich bin noch nie in Kuschiro gewesen.
Se harr ans nix to drinken.,Sie hatte sonst nichts zu Trinken.
Du geihst mit uns.,Du gehst mit uns.
"Ik fraag mi, ’keen de Scheer tohöört.","Ich frage mich, wem die Schere gehört."
He besitt veel düre Schilleraatsen.,Er besitzt viele wertvolle Gemälde.
Ik will dit Pakeet na Japan henstüren.,Ich möchte dieses Paket nach Japan schicken.
"Dean itt würklich veel, meenst du nich?","Dean isst wirklich viel, meinst du nicht auch?"
"Ik weet nich, wat ik dor noch to seggen schall.","Ich weiß nicht, was ich dazu noch sagen soll."
De Sünn schient.,Die Sonne scheint.
Mit ’keen wullt du snacken?,Wen willst du sprechen?
He maakt ut en Mügg en Elefant.,Er macht aus einer Mücke einen Elefanten.
Wat studeerst du?,Was studierst du?
George is de Käpten von uns Mannschop.,George ist der Kapitän unserer Mannschaft.
Woveel Geld hett Tom di gäven?,Wie viel Geld hat Tom dir gegeben?
Du musst mehr lehren.,Du musst mehr lernen.
He hett en Appel tekent.,Er zeichnete einen Apfel.
He is Romaanschriever un Dichter.,Er ist ein Schriftsteller und Dichter.
Wat is dat för en Deert?,Was ist das für ein Tier?
He liggt faken in ’t Bedd un leest.,Er liegt oft im Bett und liest.
Tom hett twee Kinner.,Tom hat zwei Kinder.
Ik bruuk Plaasters.,Ich brauche Pflaster.
Dit Daagbladd hett en hoge Oplaag.,Diese Zeitung hat eine hohe Auflage.
He seet dor en Piep to smöken.,"Er saß da, um eine Pfeife zu rauchen."
He will di drepen.,Er möchte dich treffen.
He hett uns Anbott aflehnt.,Er hat unser Angebot abgelehnt.
Woneem is de Utgang?,Wo ist der Ausgang?
He güng stiekum in ’n Goorn.,Er betrat den Garten heimlich.
De Arbeid is noch lang nich all trech.,Die Arbeit ist noch lange nicht erledigt.
Snackst du Klingoonsch?,Sprichst du Klingonisch?
"He verspröök de Slaven, jem free to laten.","Er versprach den Sklaven, sie freizulassen."
Wat hett dat to bedüden?,Was hat das zu bedeuten?
De hele Welt kickt to.,Die ganze Welt schaut zu.
He itt geern Brood mit dick Smolt op.,Er isst gerne dick mit Schmalz bestrichene Brote.
Dat is al Klock söven.,Es ist schon um 7.
Se seten op en Parkbank.,Sie saßen auf einer Parkbank.
"Segg mi, wat ik dor mit doon schall.","Sag mir, was ich damit machen soll."
Dit is Brian Rock.,Dies ist Brian Rock.
Wullt du mit mi slapen?,Möchtest du mit mir schlafen?
Arm wesen is keen Schann.,Arm sein ist keine Schande.
Dat is dum Tüüg!,Das ist dummes Zeug!
De Flegerhaven is dicht.,Der Flughafen ist geschlossen.
Se hett em en Pulli köfft.,Sie kaufte ihm einen Pulli.
He is weg von tohuus.,Er ist fort von zuhause.
Se snackt jümmer slecht von annere.,Sie spricht immer schlecht über andere.
Wat köst disse Mütz?,Was kostet diese Mütze?
Ik goh hiut avend ut.,Ich gehe heute Abend aus.
"Du hest verspraken, nix to verraden.","Du hast versprochen, nichts zu verraten."
Dat weer en afkatert Speel.,Das war ein abgekartetes Spiel.
Mari arbeidt för en grote Firma.,Mari arbeitet für eine große Firma.
Dat weer hart as Steen.,Das war hart wie Stein.
Bourbon warrt ut Mais maakt.,Bourbon wird aus Mais gemacht.
Dat hett dor nix mit to doon.,Das hat damit nichts zu tun.
Woneem is dat Book?,Wo ist das Buch?
"Se deed blangen em sitten un deed sik wünschen, dat se annerwegens weer.","Sie saß neben ihm und wünschte sich, woanders zu sein."
Wi hebbt keen Kaffe mehr.,Wir haben keinen Kaffee mehr.
Ik do keen Sucker in mien Koffie.,Ich nehme keinen Zucker in meinen Kaffee.
Wat is ut sien Söhn worrn?,Was ist aus seinem Sohn geworden?
Prööv disse Snökeree.,Probiere diese Süßigkeit.
En dunen Keerl is de Trepp dalfullen.,Ein betrunkener Mann fiel die Treppe hinunter.
Roop beter foorts den Dokter.,Ruf besser sofort einen Arzt.
Worüm ik?,Warum ich?
Mama! Hector argert mi!,Mama! Hector ärgert mich!
Wasch di de Fööt.,Wasch dir die Füße.
"Seh to, dat du dat trech kriggst!","Sieh zu, dass du das fertig bekommst!"
Woneem kann ik en Stadplaan köpen?,Wo kann ich einen Stadtplan kaufen?
Du hest doch een an ’e Marmel!,Du hast doch einen an der Waffel!
He is von sien Unkel groottrucken worrn.,Er wurde von seinem Onkel erzogen.
Worüm wullt du dit Book köpen?,Warum willst du das Buch kaufen?
De Batterie von mien MP3-Speler weer leddig.,Die Batterie meines MP3-Spielers war leer.
Ik verstah dit Gedicht nich.,Ich verstehe dieses Gedicht nicht.
He will na de USA gahn.,Er will in die USA gehen.
En Mann fallt söven Maal un steiht acht Maal op.,Ein Mann fällt siebenmal hin und steht achtmal auf.
Du harrst vergangen Nacht den Film kieken schullt.,Du hättest gestern Abend den Film sehen sollen!
Opminnst twintig Hüüs sünd afbrennt.,Mindestens zwanzig Häuser sind abgebrannt.
"Segent schöölt de wesen, de nich mehr as dree Minuten snackt.","Gesegnet seien die, die nicht länger als drei Minuten sprechen."
Wi sünd blied.,Wir sind glücklich.
Israel is man en lütt Land.,Israel ist ein sehr kleines Land.
In dit Viddel drippt een faken japaansche Turisten.,In diesem Viertel trifft man oft japanische Touristen.
Hest du en Kreditkoort?,Hast du eine Kreditkarte?
Nüms deed op em achten.,Niemand beachtete sie.
De Planten bruukt Regen.,Die Pflanzen brauchen Regen.
Laat sehn.,Lass sehen.
Büst du op Facebook?,Bist du auf Facebook?
"Weetst du, woans Mahjongg speelt warrt?","Weißt du, wie man Mahjongg spielt?"
Büst du nich utgahn?,Bist du nicht ausgegangen?
Laat ehr.,Lass sie.
Disse Stroom is dree Maal so lang as de annere.,Dieser Fluss ist dreimal so lang wie der andere.
He ünnerricht Araabsch.,Er unterrichtet Arabisch.
Villicht stimmt dat.,Vielleicht stimmt das.
Se is mehr nüüdlich as smuck.,Sie ist eher niedlich als schön.
Tom un Ria hebbt in’n Oktober heirodt.,Tom und Maria haben im Oktober geheiratet.
He hett dat mit alle Macht oplücht.,Er hat das mit aller Macht hochgehoben.
De Vörhang güng op.,Der Vorhang ging auf.
"Weet een, wo Tom is?","Weiß jemand, wo Tom ist?"
Beter wat as nix.,Besser etwas als nichts.
"Dit is dat Huus, in dat he leevt.","Dies ist das Haus, in dem er lebt."
"Dat sünd de Lüüd, de blangenan wahnt.","Sie sind die Leute, die nebenan wohnen."
"Ik weer dwungen, ehren Vörslag antonehmen.","Ich war gezwungen, ihren Vorschlag zu akzeptieren."
Kann een wat verkehrt verstahn?,Kann man etwas falsch verstehen?
’Keen schall dat wesen?,Wer wird das sein?
Ik bün kamen üm to seggen dat ik weggah.,"Ich bin gekommen, um dir zu sagen, dass ich weggehe."
Dat Book is witt.,Das Buch ist weiß.
En Tiger is grötter un stärker as en Katt.,Ein Tiger ist größer und stärker als eine Katze.
En Tiger is grötter un stärker as en Katt.,Tiger sind größer und stärker als Katzen.
All Dören von ’t Huus weren dicht.,Alle Türen des Hauses waren zu.
Ik bün in een Stünn wedder trügg.,Ich bin in einer Stunde wieder zurück.
Tööv man en halve Stünn.,Warte bitte eine halbe Stunde.
Kannst du mi twee Paketer Sucker ut ’n Schapp halen?,Kannst du mir zwei Pakete Zucker aus dem Schrank holen?
Mien leevste Klöör is Rood.,Meine Lieblingsfarbe ist Rot.
En Pull Hoor keek ünner ehr Huuv rut.,Ein Haarbüschel schaute unter ihrem Hut heraus.
De Laag deed slechter warrn.,Die Lage wurde schlechter.
De Plaan güng nich op.,Der Plan ging nicht auf.
Se is nich good noog för em.,Sie ist nicht gut genug für ihn.
Wi kunnen dat Lüden von de nahe Kark hören.,Wir konnten das Läuten einer nahegelegenen Kirche hören.
Wo steiht PTA för?,Wofür steht PTA?
"Dat is en scharpen Tobak, säd de Düwel, dunn hadd de Jäger em 'ne Ladung Schrot int Gesicht schaten.","Das ist ein scharfer Tabak, sagte der Teufel, dann hatte der Jäger ihm eine Ladung Schrot ins Gesicht geschossen."
Ik læs keen Beuker.,Ich lese keine Bücher.
"Tom is to jung, üm Beer to drinken.","Tom ist zu jung, um Bier zu trinken."
Lange röck sünd nu nich mehr Mood.,Lange Röcke sind jetzt unmodern.
Lange röck sünd nu nich mehr Mood.,Lange Röcke sind nun nicht mehr Mode.
Ik bün keen Student.,Ich bin kein Student.
Kann ik di üm en Gefallen bidden?,Kann ich dich um einen Gefallen bitten?
Du schusst weniger smöken.,Du solltest weniger rauchen.
De Jung springt.,Der Junge springt.
De Blötenblöder swömmen op dat Water.,Die Blütenblätter schwammen auf der Wasseroberfläche.
Japan un Süüdkorea sünd Naverlänner.,Japan und Südkorea sind Nachbarländer.
He hett nu een Stünn nix snackt.,Er hat eine Stunde nichts gesprochen.
In ’n Pries is dat Porto mit in.,Im Preis ist das Porto enthalten.
Disse Schoh höört mi to.,Diese Schuhe gehören mir.
Disse Schoh höört mi to.,Diese Schuhe gehören ihr.
Meg hett en Doos Tomaten köfft.,Meg hat eine Dose Tomaten gekauft.
"Kiek ees, ’keen dor is!",Schau mal wer da ist!
Wi leevt in dat Tiedöller von de Technik.,Wir leben im Zeitalter der Technik.
He is groot un stark.,Er ist groß und stark.
Ik loop lever as mit ’n Bus to föhren.,"Ich gehe lieber, als mit dem Bus zu fahren."
’Keen leest?,Wer liest?
He nehm ehr bi de Hand.,Er nahm sie bei der Hand.
Ik wahn nu meist fiev Johr in Kanada.,Ich wohne seit fast 5 Jahren in Kanada.
Ik leev in Kanton.,Ich lebe in Kanton.
Ik leev in Kanton.,Ich lebe in Guǎngzhōu.
Wat för en Deert is lütt?,Welches Tier ist klein?
"Deit mi leed, dat ik so groff weer.","Es tut mir leid, dass ich so grob war."
Wi hebbt in de See swummen.,Wir schwammen im Meer.
Ik kunn nich na sien Geboortsdagsparty gahn.,Ich konnte nicht zu seiner Geburtstagsparty gehen.
Kennst du en goden Tähndokter?,Kennst du einen guten Zahnarzt?
Disse Romaan is swoor to verstahn.,Dieser Roman ist schwierig zu verstehen.
’Keen is de Schriever von dit Book?,Wer ist der Autor dieses Buches?
Noorddüütschland is jüst as de Rest von Noordeuropa to ’n groten Deel evangeelsch-luthersch.,"Norddeutschland ist, so wie der Rest von Nordeuropa, zum großen Teil evangelisch-lutherisch."
Wies mi dien wohr Gesicht!,Zeig mir dein wahres Gesicht!
Wies mi dien wohr Gesicht!,Zeige mir dein wahres Gesicht!
Büst du al in Ingland wäsen?,Warst du schon einmal in England?
Do keem mi en gode Idee.,Da kam mir eine gute Idee.
Ik warr faken mit miene Bröder vergleken.,Ich werde oft mit meinen Brüdern verglichen.
Se hett noch mehr Böker.,Sie hat noch mehr Bücher.
Ik bün op Holschen rutstevelt.,Ich bin auf Holzschuhen rumgestiefelt.
Wo löppt he nu?,Wo rennt er jetzt?
"Ik fraag mi, ’keen ik inladen schall.","Ich frage mich, wen ich einladen soll."
En Dokter ahn goden Avtheker is as en Generaal ahn gode Attillerie.,Ein Arzt ohne erstklassigen Apotheker ist wie ein General ohne Artillerie.
Disse Insel is franzöösch wesen.,Diese Insel war französisch gewesen.
Se is mit em in ’n Zoo gahn.,Sie ist mit ihm in den Zoo gegangen.
Kann ik wat to eten kriegen?,Kann ich etwas zu Essen bekommen?
He is mit ’t Taxi na Kawogoe föhrt.,Er ist mit dem Taxi nach Kawogoe gefahren.
Ungarn un de Slowakei sünd Navers.,Ungarn und die Slowakei sind benachbart.
He hett veel Böker.,Er besitzt viele Bücher.
Du lüggst!,Du lügst!
Du lüggst.,Du lügst.
Wi sünd bang vör ’n Dood.,Wir fürchten den Tod.
Wi sünd bang vör ’n Dood.,Wir fürchten uns vor dem Tod.
He hett den Ümslag apen maakt.,Er öffnete den Umschlag.
"Dat lett, as wenn he dat hild harr.","Es scheint, dass er es eilig hatte."
"Ik waag dat nich, bi em weddertosnacken.","Ich wage nicht, ihm zu widersprechen."
De Mulltünn is vull.,Die Mülltonne ist voll.
’Keen is dien Schoolmeester?,Wer ist dein Lehrer?
’Keen schall de Rull von de Prinzess spelen?,Wer soll die Rolle der Prinzessin spielen?
Ik heff mit Smöken un Drinken ophöört.,Ich habe aufgehört zu rauchen und zu trinken.
Dat Museum is en Besöök weerd.,Dieses Museum ist einen Besuch wert.
Mien Roboter heet Maruchi.,Mein Roboter heißt Maruchi.
"Ik hoff, Tom kriggt de Prüfung hen.","Ich hoffe, Tom schafft die Prüfung."
Kaam mi besöken.,Komm mich besuchen.
Bob hett em wedder sehn.,Bob hat ihn wieder gesehen.
Ik heff em na mi tohuus inlaadt.,Ich habe ihn zu mir nach Hause eingeladen.
Ik heff eten.,Ich habe gegessen.
De Eer is en Planeet.,Die Erde ist ein Planet.
Ken hett vonnamiddag to doon.,Ken ist heute Nachmittag beschäftigt.
Woveel Inwahners hett New York?,Wie viele Einwohner hat New York?
De Wind weiht.,Der Wind weht.
Dat weer sien egen Schuld.,Das war sein eigener Fehler.
Achter di!,Hinter dir!
Krempel dien Mauen hoog un pack an.,Krempel die Ärmel hoch und pack an.
Mi deit de Schuller weh.,Mir tut die Schulter weh.
Ik sitt nich giern buten.,Ich sitze nicht gerne draußen.
De seukt Friewillige.,Die suchen Freiwillige.
Dat is en Schipp.,Das ist ein Schiff.
Dor weren üm un bi twintig Lüüd.,Dort waren ungefähr 20 Leute.
Dat Huus is von de Flood wegreten worrn.,Das Haus wurde von der Flut mitgerissen.
Wat hett Tom gägen mi?,Was hat Tom gegen mich?
Ik heff en Braken ut ’n Boom saagt.,Ich habe einen Ast aus dem Baum gesägt.
Kann ik dien Wöörbook bruken?,Kann ich dein Wörterbuch benutzen?
Ik bün trüggkamen.,Ich bin zurückgekommen.
Dien Slips passt to dien Hemd.,Diese Krawatte passt zu deinem Hemd.
Ulen jaagt bi Nacht.,Eulen jagen bei Nacht.
Ik kunn keen Kuntakt mit em opnehmen.,Ich konnte keinen Kontakt mit ihm aufnehmen.
Sühst du süs noch wat?,Siehst du sonst noch etwas?
Du schasst de slechte Naricht woll höört hebben.,Du wirst die schlechte Nachricht gehört haben.
Europa hett mehr Kultur!,Europa hat mehr Kultur!
En Quadraat hett veer lieker lange Kanten.,Ein Quadrat hat vier gleich lange Seiten.
Dat Weder deed slechter warrn.,Das Wetter verschlechterte sich.
"Tro kenen Ossen vun vörn, den Peerd nich vun achtern un den Lüüd vun allen Sieden","Traue dem Ochsen nicht von vorn, dem Pferd nicht von hinten, und den Menschen von allen Seiten nicht."
’Keen hett den Steen op mien Hund smeten?,Wer warf den Stein auf meinen Hund?
Wi hebbt in ’t Museum en Mumie sehn.,Wir haben im Museum eine Mumie gesehen.
Ik bün dat wennt.,Ich bin daran gewöhnt.
De Utblick von ’n Topp is temlich schöön.,Der Ausblick vom Gipfel ist sehr schön.
"Ik kann mi op dat Huus besinnen, in dat ik opwussen bün.","Ich erinnere mich an das Haus, in dem ich aufgewachsen bin."
Se is jünger as he.,Sie ist jünger als er.
Ik heff den ganzen Namiddag dörslapen.,Ich habe den ganzen Nachmittag durchgeschlafen.
Se hett ehr Frünnen to ’n Avendeten inlaadt.,Sie hat ihre Freunde zum Abendessen eingeladen.
Wat is de längste Stroom in Japan?,Welcher ist der längste Strom in Japan?
Se hett in’e School Latien lehrt.,Sie hat in der Schule Latein gelernt.
Se nömen dat Schipp „Mayflower“.,"Sie nannten das Schiff ""Mayflower""."
Man driest to.,Nur weiter so!
Man driest to.,Weiter so!
Man driest to.,Weitermachen!
"Ik kööm, ik seh, ik wunn.","Ich kam, sah und siegte."
Nüms glövt mi.,Niemand glaubt mir.
Nüms glövt mi.,Keiner glaubt mir.
"Ik wull weten, wat vörfallen is.","Ich wollte wissen, was geschehen war."
"Du musst doon, wat di seggt warrt.","Du musst tun, was man dir gesagt hat."
Ik heff en Mann mit een Been sehn.,Ich habe einen Mann mit einem Bein gesehen.
Hest du dit Book schreven?,Hast du dieses Buch geschrieben?
Du hest dit Book schreven?,Du hast dieses Buch geschrieben?
Disse Boom hett en Ümfang von dree Meter.,Dieser Baum hat einen Umfang von drei Metern.
Wi hebbt över veel Saken snackt.,Wir haben über viele Dinge geredet.
Wi hebbt över veel Saken snackt.,Wir sprachen über viele Dinge.
In Sovjetrussland lehrt de Lex den Lehrer!,In Sowjetrussland lehrt die Lektion den Lehrer!
Laat uns Feernsehn kieken.,Lass uns Fernsehen gucken.
"Mi dücht, he hett dat daan.","Ich denke, er hat es getan."
Wullt du wat drinken?,Möchtest du etwas zu trinken?
Wullt du wat drinken?,Willst du etwas trinken?
Wullt du wat drinken?,Möchtest du was trinken?
Wullt du wat drinken?,Willst du was trinken?
Wat wullt du drinken?,Was möchtest du trinken?
Wi hebbt mit en över siene Studienplään snackt.,Wir haben mit ihm über seine Studienpläne gesprochen.
Perfesser Jones geiht toern Johr in Rent.,Professor Jones geht nächstes Jahr in Rente.
Is de Butenminister al ankamen?,Ist der Außenminister schon angekommen?
"Keeneen hett tohöört, wat ik segg.","Keiner hat zugehört, was ich sage."
Dat is en DVD.,Das ist eine DVD.
"Dat weer eens en groten König, de hett in Grekenland leevt.","Es war einmal ein großer König, der lebte in Griechenland."
Nadem harr he keen licht Leven.,Er hatte danach kein leichtes Leben.
Worüm bestraafst du ehr?,Warum bestrafst du sie?
Worüm bestraafst du ehr?,Wieso bestrafst du sie?
Wi importeert Kaffe ut Brasilien.,Wir importieren Kaffee aus Brasilien.
He hett toveel Hau op sien Fork nahmen.,Er hat zu viel Heu auf seine Gabel genommen.
"Segg düsse Lüe, dat se torügge gaan, damit de Heevschruver lannen kann.","Sagen Sie diesen Leuten, sie sollen zurückgehen, damit der Hubschrauber landen kann."
Se hebbt al betere Daag sehn.,Sie haben schon bessere Tage gesehen.
"Wies mi op de Koort baven, woneem Puerto Rico liggt.","Zeigen Sie auf der obigen Karte, wo Puerto Rico liegt."
Wat för en snaaksche Idee.,Was für eine seltsame Idee!
He is as en Pogg in en Pütt.,Er ist wie ein Frosch in einem Brunnen.
De Schauspelerin sütt jünger ut as wat se is.,"Die Schauspielerin sieht jünger aus, als sie ist."
Woans hest du ehr kennenlehrt?,Wie hast du sie kennengelernt?
He peddt mi!!,Er tritt mich!
Sucker smölt in warm Water.,Zucker schmilzt in warmem Wasser.
Se is süchtig na Farmville.,Sie ist nach Farmville süchtig.
Se is süchtig na Farmville.,Sie ist Farmville verfallen.
Fabre hett Böker över Insekten schreven.,Fabre schrieb Bücher über Insekten.
Fabre hett Böker över Insekten schreven.,Fabre hat Bücher über Insekten geschrieben.
"Düsse Steen weer so swoor, dat ik em nich lüchten kunn.","Dieser Stein war so schwer, dass ich ihn nicht heben konnte."
Föhr sinnig.,Fahre langsam.
De Wehdaag hett bilütten nalaten.,Der Schmerz hat ein wenig nachgelassen.
"Dat is allens, wat ik maken kann.","Das ist alles, was ich machen kann."
"Giff mi wat, wo ik up schreven kann.","Gib mir etwas, worauf ich schreiben kann."
En Frömmen steiht vör dat Huus.,Ein Fremder steht vor dem Haus.
Is dat dien DVD?,Ist das deine DVD?
Fievdusend Dollar sünd en Hümpel Geld.,Fünftausend Dollar sind eine große Menge Geld.
Fievdusend Dollar sünd en Hümpel Geld.,Fünftausend Dollar sind ein Batzen Geld.
Hört ji?,Hörst du zu?
Woans büst du an dit Geld kamen?,Wie bist du an dieses Geld gekommen?
Ik will en Geschenk för miene Fründin utsöken.,Ich möchte ein Geschenk für meine Freundin aussuchen.
Ik bün to mööd to ’n Föhren.,Ich bin zu müde zum Fahren.
Ik föhr ook mit dissen Tog.,Ich fahre auch mit diesem Zug.
Ik kann mi good op mien Kinnertied besinnen.,Ich erinnere mich gut an meine Kindheit.
Dor is he bleven.,Dort blieb er.
He keem över Sibirien na London.,Er kam über Sibirien nach London.
Se hett em doodslahn.,Sie hat ihn totgeschlagen.
Tom hett en gelen Sportwagen.,Tom besitzt einen gelben Sportwagen.
"Ik weer jüst bi ’t Eten, as ji mi anropen hebbt.","Ich war gerade beim Essen, als ihr mich angerufen habt."
"Se hett ehren Hoot verloren, em aver foorts wedderfunnen.","Sie hat ihren Hut verloren, ihn aber sofort wiedergefunden."
Lang mien Spaghettibrügg nich an! De Liem hart noch ut.,Fass meine Spaghettibrücke nicht an! Der Kleber härtet noch aus.
Mien Snieder is riek.,Mein Schneider ist reich.
"Jo, ik snack Spaansch.","Ja, ich spreche Spanisch."
Ik heff em nie singen höört.,Ich habe ihn nie singen gehört.
Siene Tasch weer vull Water.,Seine Tasche war voller Wasser.
He hett en Book över China schreven.,Er hat ein Buch über China geschrieben.
He hett en Book över China schreven.,Er schrieb ein Buch über China.
"Miene Büx sitt temlich lucker, ik heff veel afnahmen.","Meine Hose sitzt sehr locker, weil ich sehr abgenommen habe."
Ik heff noch nie wat wunnen.,Ich habe noch nie etwas gewonnen.
Wi stöört em.,Wir stören ihn.
Wat will he doon?,Was will er tun?
Pandas freet Bambus.,Pandas ernähren sich von Bambus.
Tom snackt faken mit sien Hund.,Tom spricht oft mit seinem Hund.
"He lööp un lööp, man he kunn sien Hund nich inkriegen.","Er rannte und rannte, aber er konnte seinen Hund nicht einholen."
Tom is Rabbi.,Tom ist Rabbi.
De Böker liggt op ’n Disch.,Die Bücher liegen auf dem Tisch.
Hett se den Grund seggt?,Hat sie den Grund genannt?
"Wenn ’n för 20 Euro inköfft, fallt de Versennkösten weg.","Wenn man für 20 Euro einkauft, entfallen die Versandkosten."
Wat schall ik antrecken?,Was soll ich anziehen?
Woveel Böker leest du in ’n Maand?,Wie viele Bücher liest du im Monat?
He wiggt söventig Kilo.,Er wiegt siebzig Kilo.
Ik deed dat lever nich eten.,Ich würde das lieber nicht essen.
Wat schull he naeten?,Welchen Nachtisch sollte er essen?
Dat Ruumschipp maakt Reisen von Planeet to Planeet.,Das Raumschiff unternimmt Reisen von Planet zu Planet.
Is dat dien Süster?,Ist das deine Schwester?
Wi mööt uns jümmer na de Regeln richten.,Wir müssen immer die Regeln befolgen.
Hest du en Plaan?,Hast du einen Plan?
"Ik bün torüchkamen, üm di to helpen.","Ich bin zurückgekommen, um dir zu helfen."
"Wat föhrt harter, en Schipp oder en Tog?","Was fährt schneller, ein Schiff oder ein Zug?"
Nich maal ik!,Nicht einmal ich!
So is dat.,So ist es.
Dat is so.,Das ist so.
Ik bün en goden Kock.,Ich bin ein guter Koch.
Se togen sik an.,Sie haben sich angezogen.
Se togen sik an.,Sie zogen sich an.
Ik bün inslopen.,Ich bin eingeschlafen.
George hett miene Süster heiraadt.,George hat meine Schwester geheiratet.
He is för mi en ganz Frömmen.,Er ist ein völlig Fremder für mich.
Ik wahn in Tokyo.,Ich wohne in Tokio.
Elk Johr hett twölv Maand.,Jedes Jahr hat zwölf Monate.
Schöölt wi dansen?,Sollen wir tanzen?
Schöölt wi dansen?,Darf ich bitten?
In ’n Boom hett de Blix inslahn.,In den Baum hat der Blitz eingeschlagen.
Se hebbt jemehr Söhn John nöömt.,Sie nannten ihren Sohn John.
Woveel Bröder hest du?,Wie viele Brüder hast du?
Ik schnak kien Düütsch.,Ich spreche kein Deutsch.
"Ik segg di allens, Marie!","Ich sage dir alles, Marie!"
Vonavend gaht wi in ’t Theater.,Heute Abend gehen wir ins Theater.
Indien is 1947 von Grootbritannien unafhängig worrn.,Indien ist 1947 von Großbritannien unabhängig geworden.
"He lett jümmer dat Finster apen, wenn he slöppt.","Er lässt immer das Fenster offen, wenn er schläft."
He hett Tom heten.,Er hieß Tom.
He is fiev Zentimeter grötter as ik.,Er ist fünf Zentimeter größer als ich.
Wi lehrt schrieven.,Wir lernen schreiben.
He schall namiddags an ’n Föfften ankamen.,Er wird nachmittags am Fünften ankommen.
Ik heff mien Hoor nich wuschen.,Ich habe meine Haare nicht gewaschen.
Atooms sünd för dat blote Oog nich sichtbor.,Atome sind für das bloße Auge nicht sichtbar.
J. F. Kennedy is op ’n Karkhoff Arlington begraven.,J.F. Kennedy wurde auf dem Friedhof Arlington begraben.
Ehr Hoor is heel kort.,Ihr Haar ist sehr kurz.
Dor stimmt wat nich.,Da stimmt etwas nicht.
Dor stimmt wat nich.,Etwas ist nicht in Ordnung.
Dor stimmt wat nich.,Es stimmt etwas nicht.
"Ik weer neeschierig, worüm as de Lüüd mi anglupen deden.","Ich war neugierig, warum mich die Menschen anstarrten."
Weer de Film good?,War der Film gut?
De Film weer good!,Der Film war gut!
"Dat Maria loog, weet Tom.","Dass Mary log, weiß Tom."
Dat sünd lege Tieden.,Es sind schlechte Zeiten.
"Weeßt du, wen sien Wogen dat is?","Weißt du, wem dieser Wagen gehört?"
Ik bün al twee Stünnen dor.,Ich bin schon seit zwei Stunden da.
Se is noch jung.,Sie ist noch jung.
Worüm gaht wi nich na Huus?,Warum gehen wir nicht nach Hause?
"Dat deit mi leed, villicht toern Maal.","Es tut mir leid, vielleicht nächstes Mal."
Woneem is de nächste Bahnhoff?,Wo ist der nächste Bahnhof?
Düsse Kiekkassen is swöör.,Dieser Fernseher ist schwer.
Wat maak ik denn nu?,Was mache ich denn jetzt?
Ozoon schuult uns.,Ozon schützt uns.
Bríd hett dat Geld.,Bríd hat das Geld.
Hest du en Vigelien?,Hast du eine Geige?
Ik höör dat nich.,Ich höre es nicht.
Ik snack keen Japaansch.,Ich spreche kein Japanisch.
Keeneen wull dor över snacken.,Niemand wollte darüber sprechen.
Ik bün noch nie in en Fleger wesen.,Ich bin noch nie in einem Flugzeug gewesen.
Harr ik dat weten!,Hätte ich das gewusst!
Hier is dien Book.,Hier ist dein Buch.
"He deed verspreken, nich wedder to laat to wesen.","Er versprach, nicht wieder zu spät zu sein."
Se hett em en Ticket köfft.,Sie hat ihm eine Fahrkarte gekauft.
Poggen fräät Flegen.,Frösche fressen Fliegen.
Ik heff veel von di höört.,Ich habe viel von dir gehört.
He kenn em siet sien Kinnertied.,Er kannte ihn seit seiner Kindheit.
Ik heff Wülv in ’e Apenninen sehn.,Ich sah Wölfe in den Apenninen.
Talent alleen langt nich.,Talent alleine genügt nicht.
Dat is mien Verscheel.,Das ist meine Meinung.
Wi sünd Kusengs.,Wir sind Cousins.
"Ik ben duune, aver ik kann noch Platt küern.","Ich bin besoffen, aber ich kann immer noch Deutsch sprechen."
"He jabbelt jümmer, dat he slecht behannelt warrt.","Er quengelt immer, dass er schlecht behandelt wird."
In ’t Stadion weer ’t ganz liesen.,Das Stadion war ganz still.
School begünnt üm half 9.,Die Schule fängt um halb neun an.
School begünnt üm half 9.,Der Unterricht beginnt um acht Uhr dreißig.
Wees still un lüüster.,Sei still und hör zu.
Du bruukst woll en Dokter!,Du brauchst wohl einen Arzt!
Kaam hier nie wedder her!,Komm nie wieder hierher!
"Dat is en leeg Huus, wo de Hehn luder kreiht as de Hahn.","Das ist ein trauriges Haus, wo die Henne lauter kräht als der Hahn."
De Storm hett sworen Schaden för de Oost bröcht.,Der Sturm hat schweren Schaden für die Ernte verursacht.
De Klock hett teihn slahn.,Die Uhr schlug zehn.
Legg nich op; ik heff noch nich utsnackt.,Leg nicht auf; ich habe noch nicht zu Ende gesprochen.
"Dat interesseert de nich, wat wi wüllt.","Es interessiert die nicht, was wir wollen."
Ik lehr.,Ich lerne.
"Dat is nu dree Johr her, dat ik bigohn bün, Fransch to lehren.","Es ist drei Jahre her, seit ich angefangen habe, Französisch zu lernen."
He is bi dat ane Radio toslapen.,Er ist unter laufendem Radio eingeschlafen.
Gau sammel sik en Hümpel Lüüd üm ’t Füüwehrauto.,Sofort sammelte sich eine Menge Leute um das Feuerwehrauto.
Gau sammel sik en Hümpel Lüüd üm ’t Füüwehrauto.,Sofort lief eine Menschenmenge um das Feuerwehrauto zusammen.
Ik heff tofällig mien Schoolmeester an ’n Bahnhoff drapen.,Ich traf zufällig am Bahnhof meinen Lehrer.
So hebbt se in de Johren sösstig snackt.,So redete man in den Sechziger Jahren.
De Blomen sünd ahn Water verdröögt.,Die Blumen vertrockneten ohne Wasser.
De lütt Hund keek ehr so trurig an.,Das Hündchen schaute sie so traurig an.
He harr gode Utsichten op Spood.,Er hat gute Aussichten auf Erfolg.
Wo stellst du di dat Leven in’t Johr 2121 vör?,Wie stellst du dir das Leben im Jahr 2121 vor?
De Jäger hett ’n Voss fungen.,Der Jäger hat einen Fuchs gefangen.
De Spelen sünd toenn.,Die Spiele sind zu Ende.
Dröff ik rinkamen?,Darf ich reinkommen?
Büst du mit ’n Dummbüdel kloppt?,Bist du mit dem Klammerbeutel gepudert worden?
Mudder hett den Koken in acht Delen sneden.,Mutter schnitt den Kuchen in 8 Teile.
"Üm den Inholt uttoreken, nehm de Längd maal de Breed maal de Deepd.",Um den Inhalt auszurechnen nimm die Länge mal der Breite mal der Tiefe.
All Liddmaten weren dor.,Alle Mitglieder waren anwesend.
He hett dat nich doon.,Er hat das nicht getan.
Tom hett dat ok nich wüßt.,Tom wusste es auch nicht.
Maak dat lütter.,Mach es kleiner.
Ik kenn ehr nich.,Ich kenne sie nicht.
Se verwacht all beid Kinner.,Sie beide erwarten Kinder.
Dor weer en Saalhund an de Küst.,Da war ein Seehund an der Küste.
Dor weer en Saalhund an de Küst.,Da war eine Robbe an der Küste.
Schull ik jümmer good tomood wesen?,Sollte ich immer guter Laune sein?
Büst du bi Facebook?,Bist du bei Facebook?
Ik will geern boor betahlen.,Ich würde gerne bar zahlen.
De Twete Weltkrieg weer noch nich vörbi.,Der Zweite Weltkrieg war noch nicht vorbei.
"Tom hett versöcht, Ria to beindrucken.","Tom versuchte, Maria zu beeindrucken."
Opmaal güng dat Licht ut.,Plötzlich ging das Licht aus.
Wullst du Mary ook inladen?,Wolltest du Mary auch einladen?
Ik will en egen Kamer.,Ich will ein eigenes Zimmer.
Dat Ies smült.,Das Eis schmilzt.
Dat Ies smült.,Das Eis taut ab.
Ik kann di nich helpen.,Ich kann dir nicht helfen.
Se is veel grötter as ik.,Sie ist bei weitem größer als ich.
Se is veel grötter as ik.,Sie ist viel größer als ich.
Treck di diene goden Schoh an.,Zieh dir deine guten Schuhe an!
He mag keen Appelsienen.,Er mag keine Apfelsinen.
He mag keen Appelsienen.,Er mag keine Orangen.
Worüm büst du so trurig?,Warum bist du so traurig?
He stünn mit de Hannen in ’e Tasch.,Er stand mit den Händen in seiner Tasche.
"’Keen nich arbeidt, schall ook nich eten.","Wer nicht arbeitet, soll auch nicht essen."
Worüm büst du to Huus?,Warum bist du zu Hause?
Ik heff em al anropen.,Ich habe ihn schon angerufen.
Wi sünd domaals in de Feern föhrt.,Wir sind damals in die Ferien gefahren.
Wi hebbt dörteihn Knüppels.,Wir haben dreizehn Knüppel.
Dat heff ik nich wusst.,Das wusste ich nicht.
Flüggst du faken?,Fliegst du oft?
Wat för en Soort Vagel is dit?,Was für eine Sorte Vogel ist das?
"Ik harr vör, mit de Arbeid trech to wesen.",Ich hatte vor mit der Arbeit fertig zu sein.
Ik eet Brood.,Ich esse Brot.
"He weer temlich groot un mager, mit lange Arms un Been.","Er war sehr groß und mager, mit langen Armen und Beinen."
’Keen höört dat Book to?,Wem gehört das Buch?
Se hett veel Frünnen in Hongkong.,Sie hat viele Freunde in Hongkong.
Wi köönt dusende Steerns an ’n Heven sehn.,Wir können Tausende von Sternen am Himmel sehen.
Wullt du noch en Beer?,Möchtest du noch ein Bier?
"Godd hett geven, Godd hett nahmen.","Gott hat gegeben, Gott hat genommen."
General Motors hett 76.000 Lüüd aflohnt.,General Motors hat 76000 Arbeiter entlassen.
Ik maak toveel Tippfehlers.,Ich mache zu viele Tippfehler.
He weer al twee Stünnen bi to lehren.,Er lernte schon seit zwei Stunden.
He weer al twee Stünnen bi to lehren.,Er war schon zwei Stunden lang am Lernen.
De Laag warrt jeden Dag slimmer.,Die Lage wird täglich schlimmer.
Dat is to warm üm to arbeiden.,"Es ist zu warm, um zu arbeiten."
Ik gah avends faken mit Frünnen ut.,Ich gehe abends oft mit Freunden aus.
"Liekut, denn na rechts, un denn?","Erst geradeaus, dann nach rechts, und dann?"
Worüm is se so still?,Warum ist sie so still?
Dat hett nix mit di to doon.,Das hat nichts mit dir zu tun.
Disse Slips lett good an di.,Diese Krawatte steht dir sehr gut.
"Ik weet nich mehr, woneem ik dat köfft heff.","Ich weiß nicht mehr, wo ich das gekauft habe."
"Ik bruuk een, mit den ik snacken kann.","Ich brauche einen, mit dem ich sprechen kann."
"Wat weer toeerst dor, dat Hohn oder dat Ei?","Was war zuerst da, das Huhn oder das Ei?"
Ik bün en free Mann.,Ich bin ein freier Mann.
Ries warrt in Kilo verköfft.,Reis wird in Kilo verkauft.
"Ji weet nich, ’keen ik bün.","Ihr wisst nicht, wer ich bin."
Wi verwacht dit Johr en temlich kolen Winter.,Wir erwarten dieses Jahr einen sehr kalten Winter.
Gah weg.,Verkrümele dich!
Wi bruukt nich veel.,Wir brauchen nicht viel.
De Aap keem dal.,Der Affe kam herunter.
Fangt wi an.,Fangen wir an!
Du kannst nich allens hebben.,Du kannst nicht alles haben.
Twee Kinner sitt baven op ’n Tuun.,Zwei Kinder sitzen oben auf dem Zaun.
Junge Tigers seht ut as Katten.,Junge Tiger sehen aus wie Katzen.
"Tom hett versocht, Ria to beindrucken.","Tom versuchte, Maria zu beeindrucken."
Ik heff de Adress nich dorbi.,Ich habe die Adresse nicht dabei.
Ji hebbt dat daan!,Ihr habt es getan!
He hett en Hoot op.,Er hat einen Hut auf.
Se kennt mi.,Sie kennt mich.
Wi hebbt uns in Ägypten versteken.,Wir werden uns in Ägypten verstecken.
He is dien Söhn.,Er ist dein Sohn.
De Bülgen slögen gegen de Steen an ’t Över.,Die Meereswellen schlagen gegen den Felsen am Ufer.
Se weren op de Wisch un hebbt haut.,Sie waren auf der Wiese und haben geheut.
He hett jo en Book schickt.,Er hat euch ein Buch geschickt.
Schell twee von de Bananen.,Schäle zwei von den Bananen.
He harr to doon.,Er war beschäftigt.
He harr to doon.,Er hat zu tun.
"Dat is licht, disse Fraag to antern.","Es ist leicht, diese Frage zu beantworten."
He weer ganz un gor tosmuddelt.,Er war schmutzbedeckt.
Dat is nödig.,Es ist notwendig.
"Ik heff vergeten, de Parkschiev intostellen.","Ich habe vergessen, die Parkscheibe einzustellen."
"Jim keek na rechts un links, ehrdat he över de Straat güng.","Jim sah nach rechts und links, bevor er über die Straße ging."
Ik snack keen Katalaansch.,Ich spreche kein Katalanisch.
He hett mi lang töven laten.,Er hat mich lange warten lassen.
Ik bün dree Johr jünger as he.,Ich bin drei Jahre jünger als er.
"Villicht gah ik, villicht nich.","Vielleicht werde ich gehen, vielleicht nicht."
Dat is Tüdelkraam.,Das ist Quatsch.
Dat is Tüdelkraam.,Das ist Unsinn.
"Ik froog mi, wann dit huus es buet wodden.","Ich frage mich, wann dieses Haus gebaut worden ist."
"Ik froog mi, wann dit huus es buet wodden.","Ich frage mich, wann dieses Haus gebaut wurde."
Dat sünd nich miene Saken!,Das sind nicht meine Sachen!
Do dor man nich so dick mit.,Gib nicht so sehr damit an.
"Hey, kiek, en dreeköppten Aap!","Oh, schau mal, ein dreiköpfiger Affe!"
Ik heff dissen Hoot för 2000 Yen köfft.,Ich habe diesen Hut für 2000 Yen gekauft.
Melk kaakt bi en högere Temperatur as Water.,Milch kocht bei einer höheren Temperatur als Wasser.
Tom hett Ria wat toflüstert.,Tom flüsterte Maria etwas zu.
Tom hett Ria wat toflüstert.,Tom hat Maria etwas zugeflüstert.
Dit Kleed passt di good.,Dieses Kleid passt dir gut.
We hebbt dit Johr nich veel Snee hatt.,Wir haben dieses Jahr nicht viel Schnee gehabt.
Hett Tom en Wogen?,Hat Tom ein Auto?
"Dat is jüst dat, wat ik bruuk.","Dies ist genau das, was ich benötige."
Wasch di önnig de Hannen.,Wasche deine Hände gut.
"Nüms weet, wat em so pieren deed.","Niemand weiß, was ihn so quält."
Hier in Boston sniet dat.,Hier in Boston schneit’s.
De König von Frankriek hett en Platt.,Der König von Frankreich hat eine Glatze.
Laat di nich faatkriegen.,Lass dich nicht erwischen.
Dat is mien Kuseng.,Das ist mein Cousin.
Verwacht nich toveel von em.,Erwartet nicht zu viel von ihm.
Ehr Fohrrad is blau.,Ihr Fahrrad ist blau.
De Jung is klook.,Ein kluger Junge!
Dit Maal schusst du dat sülvs doon.,Dieses Mal solltest du es selbst tun.
Dit Maal schusst du dat sülvs doon.,Dieses Mal musst du das selbst machen.
"Ik heff nüms, de mi helpt.","Ich habe niemanden, der mir hilft."
Dat is mien CD.,Das ist meine CD.
Ji künnt hier up se teuven.,Ihr könnt hier auf sie warten.
He kann good föhren.,Er kann gut fahren.
Bliev en Stoot.,Bleib ein Weilchen.
He hett mi en Klock geven.,Er gab mir eine Uhr.
De Dener hett den Bodden schrubbt.,Der Diener schrubbte den Boden.
Wo denkst du an?,Woran denkst du?
"De freuhe Vogel fangt den Worm, man ierst de twete Mûs kriegt den Kees.","Der frühe Vogel fängt den Wurm, aber erst die zweite Maus kriegt den Käse."
Wi eet oft rauhen Fisch.,Wir essen oft rohen Fisch.
"Moin, Grootvader!","Guten Tag, Großvater!"
"Moin, Grootvader!","Guten Morgen, Großvater!"
"Moin, Grootvader!","Guten Abend, Großvater!"
"Moin, Grootvader!",Hallo Großvater!
Dröög dien Tranen.,Trockne deine Tränen.
Dröög dien Tranen.,Wische dir deine Tränen ab.
Hüdigendaags löövt nüms mehr an Spökels.,Heutzutage glaubt niemand mehr an Gespenster.
Wat hest du antert?,Was hast du geantwortet?
Wat snackst du för ’n Tüdelkraam?,Was redest du für einen Unsinn?
"De Keerl, den se heiraden will, is Rûmfohrer.","Der Mann, den sie heiraten will, ist Astronaut."
Dat Door is nu apen.,Das Tor ist jetzt geöffnet.
Se treckt in jemehr neet Huus.,Sie ziehen in ihr neues Haus ein.
Se treckt in jemehr neet Huus in.,Sie ziehen in ihr neues Haus ein.
"Se deed em verlöven, alleen to gahn.","Sie gestattete ihm, alleine zu gehen."
Ik nehm noch en Kreekbeer.,Ich nehme noch ein Kirschbier.
Se sütt ut as en Schoolmeestersch.,Sie sieht wie eine Lehrerin aus.
Söchst du mi en Slips ut?,Suchst du mir eine Krawatte aus?
Se kunn em nich in ’t Gesicht kieken.,Sie konnte ihm nicht ins Gesicht sehen.
"Ik gläuv, dat is Tom sien Menen, dat ik toveel denk.","Ich glaube, Tom ist der Meinung, ich denke zu viel."
Worüm jümmer ik?,Warum immer ich?
Se hett de Steed aflehnt.,Sie hat die Stelle abgelehnt.
Hest du de Telefoonnummer opschreven?,Hast du die Telefonnummer aufgeschrieben?
Ik heff noch keen Kaffe hatt.,Ich hatte noch keinen Kaffee.
An en goden Dag kannst du von Helsinki ut de Küst von Eestland sehn.,An einem guten Tag kannst du von Helsinki aus die Küste von Estland sehen.
Hest du dien Fründ de Naricht al vertellt?,Hast du schon deinem Freund die Nachricht erzählt?
Du musst dat sülvs doon.,Du musst es selber machen.
De griese Pulli gefallt mi beter as de vigelette.,Der graue Pulli gefällt mir mehr als der violette.
En welkeen Etaasch wahnt he?,In der wievielten Etage wohnt er?
He hannelt mit Mobieltjes.,Er handelt mit Handys.
"Masha dröömt dor von, en Revolution antofietern, man dor is se to schoo för.","Masha träumt davon, eine Revolution anzuzetteln, aber dazu ist sie zu schüchtern."
Ik kann nich mehr töven.,Ich kann nicht mehr warten.
Spraken lehren fallt mi swoor.,Sprachen lernen fällt mir schwer.
He smeet en Steen in ’n Diek.,Er warf einen Stein in den Teich.
Tee ahn Ies.,Tee ohne Eis.
De Katt weer op ’n Disch.,Die Katze war auf dem Tisch.
He mag geern Botterbrood mit Lebberwust.,Ich mag gerne Butterbrot mit Leberwurst.
’Keen hett di von mi vertellt?,Wer hat dir von mir erzählt?
Miene Dochter hett Fever. Schall ik en Dokter ropen?,Meine Tochter hat Fieber. Soll ich einen Arzt rufen?
Spinnen sünd keen Insekten.,Spinnen sind keine Insekten.
Ik versteek mi nich.,Ich verstecke mich nicht.
He deed sik beren as en Unkloken.,Er gebärdet sich unklug.
He is in de Swiez boren.,Er wurde in der Schweiz geboren.
Wat för en Frömdspraak lehrst du?,Welche Fremdsprache lernst du?
Woans warrt dat seggt?,Wie sagt man das?
Ik drink keen Water.,Ich trinke kein Wasser.
Ik heff all mien Frünnen inlaadt.,Ich habe alle meine Freunde eingeladen.
Ik do sone Saken nich.,Ich tue solche Dinge nicht.
Laat uns hier en Foto maken.,Lasst uns hier ein Foto machen.
Se hett sik ganz gresig benahmen.,Sie hat sich ganz abscheulich betragen.
Se is bang vör Hunnen.,Sie hat Angst vor Hunden.
De Wecker klingelt.,Der Wecker klingelt.
Dit Beer smeckt basch.,Dieses Bier schmeckt bitter.
Se kemen an ’n 9. Juli in Nee Delhi an.,Sie kamen am 9. Juli in Neu-Delhi an.
Smöök nich bi de Arbeid!,Rauch nicht im Dienst.
Se hett söte lütte Kuhlen in ’e Backen.,Sie hat süße Grübchen in den Wangen.
Ik heff mi mit en Mest in mien Finger sneden.,Ich habe mir mit einem Messer in meinen Finger geschnitten.
Tom drinkt Water.,Tom trinkt Wasser.
He is mit Ria na Boston föhrt.,Er ist mit Maria nach Boston gefahren.
Ik gah na Huus.,Ich geh nach Hause.
Dat weet sogor de Kinners.,Das wissen sogar die Kinder.
Ik bün geern alleen.,Ich bin gerne allein.
Tööv hier bet ik trüggkaam.,"Warte hier, bis ich zurückkomme."
Holl op!,Hör auf!
Ik heff nix sehn.,Ich habe nichts gesehen.
Ken hett en Gitarr.,Ken hat eine Gitarre.
"Julien driggt runne Brillenglääs, so as John Lennon.","Julien trägt runde Brillengläser, wie John Lennon."
Wat för en Maand hebbt wi?,Welchen Monat haben wir?
"Wo kannst du dat wagen, över mi to lachen?","Wie kannst du es wagen, über mich zu lachen?"
He lööp in ’e Klass.,Er lief ins Klassenzimmer.
Ik lees disse Soort Book nich faken.,Ich lese diese Art von Büchern nicht gerne.
Is dat dien Fohrrad?,Ist das dein Fahrrad?
In ’n Pohl is nich veel Water.,Im Weiher ist nicht viel Wasser.
He weet veel över Botterlickers.,Er weiß viel über Schmetterlinge.
Ik heff wat över för Gedichten.,Ich habe ein Faible für Gedichte.
En Major steiht över en Hauptmann.,Ein Major ist mehr als ein Hauptmann.
Apr. is afkört för April.,Apr. ist die Abkürzung für April.
"Hier liggt dat Bauk, wat du sochst.","Hier liegt das Buch, das du suchst."
"Hier liggt dat Bauk, wat du sochst.","Hier liegt das Buch, welches du suchst."
Dat was Fohrerflucht.,Das war Fahrerflucht.
"He will, se nich.","Er will, sie nicht."
Ik will in en Grootstad leven.,Ich möchte in einer Großstadt leben.
"Tommy, kannst du mi hören?","Tommy, kannst du mich hören?"
Se bruukt dat.,Sie brauchen es.
Se bruukt dat.,Sie braucht es.
Ik wull jo helpen.,Ich wollte euch helfen.
Ik wull jo helpen.,Ich wollte Ihnen helfen.
Wi sünd an ’n sülven Dag boren.,Wir sind an demselben Tag geboren.
He weer alleen.,Er war allein.
Dor bün ik nich för tostännig.,Dafür bin ich nicht zuständig.
Ik bün dor nich för tostännig.,Ich bin dafür nicht zuständig.
"Vertell keen Tüdelkraam, du weetst, dat dat nich geiht.","Erzähle keinen Unsinn, du weißt, dass das nicht geht."
"Se hett vergäten, war se seggen wull.","Sie hat vergessen, was sie sagen wollte."
Se güngen Wiehnachtenavend na Kark.,Sie gingen am Heiligen Abend zur Kirche.
De Japaners sünd en tapper Volk.,Die Japaner sind ein tapferes Volk.
Dat geiht mi al bäter.,Es geht mir schon besser.
Woans hest du dat daan?,Wie hast du das getan?
De Hund weer von Kopp bet Foot mit Mudd vullkleit.,Der Hund war von Kopf bis Fuß voll mit Matsch eingesaut.
Ik heff keen Hoor op ’n Kopp.,Ich habe kein Haar auf meinem Kopf.
"Elk Maal as ik ’t probeert heff, hett dat nich klappt.","Jedes Mal, wenn ich es probiert habe, hat es nicht funktioniert."
Ik bün vör twintig Johr boren.,Ich bin vor zwanzig Jahre geboren.
Du büst en Dokter.,Du bist Arzt.
Ik mag den Smack von Tomaten nich.,Ich mag nicht den Geschmack von Tomaten.
Wo töövst du op?,Worauf wartest du?
Weest still un lüüstert.,Seid ruhig und hört mir zu.
Katja is mit ’n Buss na Huus kamen.,Katja ist mit dem Bus nach Hause gekommen.
"Is disse Ledder stark noog, üm mien Wicht to hollen?","Ist diese Leiter stark genug, um mein Gewicht auszuhalten?"
Du büst miene Prinzess.,Du bist meine Prinzessin.
Wobeel Stünnen Slaap hest du nödig?,Wie viele Stunden Schlaf hast du nötig?
De Dood kennt nich arm noch riek.,Der Tod kennt weder arm noch reich.
"De Kartuffel weer so heet, dat se mi den Mund verbrennt hett.","Die Kartoffel war so heiß, dass sie mir den Mund verbrannte."
He leevt hier al teihn Johr.,Er lebt hier schon zehn Jahre.
Wat hebbt ji Paula seggt?,Was habt ihr Paula gesagt?
An dien Steed deed ik dat nich doon.,An deiner Stelle würde ich das nicht tun.
In de Ukrain snack ik jümmer Ukrainsch.,In der Ukraine spreche ich immer Ukrainisch.
Sien Lohn is dubbelt so hoog as vör söven Johr.,Sein Gehalt ist doppelt so hoch wie vor sieben Jahren.
Dat sünd allens miene Böker.,Das sind alles meine Bücher.
Se hett em to ’n Afscheen towunken.,Sie hat ihm zum Abschied zugewinkt.
"Amerika is keen Land, man en Kontinent.","Amerika ist kein Land, sondern ein Kontinent."
He is sotoseggen en Nakieksel op twee Been.,Er ist sozusagen eine Enzyklopädie auf zwei Beinen.
"De freuhe Vogel fangt den Worm, man de twete Mûs kriegt den Kees.","Der frühe Vogel fängt den Wurm, aber die zweite Maus bekommt den Käse."
An ’n Heven lücht de Steerns vonnacht besünners hell.,Heute am Nachthimmel scheinen die Sterne sehr hell.
Söök in de gelen Sieden!,Such in den gelben Seiten!
"Maak man to, denn kummst du noch rechttiedig.","Beeile dich, dann kommst du noch rechtzeitig an."
He slööp foorts to.,Er schlief sofort ein.
He güng rut ’e Kamer as ik rinkeem.,"Er verließ das Zimmer, als ich eintrat."
He güng rut ’e Kamer as ik rinkeem.,"Er ging aus dem Zimmer, als ich hereinkam."
Ik harr geern en Tass Kaffe.,Ich hätte gern eine Tasse Kaffee.
Se leevt alleen.,Sie lebt allein.
Se hett mi extra en verkehrte Adress seggt.,Sie hat mir extra eine falsche Adresse gesagt.
Hebbt ji Angst hatt?,Hattet ihr Angst?
Wat maakst du?,Was machst du?
Ik roop di later an.,Ich ruf dich später an.
Ik roop di later an.,Ich rufe dich später an.
Ik eet hier.,Ich esse hier.
Dat füng an to sneen.,Es begann zu schneien.
Seggen un doon sünd twee Saken.,Sagen und machen sind zweierlei Dinge.
Du schusst jeden Dag Vigelien öven.,Du solltest jeden Tag Geige üben.
Ik heff to veel Böker.,Ich habe zu viele Bücher.
De Arbeid is al meist trech.,Die Arbeit ist beinahe fertig.
Vulltanken.,Volltanken.
Ik drink jüst en Beer.,Ich trinke gerade ein Bier.
Nu man suutje!,Nun mach mal halblang!
"Wi sünd all beid op de Söök na wat, wat nich dor is.","Wir sind alle beide auf der Suche nach etwas, was nicht da ist."
De Suppenlepel is jümmer ganz rechts buten.,Der Suppenlöffel befindet sich immer ganz rechts außen.
Dat Geld is in ’n Born.,Das Geld ist im Brunnen.
Laat uns Baseball spelen!,Lasst uns Baseball spielen!
Wat is dien leevsten Kriegsfilm?,Was ist dein liebster Kriegsfilm?
Wat is dien leevsten Kriegsfilm?,Was ist dein Lieblingskriegsfilm?
Woveel wullt du?,Wie viel möchtest du?
Wi hebbt scheune Blomen in’n Goorn.,Wir haben schöne Blumen im Garten.
Hest du em al kennenlehrt?,Hast du ihn bereits kennengelernt?
Hest du em al kennenlehrt?,Hast du ihn schon kennengelernt?
De Krieg hett meist teihn Johr duurt.,Der Krieg dauerte fast zehn Jahre.
Ik heff noog von di.,Ich habe genug von dir.
Wullt du em dien Huus verköpen?,Möchtest du ihm dein Haus verkaufen?
Ik kiek geern Kinner bi ’t Spelen to.,Ich schaue gerne Kindern beim Spielen zu.
Se plaant en Reis.,Sie plant eine Reise.
Se sprickt söven Spraken.,Sie spricht sieben Sprachen.
Veel fangt den Dag mit en Köppen Kaffee an.,Viele beginnen den Tag mit einer Tasse Kaffee.
Ik bün faken mit em angeln gahn.,Ich ging oft mit ihm angeln.
Sünd ji beiden praat to gahn?,Seid ihr beide bereit zu gehen?
"Hest du weten, dat de 6. Juli de Internatschonale Küss-Dag is?","Hast du gewusst, dass der 6. Juli der Internationale Tag des Kusses ist?"
Wi küert so n bietken över düt un dat.,Wir schwatzten so ein bisschen über dies und das.
Loop ich so hart.,Laufe nicht so schnell.
Loop ich so hart.,Rennen Sie nicht so schnell!
To Wiehnachtenavend eet wi jümmer Tokakers.,Zu Heiligabend essen wir immer Steckrübeneintopf.
"Üm en Tort to maken, bruukst du Eier, Botter un Sucker.","Um eine Torte zu machen, brauchst du Eier, Butter und Zucker."
En Hund hett Tom angräpen.,Ein Hund hat Tom angegriffen.
He wull ook mehr över de Bööm weten.,Er wollte auch mehr über die Bäume erfahren.
Ik höör jüst dat ne’este Leed von Björk.,Ich höre gerade den neusten Song von Björk.
Ik höör jüst dat ne’este Leed von Björk.,Ich höre gerade das neueste Lied von Björk.
Höör ees!,Horch!
Ik heff ’n helen Dag arbeidt; ik bün ganz mööd.,Ich habe den ganzen Tag gearbeitet; ich bin sehr müde.
’Keen is an ’e Reeg?,Wer ist dran?
Hest du noog Eten?,Hast du genug zu essen?
Nüms kickt na ehr.,Niemand achtet auf sie.
Fründschop is mehr weert as Gold.,Freundschaft ist wertvoller als Gold.
Wat is dien Indruck von Amerika?,Was ist ihr Eindruck über Amerika?
Backt ji tohuus Pizza op ’n Platen oder op ’t Gidder?,Backt ihr zu Hause Pizza auf dem Backblech oder auf dem Rost?
We tellt em mank uns beste Frünn.,Wir zählen ihn zu unseren besten Freunden.
He raseert sik elk Dag.,Er rasiert sich jeden Tag.
Veel smucke Blomen blöht in ’t Vörjohr.,Viele schöne Blumen blühen im Frühling.
Is dit Metall Kopper?,Ist dieses Metall Kupfer?
Wat maakt di so trurig?,Was macht dich so traurig?
Ik kiek nich geern Films.,Ich sehe nicht gern Filme.
Mien Katt blafft.,Meine Katze bellt.
He drünk en Beer.,Er trank ein Bier.
Dubbelt neiht höllt beter.,Doppelt genäht hält besser.
Mari weer in Ungarn.,Mari war in Ungarn.
Klock veer kunnen wi na Huus gahn.,Um vier Uhr können wir nach Hause gehen.
Na ’n Ünnerricht speel ik faken Football.,Nach dem Unterricht spiele ich häufig Fußball.
Dat is Vörjohr.,Es ist Frühling.
Disse List wiest ook de fröhern Maten von de Grupp.,Diese Liste enthält auch die früheren Mitglieder der Gruppe.
He hett en Reis na Amerika maakt.,Er machte eine Reise nach Amerika.
Kate is mit ’n Bus na Huus kamen.,Katrin kam mit dem Bus nach Hause.
Kate is mit ’n Bus na Huus kamen.,Kati ist mit dem Bus nach Hause gekommen.
Dor weer anners nüms op de Straat.,Es war niemand auf der Straße.
En Deel von de Kru is verdrunken.,Ein Teil der Besatzung ist ertrunken.
He wiggt över 80 Kilo.,Er wiegt über 80 Kilo.
"Se wüssen nich, wat se toeerst doon schullen.","Sie wussten nicht, was sie zuerst tun sollten."
Ik heff twee Döchter un twee Söhns.,Ich habe zwei Töchter und zwei Söhne.
Missünnerestemeer di nich.,Fehlunterschätzen Sie sich nicht.
Ik bün in een Stünn trügg.,Ich bin in einer Stunde zurück.
Dat is en malle Idee.,Das ist eine schlechte Idee.
Dat Baby weer naakd.,Das Baby war nackt.
Tom snackt al wedder in’n Slaap.,Tom redet schon wieder im Schlaf.
De Fohrer hett von 1995 bet 1999 för Ferrari föhrt.,Der Fahrer fuhr von 1995 bis 1999 für Ferrari.
Ik weet toveel.,Ich weiß zu viel.
He hett twee Picassos.,Er hat zwei Picassos.
Hebbt wi Geld?,Haben wir Geld?
Ik bün en beten bang.,Ich hatte ein bisschen Angst.
Wat weer dat för ’n Larm?,Was war dieser Krach?
Wat weer dat för ’n Larm?,Was war das für ein Lärm?
Wören veel Liud in’n Park?,Waren viele Leute im Park?
Wat kickst du mi so dwatsch an?,Was schaust du mich so dumm an?
"Dit Book is för mi dat, wat för di de Biebel is.","Dieses Buch ist für mich das, was für dich die Bibel ist."
Oscar weer mien Mama ehr Hund.,Oscar war der Hund meiner Mutter.
Se is jung storven.,Sie ist jung gestorben.
Ik eet geern hete Supp.,Ich esse gerne eine heiße Suppe.
"Ik slah di glieks mit ’n Kaaplepel üm de Ohren, du Aap.","Ich schlage dich gleich mit dem Kochlöffel um die Ohren, du Affe."
Du hest wenig to winnen un veel to verleren.,Du hast wenig zu gewinnen und viel zu verlieren.
He hett nich een Finger röögt.,Er hat nicht einen Finger gerührt.
Oh nee! Ik heff mien Portmanneet vergeten.,O nein! Ich habe mein Portemonnaie vergessen.
Oh nee! Ik heff mien Portmanneet vergeten.,O nein! Ich habe meinen Geldbeutel vergessen.
Oh nee! Ik heff mien Portmanneet vergeten.,O nein! Ich habe meine Geldbörse vergessen.
Woans heet dien Aftheek?,Wie heißt deine Apotheke?
Ik bün mit de Noot op mien Mathetest tofreden.,Ich bin mit der Note meiner Mathearbeit zufrieden.
Se vertroot em.,Sie vertraut ihm.
Ik küss mit apen Ogen.,Ich küsse mit offenen Augen.
He hett dree Glääs Water drunken.,Er hat drei Gläser Wasser getrunken.
Dit is en snaakschen Satz.,Dies ist ein seltsamer Satz.
Dit is en snaakschen Satz.,Dies ist ein merkwürdiger Satz.
Esperanto is mi lever as Diutsch.,Esperanto gefällt mir mehr als Deutsch.
Kennst du em würklich nich?,Kennst du ihn wirklich nicht?
"Mi dücht, du schullst ees en Paus maken, du süst krank ut.","Ich denke, dass du mal eine Pause machen solltest, du siehst krank aus."
"Ria sä, dat se dor nich noog Geld för hett, üm sik dat to köpen.","Maria sagte, sie habe nicht genug Geld, um sich das zu kaufen."
"Se verlöövt mi nich, in de Disko to gahn.","Sie erlauben mir nicht, in die Disko zu gehen."
Woneem is mien Brill?,Wo ist meine Brille?
De Straat föhrt na dat Dörp rop.,Die Straße führt zum Dorf hinauf.
Japansche Hüüs sünd lütt.,Japanische Häuser sind klein.
"Se hett hööpt, bi ’t Ficken verloren gahn Geföhlen weddertofinnen.","Sie hoffte, beim Ficken verloren gegangene Gefühle wiederzufinden."
Du musst gau maken.,Du musst dich beeilen.
Du musst gau maken.,Du musst schnell machen.
Dubbelt höllt beter.,Doppelt hält besser.
He hett Knööv as en Peerd.,Er ist so stark wie ein Pferd.
Miene Oma weedt in ’n Goorn achter ’t Huus Unkruud.,Meine Oma jätete im Hintergarten Unkraut.
Ik dank di.,Ich danke dir.
Dat Huus leeg merrn mank Koornfeller.,Das Haus lag inmitten von Getreidefeldern.
De Haas blött an ’t Ohr.,Der Hase blutet am Ohr.
Se hebbt veel Maleschen dörmaakt.,Sie haben viele Schwierigkeiten ertragen.
Bilütten warrt mi dat to dull.,Allmählich wird es mir zu viel.
Hest du dat Book betahlt?,Hast du das Buch bezahlt?
"De Satz is so kott, dat de för mi kuum en Sinn hett.","Der Satz ist so kurz, dass er für mich kaum einen Sinn hat."
"De Satz is so kott, dat de för mi kuum en Sinn hett.","Der Satz ist so kurz, dass er für mich kaum einen Sinn ergibt."
"Geld is nich allens, man wenn ji keen Geld hebbt, köönt ji nix maken.","Geld ist nicht alles, aber wenn ihr kein Geld habt, könnt ihr nichts machen."
He kann en Iesenstang mit sien Hannen bögen.,Er kann eine Eisenstange mit seinen Händen verbiegen.
Ik weer nich duun.,Ich war nicht betrunken.
Dat is en Fassaan.,Das ist ein Fasan.
Se hebbt stünnenlang op em töövt.,Sie warteten stundenlang auf ihn.
All harrn dat swoor.,Alle hatten es schwer.
"Deit mi leed, ik kann nich mit di kamen.",Tut mir leid! Ich kann dich nicht begleiten.
Worüm höörst du mi nich to?,Warum hörst du mir nicht zu?
Worüm höörst du mi nich to?,Warum hörst du nicht auf mich?
Dat weren negenunnegentig Luftballons.,Es waren neunundneunzig Luftballons.
Un du?,Und du?
Wi schullen uns Best doon.,Wir sollten unser Bestes tun.
Ik heff noch nie en Mango eten.,Ich habe noch nie eine Mango gegessen.
Ik heff mi mit ehr nich good verstahn.,Ich habe mich mit ihr nicht gut verstanden.
Ik bün blied.,Ich bin glücklich.
Wat hett Tom Ria geven?,Was hat Tom Maria gegeben?
Ik bün in Portugal.,Ich bin in Portugal.
He lööp so gau he kunn.,"Er rannte so schnell, wie er konnte."
Ik heff en Kamera för dörtig Dollar köfft.,Ich habe eine Kamera für 30 Dollar gekauft.
Mien Verscheel un dien Verscheel sünd tohoop verscheden.,Meine und Ihre Meinung differieren komplett.
Dat Huus is smuck.,Das Haus ist schön.
Wo lang büst du al mit Jane verheiraadt?,Wie lange bist du schon mit Jane verheiratet?
As Kind hett Bob in Boston wahnt.,Als Kind hat Bob in Boston gewohnt.
"He seggt, he hett noch en Reken mit di apen.","Er sagt, er habe noch eine Rechnung mit dir offen."
Wi sünd mit dat Reinmaken von de Klass trech.,Wir haben die Reinigung des Klassenraumes beendet.
Ik heff ehr Adreß vergeten.,Ich habe ihre Adresse vergessen.
Von Abend is et mek doch te late.,Heute Abend ist es mir doch zu spät.
Een Dollar is 110 Yen.,Ein Dollar entspricht 110 Yen.
"Ik söök Andy na. Weet ji, woneem he is?","Ich bin auf der Suche nach Andy. Wisst ihr, wo er ist?"
Geiht disse Klock?,Geht diese Uhr?
"Tom deit mi leed, man nich Ria.","Tom tut mir leid, Maria aber nicht."
En Roos hett Doornen an ehren Steel.,Eine Rose hat Dornen an ihrem Stängel.
Wat hest du in ’e Hand?,Was hast du in der Hand?
Mag se Appelsienen?,Mag sie Orangen?
Mag se Appelsienen?,Mag sie Apfelsinen?
Se dreeg en Brill.,Sie trug eine Brille.
Dat argert mi.,Das ärgert mich.
Dat is swoor.,Das ist schwierig.
Dat is swoor.,Das ist schwer.
Üm wölke Klock gaht ji normalerwies slapen?,Wann geht ihr normalerweise schlafen?
"Ik harr mi vörstellt, dat mien eersten Kuss wat romantischer wesen schull.","Ich hatte mir vorgestellt, dass mein erster Kuss romantischer sein würde."
’Keen speelt opbest Örgel?,Wer spielt am besten Orgel?
Ik heff dat drunken.,Ich habe es getrunken.
Dor is meist keen Water in ’n Ammel.,Es ist fast kein Wasser in dem Eimer.
Ik heff de ganze Nacht weent.,Ich habe die ganze Nacht geweint.
Dat tütt.,Es zieht.
Wat is dien Moderspraak?,Was ist deine Muttersprache?
Ik kann dat nich begriepen.,Es ist mir unbegreiflich.
Dat Fatt is leddig.,Das Gefäß ist leer.
Miene beste Fründin Felicia is hier.,Meine beste Freundin Felicia ist hier.
Du büst mien Fründ.,Du bist mein Freund.
Mien Nees blödd.,Meine Nase blutet.
De Eer is keen akrate Kugel.,Die Erde ist keine ideale Kugel.
Mien Hund dröömt von en Katt.,Mein Hund träumt von einer Katze.
Ik sing geern.,Ich singe gerne.
Ik will Tom beseuken.,Ich will Tom besuchen.
Kate is nich so groot as Anne.,Kate ist nicht so groß wie Anne.
"Ik mag keen Lüüd, de sik gau argert.","Ich mag keine Leute, die sich leicht ärgern."
He drünk een Beer ut un bestell glieks noch een.,Er trank ein Bier aus und bestellte gleich das nächste.
’Keen is disse Fent?,Wer ist dieser Bursche?
Wat för Musik hest du höört?,Was für Musik hast du gehört?
Se mööt dat nich eten.,Sie müssen es nicht essen.
"He dröög en Mask, dat em nüms kennen kunn.","Er trug eine Maske, so dass ihn niemand erkennen konnte."
He arbeidt bi de Bank.,Er arbeitet in einer Bank.
Maak dien Mund dicht!,Halt deinen Mund!
Sien Süster wahnt in Schottland.,Seine Schwester wohnt in Schottland.
Mi gefallt dien Spudderigkeid nich.,Mir gefällt deine Nachlässigkeit nicht.
Allerhand Lüüd weet von de Schipperee nix af.,Viele Menschen kennen sich mit der Schifffahrt nicht aus.
"Wat mi angeiht, ik mag lever Hohn as Swien.","Was mich betrifft, mag ich Huhn lieber als Schwein."
Hier is mien Rad.,Hier ist mein Rad.
Se is Doktersch.,Sie ist Ärztin.
Wi kunnen nüms op de Straat sehn.,Wir konnten niemanden auf der Straße sehen.
Teihn Johr sünd rümgahn na sien Dood.,Zehn Jahre sind seit seinem Tod vergangen.
En Hund deed en Katt jagen.,Ein Hund jagte eine Katze.
Wi höört Radio.,Wir hören Radio.
All hebbt ehr geern.,Alle lieben sie.
Ik heff veel Geld.,Ich habe viel Geld.
Büst du tofreden?,Bist du zufrieden?
Wüllt ji riek warrn?,Wollt ihr reich werden?
Ik un dree von mien Frünnen sünd in de Bar rinlaten worrn.,Ich und drei meiner Freunde wurden in die Bar hereingelassen.
"Ik bün bang, dat keen Kaffe mehr na is.","Ich fürchte, dass kein Kaffee übrig ist."
Ik weet nix to schrieven to dissen Satz.,Ich weiß nichts zu schreiben zu diesem Satz.
Viël to vötälen giëwt viël totolustern.,Viel zu erzählen gibt viel zuzuhören.
Ik mag di nich.,Ich mag dich nicht.
Op sien Vörkopp deden sik Sweetdruppens billen.,Auf seiner Stirn bildete sich eine Schweißperle.
De Dood maakt allens liek.,Der Tod gleicht alles aus.
Hier tweelt de Weg.,Hier gabelt sich der Weg.
Laat den Kopp nich hangen!,Lass den Kopf nicht hängen!
Wenn ik jünger weer...,Wenn ich jünger wäre...
Wees nich trurig.,Sei nicht traurig.
De Krieg güng toenn.,Der Krieg ging zu Ende.
Wi hebbt jem vergangen Nacht sehn.,Wir haben ihn vergangene Nacht gesehen.
De Kark is för de Hochtied mit Blomen smückt.,Die Kirche ist für die Hochzeit mit Blumen geschmückt.
Dat is mien egen Fohrrad.,Das ist mein eigenes Fahrrad.
Ik kann good Ski föhren.,Ich kann gut Ski fahren.
Bill weer in sien Slaapkamer.,Bill war in seinem Schlafzimmer.
De Ledder an ’n Ledderwagen weer mit Ledder beslahn.,Die Leiter an dem Leiterwagen war mit Leder beschlagen.
Wat sünd de Besööktieden?,Wie sind die Besuchszeiten?
Tom hett sien Paßwort vergäten.,Tom hat sein Passwort vergessen.
Is noch Kaffe in ’e Köök?,Ist noch Kaffee in der Küche?
Uns School hett negen Klassen.,Unsere Schule hat neun Klassen.
De Schruventrecker is to lütt un helpt mi nix.,Der Schraubendreher ist zu klein und nutzt mir nichts.
"Se weer dumm noog, mit em uttogahn.","Sie war dumm genug, mit ihm auszugehen."
Se harr en good Hart.,Sie hatte ein gutes Herz.
Se harr en good Hart.,Sie hat ein gutes Herz.
He is en Dichter.,Er ist Dichter.
Ik bün tohuus.,Ich bin zu Hause.
Ik bün tohuus.,Ich bin zuhause.
Se hebbt sik in en Krink opstellt.,Sie stellten sich im Kreis auf.
Ik heff vergangen Nacht en grappigen Droom hadd.,Ich habe vergangene Nacht einen lustigen Traum gehabt.
Hest du dat teekt?,Hast du das gezeichnet?
Woneem is dien School?,Wo ist deine Schule?
Ik wull geern üm de Welt seilen.,Ich würde gerne um die Welt segeln.
Se hett em en beten Snökerkraam köfft.,Sie hat ihm ein paar Süßigkeiten gekauft.
He will ehr nich.,Er will sie nicht.
Wo in Kanada kummst du her?,Von wo in Kanada kommst du her?
Se möök em riek.,Sie machte ihn reich.
Is se al dor?,Ist sie schon da?
Seiko hett kene Süstern.,Seiko hat keine Schwestern.
Ik seh em af un to in de Bibliotheek.,Ich sehe ihn ab und zu in der Bibliothek.
"Toeerst Frankriek, denn de Irak.","Zuerst Frankreich, dann der Irak."
Hau af!,Verzieh dich!
Ik heff nu free.,Ich habe jetzt frei.
Du dröffst nich rut.,Du darfst nicht raus.
Dat is de Kamera von mien Süster.,Das ist die Kamera meiner Schwester.
Se dreeg en snaakschen Hoot.,Sie trug einen seltsamen Hut.
"As ik tohuus weer, bün ik glieks na Bedd.","Als ich zuhause war, bin ich gleich ins Bett."
Ik seh den Jung.,Ich sehe den Jungen.
Ik bün Klock teihn trügg.,Ich bin um zehn Uhr zurück.
Bruus is witt.,Schaum ist weiß.
Legg dat Book op de annern.,Leg das Buch auf die anderen.
De Brenz is en Blangenstroom von de Donau.,Die Brenz ist ein Nebenfluß der Donau.
Wenn ik man sien Adress wüss.,Wenn ich doch seine Adresse wüsste!
"Miene Fründinnen seggt to mien Pint leevtadig „Gerücht“, vonwegen dat he von Mund to Mund geiht.","Meine Freundinnen nennen meinen Schwanz liebevoll ""Gerücht"", weil er von Mund zu Mund geht."
Dat hest du allerbest maakt.,Das hast du sehr gut gemacht.
Wi hebbt Stimmen in de Stuuv hört.,Wir hörten Stimmen im Zimmer.
Maakt nix!,Macht nichts!
He is bang vör Hunnen.,Er hat Angst vor Hunden.
"Tom un Ria segen sik in den Spegel, de an’e Wand hung.","Tom und Maria sahen sich in dem Spiegel, der an der Wand hing."
Se bruukt nich optostahn.,Sie brauchen nicht aufzustehen.
Se mag keen Football.,Sie mag kein Fußball.
Frankriek hett en Grenz mit Italien.,Frankreich hat eine Grenze mit Italien.
Woveel Schrievers hest du?,Wie viele Stifte hast du?
He speelt temlich good.,Er spielt sehr gut.
He is bi en Unfall blind worrn.,Er erblindete bei einem Unfall.
Ik maak dat in een Stünn trech.,Ich mache es in einer Stunde fertig.
Joon Fööt sünd smuddelig.,Eure Füße sind schmutzig.
Ria is grötter as ik.,Maria ist größer als ich.
Wannehr sünd ji na Paris kamen?,Wann seid ihr nach Paris gekommen?
De Seelüüd segen Land.,Die Seeleute sahen Land.
En Pull Hoor keek ünner ehr Mütz rut.,Ein Büschel Haare schaute unter ihrer Mütze heraus.
Jean un Kate sünd Tweeschen.,Jean und Kate sind Zwillinge.
Höör mi good to.,Hör mir gut zu.
Laat uns man op ’t Gras sitten gahn.,Lasst uns einfach ins Gras setzen.
Mien Katt fangt Vogels.,Meine Katze fängt Vögel.
"Dat duur en poor Weken, bet dat Tom sik an sien neet Kontoor wennt harr.","Es dauerte ein paar Wochen, bis Tom sich an sein neues Büro gewöhnte."
Ik wull nich starven.,Ich wollte nicht sterben.
Dit Museum is en Besöök weerd.,Dieses Museum ist einen Besuch wert.
Mien Fingernagel is inreten.,Mein Fingernagel ist eingerissen.
Ik heff veel Platen.,Ich habe viele Platten.
Du büst nich uns Fründ.,Du bist nicht unser Freund.
"Woveel Stünnen bruukt een, üm na Okinawa to flegen?","Wie viele Stunden braucht man, um nach Okinawa zu fliegen?"
He is Saterdag in Kyoto ankamen.,Er ist am Samstag in Kyoto angekommen.
He is Saterdag in Kyoto ankamen.,Er ist am Sonnabend in Kyoto angekommen.
Ik will en Mango eten.,Ich möchte eine Mango essen.
Ik slaap in ’t Stahn.,Ich schlafe im Stehen.
Ik heff Intress an dit Book.,Ich bin an diesem Buch interessiert.
He weer en goden König.,Er war ein guter König.
In ’n Winter sünd de Daag körter.,Im Winter sind die Tage kürzer.
"Eerst Frankriek, denn Irak.","Zuerst Frankreich, dann der Irak."
En Voss hett de Kükens ut ’n Stall roovt.,Ein Fuchs hat die Küken aus dem Stall gestohlen.
Ik bün to jung üm doodtoblieven!,"Ich bin zu jung, um zu sterben!"
Magst du lever en Appel oder en Beer?,Magst du lieber einen Apfel oder eine Birne?
Willkamen in Australien!,Willkommen in Australien!
En Vagel hett Flünk.,Ein Vogel hat Flügel.
Chopin sien Musik is wunnerschöön.,Chopins Musik ist wunderschön.
"Ik wull, ik kunn helpen.","Ich wünschte, ich könnte helfen."
"Ik wull, ik kunn helpen.","Ich wollte, ich könnte helfen."
"De Jung versöch, mit Eetsticken to eten.","Der Junge versuchte, mit Stäbchen zu essen."
"Wenn de Armood an de Vördöör kloppt, flüggt de Leevd na de Achterdöör rut.","Wenn die Armut an der Vordertüre anklopft, flüchtet die Liebe zur hinteren Türe hinaus."
Dat Mest is temlich scharp.,Das Messer ist ziemlich scharf.
Se hett em allens vergeven.,Sie hat ihm alles vergeben.
Ik gah dor nich hen trügg.,Ich gehe nicht dorthin zurück.
Dat kloort op. Ik harr den Scherm nich mitbringen bruukt.,Es klart auf. Ich hätte den Schirm nicht mitbringen brauchen.
Geiht dor ans noch een hen?,Geht da noch jemand fort?
Twee von fiev Kinner sünd scho.,Zwei von fünf Kindern sind furchtsam.
Twee von fiev Kinner sünd scho.,Zwei von fünf Kindern sind scheu.
"Verstaht se, wat he vertellt?","Versteht sie, was er sagt?"
He hett mi en Bispell geven.,Er hat mir ein Beispiel gegeben.
Ik twievel dor an.,Ich bezweifle das.
Fangt wi mit disse Fraag an.,Beginnen wir mit dieser Frage.
Fangt wi mit disse Fraag an.,Fangen wir mit dieser Frage an.
Worüm roorst du?,Wieso heulst du?
Wannehr hest du dit Fohrrad kregen?,Wann hast du dieses Fahrrad bekommen?
Du büst an ’e Reeg.,Du bist dran.
Jack is nu still.,Jack ist jetzt ruhig.
"He is riek, aver unfründlich.","Er ist reich, aber unfreundlich."
Wi verköfft allens.,Wir verkaufen alles.
"Tom keem mit dat Verbandtiuch, wielt Ria den lütten Jörn treust.","Tom kam mit dem Verbandszeug, während Maria den kleinen Schorsch tröstete."
Is hier jümmer so veel loos?,Ist hier immer so viel los?
Ik snack mit di keen Fransch mehr.,Ich spreche kein Französisch mehr mit dir.
Ik bün noch nich trech.,Ich bin noch nicht fertig.
Se hett em mit ehr Fuusten angrepen.,Sie hat ihn mit ihren Fäusten angegriffen.
Kannst du mi dien Book lehnen?,Könntest du mir dein Buch leihen?
Ik wünsch di Glück.,Ich wünsche dir Glück.
Ik will mien Huus nich verlesen.,Ich will mein Haus nicht verlieren.
Wi hebbt uns in ’n Daak verbiestert.,Wir verirrten uns im Nebel.
Wi hebbt uns in ’n Daak verbiestert.,Wir haben uns im Nebel verirrt.
Dat is keen Katt. Dat is en Hund.,Das ist keine Katze. Das ist ein Hund.
He tücht Peer un Rinner.,Er züchtet Pferde und Rinder.
Ik heff keen Koppwehdaag mehr.,Ich habe kein Kopfweh mehr.
Se müch em von Anfang an.,Sie mochte ihn von Anfang an.
"Wullt du, dat ik di den Rügg masseer?","Möchtest du, dass ich dir den Rücken massiere?"
Wi sünd üm ’n Diek rümgahn.,Wir sind um den Teich herumgegangen.
Wat hebbt ji Tom seggt?,Was habt ihr Tom gesagt?
He hett Koppwehdaag.,Er hat Kopfschmerzen.
He hett Koppwehdaag.,Er hat Kopfweh.
He geiht meist gornich in ’t Kino.,Er geht so gut wie nie ins Kino.
Kunn ik en Glas Melk kriegen?,Könnte ich ein Glas Milch bekommen?
’Keen is dor?,Wer ist da?
"Nee, ik verstah di nich.","Nein, ich verstehe dich nicht."
Wi mööt uns Plaan ännern.,Wir müssen unseren Plan ändern.
Bi soveel Schandaal kann ’n nich lehren.,Bei so viel Krach kann man nicht lernen.
He is na de Swiez föhrt.,Er ist in die Schweiz gefahren.
Mary arbeidt in’n Supermarkt.,Mary arbeitet in einem Supermarkt.
Woneem is de Ingang?,Wo ist der Eingang?
"He deed vergeterig warrn, wat em dull stören deed.","Er ist vergesslich geworden, was ihn sehr aufregt."
Wannehr kaamt wi in Barcelona an?,Wann kommen wir in Barcelona an?
"He hett sik nie bi mi bedankt, ofschoonst ik so veel för em daan heff.","Er hat sich nie bei mir bedankt, obwohl ich so viel für ihn getan habe."
"Sodraad dat düüster is, fangt dat Füürwark an.","Sobald es dunkel wird, beginnt das Feuerwerk."
Se sünd nich bang vör swore Arbeid.,Sie fürchten sich nicht vor schwerer Arbeit.
Dor weren bi dusend Lüüd.,Dort waren ungefähr tausend Menschen.
De Kontext is wichtig.,Der Kontext ist wichtig.
In Wales hebbt se en Seggwoord.,In Wales haben sie ein Sprichwort.
Hest du di do freut?,Hast du dich da gefreut?
Uns Land will nix as Freden.,Unser Land will nichts als Frieden.
Dammi.,Verdammt.
He hett de Daad tostahn.,Er hat die Tat gestanden.
Ik höör jüst Musik.,Ich höre gerade Musik.
"Hest du sehn, woans se di ankeken hett?","Hast du gesehen, wie sie dich angeguckt hat?"
Se mag geern Vagels kieken.,Sie beobachtet gerne Vögel.
Höör wieder to.,Höre weiter zu.
He hett em en Hund köfft.,Er hat ihm einen Hund gekauft.
Se sammelt Spennen för de Kark.,Sie sammeln Spenden für die Kirche.
Se deed sik draad an sien Levenswies wennen.,Sie gewöhnte sich bald an seine Lebensweise.
Alkohol is slecht för de Lebber.,Alkohol ist schädlich für die Leber.
"All Baat helpt, seed de Mügg un pisst in de See.","Jeder Beitrag hilft, sagte die Mücke und pinkelte in die See."
Ruben hett dree Söhns.,Ruben hat drei Söhne.
Laat uns den Wiehnachtsboom hier opstellen.,Lasst uns den Weihnachtsbaum hier aufstellen.
Wat för een is dien Book?,Welches ist dein Buch?
Se hebbt Malesch. Kannst du jem helpen?,Sie haben Schwierigkeiten. Kannst du ihnen helfen?
Is dat dien?,Ist das deins?
Dat is Regentied.,Es ist Regenzeit.
Löwen freet annere Deerten.,Löwen fressen andere Tiere.
He süppt toveel.,Er säuft zu viel.
Ik heff dat sülvs sehn.,Ich habe das selbst gesehen.
Se is en beten krüüsch bi dat Eten.,Sie ist ein bisschen wählerisch beim Essen.
Bliev op ’n Kiewiev.,Bleibe auf dem Beobachtungsposten.
Ik heff dor över bescheed wüsst.,Ich wusste darüber Bescheid.
"Se seed, dat se em vör dree Maand drapen hett.","Sie sagte, sie hätte ihn vor drei Monaten getroffen."
Worüm büst du na sien Huus gahn?,Warum bist du zu ihm nach Hause gegangen?
Hest du de Nummer butenkopps lehrt?,Hast du die Zahl auswendig gelernt?
"Dick snackt, as wenn he allens weet.","Dick spricht, als ob er alles wüsste."
Ik heff toveel kört.,Ich habe zu viel geredet.
"Ik weet, wo ik di helpen kann.","Ich weiß, wie ich dir helfen kann."
Se deed em drohn.,Sie hat ihm gedroht.
De Smuck von ’n Hahn is de Kamm.,Der Schmuck des Hahns ist der Kamm.
Worüm hest du mit em nich danst?,Warum hast du mit ihm nicht getanzt?
"Dat Gras wasst nich gauer, wenn ’n dor an treckt.","Das Gras wächst nicht schneller, wenn man daran zieht."
"Adam awer keem noch eenmal mit sien Fru tohoop, un se bröch enen Söön to Welt un nööm em Seet; denn se see: „Gott hett mi enen annern Söön schenkt för Abel, den Kain an de Siet bröcht hett.“","Adam erkannte abermals seine Frau, und sie gebar einen Sohn, den nannte sie Seth: Denn Gott hat mir einen anderen Sohn gegeben für Abel, den Kain erschlagen hat."
Se deed veel schöne Blomen plücken.,Sie pflückte viele schöne Blumen.
Do dat doch.,Dann tu es doch!
Dat geiht op Wiehnachten dal.,Es geht auf Weihnachten zu.
Bring mi en Handook.,Bring mir ein Handtuch.
Ik gah mit di na Hannover.,Ich gehe mit dir nach Hannover.
Du musst dor hengahn.,Du musst dort hingehen.
"Dat Leven is keen exakte Wetenschop, dat is en Kunst.","Das Leben ist keine exakte Wissenschaft, es ist eine Kunst."
Woveel Böker hest du?,Wie viele Bücher hast du?
Worüm doot ji mi dat an?,Warum tut ihr mir das an?
Tell 5 un 3 tohoop un du hest 8.,Zähle 5 und 3 zusammen und du hast 8.
"He hett de gröttsten Ogenbraan, de ik je sehn heff.","Er hatte die längsten Augenbrauen, die ich je gesehen habe."
Ik heff keen Kees.,Ich habe keinen Käse.
Un wat schall ik nu maken?,Und was soll ich nun machen?
Ik bün en Frömmen hier.,Ich bin hier ein Fremder.
Kaffe oder Tee?,Kaffee oder Tee?
De Schaap graast op de Wisch.,Die Schafe grasen auf der Wiese.
"He deed en Poor Söcken utsöken, de to sien Antog passen deden.","Er suchte ein Paar Socken aus, die zu seinem Anzug passen würden."
Een Tass Kaffe köst een Kroon.,Eine Tasse Kaffee kostet eine Krone.
Du schusst man den Bus mit de Nummer 5 nehmen.,Sie müssen den Bus Nummer fünf nehmen.
Vergeet den Dood nich.,Vergiss den Tod nicht.
Ik harr dree Hunnen.,Ich hatte drei Hunde.
Se sütt trurig ut.,Sie sieht traurig aus.
Een Düvel heet den annern Glippoog.,Ein Teufel heißt den anderen Schielauge.
"Egaal, wo dicht du weerst, Goethe weer Dichter!","Egal, wie dicht du warst, Goethe war Dichter!"
He hett mien Vörslag annahmen.,Er nahm meinen Vorschlag an.
De Voss keem langs ’n Weg.,Der Fuchs kam den Weg entlang.
Elk Johr besöökt Dusende Butenlanners Japan.,Jedes Jahr besuchen Tausende Ausländer Japan.
Ik mag dat nich alleen to wesen.,Ich mag es nicht alleine zu sein.
Ik bün keen Dokter man Schoolmeester.,"Ich bin kein Arzt, sondern Lehrer."
Kannst du mi wat Geld geven?,Kannst du mir etwas Geld geben?
Wat hest du dor?,Was hast du da?
"Se harr mi anropen, harr se miene Telefonnummer hatt.","Sie hätte mich angerufen, hätte sie meine Telefonnummer gehabt."
Tom nehm den Ring vun’n Finger.,Tom nahm den Ring vom Finger.
Du hest mi good beraden.,Du hast mich gut beraten.
"Dat is beter för di, vör dat Slapengahn nix mehr to eten.","Es ist besser für dich, vor dem Schlafengehen nichts mehr zu essen."
Miene Frünn nöömt mi Beth.,Meine Freunde nennen mich Beth.
Dor is dien Tasch.,Da ist deine Tasche.
"He is arm, man ehrlich.","Er ist arm, aber ehrlich."
"Dat is nich goot, so to kören, Tom.","Es ist nicht gut, so zu reden, Tom."
De Mannslüüd draagt Hemmen mit korte Mauen.,Die Männer tragen kurzärmelige Hemden.
"Ik heff vergeten, wo dat üm geiht.","Ich habe vergessen, worum es geht."
"Verkööp nich dat Fell von ’n Boor, ehrdat du em schaten hest.","Verkaufe nicht das Fell des Bären, bevor du ihn erlegt hast."
Mayuko weer alleen in de Kamer.,Mayuko war allein im Zimmer.
Wullt du ook Zigaretten?,Möchtest du auch Zigaretten?
Villicht schullen wi Tom üm Raat fragen.,Vielleicht sollten wir Tom um Rat fragen.
Wullt du geern mit mi spelen?,Würdest du gerne mit mir spielen?
Mien Oog is answullen.,Mein Auge ist angeschwollen.
"Vörsicht, de Mann hett en Pistool.","Vorsicht, der Mann hat eine Pistole."
Du büst en Engel!,Du bist ein Engel!
Mit de Johren is sien Hoor gries worrn.,Im Laufe der Jahre ist sein Haar ergraut.
De Katten eet jüst un seht tofreden ut.,Die Katzen essen gerade und sehen zufrieden aus.
Warrt in dien School nu Japaansch lehrt?,Wird in deiner Schule japanisch gelehrt?
"Ik slah vör, du höllst di dor rut.","Ich schlage vor, du hältst dich da raus."
De Welt dreiht sik nich üm di.,Die Welt dreht sich nicht um dich.
Fraag doch nich jümmerto!,Frag doch nicht dauernd!
Warrt naakd duuscht.,Man duscht sich nackt.
Se keem na Tokyo as se 18 weer.,"Sie kam nach Tokio, als sie 18 war."
Wo hest du mit em över kört?,Worüber hast du mit ihm gesprochen?
Mien Lehrersch hett en temlich sachte Stimm.,Meine Lehrerin hat eine sehr sanfte Stimme.
Worüm hebbt ji Düütsch lehrt?,Warum habt ihr Deutsch gelernt?
Wo staht de Bookstaven WHO vör?,Wofür stehen die Buchstaben WHO?
"Ik begriep nich, wat de Lehrer seggt.","Ich begreife nicht, was der Lehrer sagt."
He is in sien Kamer un speelt.,Er ist in seinem Zimmer und spielt.
Bi dissen Daak kann ik de Stratenschiller nich kennen.,Bei diesem Nebel kann ich die Straßenschilder nicht erkennen.
Segg ehr dor nix von!,Sage ihr nichts davon!
Segg ehr dor nix von.,Sag ihr nichts davon.
Fraag mi nich worüm.,"Frag mich nicht, warum!"
"Vun mien japaansch Frünn lehrt leider keeneen Diutsch, man een Fründin lehrt Russ’sch.",Von meinen japanischen Freunden lernt leider keiner Deutsch; eine Freundin lernt aber Russisch.
He sitt an ’n Disch.,Er sitzt am Tisch.
"Ik heff nich wüßt, dat du en Wief büst.","Ich wusste nicht, dass du eine Frau bist."
Mag Tom Tomaten?,Mag Tom Tomaten?
Ik heff dat maakt.,Ich habe es gemacht.
Emma hett ’n Nagen op ’n Kopp drapen.,Emma hat den Nagel auf den Kopf getroffen.
Ik kenn em al lang.,Ich kenne ihn schon lange.
Ik kenn em al lang.,Ich kenne ihn schon lang.
Dor weren toveel Lüüd.,Es waren zu viele Leute da.
Dat Schipp is in ’n Haven utlaadt worrn.,Das Schiff wurde im Hafen entladen.
Glas brickt licht.,Glas zerbricht leicht.
"Ik weet, dat he Jazz mag.","Ich weiß, dass er Jazz mag."
Vertroost du ehr?,Vertraust du ihr?
Vertroost du ehr?,Vertrauen Sie ihr?
Ik bün von Beroop Polizist.,Ich bin von Beruf Polizist.
Ik heff sien Telefoonnummer opschreven.,Ich habe seine Telefonnummer aufgeschrieben.
Ik heff en Straafzedel kregen.,Ich habe einen Strafzettel bekommen.
"Harr Tom mi dat seggt, harr he vun mi enen an’n Kopp kregen.","Hätte Tom das zu mir gesagt, hätte ich ihm eine gelangt."
Graham Greene is een von miene leevsten Schrievers.,Graham Greene ist einer meiner Lieblingsautoren.
"Se steiht nich to, dat se Unrecht hett.","Sie gibt nicht zu, dass sie Unrecht hat."
Ik kann nich mehr wieder.,Ich kann nicht mehr weiter.
Drinkst du en Kaffe?,Trinkst du einen Kaffee?
Se hett mi en schöne Popp geven.,Sie hat mir eine schöne Puppe gegeben.
He is in ’n Krieg doodbleven.,Er ist im Krieg gefallen.
Ik dans geern.,Ich tanze gerne.
Höörst du faken Höörböker?,Hörst du oft Hörbücher?
He deed sien Arm hoogböhren.,Er hob seinen Arm.
Noch en beten?,Noch ein bisschen?
Godd hett dat verbaden!,Gott hat es verboten!
De Idee to de Sommertied harr al Benjamin Franklin.,Die Idee zur Sommerzeit hatte schon Benjamin Franklin.
Nu schusst nu beter gahn.,Du solltest jetzt lieber gehen.
He hett dree Fadens.,Er hat drei Fäden.
Wat höllst du von modeerne Kunst?,Was hältst du von moderner Kunst?
Ik will lever arm as riek wesen.,Ich möchte lieber arm als reich sein.
"Se hebbt doch seggt, dat Se dor mit fardig sünd.","Sie sagten doch, Sie wären damit fertig."
Wüllt ji vonnamiddag in ’n Zoo gahn?,Wollt ihr heute Nachmittag in den Zoo gehen?
Ik seh Tranen in dien Ogen.,Ich sehe Tränen in deinen Augen.
Mien Frünnen nöömt mi normalerwies Freddy.,Normalerweise nennen mich meine Freunde Freddy.
Wat denkst du von em?,Was denkst du über ihn?
Wi hebbt en Hangelbrügg vör uns.,Wir haben eine Hängebrücke vor uns.
Dunn hebbt wi dat eerste Maal drapen.,Damals haben wir uns das erste Mal getroffen.
De Sommer is toenn.,Der Sommer ist zu Ende.
Ik heff mi en niggen polter köfft.,Ich kaufte mir einen neuen Anzug.
För en Stutenmaand in Kanada bruukt een veel Geld.,Für Flitterwochen in Kanada braucht man viel Geld.
Ik kann em nich vertroon.,Ich kann ihm nicht vertrauen.
Diene Lippen sünd as Rosen.,Deine Lippen sind wie Rosen.
Wo warrt joon Achternaam bookstaveert?,Wie buchstabiert man euren Nachnamen?
Botterlickers von disse Soort sünd nu utstorven.,Schmetterlinge dieser Art sind jetzt ausgestorben.
De Pries för Ries warrt von de Regeren fastleggt.,Der Preis für Reis wird von der Regierung festgelegt.
"Vüëgel, de to frö flötket, packet up’n Dag de Katten.","Vögel, die zu früh singen, fängt im Laufe des Tages die Katze."
"In ’t Bladd steiht, dat he Sülvsmoord maakt hett.","In der Zeitung steht, dass er Selbstmord begangen hat."
Anter de Fraag.,Beantworte die Frage.
Dat Bild sütt von wieden beter ut.,Das Bild sieht besser von weitem aus.
"Ik heff mi argert, dat se jümmer noch slapen hett.","Ich habe mich geärgert, dass sie immer noch geschlafen hat."
"Ik sla vör, dat ji jo mol mit Ria ünnerhoolt.","Ich schlage vor, dass ihr euch mal mit Maria unterhaltet."
Ik laat mi von di nich as en Slaav behanneln.,Ich lasse mich von dir nicht wie einen Sklaven behandeln.
Höört ji de Narichten?,Hört ihr die Nachrichten?
"He hett twee Katten kregen, een is witt, een is swart.","Er hat zwei Katzen bekommen, eine ist weiß, eine ist schwarz."
Ik will de Handtasch.,Ich will die Handtasche!
In disse Glääs steiht dat Water lieker hoog.,In diesen Gläsern steht das Wasser gleichhoch.
"Se kunn em nich övertügen, op en Peerd to rieden.","Sie konnte ihn nicht überzeugen, auf einem Pferd zu reiten."
Ik bün ut Russland.,Ich komme aus Russland.
Suni speelt jüst.,Suni spielt gerade.
Ook en Blinnen hett en egen Ansicht.,Auch ein Blinder hat einen eigenen Gesichtspunkt.
Ik heff Bröder.,Ich habe Brüder.
"Dat schall mi woll verlangen, ees in Finnland to leven, man toeerst schull ik man mien Sweedsch opbetern.","Mich würde es sehr reizen, in Finnland zu leben, aber ich sollte wohl zuerst mein Schwedisch verbessern."
He tuuster mi wat to.,Er flüsterte mir etwas zu.
Se singt geern.,Sie singt gerne.
Du büst jümmer so flietig as en Imm.,Du bist immer fleißig wie eine Biene.
"Wo mehr wi lehrt, wo mehr weet wi.","Je mehr wir lernen, desto mehr wissen wir."
Se is üm un bi veertig.,Sie ist ungefähr vierzig.
"Ik bün bang, dat du di verlöppst.","Ich habe Angst, dass du dich verläufst."
Dit is en Bispeelsatz.,Das ist ein Beispielsatz.
Worüm gaht ji nicht to Foot hen?,Wieso geht ihr nicht zu Fuß hin?
Parfüüms warrt faken ut ’n Sweet von verscheden Deerthekens maakt.,Parfüme werden oft aus dem Schweiß verschiedener männlicher Tiere gemacht.
Sien Kinner sünd groot worrn.,Seine Kinder sind groß geworden.
"De Lüüd sünd to fuul, sülvs in en Wöörbook natokieken.","Die Leute sind zu faul, um selbst in einem Wörterbuch nachzuschlagen."
Se is to jung üm to freen.,"Sie ist zu jung, um gefreit zu werden."
Mit ’keen snackt du?,Mit wem sprichst du?
Lehnst du mi dien Kniev?,Würdest du mir dein Messer leihen?
Mien sehr Gagel deit weh un ik kann kuum eten.,Meine Mundschleimhautentzündung tut weh und ich kann kaum essen.
"As ik jung weer, heff ik faken Baseball speelt.","Als ich jung war, habe ich oft Baseball gespielt."
Ehre Hoor sünd swart un lang.,Ihre Haare sind schwarz und lang.
Wi hebbt noog leddige Wöör hatt.,Wir haben genug leere Worte gehabt.
Ik heff Tom sien Book nich nohmen.,Ich habe Toms Buch nicht genommen.
Wat köönt wi de Gäst anbeden?,Was können wir den Gästen anbieten?
Se hett em rutsmeten.,Sie hat ihn rausgeschmissen.
Dor föhrt keen Bus na dat Dörp.,In das Dorf fährt kein Bus.
"Wi mööt de Schoh uttrecken, ehrdat wi in ’t Huus gaht.","Wir müssen die Schuhe ausziehen, bevor wir das Haus betreten."
Heren smeckt lecker mit Tüffeln.,Hering schmeckt lecker mit Kartoffeln.
Elk Voss laavt sien Steert.,Jeder Fuchs lobt seinen Schwanz.
De Kamer is heet.,Das Zimmer ist heiß.
Ik heff dat för teihn Dollar verköfft.,Ich habe es für zehn Dollar verkauft.
Sünd ji twee befründt?,Seid ihr zwei befreundet?
In Ananas is veel Zitronensüür in.,Ananas enthält viel Zitronensäure.
Se deed vör Freid dansen.,Sie tanzte vor Freude.
"Ik heff en Ford, jüst as du.","Ich habe einen Ford, genau wie du."
Leevd is blind.,Liebe ist blind.
Dat is hier noch krekt as ehrtieds.,Es ist hier noch so wie früher.
Ehr Huus is groot.,Ihr Haus ist groß.
Kannst du nich noch teihn Minuten töven?,Kannst du nicht noch zehn Minuten warten?
De Steerns deden in de stille Nacht glinstern.,Die Sterne funkelten in der stillen Nacht.
Ik kann nich an allens denken.,Ich kann nicht an alles denken.
"Ik hööp, du versteihst.","Ich hoffe, du verstehst."
Dummbüdel!,Blödmann!
Se fröhstückt dor faken.,Sie frühstückt oft dort.
Bet dorhen weer he bi sien Unekl wesen.,Bis dahin war er bei seinem Onkel gewesen.
Tokyo is grötter as Room.,Tokyo ist größer als Rom.
Gest du dien Leevdaag so en feinen Sünnünnergang sehn?,Hast du jemals so einen schönen Sonnenuntergang gesehen?
Ik acht öllere Lüüd.,Ich achte ältere Leute.
De Röver bröök in dat Huus in üm Geld to stehlen.,"Der Räuber brach in das Haus ein, um Geld zu stehlen."
Worüm büst du na Japan föhrt?,Warum bist du nach Japan gefahren?
De Temperatur liggt dissen Winter över ’n Dörsnidd.,Die Temperatur liegt diesen Winter über dem Durchschnitt.
He harr keen Dack över ’n Kopp.,Er hatte kein Dach über dem Kopf.
He hett sien Leevdaag nüms wehdaan.,Er hat nie jemandem wehgetan.
"Ik heff en Fründ, de in Sapporo wahnt.","Ich habe einen Freund, der in Sapporo wohnt."
Jaag doch nich so! Musst du jümmer so hart föhren?,Rase doch nicht so! Musst du immer so schnell fahren?
De Akku is leddig.,Der Akku ist leer.
"Gah nich na buten, dat regent hart.","Gehe nicht nach draußen, es regnet stark."
Du büst to laat kamen.,Du bist zu spät gekommen.
He leeg op ’n Rügg.,Er lag auf dem Rücken.
De Sünn is de hellste Steern.,Die Sonne ist der hellste Stern.
"Du musst dat so doon, as ik dat segg.","Du musst es so machen, wie ich es sage."
"Lieutenant Worf is en Klingoon, de op dat Föderationsruumschipp Enterprise as Offzeer Deenst deit.","Lieutenant Worf ist ein Klingone, der auf dem Föderationsraumschiff Enterprise als Offizier Dienst tut."
He weer in ’n Laden.,Er war im Laden.
Kickst du „Tom un Jerry“?,"Schaust du dir ""Tom und Jerry"" an?"
Ik will veel mehr.,Ich will viel mehr.
Wi hebbt de Woren för dree Dollar dat Dutz köfft.,Wir kauften die Waren für drei Dollar das Dutzend.
Büst du trech mit diene Huusopgaven?,Bist du fertig mit deinen Hausaufgaben?
Dat is nich Jack sien Schuld.,Das ist nicht Jacks Schuld.
Du büst to laat na Arbeid kamen.,Du kamst zu spät zur Arbeit.
Du büst to laat na Arbeid kamen.,Du bist zu spät zur Arbeit gekommen.
Ik kiek op dat Huus.,Ich schaue auf das Haus.
"Ik weet nich mihr, woneem ik mien Paß loten heff.","Ich weiß nicht mehr, wo ich meinen Pass gelassen habe."
En Fisch sprüng ut dat Water.,Ein Fisch sprang aus dem Wasser.
Ji bünt bannig dapper.,Du bist sehr tapfer.
Ji bünt bannig dapper.,Ihr seid sehr tapfer.
Woneem hest du den Jung sehn?,Wo hast du den Jungen gesehen?
Ehr Koken smeckt good.,Ihr Kuchen schmeckt gut.
De Jung steiht in de Stuuv.,Der Junge steht im Wohnzimmer.
’Keen hett de Sphinx ehr Nees afslahn?,Wer hat der Sphinx die Nase abgeschlagen?
Woveel Jungs sünd in dien Klass?,Wie viel Jungs sind in dieser Klasse?
Woveel Jungs sünd in dien Klass?,Wie viele Jungen sind in deiner Klasse?
Ik duusch mi jüst.,Ich dusche mich gerade.
Snackst du Albaansch?,Sprichst du Albanisch?
Ik heff em bi ’t Stehlen von de Kamera faatkregen.,Ich erwischte ihn beim Stehlen der Kamera.
"Ik do allens, wat du wullt.","Ich tue alles, was du willst."
Se kaakt elk Dag för em.,Sie kocht für ihn jeden Tag.
Ik heff veel von di lehrt.,Ich habe viel von dir gelernt.
Disse Hall hett Platz för 2.000 Lüüd.,Diese Halle ist ausreichend für zweitausend Personen.
"Mike hett en Fründ, de in Chicago leevt.","Mike hat einen Freund, der in Chicago lebt."
De Kurs fangt Klock teihn an.,Der Kurs fängt um zehn an.
"Dat deit weh, jo so to sehn.","Es tut weh, euch so zu sehen."
Sien neet Book schall tokamen Maand rutkamen.,Sein neues Buch wird nächsten Monat herauskommen.
Wat freet Immen?,Was fressen Bienen?
Ik lees elk Maand fiev verscheden Tiedschriften.,Ich lese jeden Monat fünf verschiedene Zeitschriften.
Se is klöker as he.,Sie ist klüger als er.
He is klöker as se.,Er ist klüger als sie.
Wannehr wullt du gahn?,Wann willst du gehen?
Dor is en Bookladen glieks üm ’t Eck.,Da ist ein Buchladen gleich um die Ecke.
Vertro mi.,Vertraue mir.
Vertro mi.,Vertrau mir.
’Keen is dissen Keerl?,Wer ist dieser Kerl?
"Ik will, dat du bi mi bliffst.","Ich möchte, dass du bei mir bleibst."
Du kannst mi an ’n Moors kleien.,Du kannst mich am Hintern lecken.
Ik kann di dat noch nich seggen.,Ich kann’s dir noch nicht sagen.
Ik kann di dat noch nich seggen.,Ich kann es dir noch nicht sagen.
Se deed ehren Blick afwennen.,Sie wendete ihren Blick ab.
Dit Book is ganz nee.,Dieses Buch ist ganz neu.
Dat is Apenfleesch.,Das ist Affenfleisch.
Dat is Apenfleesch.,Es ist Affenfleisch.
Hest du dat sülvs maakt?,Hast du das selbst gemacht?
Föhlst du di eensaam?,Fühlst du dich einsam?
Wo hett di de Film gefallen?,Wie hat dir der Film gefallen?
Foder den Vagel!,Fütter den Vogel!
Foder den Vagel!,Füttere den Vogel!
Hest du Döst?,Hast du Durst?
Wat för en Spraak warrt in Ägypten snackt?,Welche Sprache spricht man in Ägypten?
"Ik heff em dree Maal seggt, he schall den Müll rutbringen un he hett dat jümmer noch nich daan!","Ich habe ihn dreimal aufgefordert, den Müll rauszubringen, und er hat es immer noch nicht gemacht!"
He lehrt gau.,Er lernt schnell.
He lehrt gau.,Er lernt rasch.
Villicht regent dat.,Vielleicht regnet es.
De Twede Weltkrieg deed 1939 utbreken.,Der Zweite Weltkrieg brach 1939 aus.
Ik will dat nich.,Ich möchte es nicht.
He hett en lütten Jung vör dat Versupen reddt.,Er rettete einen kleinen Jungen vor dem Ertrinken.
"Dat is dat eerste Maal, dat he in sien egen Huus wahnt.","Es ist das erste Mal, dass er in seinem eigenen Haus wohnt."
John kunn keen Gitarr spelen.,John konnte keine Gitarre spielen.
Ehr Been sünd lang.,Ihre Beine sind lang.
Papa un Mama hebbt mi en Fohrrad schenkt.,Papa und Mama schenkten mir ein Fahrrad.
He hett sien Föhrerschien eerst mit achtuntwintig maakt.,Er hat seinen Führerschein erst mit achtundzwanzig Jahren gemacht.
Worüm höörst du nich mit Smöken op?,Warum hörst du nicht mit dem Rauchen auf?
Mien Opa weer Buur.,Mein Opa war Bauer.
Mien Opa weer Buur.,Mein Großvater war Landwirt.
Ik mag de Klöör Rood.,Ich mag die Farbe Rot.
Kennst du den Ünnerscheed twüschen Sülver un Tinn?,Kennst du den Unterschied zwischen Silber und Zinn?
De Kaffe höllt mi waak.,Der Kaffee hält mich wach.
Dat Mest is nich scharp.,Das Messer ist nicht scharf.
Wi hebbt em ut de Ogen verloren.,Wir haben ihn aus den Augen verloren.
Ik will in Paris studeren.,Ich möchte in Paris studieren.
"Weetst du, woneem he boren is?","Weißt du, wo er geboren ist?"
"He deed trüggnehmen, wat he över ehr seggt harr.","Er nahm zurück, was er über sie gesagt hatte."
Vergeet de Koort nich.,Vergiss die Karte nicht!
Franzöösch warrt in Frankriek snackt.,Französisch wird in Frankreich gesprochen.
"Ik wedd, he hett en lierlütten Piephahn.","Ich wette, er hat einen winzigen Schniedel."
"Mien privaat Leven geiht jo nix an, joon intresseert mi nich.","Mein Privatleben geht euch nichts an, eures interessiert mich nicht."
Dat Bild hängt an ’e Wand.,Das Bild hängt an der Wand.
Is dat Glas halv vull oder halv leddig?,Ist das Glas halb voll oder halb leer?
He möök sien Ogen dicht.,Er schloss seine Augen.
Wi wahnt in en Huus.,Wir wohnen in einem Haus.
Japan is en Inselstaat.,Japan ist ein Inselstaat.
"Dat is al lang her, dat ik toletzt Franzöösch snackt heff.","Es ist schon lange her, dass ich zuletzt Französisch gesprochen habe."
"He kann nich seggen, wat op dat Poppeer schreven steiht.","Er kann nicht sagen, was auf dem Papier geschrieben steht."
"Ik bün torüchkamen, üm jo to helpen.","Ich bin zurückgekommen, um euch zu helfen."
"Nee, du kennst di nich mit Java ut. Du kennst JavaSCRIPT.","Nein, du kennst dich nicht mit Java aus. Du kennst JavaSCRIPT."
"Mi dücht, dat warrt regen.","Ich meine, es wird regnen."
Vergangen Johr hett dat veel Snee geven.,Vergangenes Jahr hat es viel Schnee gegeben.
"Wo deper een duukt, wo köler warrt dat Water.","Je tiefer man taucht, umso kälter wird das Wasser."
Ik heff lang swegen.,Ich habe lange geschwiegen.
Dat Dack is mit gele Tegels deckt.,Das Dach ist mit gelben Ziegeln gedeckt.
"Ji hebbt also vör to freen, du un Hanna?","Ihr habt also vor zu heiraten, du und Hanna?"
"Froog Ria, of se noog Geld hett, üm sik dat to köpen, wat se brukt.","Frag Maria, ob sie genug Geld hat, um sich das zu kaufen, was sie braucht."
"Wo du ook hengeihst, vergeet nich, wo du herkummst.","Wohin du auch gehst, vergiss nicht, woher du kommst!"
Ik bün sadd.,Ich bin satt.
De Schoh sünd ut Ledder.,Die Schuhe sind aus Leder.
"Wat schasst maken, schittst in ’t Bedd, schittst in ’t Laken, schittst vörbi is ook en grote Swienerie.","Was soll man machen, scheißt man ins Bett, scheißt man aufs Bettlaken, scheißte vorbei, ist das auch eine große Schweinerei."
Ik lehr geern Frömdspraken.,Ich lerne gerne Fremdsprachen.
De Keih segen groot un tamm ut.,Die Kühe sahen groß und zahm aus.
"Tom hett togäven, dat he mi answinnelt hett.","Tom gab zu, mich angelogen zu haben."
"Nee, dat is noog. Ik bün sadd.","Nein, es ist genug. Ich bin satt."
Worüm hest du weent?,Warum hast du geweint?
Kannst du mi mit trügg na Huus nehmen?,Kannst du mich mit zurück nach Hause nehmen?
Wat is mien Kamernummer?,Wie lautet meine Zimmernummer?
Nu is allens good.,Jetzt ist alles gut.
Se kann good malen.,Sie kann gut malen.
Ik will ehr freen.,Ich will sie heiraten.
Du fraagst beter Dr. Tanaka.,Du fragst besser Dr. Tanaka.
Woveel japaansche Städer kennst du?,Wie viele japanische Städte kennst du?
Magst du China?,Magst du China?
Se is so mooi as Sneewittken.,Sie ist so schön wie Schneewittchen.
"Do dat, wat de Dokter seggt hett.","Mach das, was der Arzt gesagt hat."
Disse Larm maakt mi noch mallerig.,Dieser Lärm macht mich noch verrückt.
Disse Larm maakt mi noch mallerig.,Dieser Lärm treibt mich in den Wahnsinn.
He itt de Eier jümmer ahn Solt un Peper.,Er ißt die Eier immer ohne Salz und Pfeffer.
Worraftig?,Wirklich?
Mien Droom is wohr worrn.,Mein Traum ist wahr geworden.
"Se hebbt versöcht, den Präsident ümtobringen.","Sie haben versucht, den Präsidenten zu ermorden."
Dat is wat ik in Spanien köfft heff.,"Das ist es, was ich in Spanien gekauft habe."
Dit Eiland liggt dree Kilometer vör de Küst.,Diese Insel befindet sich drei Kilometer vor der Küste.
Dat is mien Möös.,Das ist meine Muschi.
Ik eet geern Ananas to’n Fröhstück.,Ich esse gern Ananas zum Frühstück.
De bus keem twee Minuten to froh.,Der Bus kam zwei Minuten zu früh.
Hest du noog Geld?,Hast du genug Geld?
Denn köönt ji ook glieks bet Dingsdag töven.,Dann könnt ihr auch gleich bis Dienstag warten.
He deed dat Wöörbook bruken.,Er benutzte das Wörterbuch.
Ehr Oog rechts weer blind.,Ihr rechtes Auge ist blind.
Hest du Fransch snackt?,Hast du Französisch gesprochen?
Sütt dat slimm ut?,Sieht das schlimm aus?
"Wo veel Licht is, is ook veel Schadden.","Wo viel Licht ist, ist auch viel Schatten."
Is de Kamer groot noog?,Ist das Zimmer groß genug?
Ik seh dit Huus.,Ich sehe dieses Haus.
Du geihst beter nich.,Du gehst besser nicht.
Se stammt ut Frankriek.,Sie stammt aus Frankreich.
Nich so gau!,Nicht so schnell!
Dit Land is üm un bi twee Maal so groot as Japan.,Dieses Land ist ungefähr zweimal so groß wie Japan.
De Künstler hett mit chineesch Black tekent.,Der Künstler hat mit Tusche gezeichnet.
"Wenn dat nich wohr is, denn is dat tominnst good utdacht.","Wenn es nicht wahr ist, so ist es doch gut erfunden."
He is stuur as en Muulesel.,Er ist stur wie ein Maulesel.
Kann ik wat Geld von di lehnen?,Kann ich etwas Geld von dir leihen?
De Film hett 2 Stünnen duurt.,Der Film dauerte 2 Stunden.
Mien Unkel hett mi en Kamera geven.,Mein Onkel hat mir eine Kamera gegeben.
He is bi Rood över de Straat gahn.,Er ist bei Rotlicht über die Straße gegangen.
Is de Muus dood oder leevt de noch?,Ist die Maus tot oder lebendig?
Een Meter hett hunnert Zentimeter.,Ein Meter enthält hundert Zentimeter.
Wo gaht wi hen?,Wohin gehen wir?
Langsaam fallt de Bläder.,Langsam fallen die Blätter.
"De Heiden hebbt von dat Leven en Godd maakt, de Christen von ’n Dood.","Die Heiden haben von diesem Leben einen Gott gemacht, die Christen vom Tod."
Worüm hest du en Bloom köfft?,Warum hast du eine Blume gekauft?
"Ook du, mien Söhn.","Auch du, mein Sohn."
Ik bruuk Geld.,Ich brauche Geld.
De Film geiht loos.,Der Film beginnt.
De Film geiht loos.,Der Film fängt an.
He wahnt in ’t drüdde Huus achter de Post.,Er lebt im dritten Gebäude hinter der Post.
Se harr en Kleed ut Sied an.,Sie trug ein Seidenkleid.
"Ik weet nich, wat ik singen schall.","Ich weiß nicht, was ich singen soll."
"Malaria is en Krankheit, de von Moskitos överdragen warrt.","Malaria ist eine Krankheit, die von Moskitos übertragen wird."
De Dokters wullen keen twede Operation maken.,Die Ärzte wollen keine zweite Operation machen.
Mi gefallt Frömdspraken!,Mir gefallen Fremdsprachen!
Se hett en ganzen Barg Kledaasch.,Sie hat einen ganzen Berg an Kleidung.
Vörige Nacht bün ik Middernacht na Bedd gahn.,Vorige Nacht bin ich um Mitternacht ins Bett gegangen.
Wi hebbt em na sien Grootvader Thomas nöömt.,Wir haben ihn Thomas nach seinem Großvater genannt.
Du föhrst to gau.,Du fährst zu schnell.
Fred lüggt man jümmer.,Fred lügt immer nur.
Heini is ’n fiesen Quarkbüdel.,Heini ist ein fieser Nörgler.
Ik bün lesbisch.,Ich bin lesbisch.
Ehr Droom is Paris to besöken.,"Ihr Traum ist, Paris zu besuchen."
Worüm büst du trurig?,Warum bist du traurig?
Ik bün lever arm as riek.,Ich bin lieber arm als reich.
"He deed snacken, as wenn he allens wüss.","Er spricht so, als ob er alles wüsste."
"Ik bün jüst so besapen, dat ik twee Tastaturen seh.","Ich bin jetzt so besoffen, dass ich zwei Tastaturen sehe."
Ik heff den Mann bi ’t Klauen faatkregen.,Ich habe den Mann beim Stehlen erwischt.
’Keen weer Mona Lisa?,Wer war Mona Lisa?
Ik bün en armen Student un kann di nich betahlen.,Ich bin ein armer Student und kann dich nicht bezahlen.
Du bruukst dat nich to eten.,Du brauchst das nicht zu essen.
"Wenn du en Fraag hest, denn lücht man dien rechte Hand op.","Wenn du eine Frage hast, hebe bitte die rechte Hand."
Treckt joon Schoh ut.,Zieht eure Schuhe aus.
"Mien lütte Süster wünscht sik männigmaal, dat se en Jung wesen kunn.","Meine kleine Schwester wünschte sich manchmal, dass sie ein Junge sei."
Een hett en Tasch op de Bank liggen laten.,Jemand hat eine Tasche auf der Bank stehenlassen.
Disse Hund höört mi to.,Dieser Hund gehört mir.
"Ik keem in dat Dörp an, bevör dat düüster warrn deed.","Ich kam in dem Dorf an, bevor es dunkelte."
Wi harrn geern Wien.,Wir hätten gerne Wein.
"Ik heff mi jümmer fraagt, woans dat is, wenn een Bröder un Süstern hett.","Ich habe mich immer gefragt, wie es wäre, Geschwister zu haben."
"’Keen kann beter flegen, en Fleeg oder en Piloot?","Wer kann besser fliegen, eine Fliege oder ein Pilot?"
Ik heff sien Adreß vergeten.,Ich habe seine Anschrift vergessen.
Ik heff sien Adreß vergeten.,Ich habe seine Adresse vergessen.
Ji bruukt nich to grölen. Ik kann jo good hören.,Ihr braucht nicht zu schreien. Ich kann euch hören.
"Höörst du, wo gau he snackt?","Hörst du, wie schnell er spricht?"
De Eer dreiht sik.,Die Erde dreht sich.
Ik heff ehr vör dree Johr de eerste Kehr drapen.,Ich habe sie vor drei Jahren das erste Mal getroffen.
Do dat Licht an. Ik seh nix.,Mach das Licht an. Ich kann nichts sehen.
Ik bün 1988 in York boren.,Ich wurde 1988 in York geboren.
Dor is nix verkehrt an.,Daran ist nichts falsch.
"Dat is nich dat, wat ik söök.","Das ist nicht das, was ich suche."
Tööv op mi!,Warte auf mich!
"Ik heff dacht, Tom wœr en Dokter.","Ich dachte, Tom wäre Arzt."
Wölkeen büst du un wat maakst du hier?,Wer bist du und was tust du hier?
Tschüss!,Tschüss!
Tschüss!,Tschau!
Se frögen na de annern.,Sie fragten nach den anderen.
Kaam nich to dicht an ’t Füür ran.,Komme nicht so dicht an das Feuer heran.
Ik kann mi nich besinnen.,Ich kann mich nicht erinnern.
He hett dree grote Süstern.,Er hat drei große Schwestern.
Sien Hart is braken.,Sein Herz ist gebrochen.
Dat daagt.,Der Tag bricht an.
Den Letzten biet de Hunnen.,Die Letzten beißen die Hunde.
En Hund hett achter de Katt anlopen.,Ein Hund rannte der Katze hinterher.
Mary keek em verbaast an.,Mary sah ihn verblüfft an.
"Dat Sofa is breed noog, dat veer Lüüd dor op sitten köönt.","Das Sofa ist breit genug, dass vier Leute darauf sitzen können."
"Ik weet nich, wat se mi na so veel Johr noch wedderkennen schall.","Ich bin mir nicht sicher, ob sie mich nach so vielen Jahren noch wiedererkennen wird."
De Brügg twischen Däänmark un Sweden is meist fiev Mielen lang.,Die Brücke zwischen Dänemark und Schweden ist fast acht Kilometer lang.
Se is nu en Dokter.,Sie ist nun ein Doktor.
Kannst du mit uns gahn?,Kannst du mit uns gehen?
Wat is dien leevst Youtube-Video?,Was ist dein liebstes Youtube-Video?
Ik bruuk Handkreem.,Ich brauche Handcreme.
Ik heff se nich froogt.,Ich habe sie nicht gefragt.
He is von Beroop Dokter.,Er ist Arzt von Beruf.
Hest du em vonmorgen an ’n Bahnhoff sehn?,Hast du ihn heute Morgen am Bahnhof gesehen?
Ria hett Tom mit Wiendruven fodert.,Maria fütterte Tom mit Weintrauben.
Verpimpel dien Kind nich.,Verhätschel dein Kind nicht.
Dor weren en Barg Lüüd in ’t Stadion.,Es waren eine Menge Leute da im Stadion.
Würklich? Du süst veel jünger ut.,Tatsächlich? Du siehst viel jünger aus.
He fehlt faken in de School.,Er fehlt oft in der Schule.
Wo faken duuschst du?,Wie oft duschst du?
Wi sünd in dat Hotel an ’n See bleven.,Wir blieben in einem Hotel am See.
Smiet de Tiedschrift nich weg.,Wirf die Zeitschrift nicht weg.
De Kommas sünd den Düütschen sien Frünn.,Die Kommas sind des Deutschen Freunde.
Dat is so as Delen na Noorwegen schicken.,"Das ist so, als Dielen nach Norwegen zu schicken."
Wat hebbt ji maakt?,Was habt ihr gemacht?
Veel junge Lüüd in Japan eet Brood to ’n Fröhstück.,Viele Jugendliche in Japan essen Brot zum Frühstück.
Uns Ledder is intwei.,Unsere Leiter ist entzwei.
"Ik heff vör en poor Johr in Tokyo leevt, aver nu leev ik in Kyoto.",Ich lebte vor ein paar Jahren in Tōkyō; jetzt lebe ich aber in Kyōto.
Ik kaam halvig söven trügg.,Ich komme um 6.30 Uhr zurück.
Hest du Füür?,Hast du Feuer?
Hest du Füür?,Hast du mal Feuer?
"Wees glücklich, de besten Daag kaamt noch.","Sei glücklich, die besten Tage kommen noch!"
De Hund güng weg.,Der Hund ging weg.
"Bet 1910 weer dat Book ""Alice in Wonderland"" al in disse Spraken översett: Düütsch, Franzöösch, Sweedsch, Italieensch, Russ’sch, Däänsch, Nedderlandsch, Noorweegsch. Finnsch un Esperanto.","Bis 1910 war das Buch ""Alice in Wonderland"" schon in folgende Sprachen übersetzt worden: Deutsch, Französisch, Schwedisch, Italienisch, Russisch, Dänisch, Niederländisch, Norwegisch, Finnisch und Esperanto."
De Blomen in ’n Goorn bruukt Water.,Die Blumen im Garten brauchen Wasser.
Wahnst du in ’e Törkie?,Wohnst du in der Türkei?
Dröff ik buten spazeren gahn?,Darf ich draußen spazieren gehen?
Is dor en Jöögdharbarg hier in de Ümgegend?,Gibt es eine Jugendherberge hier in der Umgebung?
Dröff ik en Foto von uns maken?,Darf ich ein Foto von uns machen?
He güng op de Sied üm ehr dörtolaten.,"Er ging auf die Seite, um sie vorbeizulassen."
Tom smeet dat Book in’t Füer.,Tom warf das Buch ins Feuer.
De amerikaansche Flagg hett föfftig Steerns.,Die amerikanische Flagge hat fünfzig Sterne.
Vergeet ehr.,Vergiß sie.
Se deed mi op de Back küssen un seed mi gode Nacht.,Sie küsste mich auf die Wange und sagte gute Nacht.
Disse Cd höört mien Söhn to.,Diese CD gehört meinem Sohn.
Fangt wi mit de vörletzte Reeg an!,Beginnen wir bei der vorletzten Zeile!
Ik heff de Snuut vull von all sien Nölen.,Ich habe all seine Beschwerden satt.
Dit Book köst 3.000 Yen.,Dieses Buch kostet dreitausend Yen.
Se harr veel to doon.,Sie war sehr beschäftigt.
Ik will nich starven!,Ich will nicht sterben!
’Keen hett disse Maschien utfunnen?,Wer hat diese Maschine erfunden?
Dor kann di nüms hören.,Dort kann dich niemand hören.
Laat uns uns Kamer reinmaken.,Lasst uns unser Zimmer putzen.
Sünd ji na ’n Dokter gahn?,Seid ihr zum Arzt gegangen?
Du harrst keen Taxi nehmen bruukt.,Du hättest kein Taxi nehmen brauchen.
Dat Brüden geiht üm.,"Wie du mir, so ich dir."
Wi mööt ehr helpen.,Wir müssen ihr helfen.
Dat Speel is ut!,Das Spiel ist aus!
Se is dull bang vör Snaken.,Sie hat große Angst vor Schlangen.
Kann ik en Tass Kaffe hebben?,Könnte ich eine Tasse Kaffee haben?
Se deed em bi de Hand faten.,Sie hat ihn bei der Hand gepackt.
He deed den Ammel mit Water vullmaken.,Ich füllte den Eimer mit Wasser.
Veertig Johr sünd rümgahn.,Vierzig Jahre sind vergangen.
Veertig Johr sünd rümgahn.,Vierzig Jahre sind vorbei.
Echt?,Echt?
"Dor is keen Pott so scheev, dor passt en Stulp op.","Es ist kein Topf so schief, es passt ein Deckel darauf."
Kennst du de Antwoord?,Kennst du die Antwort?
Se smöökt nich.,Sie raucht nicht.
Ik heff mien Regenscherm verloren.,Ich habe meinen Regenschirm verloren.
Se wahnt in en groot Huus.,Sie wohnt in einem großen Haus.
"As ik mi trügglehnt heff, is de Stieper braken un ik bün mit ’n Stohl tohoopsackt.","Als ich mich zurückgelehnt hatte, ist die Lehne gebrochen und ich bin vom Stuhl gerutscht."
"Weer dat nich beter wesen, wenn wi al ehrder losföhrt weren?","Wäre es nicht besser, wenn wir früh losfahren?"
De Köningin schall lang leven!,Lang lebe die Königin!
Lang schall de Köningin leven!,Lang lebe die Königin!
Nüms kunn wat köpen.,Niemand konnte etwas kaufen.
Snackt man nich so gau.,Sprecht bitte nicht so schnell.
Tatoeba maakt süchtig.,Tatoeba macht süchtig.
Ik will Japaansch lehren.,Ich will Japanisch lernen.
"Amerika, du hest dat beter.","Amerika, du hast es besser."
Nie wedder Alkohool!,Nie wieder Alkohol!
Se is de Best in ehr Klass.,Sie ist die Beste in ihrer Klasse.
Dat deit mi leed för ehr.,Es tut mir leid für sie.
Dat is Steno.,Das ist Steno.
Maak di nich över ehr lustig.,Mach dich nicht über sie lustig.
De Panama-Kanaal verbinnt den Atlantik mit ’n Pazifik.,Der Panama-Kanal verbindet den Atlantik mit dem Pazifik.
Hest du aö dien Frünnen de Naricht vertellt?,Hast du schon deinen Freunden die Nachricht erzählt?
Uns Kiekschapp geiht al wedder nich.,Unser Fernseher ist schon wieder defekt.
Ik heff en Pass.,Ich habe einen Pass.
Ik will en Poor Skisteveln köpen.,Ich will ein Paar Skistiefel kaufen.
Ik heff hoog Fever.,Ich habe hohes Fieber.
Gold rust nich.,Gold rostet nicht.
Huul mit de Wülv.,Heule mit den Wölfen.
Büst du üm söss opstahn?,Bist du um sechs aufgestanden?
Se harrn keen Geld över.,Sie hatten kein Geld übrig.
De Barglüüd hebbt an ’n längsten striekt.,Die Bergleute streikten am längsten.
"As he den Hund fodert harr, hett he sik sülvens hensett un Avendeten hatt.","Nachdem er den Hund gefüttert hat, hat er sich selbst zu seinem Abendessen hingesetzt."
He is temlich groot.,Er ist ziemlich groß.
Se gaht jüst na ’n Laden dor achtern.,Sie gehen gerade zu dem Laden dort drüben.
He keek sik in de Töövstuuv üm.,Er schaute sich im Wartezimmer um.
Se sorgt sik üm mi.,Sie sorgt sich um mich.
"Nee, dat is nich mien Huus.","Nein, das ist nicht mein Haus."
Ik heff en poor Frünn.,Ich habe ein paar Freunde.
Ik bruuk en Middel gegen Wehdaag.,Ich brauche ein Schmerzmittel.
"Ik fraag mi, woveel Peer in ’n Börgerkrieg doodbleven sünd.","Ich frage mich, wie viel Pferde im Bürgerkrieg umgekommen sind."
He hett so sien Grillen.,Er hat so seine Grillen.
He hett en Överdosis Kokain nahmen.,Er hat eine Überdosis Kokain genommen.
De Sump is kneedeep.,Der Sumpf ist knietief.
Se is splinternaakd.,Sie ist splitternackt.
Ik will Sex mit em hebben.,Ich will Sex mit ihm haben.
Eet wi nu?,Essen wir jetzt?
Laat den Tee teihn Minuten trecken.,Lass den Tee zehn Minuten ziehen.
He hett en Book över sien Aventüürs in ’n Dschungel schreven.,Er hat ein Buch über seine Abenteuer im Dschungel geschrieben.
Ik will di helpen soveel ik kann.,Ich werde dir jede mögliche Hilfe geben.
Mien Geld liggt op de Bank.,Mein Geld liegt auf der Bank.
Dor sünd twee Bööd op ’n See.,Da sind zwei Boote auf dem See.
Erkin un ik güngen op ’n Karkhoff.,Erkin und ich gingen auf den Friedhof.
Ik heff buten en namaakt Huusdöörslötel versteken.,Ich habe einen nachgemachten Haustürschlüssel außen versteckt.
’Keen snack ik mit?,Mit wem spreche ich?
Disse Stöhl sünd nich bequeem.,Diese Stühle sind nicht bequem.
Daniel Gabriel Fahrenheit is 1686 in Danzig boren.,Daniel Gabriel Fahrenheit wurde 1686 in Danzig geboren.
Jessie kaakt Water üm Kaffe to maken.,Jessie kocht Wasser um Kaffee zu machen.
Dor is en Katt ünner ’t Bedd.,Es ist eine Katze unter dem Bett.
In Sovjetrussland kickt de Feernseher na de Tokiekers!,In Sowjetrussland schaut der Fernseher nach den Zuschauern.
De Inwahnertall von Japan is grötter as de von Kanada.,Die Bevölkerungszahl von Japan ist größer als die von Kanada.
Se hett Melk in en Schötel füllt.,Sie hat Milch in eine Schüssel gefüllt.
"Ik mark, dat ik Fever krieg.","Ich fühle, dass ich Fieber bekommen werde."
Se harr en smuck Kleed an.,Sie trug ein schönes Kleid.
"Dor töövt de Spinn dor op, dat lütte Insekten so as Botterlickers oder Jumfern in ’e Fall gaht.","Dort wartet die Spinne darauf, dass kleine Insekten wie Schmetterlinge oder Libellen in die Fallen gehen."
He is mien Unkel.,Er ist mein Onkel.
Mien Kopp deit nich mehr weh.,Mein Kopf tut nicht mehr weh.
Maak di keen Sorgen üm mien Hund.,Mache dir keine Sorgen um meinen Hund.
"Jeder reedt von ’t Supen, kener reedt von ’n Döst.","Jeder redet vom Saufen, keiner spricht vom Durst."
"Ek hebbe mek sau af’ebastert, dat ek nich mähr von der Ste’e kann.","Ich habe mich so sehr abgemüht, dass ich nicht mehr weiterkann."
Se hett em jümmer een Maal in ’t Johr besöcht.,Sie hat ihn einmal im Jahr besucht.
Disse Tort is to sööt för mi.,Diese Torte ist zu süss für mich.
Ik heff twee Koorten för dat Speel.,Ich habe zwei Karten für das Spiel.
Nehm un hau af!,Nimm und verschwinde!
Ik heff em mien Adress geven.,Ich gab ihm meine Adresse.
Ik bün gegen dit Projekt.,Ich bin gegen dieses Projekt.
"Se wull nich, dat he na Översee geiht.","Sie will nicht, dass er nach Übersee geht."
Disse Ruum kriggt nich veel Sünn af.,Dieser Raum bekommt nicht viel Sonne ab.
Disse Ruum kriggt nich veel Sünn af.,Dieser Raum bekommt nicht viel Sonne.
De Mantel liggt op ’n Stohl.,Der Mantel liegt auf dem Stuhl.
He deed vör Freid wenen.,Er weinte vor Freude.
Mit ’keen snackt he?,Mit wem spricht er?
Laat mi alleen gahn.,Lass mich alleine gehen.
Höör op to quasen un höör to.,Hör auf zu quatschen und hör zu.
De Diktater deed dat Volk dalhollen.,Der Diktator unterdrückte das Volk.
De Born is dor achtern.,Der Brunnen ist dort hinten.
Ik güng sitten un deed mien Klappreekner apenmaken.,Ich habe mich hingesetzt und meinen Laptop geöffnet.
Wat is dien leevsten Footballvereen?,Was ist dein beliebtester Fußballverein?
"Allens, wat to dumm to ’n Seggen is, warrt sungen.","Alles, was zu dumm ist, um gesagt zu werden, wird gesungen."
"Ik mag Katten so dull, ik bün mallerig för Katten.","Ich liebe Katzen so sehr, ich bin ein Katzennarr."
Wullt du noch en Tass Kaffe drinken?,Möchtest du noch eine Tasse Kaffee trinken?
"All Strööm fleet in de See, man se basst nich.","Alle Flüsse ergießen sich in das Meer, aber es platzt nicht."
Wi sünd nu nich mehr in Gefohr.,Wir sind jetzt außer Gefahr.
Se hett em merrn in ’e Nacht wenen höört.,Sie hat ihn mitten in der Nacht weinen gehört.
He is Amerika gahn üm amerikaansche Literatur to studeren.,"Er ging nach Amerika, um amerikanische Literatur zu studieren."
Ik heff em Geld schickt.,Ich habe ihm Geld geschickt.
Miene Tante tütt Tomaten in ehren Goorn.,Meine Tante zieht in ihrem Garten Tomaten.
Ik heff dat Book al vör Stücker wat Johren leest.,Ich habe das Buch bereits vor einigen Jahren gelesen.
Büst du geern alleen?,Bist du gern allein?
"Se hett de Kinner wohrschaut, nich op de Straat to spelen.","Sie hat die Kinder davor gewarnt, auf der Straße zu spielen."
Ik will föhren.,Ich will fahren.
Lichter seggt as daan.,Leichter gesagt als getan.
Do dat Licht ut. Ik kann nich slapen.,Schalte das Licht aus. Ich kann nicht einschlafen.
"Nee, ik heff dat nich schreven.","Nein, ich habe es nicht geschrieben."
Disse Mann hett en Peerd.,Dieser Mann hat ein Pferd.
De Armee hett em to ’n Bottgeven dwungen.,Die Armee zwang ihn zum Rücktritt.
Worüm hest du versöcht wegtolopen?,Warum hast du versucht wegzulaufen?
’Keen sien Eten is dit hier?,Wessen Essen ist das hier?
"He schaamt sik dor nich för, arm to wesen.","Er schämt sich nicht dafür, arm zu sein."
"Se hett mi dwungen, dat to doon.","Sie hat mich gezwungen, es zu tun."
Ik heff nix verstahn!,Ich habe nichts verstanden!
"Ik weet nich, wat ik maken schall.","Ich weiß nicht, was ich machen soll."
"Ji hebbt doch seggt, dat ji dor mit fardig sünd.","Ihr sagtet doch, ihr wäret damit fertig."
Een von jem is en Spijoon.,Einer von ihnen ist ein Spion.
Tom un Ria beeden tosaam.,Tom und Maria beteten zusammen.
Kiek! Dat Book brennt!,Schau! Das Buch brennt!
Kiek! Dat Book brennt.,Schau! Das Buch brennt.
"Wat denkst du, wat ik jüst maakt heff?","Was denkst du, was ich gerade gemacht habe?"
Mi jöökt de Oors.,Mir juckt der Hintern.
Wat is de höögste Barg von Japan?,Was ist der höchste Berg Japans?
He is mit sik sülvs untofreden.,Er ist mit sich selbst unzufrieden.
Ik bruuk Frünnen.,Ich brauche Freunde.
Ik baad.,Ich bade.
Wat för en smucke Bloom.,Was für eine hübsche Blume.
Ik heff dree Maal soveel Geld as du.,Ich habe drei Mal soviel Geld wie du.
Disse Appel is sööt.,Dieser Apfel ist süß.
He bleev bi siene Tante.,Er blieb bei seiner Tante.
Disse Hoorsnidd hett em 3.000 Yen köst.,Dieser Haarschnitt hat ihn 3.000 Yen gekostet.
De Fleger deed prick Klock söss lannen.,Das Flugzeug landete genau um 6 Uhr.
"Wenn Godd de Deerten nich to ’n Eten maakt hett, worüm hett he jem denn ut Fleesch maakt?","Wenn Gott die Tiere nicht zum Essen gemacht hat, warum hat er sie dann aus Fleisch gemacht?"
Dat Höpen starvt tolest.,Die Hoffnung stirbt zuletzt.
Woneem kann ik en Ticket köpen?,Wo kann ich ein Ticket kaufen?
Up un af hebb’ ek twintig Gröschen verdeint.,Gelegentlich habe ich zwanzig Groschen verdient.
Von Sendai ut deed ik na Aomori wiederreisen.,Von Sendai aus setzte ich meine Reise nach Aomori fort.
Dood?,Tot?
Dat is licht.,Das ist leicht.
Du schusst beter keen Alkohol mehr drinken.,Du solltest besser keinen Alkohol mehr trinken.
Ik bün en groten Fan von Golf.,Ich bin ein großer Golffan.
De Mann schööv ehr bisied.,Der Mann schob sie zur Seite.
Se bleev ehr Leven lang Single.,Sie blieb ihr Leben lang allein.
Vör dree Johr is he krank worrn.,Vor drei Jahren wurde er krank.
Ik kaam trügg.,Ich komme zurück.
"Wenn du lüggst, maak nich veel Wöör.","Wenn du lügst, fasse dich kurz."
De Hochtied is an ’n Saterdag.,Die Hochzeit findet am Samstag statt.
Se mag Woordspelen.,Sie mag Wortspiele.
He hett den Rekord braken.,Er hat den Rekord gebrochen.
Vör mien Huus liggt en See.,Vor meinem Haus liegt ein See.
He versteiht jo nich.,Er versteht euch nicht.
Twölv Boxers jaagt Victor dwars över ’n groten Sylter Diek.,Zwölf Boxkämpfer jagen Victor quer über den großen Sylter Deich.
Se wahnt in de Neegd.,Sie wohnen in der Nähe.
Tom will sik nich ümtehn.,Tom will sich nicht umziehen.
"„Tom hett dat seggt.“ – „Wenn de dat seggt, warrt dat wull so sien. Denn bruukst du mi jo nich to frogen.“","„Tom hat das gesagt.“ – „Wenn der das sagt, wird das wohl so sein. Dann brauchst du mich ja nicht zu fragen.“"
Woveel hest du för em betahlt?,Wie viel hast du für ihn gezahlt?
Ik wull keen Melk.,Ich wollte keine Milch.
Ik schull mien Profilbild ännern.,Ich sollte mein Profilbild ändern.
Dat is mien Huus in ’n Winter.,Das ist mein Haus im Winter.
Du büst vör ’n Dood bang?,Du hast Angst vor dem Tod?
Sülver is weniger weert as Gold.,Silber ist weniger wert als Gold.
Tom weer mööd.,Tom war müde.
Dor sünd twee Zombies in mien Huus.,Es gibt zwei Zombies in meinem Haus.
He is man knapp ’n Dood utknepen.,Er entging nur knapp dem Tode.
He is man knapp ’n Dood utknepen.,Also er ist knapp dem Tod entronnen.
"Ik heff Gooshuud kregen, as ik den Dusendföter op de Müür sehn heff.","Ich kriegte eine Gänsehaut, als ich den Tausendfüßler auf der Mauer sah."
"Se weet, wo en Atoombumm maakt warrt.","Sie wissen, wie man eine Atombombe baut."
Se keek em bi ’t Eten to.,Sie schaute ihm beim Essen zu.
Dat Impressum is op Sied 5.,Das Impressum befindet sich auf Seite 5.
Disse hier?,Ist es das?
Ik hör Stimmen.,Ich höre Stimmen.
Nu höör op to wenen.,Jetzt hör auf zu weinen.
Ik stah alltied ünner Druck.,Ich stehe dauernd unter Druck.
Ik heff jo disse Geschicht villicht al maal vertellt.,Ich habe euch diese Geschichte vielleicht schon mal erzählt.
"Mi dücht, de Regen warrt duller.","Ich glaube, der Regen wird stärker."
De Jungs hebbt Dörst.,Die Jungen haben Durst.
Ik bruuk Beschatennööt.,Ich brauche Muskatnuss.
Ik bün von all de Jungs de gröttst.,Ich bin von allen Jungen der größte.
"De Regeren lett, as wenn se nich weet, wat to doon is.","Die Regierung scheint nicht zu wissen, was zu tun ist."
"Se kunn em nich övertügen, en Leed för ehr to schrieven.","Sie konnte ihn nicht überzeugen, ein Lied für sie zu schreiben."
Disse Schrievdisch is von Holt maakt.,Dieser Schreibtisch ist aus Holz hergestellt.
Deist du dat jeden Dag?,Machst du das jeden Tag?
"De enen föhrt lever an de See, de annern lever na de Bargen.","Die einen fahren lieber ans Meer, die anderen ziehen die Berge vor."
Ik müss op de Kinner oppassen.,Ich musste auf die Kinder aufpassen.
Se versöcht so veel to sporen as man geiht.,Sie versucht so viel zu sparen wie es geht.
Nüms kann disse Maschien bedenen.,Niemand kann diese Maschine bedienen.
Ik maak mit.,Ich bin dabei.
Ik maak mit.,Ich mache mit.
Woveel Bröder hebbt ji?,Wie viele Brüder habt ihr?
Dröff ik dat anproven?,Darf ich das anprobieren?
Wat is dat vandage weer förn Schietwedder!,Was ist das heute wieder für ein Mistwetter!
"Nee, ik weet dat nich.","Nein, ich weiß es nicht."
"Fein Weder, nich?","Schönes Wetter, oder?"
Ik bün nu dörtig.,Ich bin jetzt 30 Jahre alt.
Ik bün nu dörtig.,Ich bin jetzt dreißig.
Dat Leven is mooi.,Das Leben ist schön.
Nich all Nettkiekers sünd seker.,Nicht alle Browser sind sicher.
Nüms weet de Antwoord.,Niemand weiß die Antwort.
Dien Fööt sünd smuddelig.,Deine Füße sind schmutzig.
Bi ’n Karneval in Venedig hebbt de Lüüd jümmer Schabellenköpp op.,Beim Karneval in Venedig haben die Leute immer Gesichtsmasken auf.
Ik heff mien Naverslüüd to ’n Avendeten inlaadt.,Ich habe meinen Nachbarn zum Abendessen eingeladen.
Ik heff em sülvs sehn.,Ich habe ihn selbst gesehen.
He is vör ’n Hund bang.,Er hat Angst vor dem Hund.
He greep dat Tau un deed sik redden.,Er ergriff das Seil und rettete sich.
Dat Wicht von Gold warrt in Gramm meten.,Das Gewicht von Gold misst man in Gramm.
He hett sien Kamer reinmaakt.,Er hat sein Zimmer sauber gemacht.
Wi segen nix as Daak.,Wir sahen nichts als Nebel.
"Grööt ehr man, wenn du ehr bi de Party süst.","Bitte grüß sie von mir, wenn du sie auf der Party siehst!"
"Dat is nu jüst en Johr, dat ik verheiraadt bün.","Es ist gerade ein Jahr her, dass ich verheiratet bin."
"Dat is nu jüst en Johr, dat ik verheiraadt bün.",Ich bin jetzt genau ein Jahr verheiratet.
Ik bün free.,Ich bin frei.
Ik heff di höört.,Ich habe dich gehört.
Du süst temlich bleek ut.,Du siehst ziemlich blass aus.
Dat is ut fien Kattuun maakt.,Es ist aus feiner Baumwolle.
Hest du Geld?,Hast du Geld?
"Wenn du nich gahn wullt, denn bruukst du ook nich.","Wenn du nicht gehen möchtest, brauchst du auch nicht."
"Ik heff jem jümmer wedder inlaadt, man se sünd nienich kamen.","Ich habe sie zwar immer wieder eingeladen, aber sie sind nie gekommen."
Dat is keen Drinkwater.,Das ist kein Trinkwasser.
Ik kann dat ook nich verkloren.,Ich kann es auch nicht erklären.
Snied den Koken mit en Mest.,Schneide den Kuchen mit einem Messer.
De Storm hett för veel Schadens sorgt.,Der Sturm verursachte viele Schäden.
Du weetst dat beter as ik.,Du weißt das besser als ich.
Du weetst dat beter as ik.,Das weißt du besser als ich.
Dat weetst du beter as ik.,Das weißt du besser als ich.
Ik kiek geern Lesbenpornos.,Ich schaue gerne lesbische Pornos.
De Stalens von ’n Disch sünd wackelig.,Die Tischbeine sind wackelig.
"He wüss nich, wat he seggen schull.","Er wusste nicht, was er sagen sollte."
Miene Süster besöcht en Universität.,Meine Schwester besucht eine Universität.
De gode Seemann is bi leeg Weder to kennen.,Den guten Seemann erkennt man bei schlechtem Wetter.
Ik bün Elektriker.,Ich bin Elektriker.
Dat weer en temlich kolen Winter.,Es war ein sehr kalter Winter.
New York is en Grootstad.,New York ist eine Großstadt.
"Fœg mi bi Facebook tau, wenn du wullt. Ik heet dor Ryck Vernaut.","Füg mich, wenn du möchtest, bei Facebook hinzu. Ich heiße da Ryck Vernaut."
Wat löppt opstunns in ’t Kino?,Was läuft momentan im Kino?
Ik bün dree Daag lang dor bleven.,Ich bin drei Tage lang dort geblieben.
Ik bün dree Daag lang dor bleven.,Ich bin drei Tage dort geblieben.
Ik bün dree Daag lang dor bleven.,Ich war drei Tage da.
Ik bün dree Daag lang dor bleven.,Ich war drei Tage dort.
Ik kann keen Fleesch eten.,Ich kann kein Fleisch essen.
Ik speel geern Football.,Ich spiele gern Fußball.
Ik speel geern Football.,Ich spiele gerne Fußball.
Du kriggst glieks een op ’n Dööts!,Du kriegst gleich einen auf die Nuss!
Dreih de Musik op!,Drehe die Musik auf!
Ik treck tokamen Maand ut.,Ich ziehe nächsten Monat aus.
Dit Ei rückt fulig.,Dieses Ei riecht faul.
Harr Tom Fienden?,Hatte Tom Feinde?
He singt geern bi ’t Baden.,Er singt gern beim Baden.
Ik studeer Kunsthistorie.,Ich studiere Kunstgeschichte.
Du schusst mit dat Smöken un Supen ophollen.,Du solltest mit dem Rauchen und Trinken aufhören.
Op ’n Toorn sitt en Antenn.,Auf der Spitze sitzt eine Antenne.
Worüm wullt du em ümbringen?,Warum willst du ihn umbringen?
Wat för en Tofall!,Was für ein Zufall!
Dor weer nüms in ’t Huus.,Es war niemand zuhause.
Ik kaam ut China.,Ich komme aus China.
Liggt op ’n Disch Böker?,Liegen auf dem Tisch Bücher?
Wo lang sünd ji al tohoop?,Wie lange seid ihr schon zusammen?
Peter wull Dokter warrn.,Peter wollte Arzt werden.
De Topp von ’n Barg is üm un bi 2000 Meter över de See.,Die Spitze des Berges ist ungefähr 2000 Meter über Normalnull.
He nöhm toveel Hau op sien Fork.,Er nahm zu viel Heu auf seine Forke.
In ’e Midd von ’n Park is en Diek.,In der Mitte des Parks ist ein Teich.
Lüüd schullen Deerten nich pieren.,Menschen dürfen keine Tiere quälen.
De Mehrheid von de Swiezers köönt dree oder veer Spraken snacken.,Die Mehrheit der Schweizer können drei oder vier Sprachen sprechen.
Wo över?,Worüber?
Ik schall an dien Wöör denken.,Ich werde an deine Worte denken.
"Allens, wat du doon musst, is töven.","Alles, was du machen musst, ist warten."
Frankriek is bang.,Frankreich hat Angst.
Köönt wi küern?,Können wir reden?
Ji verstaht nie mien Jökeleen.,Ihr versteht meine Scherze nie.
En gode Sünnbrill schuult de Ogen vör UV-Strahlen.,Eine gute Sonnenbrille schützt die Augen vor UV-Strahlung.
Ik bün in ’n Ünnerricht toslapen.,Ich bin während des Unterrichts eingeschlafen.
Nu isset in ’n Dutt.,Jetzt isses im Eimer.
Klock teihn avends slaap ik al.,Um zehn Uhr abends schlafe ich schon.
Kann ik wat to drinken kriegen?,Kann ich etwas zum Trinken bekommen?
Disse Satz höört mi nich.,Dieser Satz gehört mir nicht.
Dat Küken will ümmer kläuker sin as dat Hauhn.,Das Küken will immer klüger sein als das Huhn.
Süüddüütschland hett veel Bargen.,Süddeutschland ist bergig.
Wi sünd jümmer Frünnen wesen.,Wir sind immer Freunde gewesen.
Ik bruuk en gode Sünnbrill.,Ich brauche eine gute Sonnenbrille.
Se hollt dat geheem.,Sie halten es geheim.
Woneem bün ik?,Wo bin ich?
Ik weet.,Ich weiß.
Köönt ji mi en Koort von joon Straat teken?,Könnt ihr mir eine Karte von eurer Straße zeichnen?
Wat maakt ji twee dor?,Was macht ihr zwei da?
Dat Door warrt Klock acht dichtmaakt.,Das Tor wird um acht Uhr geschlossen.
Woso?,Warum?
Wo smeckt disse Supp?,Wie schmeckt diese Suppe?
Keih sünd mehr nütt as elk anner Deert in dit Land.,Kühe sind nützlicher als jedes andere Tier in diesem Land.
Wi sünd mit dat Schipp von Yokohama na Kobe föhrt.,Wir sind mit dem Schiff von Yokohama nach Kobe gefahren.
De Bus keem teihn Minuten to laat.,Der Bus kam zehn Minuten zu spät.
Lees nich so en Book.,Lies nicht so ein Buch.
Wannehr is de trech worrn?,Wann wurde sie fertiggestellt?
"Ik wull, ik harr en annern Keerl freet.","Ich wünschte, ich hätte einen anderen Mann geheiratet."
Dat Gras is to nat to ’n Hensetten.,Das Gras ist zu nass zum Hinsetzen.
Höör nich op den Keerl.,Höre nicht auf den Mann.
Woveel Pund Wust un woveel Brood wüllt ji hebben?,Wieviel Pfund Wurst und wieviel Brot wollt ihr haben?
Dat brune Peerd is gau.,Das braune Pferd ist schnell.
"Ik heff twee Stünnen bruukt, üm dissen Satz butenkopps to lehren.","Ich habe zwei Stunden gebraucht, um diesen Satz auswendig zu lernen."
Ik bruuk Brood un Melk.,Ich brauche Brot und Milch.
Se köfft noch jümmer Melk.,Sie kauft noch immer Milch.
Op ’n Schrievdisch liggt en Wöörbook.,Auf dem Schreibtisch liegt ein Wörterbuch.
Op ’n Tuun sitt twee Kinner.,Auf dem Zaun sitzen zwei Kinder.
De Katt hett mi kratzt.,Ich wurde von der Katze gekratzt.
Woveel Drinkgeld warrt in Spanien geven?,Wie viel Trinkgeld gibt man in Spanien?
Ik will em later noch wedder anropen.,Ich werde ihn später noch einmal anrufen.
»Na klaar nich!« sę ik.,Bestimmt nicht! sagte ich.
"Weet he, dat ik hier bün?","Weiß er, dass ich hier bin?"
Wi harrn noog vonenanner.,Wir hatten genug voneinander.
Tom hett Mary al mehr as een Johr nich mehr sehn.,Tom hat Mary schon mehr als ein Jahr nicht mehr gesehen.
Dat liggt mi op de Tung.,Es liegt mir auf der Zunge.
Ik heff allens Geld utgeven.,Ich habe all das Geld ausgegeben.
Soveel Eten kann ik nienich alleen opeten.,So viel Essen kann ich niemals alleine aufessen.
Ik kann mit mien besten Fründ över allens snacken.,Ich kann mit meinem besten Freund über alles sprechen.
Op ’n Wederbericht kannst di nich verlaten.,Der Wetterbericht ist nicht unbedingt zuverlässig.
Ik bün Tourist.,Ich bin Tourist.
Waals freet lüttje Fisch.,Wale ernähren sich von kleinen Fischen.
He is alltiet rechttiedig.,Er ist immer pünktlich.
"Ik wull, he weer nu hier.","Ich wünschte, er wäre jetzt hier."
Wi sünd alltohoop acht.,Wir sind insgesamt acht.
De Afscheed von de Atoomkraft is en beslaten Saak.,Der Atomausstieg ist beschlossene Sache.
Se snackt toveel.,Sie reden zu viel.
"Du büs sau dumm, dat di de Gäuse biet.","Du bist so dumm, dass dich die Gänse beißen."
Worüm studeerst du?,Warum studierst du?
Wat deist du nu?,Was tust du gerade?
Ik weet dat wiss.,Ich weiß es mit Sicherheit.
Wi häbt usse Plünnen tohaupe smiten.,Wir haben unsere Wäsche zusammengeworfen.
Ik bün en Weltbörger.,Ich bin ein Weltbürger.
Disse Bloom is geel un de annern sünd blau.,Diese Blume ist gelb und die anderen sind blau.
Ik heff mi ’n ganzen Dag in’n Woold versteken.,Ich habe mich den ganzen Tag im Wald versteckt.
Nich all Vagels fleegt.,Nicht alle Vögel fliegen.
"He is keen Dummboord, he hett Plie!","Er ist kein Dummkopf, er hat Verstand!"
De Daam drinkt nu Water.,Die Dame trinkt nun Wasser.
Ik verdeen 100 Euro an ’n Dag.,Ich verdiene 100 Euro pro Tag.
Ik verdeen 100 Euro an ’n Dag.,Ich verdiene 100 Euro am Tag.
Se höört Radio.,Sie hören Radio.
Is dor en Katt ünner ’n Disch?,Ist eine Katze unter dem Tisch?
Hummeln sünd grötter as Immen.,Hummeln sind größer als Bienen.
Dat is en Popp.,Das ist eine Puppe.
"Nüms weet, wat em so piert.","Niemand weiß, was ihn so quält."
He is Schoolmeester.,Er ist Lehrer.
Tony hett ’t tweibraken.,Tony hat's zerbrochen.
"Mary wünscht sik, dat se gladd Hoor kriggt.","Mary wünscht sich, dass sie glattes Haar hätte."
Dat weer nich mien Schuld.,Das war nicht meine Schuld.
"He hett Fransch lehrt, as he jung weer.","Er hat Französisch gelernt, als er jung war."
"Ik fraag mi, worüm Froonslüüd keen Platt kriegt.","Ich frage mich, warum Frauen keine Glatze bekommen."
"Ik hööp, dat se mi helpt.","Ich hoffe, dass sie mir hilft."
Sweden hett en egen Spraak.,Schweden hat eine eigene Sprache.
Köln liggt an ’n Rhien.,Köln liegt am Rhein.
Dat is mien Unkel sien Wogen.,Das ist der Wagen meines Onkels.
Do dien Mütz op.,Setz deine Mütze auf.
Ik will en Kamellentee.,Ich möchte einen Kamillentee.
"Ik heff nüms, wo ik Norweegsch mit euven kann.","Ich habe niemanden, mit dem ich Norwegisch üben kann."
Ik heff ehr tofällig an ’n Bahnhoff drapen.,Ich habe sie zufällig auf dem Bahnhof getroffen.
He is en Niggelpriem.,Er ist ein kleinlicher Mensch.
De Fotos dor sünd sien.,Die Fotos dort sind seine.
Tom will sik nich ännern.,Tom will sich nicht ändern.
Ik weer in ’e Bargen.,Ich war in den Bergen.
Wi hebbt dree Kinner.,Wir haben drei Kinder.
Se deed en swarten Hoot dregen.,Sie hat einen schwarzen Hut getragen.
Snackst du Latien?,Sprichst du Latein?
Wannehr sünd wi dor?,Wann sind wir endlich da?
Woneem is de Ingang von dat Museum?,Wo ist der Eingang des Museums?
Maakt ji to!,Beeilt euch!
Maakt ji to!,Macht schnell!
Do doch nich so dick!,Trage doch nicht so dick auf!
Laat uns wat doon!,Lass uns was machen!
Krinten sünd inschrumpelt Wiendruven.,Rosinen sind geschrumpfte Weintrauben.
Ik weet en Appel to schellen.,"Ich weiß, wie man einen Apfel schält."
"Ik denk nich, dat ik winnen kann.","Ich denke nicht, dass ich gewinnen kann."
Sühst du noch wat anners?,Siehst du noch etwas anderes?
"En Gepard, de ’t hill hett, kann 120 km/h gau warrn.","Ein Gepard, der es eilig hat, kann eine Geschwindigkeit von 120 km/h erreichen."
En Brill lett di veel klöker utsehn.,Eine Brille lässt dich viel klüger aussehen.
Ik will en poor Tüften.,Ich möchte ein paar Kartoffeln.
"Hett Tom versproken, us to helpen?","Hat Tom versprochen, uns zu helfen?"
Dat schummert bilütten.,Die Abenddämmerung setzte allmählich ein.
Du dröffst nich toveel Ies un Spaghetti eten.,Du darfst nicht zu viel Eis und Spaghetti essen.
In ’n Diek is nich veel Water.,Im Weiher ist nicht viel Wasser.
Kannst du dat maken?,Kannst du das machen?
Wo geihst du denn hn? Schöölt wi mitgahn?,Wo gehst du denn hin? Sollen wir mitgehen?
He kennt den Börgermeester.,Er kennt den Bürgermeister.
Gefallt jo San Francisco?,Gefällt euch San Francisco?
Se hett mi inladen.,Sie hat mich eingeladen.
Se hett mi inladen.,Sie lud mich ein.
Dat sünd vör allen junge Lüüd.,Es sind überwiegend junge Leute.
He hett mi verraden.,Er hat mich verraten.
Ik heff en ganze Stünn op di töövt.,Ich habe eine ganze Stunde auf dich gewartet.
De Wann is vull.,Die Wanne ist voll.
Ik will en nee Beer.,Ich möchte ein neues Bier.
Ik heff de verkehrte Adress op ’t Kuvert schreven.,Ich schrieb die falsche Adresse auf den Umschlag.
Disse Klock geiht nich.,Diese Uhr funktioniert nicht.
Disse Klock geiht nich.,Diese Uhr geht nicht.
Irland liggt in Westeuropa.,Irland liegt in Westeuropa.
"Koorten helpt uns dor bi, Geografie to lehren.","Karten helfen uns dabei, Geographie zu lernen."
"Se hebbt mi inlaadt, Koorten to spelen.",Sie haben mich zum Kartenspielen eingeladen.
Uns is dat Benzin utgahn.,Uns ist das Benzin ausgegangen.
Uns is dat Benzin utgahn.,Uns ging das Benzin aus.
He seet dor un hett Piep smöökt.,Er saß dort und rauchte Pfeife.
"Mi rüüt dat, dat ik sowat daan heff.","Ich bereue es, so etwas getan zu haben."
Uns School is in de Neegd von ’n Bahnhoff.,Unsere Schule befindet sich in der Nähe des Bahnhofs.
Dissen Satz bruukt doch nüms.,Diesen Satz braucht doch keiner.
He drunk en Beer.,Er trank ein Bier.
Tom speelt geern Baseball.,Tom spielt gern Baseball.
’Keen helpt mi?,Wer hilft mir?
"Dat is swoor, op dien Fraag to antern.","Es ist schwierig, deine Frage zu beantworten."
Dat is dat Enn von de Welt as wi ehr kennt.,"Das ist das Ende der Welt, wie wir sie kannten."
Se hebbt den Krieg an de Oostfront verloren.,Sie haben den Krieg an der Ostfront verloren.
Se nickköpp un deed tostimmen.,Sie nickte zustimmend mit dem Kopf.
"Villicht segg ik Tom bäter nich, wat Ria doon hett.","Vielleicht sage ich Tom besser nicht, was Maria getan hat."
Sätz fangt mit en groten Bookstaven an.,Sätze fangen mit einem Großbuchstaben an.
Wi mööt nu slapen gahn.,Wir müssen nun schlafen gehen.
Dat is swoor mit em uttokamen.,"Es ist schwer, mit ihm auszukommen."
Du büst duun!,Du bist besoffen!
Se hebbt em to ’n Börgermeester wählt.,Sie haben ihn zum Bürgermeister gewählt.
Twee Kinner hebbt op de Straat speelt.,Zwei Kinder spielten auf der Straße.
He hett sik en Exküüs utdacht.,Er erfand eine Entschuldigung.
"Se is in de USA opwussen, man ehr Moderspraak is Japaansch.","Sie ist in den USA aufgewachsen, doch ihre Muttersprache ist Japanisch."
Beter in de Hell regeren as in ’n Himmel denen.,Besser in der Hölle regieren als im Himmel dienen.
Dor wahnt Tom un Ria.,Da wohnen Tom und Maria.
Tom hett mien Wekenenn rugeneert.,Tom hat mein Wochenende ruiniert.
Dat kannst du nich bewiesen.,Das kannst du nicht beweisen.
Du kannst dat nich bewiesen.,Du kannst das nicht beweisen.
Mit ’keen hest du snackt?,Mit wem hast du gesprochen?
De mehrsten Mennoniten in Peru un Bolivien snackt Plattdüütsch un hebbt nienich Spaansch lehrt.,Die meisten Mennoniten Perus und Boliviens sprechen Niedersächsisch und haben nie Spanisch gelernt.
Do heff ik jüst duuscht.,Da habe ich gerade geduscht.
He nehm sien Brill af.,Er nahm seine Brille ab.
Dat hett weniger as föffteihn Dollar köst.,Das hat weniger als fünfzehn Dollar gekostet.
Ik harr disse E-Mail nich wegstüren dröfft.,Ich hätte diese E-Mail nicht abschicken dürfen.
Sien Peerd sprüng över ’n Tuun.,Sein Pferd sprang über den Zaun.
Ik wull danzen.,Ich wollte tanzen.
Kennst du dit Leed?,Kennst du das Lied?
Kennst du dit Leed?,Kennst du dieses Lied?
Tom is finanziell unafhängig.,Tom ist finanziell unabhängig.
Tom toog sik an.,Tom zog sich an.
Tom toog sik an.,Tom hat sich angezogen.
Keen Stroom op de Welt is länger as de Niel.,Kein Strom auf der Welt ist länger als der Nil.
Dat Gesett is in de Meiji-Tied utgeven worrn.,Das Gesetz wurde in der Meiji-Zeit erlassen.
Ik höör em nich.,Ich höre ihn nicht.
Wees bedankt för den Anroop.,Danke für den Anruf.
Wo laat is dat dor?,Wie spät ist es dort?
Von ’t Gras is dat Kalv wiss nich so fett worrn.,Vom Gras ist das Kalb sicher nicht so fett geworden.
"Mario is so krank, dat he sik kuum rögen kann.","Mario ist so krank, dass er sich kaum bewegen kann."
De Jung hett sien Verscheel nich ännert.,Der Junge hat seine Meinung nicht geändert.
Se schrifft nu dree Johr Dagbook.,Sie führt seit drei Jahren ein Tagebuch.
"Meenst du, dat en beten Solt den Smack verbetern schull?","Denkst du, dass ein bisschen Salz den Geschmack verbessern würde?"
Sien Nees blödd.,Seine Nase blutet.
"En Katt straakt uns nich, se straakt sik an uns.","Eine Katze liebkost uns nicht, sie liebkost sich mittels uns."
De Naricht hett mi dull freit.,Die Nachricht hat mich ganz arg erfreut.
Dat is wat wieder weg.,Es ist etwas weiter weg.
Dat is wat wieder weg.,Das ist etwas weiter weg.
Sünd ji vergangen Nacht utgahn?,Seid ihr letzte Nacht ausgegangen?
He leevt in dat Huus dor achtern.,Er lebt in dem Haus dahinten.
Dat is al laat.,Es ist schon spät.
En Hund hett veer Poten.,Ein Hund hat vier Pfoten.
He is Swiezer.,Er ist Schweizer.
He hett Mary en Koort tostüürt.,Er hat Mary eine Karte geschickt.
"Dat Leven weer eenfacher, as ik Jungs noch doof fünn!","Das Leben war einfacher, als ich Jungs noch doof fand!"
Dat Ies op ’n See kunn sien Wicht nich dregen.,Das Eis auf dem See konnte sein Gewicht nicht tragen.
Du hest keen Hart.,Du hast kein Herz.
Tom is geern buten.,Tom ist gerne draußen.
Ik kenn ehr.,Ich kenne sie.
Beter en halv Ei as en leddig Dopp.,"Besser ein halbes Ei, als eine leere Eierschale."
Musik is en Weltspraak.,Musik ist eine Weltsprache.
Ik bün good toweeg.,Ich fühle mich wohl.
He mag Katten nich geern lieden.,Er mag Katzen nicht arg leiden.
Söökt ji wat?,Sucht ihr etwas?
Disse Geschicht kann nich wohr wesen.,Diese Geschichte kann nicht wahr sein.
Ick häb en Dochter.,Ich habe eine Tochter.
Wi höört Musik.,Wir haben Musik gehört.
He sütt plietsch ut.,Er sieht schlau aus.
De Roos is von Theodor.,Die Rose ist von Theodor.
De Christen glöövt an Jesus Christus.,Die Christen glauben an Jesus Christus.
Ik heff dat alleen maakt.,Ich habe es allein gemacht.
Laat mi von de Ieskreem wat över.,Lass mir von der Eiskrem etwas übrig.
Laat mi von de Ieskreem wat över.,Lass mir von dem Eis etwas übrig!
Disse Schoh sünd en beten to groot.,Diese Schuhe sind etwas groß.
Se sünd na ’n Zoo gahn.,Sie sind in den Zoo gegangen.
He hett en beten Geld.,Er hat ein bisschen Geld.
Is dor noch Solt?,Gibt es noch Salz?
"Ik heff em fraagt, worüm as he so trurig is.","Ich habe ihn gefragt, warum er so traurig ist."
De Töövstuuv is leddig.,Das Wartezimmer ist leer.
"Ik weet, worüm Tom dat nich giern deit.","Ich weiß, warum Tom das nicht gerne tut."
Se hett en smucke Popp.,Sie hat eine hübsche Puppe.
Ik will en poor Nudeln.,Ich möchte ein paar Kartoffeln.
De Snee is smulten.,Der Schnee ist geschmolzen.
Se weer böös. Dorüm hett se swegen.,Sie war wütend. Darum schwieg sie.
Ik heff vonmorgen deegt Aptiet.,Ich habe heute Morgen richtig Appetit.
Ans weet ik nix.,Darüber hinaus weiß ich nichts.
Se dröfft nachtens nich rut.,Sie dürfen nachts nicht raus.
He hett den tweten Platz maakt.,Er hat den zweiten Platz gemacht.
Siene Theorie is swoor to verstahn.,Seine Theorie ist schwer zu verstehen.
En Scheer liggt op ’n Disch.,Eine Schere liegt auf dem Tisch.
Ik bün jüst eerst na Huus kamen.,Ich bin gerade erst heimgekommen.
Sett jo an den Disch.,Setzt euch an den Tisch.
"Ut Mehl, Melk un en Ei kann man en Koken backen.","Aus Mehl, Milch und einem Ei kann man einen Kuchen backen."
Sünd ji avends jümmer tohuus?,Seid ihr abends immer zu Hause?
Loop so gau dat geiht.,"Lauf, so schnell du kannst!"
Deelt Leed is halv Leed.,Geteiltes Leid ist halbes Leid.
"Wittkohl, Blomenkohl, Brokkoli un Rosenkohl sünd all Soorten von de sülve Plantenoord.","Weißkohl, Blumenkohl, Brokkoli und Rosenkohl sind alles Sorten derselben Pflanzenart."
Ik bün na de Bank wesen üm Geld to halen.,"Ich bin auf der Bank gewesen, um Geld zu holen."
Ik bün bang vör Ulen.,Ich habe Angst vor Eulen.
De Klock in den Kiärktaon släög niëgen.,Die Uhr im Kirchturm schlägt neun.
1835 hett en Fatt Mehl söss Dollar köst.,1835 kostete ein Fass Mehl sechs Dollar.
Is de Hund en Heken oder en Seken?,Ist dieser Hund männlich oder weiblich?
Se füng an to singen.,Sie begann zu singen.
Se füng an to singen.,Sie fing an zu singen.
Wullt du ans noch wat?,Willst du sonst noch etwas?
"Dit is dat beste Restaurant, dat ik kenn.","Das ist das beste Restaurant, das ich kenne."
Se hebbt di narrt.,Sie haben dich zum Narren gehalten.
Dat is mien Kutt.,Das ist meine Muschi.
Dat smeckt good.,Das schmeckt gut.
Eet nich to veel Koken.,Iss nicht zu viel Kuchen.
Katten möögt lever Fisch as Fleesch.,Katzen mögen lieber Fisch als Fleisch.
"Nu nich, man later geern!","Jetzt nicht, aber später gerne!"
"Ik verstah nich, wat disse Satz bedüüdt.","Ich verstehe nicht, was dieser Satz bedeutet."
"’Keen nich lüggt, de verköfft nix.","Wer nicht lügt, der verkauft nichts."
Godd hett de Welt in söss Daag schapen.,Gott hat die Welt in sechs Tagen geschaffen.
Dat Wederk unn nich beter wesen.,Das Wetter könnte nicht besser sein.
He hett mi nich löövt.,Er hat mir nicht geglaubt.
Miene Mudder hett mien Temperatur meten.,Meine Mutter hat meine Körpertemperatur gemessen.
Worüm hest du Düütsch lehrt?,Warum hast du Deutsch gelernt?
He hett dit Book mit twintig Johr schreven.,Er hat dieses Buch mit zwanzig Jahren geschrieben.
Tom hett toveel kört.,Tom hat zu viel geredet.
Ik bruuk en Mest.,Ich brauche ein Messer.
"Ik weet nich, wat he dat weet.","Ich weiß nicht, ob er es weiß."
Du hest den Snökerkraam eten.,Du hast die Süßigkeiten gegessen.
Se nöhm dat Taxi na ’t Museum.,Sie nahm das Taxi zum Museum.
"Ik verstah jo nich, ji möt en beten luder snacken.","Ich verstehe euch nicht, ihr müßt ein bißchen lauter sprechen."
Mien besten Fründ danst temlich good.,Mein bester Freund tanzt ziemlich gut.
Wo lang wullt du hierblieven?,Wie lange gedenkst du hier zu bleiben?
’Keen is dat?,Wer ist das?
De Buer groov en Lock; he wull en Boom planten.,"Der Bauer grub ein Loch, um einen Baum zu pflanzen."
Wo geiht di dat? Harrst du en gode Reis?,Wie geht es dir? Hattest du eine gute Reise?
Wo geiht di dat? Harrst du en gode Reis?,Wie geht's dir? Hattest du eine gute Reise?
Se hett woll nich veel Frünnen.,Wahrscheinlich hat sie nicht viele Freunde.
"Dokter Müller will, dat du noch en Stoot töövst.","Doktor Müller möchte, dass du noch eine Weile wartest."
Woneem hest du dien Feern verbröcht?,Wo hast du deine Ferien verbracht?
Du schusst di duuschen.,Du solltest dich duschen.
Se hebbt mehr kregen as ik.,Sie haben mehr als ich bekommen.
Du schusst beter mit ’n Bus föhren.,Du solltest besser mit dem Bus fahren.
Dröög Sand nimmt Water op.,Trockener Sand nimmt Wasser auf.
Bi den dichten Daak weer de Straat swoor to sehn.,Bei dem dichten Nebel war die Straße kaum zu sehen.
Ik heff vör dat Avendeten lehrt.,Ich habe vor dem Abendessen gelernt.
Wo lang schall dat duren? Üm un bi twee Weken.,Wie lange soll das dauern? Ungefähr eine bis zwei Wochen.
Ik wull dat nich!,Ich wollte das nicht!
Ik wull dat nich.,Ich möchte das nicht.
Dat wull ik nich.,Das wollte ich nicht.
Dat wull ik nich!,Das wollte ich nicht!
"Dat hett lang duurt, bet dat se mi verstahn hett.",Es hat lange gedauert bis sie mich verstanden hat.
Se hett em en Barg Geld stahlen.,Sie hatte ihm eine Menge Geld gestohlen.
Dat kann doch nich dien Eernst wesen.,Das kann doch nicht dein Ernst sein.
Tom hett sik in’n Woold verlopen.,Tom verirrte sich im Wald.
Tom hett sik in’n Woold verlopen.,Tom hat sich im Wald verirrt.
Ick mag beide Hunnen un Katten.,Ich mag sowohl Hunde als auch Katzen.
Ik will di en Radels opgeven.,Ich möchte dir ein Rätsel aufgeben.
Tom will woanners hin.,Tom will woanders hin.
Du hest mi dull fehlt.,Du hast mir sehr gefehlt.
Kennst du den Mann op dit Foto?,Kennst du den Mann auf diesem Foto?
Wat för ’n Johr büst du boren?,In welchem Jahr wurdest du geboren?
Ik heff dat Radels löst.,Ich habe das Rätsel gelöst.
Dat Book is nu praat to ’n Rutgeven.,Das Buch ist jetzt bereit zur Veröffentlichung.
He hett ’n Verköper dat Geld geven.,Er gab dem Verkäufer das Geld.
"Ik kann nich begriepen, worüm as he dat daan hett.","Ich kann nicht begreifen, warum er das getan hat."
"Noch mehr Kaffe, bitte.","Noch mehr Kaffee, bitte."
Elkeen schull sien Wahlrecht bruken.,Jeder sollte von seinem Wahlrecht Gebrauch machen.
"Nüms wüss, woneem se weer.","Niemand wusste, wo sie war."
"Denkst du, dat dat klappt?","Denkst du, dass es funktionieren wird?"
Woneem sünd de Tellers?,Wo sind die Teller?
Wo lang bliffst du?,Wie lange bleibst du?
Dat is keen Wetenschop.,Das ist keine Wissenschaft.
"Ik heff smöökt, as ik jung weer.","Ich rauchte, als ich jung war."
"As ik jung weer, heff ik smöökt.","Als ich jung war, habe ich geraucht."
"Hett sik rutstellt, dat he en Spijoon is.","Es hat sich herausgestellt, dass er ein Spion ist."
Ji sünd ansmeert worrn.,Ihr seid reingelegt worden.
Du musst dien Kamer oprümen.,Du musst dein Zimmer sauber machen.
"Ik höör geern Musiek, vör allen Jazz.","Ich höre gern Musik, vor allem Jazz."
"Tom hett nich wüßt, wat he seggen schall.","Tom wusste nicht, was er sagen sollte."
Wat köst dit T-Shirt?,Was kostet dieses T-Shirt?
Se hett de Eier kaakt.,Sie kochte die Eier.
Wat ’n groten Hund!,Was für ein großer Hund!
"Ik weet nich, worüm Tom un Ria hüüt nich hier sünd.","Ich weiß nicht, warum Tom und Maria heute nicht hier sind."
"Ik denk, dorvon bün ik.","Ich denke, also bin ich."
"As ik na Huus keem, hett mien Süster jüst Gitarr speelt.","Als ich nach Hause kam, spielte meine Schwester gerade Gitarre."
"Ik kaam mit di, egaal wo du hen geihst.","Ich werde dir folgen, wohin du auch gehen wirst."
Ik bün een Kehr na Kyoto gahn.,Ich bin einmal nach Kioto gegangen.
Ik bün in ’n Matheünnerricht indrusselt.,Ich bin im Matheunterricht eingeschlafen.
Disse Hund bitt nich.,Dieser Hund beißt nicht.
Dat Tähnkellen hett mi von ’t Slapen afhollen.,Meine Zahnschmerzen haben mich am Schlafen gehindert.
He hett Intress an mi.,Er hat Interesse an mir.
Kiek di üm.,Schau dich um.
Dat wunnert mi nich.,Das überrascht mich nicht.
"Se snackt vun Paris, as weer se dor al veele Maalen wesen.","Sie redet über Paris, als wäre sie viele Male dort gewesen."
He hett en Barg Geld op de Bank.,Er hat einen Haufen Geld auf der Bank.
Hett he den Grund seggt?,Hat er den Grund genannt?
"He weet nich, woneem he is.","Er weiß nicht, wo er ist."
In sien Hoff is elk Hahn stark.,In seinem Hof ist jeder Hahn stark.
Woneem un wannehr hest du ehr kennenlehrt?,Wo und wann hast du sie kennengelernt?
Se vergaht sik good mit jemehr Navers.,Sie verstehen sich gut mit ihren Nachbarn.
"Is de Gefohr vörbi, warrt de Hilligen utlacht.","Ist die Gefahr vorbei, lacht man die Heiligen aus."
Dat Huus weer von Feller ümgeven.,Das Haus war von Feldern umgeben.
Hebbt ji dissen Artikel leest?,Habt ihr diesen Artikel gelesen?
"Maakt di dat wat, wenn du nochmaal teihn Minuten töven musst?","Macht es dir etwas aus, wenn du noch einmal zehn Minuten warten musst?"
Se is von Natur ut neeschierig.,Sie ist von Natur aus neugierig.
"Mook di keen Sorgen, aver denk dor över no!","Mach dir keine Sorgen, aber denke darüber nach!"
Opmaal deed de Sphinx ehren Kopp opböhren.,Plötzlich hob die Sphinx ihren Kopf.
Ik heff nich noog Geld.,Ich habe nicht genug Geld.
Se schellt de Kartuffeln.,Sie schält die Kartoffeln.
Wor deist du dat för?,Warum machst du das?
Nee!,Nein!
Nee.,Nein.
Nee.,Nee.
Miene Süster speelt temlich good Gitarr.,Meine Schwester spielt ziemlich gut Gitarre.
De Geschicht geiht good ut.,Die Geschichte geht gut aus.
Madonna kann singen.,Madonna kann singen.
"Ik weet nich, ’keen disse Mann is.","Ich weiß nicht, wer dieser Mann ist."
"Versteihst du, wat ik seggen will?","Verstehst du, was ich sagen will?"
Se mööt op de Biebel sweren.,Sie müssen auf die Bibel schwören.
Ik wahn op ’n Lannen.,Ich wohne auf dem Land.
Ik bün froh opstahn.,Ich bin früh aufgestanden.
Tom deit toveel Sucker in sien Tee.,Tom tut zu viel Zucker in seinen Tee.
He hett dicke Brillenglääs op.,Er hat dicke Brillengläser auf.
Af un to vergeet ik Luft to halen.,Manchmal vergesse ich zu atmen.
Düt Huus is groot.,Dieses Haus ist groß.
"Ik di nich helpen, dat deit mi leed, man ik heff en Vörslag.","Leider kann ich dir nicht helfen, aber ich habe einen Vorschlag."
Tux is dat Maskottjen von Linux.,Tux ist das Maskottchen von Linux.
Wasch dien Hannen mit Seep.,Wasche deine Hände mit Seife.
Na dat Kunstmuseum geiht dat hier langs?,Zum Kunstmuseum geht's hier lang?
Dat warrt düür!,Das wird teuer!
"Kennst du Dokters, de Japaansch snackt?","Kennst du Doktoren, die Japanisch sprechen?"
Dat Water kaakt na üm un bi 5 Minuten.,Das Wasser wird in ungefähr fünf Minuten kochen.
Wi röpen foorts en Dokter.,Wir riefen sofort einen Arzt herbei.
De Bus höllt vör mien Huus.,Der Bus hält vor meinem Haus.
Du wullt bi METRO arbeiden?,Du willst bei der Metro arbeiten?
Büst du krank? Du süst bleek ut.,Bist du krank? Du siehst blass aus.
He weet veel von Blomen.,Ich weiß viel über Blumen.
Wecke Hoorfarv hett Tom?,Welche Haarfarbe hat Tom?
Se keem faken to laat na School.,Sie kam oft zu spät zur Schule.
To ’n Düvel mit de Physik!,Zum Teufel mit der Physik!
Ik kann di nich noog danken.,Ich kann dir nicht genug danken.
Dat kunn en Hochtied wesen.,Es könnte eine Hochzeit sein.
"He deed so hart wurachen, dat he sien Sundheid rugeneren deed.","Er arbeitete so hart, dass er seine Gesundheit ruinierte."
Wullt du mi ümbringen?,Willst du mich umbringen?
He hett uns verköfft.,Er hat uns verkauft.
Dien Nees löppt!,Deine Nase läuft!
Lachhaftig!,Lächerlich!
Ik wull di al jümmer drepen.,Ich wollte dich immer treffen.
Se hett natt Hoor.,Sie hat nasse Haare.
Hest du em al maal singen höört?,Hast du ihn jemals singen gehört?
Woneem hest du dat köfft?,Wo hast du das gekauft?
He hett veel Böker över China schreven.,Er hat viele Bücher über China geschrieben.
He hett veel Böker över China schreven.,Er schrieb viele Bücher über China.
Wo gaht ji hen?,Wohin geht ihr?
Se is grötter as ehr Süster.,Sie ist größer als ihre Schwester.
Nüms kunn de richtige Antwoord geven.,Niemand konnte die richtige Antwort geben.
Dor segg ik nix to.,Dazu sage ich nichts.
De Jung hett wat in ’n Bregen.,Der Junge hat was auf’m Kasten.
De Jung hett wat in ’n Bregen.,Der Junge hat Verstand.
Op wat för ’n Stohl hest du dat Book packt?,Auf welchen Stuhl hast du das Buch gelegt?
Du hest veel verpasst.,Du hast viel verpasst.
Ik will geern en Bus hüren.,Ich möchte gerne einen Bus mieten.
De Pries von Eerdööl is an ’t Stiegen.,Der Ölpreis steigt weiter an.
Ik draag nich geern anner Lüüd ehr Tüüg.,Ich trage nicht gerne die Sachen von anderen Leuten.
Ik weer jüst mit en Fründ in ’n Park spazeren as dat to regen anfüng.,"Ich ging gerade mit einem Freund im Park spazieren, als es zu regnen begann."
Tranen schöten ehr in de Ogen.,Tränen schossen ihr in die Augen.
Ik kaam nich mit.,Ich komme nicht mit.
Een lüggt.,Jemand lügt.
De Hehn kluckt op ehr Eier bet se utbröödt sünd.,Die Henne sitzt auf ihren Eiern bis sie ausgebrütet sind.
Hett se dat seggt?,Hat sie es gesagt?
Se hett dat seggt?,Hat sie das gesagt?
Wat wullt du drinken? Kaffe?,Was möchtest du trinken? Kaffee?
Worüm seggst du dat?,Warum sagst du das?
Se weer temlich bruun na ehr Feern.,Sie war ziemlich braun nach ihren Ferien.
Ik heff mien Huus vör twee Johr köfft.,Ich habe mein Haus vor zwei Jahren gekauft.
"Wi wüllt höpen, dat dat vonavend nich regent.",Hoffentlich regnet es heute Abend nicht.
Mien Klock is nich so düür as dien.,Meine Uhr ist nicht so teuer wie deine.
Wo kort dat Leven is!,Wie kurz das Leben ist!
Hett dien Hund mol een bäten?,Hat dein Hund schon mal jemanden gebissen?
Hett dien Hund mol een bäten?,Hat euer Hund schon mal jemanden gebissen?
Segg man dat Alfabeet trüggoors op.,"Bitte, sage das Alphabet rückwärts auf."
"Ik wull, ik kunn rutfinnen, woans ik en DVD brennen kann.","Ich wünschte, ich könnte rausfinden, wie ich eine DVD brennen kann."
Papa hett mi en poor Böker köfft.,Papa hat mir einige Bücher gekauft.
Ik drink Kaffe.,Ich trinke Kaffee.
Se hett mi nich leef.,Sie liebt mich nicht.
Nüms snackt disse Spraak mehr.,Niemand spricht diese Sprache mehr.
"Dat sünd de eenzigen beiden Studenten, de Chineesch lehrt.","Das sind die einzigen beiden Studenten, die Chinesisch lernen."
Wo lang büst du hier wesen?,Wie lange bist du hier gewesen?
Se will mit em Golf spelen.,Sie will mit ihm Golf spielen.
Se will mit em Golf spelen.,Sie will mit ihm golfen.
He stünn achter mi.,Er stand hinter mir.
Dat is nich gladd.,Das ist nicht glatt.
Nüms weer tohuus.,Niemand war zu Hause.
Wat deist du hier?,Was machst du hier?
Se lees em en Gedicht vör.,Sie las ihm ein Gedicht vor.
"Weetst du wiss, dat du em noch nie drapen hest?","Bist du sicher, dass du ihn noch nie getroffen hast?"
"He deed feddern, dat ik foorts dat Geld betahl.","Er forderte, dass ich sofort das Geld bezahle."
Ik heff ok nix verstahn.,Ich habe auch nichts verstanden.
De Süstern sünd all beid blond.,Die Schwestern sind beide blond.
Neegst Johr gah ik na Mainz un dann na Köln.,Nächstes Jahr gehe ich nach Mainz und dann nach Köln.
"Nu man gau, denn kriggst den Bus noch.","Jetzt aber schnell, dann schaffst du den Bus noch!"
An ’n 27. Dag von ’n 12. Maand von dat 12. Johr von de Taisho-Tied hett Nanba Daisuke op den Kroonprinz schaten.,Am 27. Tag im 12. Monat des 27. Jahres der Taisho-Ära hat Nanba Daisuke auf den Kronprinzen geschossen.
Ik bün dor afsluuts gegen.,Ich bin absolut dagegen.
"Worüm kannst du em nich seggen, dat du em leefhest?","Warum kannst du ihm nicht sagen, dass du ihn liebst?"
Tominnst köönt wi uns en Huus tügen.,Mindestens können wir uns ein Haus leisten.
Geihst du mit mi na dat Kunzert?,Gehst du mit mir auf das Konzert?
"Wenn ik Tom seh, segg ik em, dat Se em söcht hebbt.","Wenn ich Tom sehe, sage ich ihm, dass Sie ihn gesucht haben."
"Is dat wohr, dat du na Paris föhrst?","Ist es wahr, dass du nach Paris fährst?"
"As se de Naricht hören deed, kreeg se Panik.","Als sie diese Nachricht hörte, geriet sie in Panik."
Disse Länner hebbt to Frankriek höört.,Diese Länder gehörten zu Frankreich.
Dor sünd veel Blomen in ’n Goorn.,Es gibt viel Blumen im Garten.
He singt geern.,Er singt gerne.
He singt geern.,Er singt gern.
"He deed den ganzen Namiddag bruken, üm de Arbeid trech to kriegen.","Er benötigte den ganzen Nachmittag, um die Arbeit zu beenden."
"Ik fraag mi, woneem he sik verstickt.","Ich frage mich, wo er sich versteckt."
En slecht Geföhl kann nie good wesen.,Ein schlechtes Gefühl kann nie gut sein.
Uns Baseballplatz is temlich lütt.,Unser Baseballplatz ist sehr klein.
Ik bün grötter.,Ich bin größer.
En Peerd löppt gau.,Ein Pferd läuft schnell.
Wi bruukt Ehr Geld nich.,Wir brauchen Ihr Geld nicht.
Dat is villicht beter so.,Das ist vielleicht besser so.
Wi sünd all blied.,Wir sind alle glücklich.
De studenten kunnen nich antern.,Die Studenten konnten nicht antworten.
"Ik wull nich, dat dat so basch klingt.","Ich wollte nicht, dass das so barsch klingt."
Ik will slapen.,Ich will schlafen.
Wi schrievt jüst den Bericht.,Wir schreiben gerade den Bericht.
Ik bün jüst ankamen.,Ich bin gerade angekommen.
De Regen neih gegen dat Finster.,Der Regen schlug gegen das Fenster.
Wi sünd bang.,Wir haben Angst.
Wi sünd bang.,Wir fürchten uns.
Ik heff mi an ’n Ellbagen wehdaan.,Ich habe mir am Ellbogen wehgetan.
Dat hett em dat Leven köst.,Das kostete ihn das Leben.
Se hett nich maal versöcht to helpen.,Sie hatte nicht einmal versucht zu helfen.
Wi hebbt Maandag.,Es ist Montag.
’Keen hett dit Book schreven?,Wer hat dieses Buch geschrieben?
Ik heff dit Kleed sülvs neiht.,Ich habe dieses Kleid selbst genäht.
Worüm starvt wi?,Warum sterben wir?
Disse Mahltied is noog för dree Personen.,Diese Mahlzeit ist genug für drei Personen.
He weer en Fründ von mi.,Er war ein Freund von mir.
Mien Kontoor is in de Binnenstad.,Mein Büro ist in der Innenstadt.
Vergitt nich antoropen!,Vergiss nicht anzurufen!
He hett mehr Glück as Verstand.,Er hat mehr Glück als Verstand.
Maria versteiht Chineesch.,Maria versteht Chinesisch.
Goden Aptiet!,Guten Appetit!
Tom wull dor nich alleen hen.,Tom wollte nicht allein dorthin.
"Do, wat di gefallt.","Mach, was dir gefällt."
Water freert bi 0 °C.,Wasser gefriert bei 0°C.
Water freert bi 0 °C.,Wasser wird bei 0°C fest.
Dor weren veel Bööd op ’n See.,Es waren viele Boote auf dem See.
"He denkt na, sien Huus to verköpen.","Er erwägt, sein Haus zu veräußern."
Wat verwachtst du?,Was erwartest du?
"Du smöökst nich, oder?","Du rauchst nicht, oder?"
He hett en Barg Böker.,Er hat jede Menge Bücher.
"Stöört di dat, wenn ik smöök?","Stört es dich, wenn ich rauche?"
Tom mag keen Huusdeerten.,Tom mag keine Haustiere.
De Klock hett twee Wiesers.,Die Uhr hat zwei Zeiger.
"Dat weer beter wesen, wenn du dat nich seggt harrst.","Es wäre besser gewesen, wenn du das nicht gesagt hättest."
Ick heff dat scheen seen.,"Ich habe gesehen, wie es geschah."
Ick heff dat scheen seen.,"Ich habe gesehen, wie es passierte."
De sünd in Gang Nummer twee.,Die befinden sich im Gang Nummer zwei.
Wiest du mi maal dat Foto?,Zeigst du mir mal das Foto?
Worüm heet de Lüüd in Tofallssätz jümmer Tom?,Warum nennt man die Leute in den Zufallssätzen immer Tom?
"Ik weet, woneem he wahnt.","Ich weiß, wo er wohnt."
He is jümmer gegen mi.,Er ist immer gegen mich.
Wo warrt dat ut maakt?,Woraus wird es gemacht?
Drippst du em faken?,Triffst du ihn oft?
Twüschen Europa un Asien liggt ’r keen See.,Zwischen Europa und Asien liegt kein Meer.
Vergeet dat!,Vergiss es!
Vergeet dat.,Vergiss es.
He hett dröög Hoor.,Er hat trockene Haare.
He weet nich veel över Japan.,Er weiß nicht viel über Japan.
Hebbt ji en Föön mitnahmen?,Habt ihr einen Fön mitgenommen?
Se leet mi över een Stünn töven.,Sie ließ mich über eine Stunde warten.
He steiht al mit een Foot in ’t Graff.,Er steht bereits mit einem Fuß im Grab.
Dat is Middag.,Es ist Mittag.
He is en Fründ von em.,Er ist ein Freund von ihm.
Bruukst du dat Book hier?,Brauchst du das Buch hier?
De Tog is dörtig Minuten to laat.,Der Zug hat 30 Minuten Verspätung.
He maakt geern Fotos.,Er macht gerne Fotos.
De Frömme stammt ut Schottland.,Der Fremde stammt aus Schottland.
Se leed sik op de Wisch.,Sie legte sich auf die Wiese.
Australien is üm un bi twintig Maal so groot as Japan.,Australien ist ungefähr zwanzig mal so groß wie Japan.
Se wickel sik in de Deek.,Sie wickelte sich in die Decke.
Disse Nacht höört de Glimmwörm un de Fladdermüüs... un de Warwülv.,Diese Nacht gehört den Glühwürmchen und den Fledermäusen... und den Werwölfen.
He weer nich geern arm.,Er war nicht gerne arm.
Tom hett de Stimm vun Ria hört.,Tom vernahm Marias Stimme.
Du kannst dat nich mehr sehn.,Du kannst es nicht nicht sehen.
Mien leevste Pizza is Pizza Hawaii.,Meine Lieblingspizza ist Pizza Hawaii.
De Vörhang hett Füür fungen.,Der Vorhang hatte Feuer gefangen.
"He deed ehr vörhollen, dat se em anlagen harr.","Er bezichtigte sie, ihn angelogen zu haben."
De School is halvig veer ut.,Die Schule ist um halb vier Uhr aus.
He is dree Johr jünger as ik.,Er ist drei Jahre jünger als ich.
"Ik bruuk en Löpel, en Gavel un en Mest. Wees bedankt.","Ich brauche einen Löffel, eine Gabel und ein Messer. Vielen Dank."
Ik bruuk en beten Slaap.,Ich brauche ein wenig Schlaf.
Ik bruuk en beten Slaap.,Ich brauche etwas Schlaf.
Vonmorgen heff ik Feernsehn keken.,Heute Morgen habe ich ferngesehen.
Hest du Haruki Murakami sien Book leest?,Hast du das Buch von Haruki Murakami gelesen?
Büst du avends jümmer tohuus?,Bist du abends immer zu Hause?
Ik bliev hier nich lang.,Ich bleibe hier nicht lange.
"He hett keen Arbeid, he is Rentner.","Er hat keine Arbeit, er ist Rentner."
Hett dat Huus en Goorn?,Hat das Haus einen Garten?
Ik heff mi de Karsbeerblössen ankeken.,Ich habe mir die Kirschblüte angesehen.
He is ehr Fründ.,Er ist ihr Freund.
Se kregen all Mann en Pries.,Alle von ihnen bekommen einen Preis.
Se hebbt en groot Huus.,Sie haben ein großes Haus.
He is fründlich.,Er ist freundlich.
Nich stören.,Nicht stören!
Du büst mien Leevsten.,Du bist mein Liebling.
Na mien Mann sien Dood bün ik rümlopen as so ’n Zombie.,Nach dem Tod meines Mannes bin ich wie ein Zombie herumgelaufen.
"Ik heff vergeten, de Klock optotrecken.","Ich habe vergessen, die Uhr aufzuziehen."
Holl dat Muul!,Halt den Mund!
Holl dat Muul!,Halt die Schnauze!
Du schasst nich so veel eten.,Du sollst nicht so viel essen.
Se hett en leevtadige Stemm.,Sie hat eine angenehme Stimme.
Na teihn Minuten weer se op de anner Sied.,Nach zehn Minuten war sie auf der anderen Seite.
Ik heff dit Book von em kregen.,Ich habe dieses Buch von ihm bekommen.
Dat is en temlich trurige Geschicht.,Es ist eine sehr traurige Geschichte.
Wi hebbt för den Kannedaten stimmt.,Wir stimmten für den Kandidaten.
He snack jümmer harter.,Er sprach immer lauter.
De Tall 2010 hett twee Nullen.,Die Zahl 2010 hat zwei Nullen.
De Heven is blau.,Der Himmel ist blau.
He hett uns anlagen.,Er hat uns belogen.
He hett uns anlagen.,Er hat uns angelogen.
Dat Peerd springt.,Das Pferd springt.
"„Kann mi een helpen?“ „Jo, ik.“","Kann mir jemand helfen? ""Ja, ich."""
"Ik bün dat wennt, dat ik utlacht warr.","Ich bin daran gewöhnt, dass man mich auslacht."
Dröff ik en Vörslag maken?,Darf ich einen Vorschlag machen?
Wi hebbt uns in ’n Woold verlopen.,Wir haben uns im Wald verlaufen.
"Wenn ik dor von weten harr, denn harr ik di dat vertellt.","Wenn ich davon gewusst hätte, hätte ich’s dir erzählt."
Dor seet en Katt op ’n Disch.,Da saß eine Katze auf dem Tisch.
Se is keen Kind mehr.,Sie ist kein Kind mehr.
"Ik heff den Namiddag dor mit tobrocht, en Bild to malen.","Ich habe den Nachmittag damit verbracht, ein Bild zu malen."
Dat is allens Tüdelkraam.,Das ist alles Firlefanz.
"De Bläder fangt an, root un geel to warrn.",Die Blätter begannen rot und gelb zu werden.
Wat hett Jean maakt?,Was hat Jean gemacht?
Ik heff twee Butenlänners kennenlehrt. De eene keem ut Kanada un de annere ut England.,"Ich habe zwei Ausländer kennengelernt, der eine kam aus Kanada und der andere aus England."
Ik heff twee Butenlänners kennenlehrt. De eene keem ut Kanada un de annere ut England.,"Ich habe zwei Ausländer kennengelernt, von denen der eine aus Kanada und der andere aus England kam."
Dat is joon Hund.,Das ist euer Hund.
Wullt du nich mit mi mit?,Willst du nicht mit mir mit?
Bring ehr weg.,Bring sie hier weg!
Dat warrt nich mehr seggt.,Das sagt man nicht mehr.
Dat Ies is smulten.,Das Eis ist geschmolzen.
De See is dree Mielen breed.,Der See ist drei Meilen breit.
Se hett smucke Ogen.,Sie hat schöne Augen.
Dat Taxi is dor.,Das Taxi ist da.
Wat du seggt hest is tohoop Tüdelkraam.,"Was du gesagt hast, ist kompletter Unsinn."
Dat Huus is witt anstreken.,Das Haus ist weiß gestrichen.
Worüm hest du mi ropen?,Warum hast du mich gerufen?
He sütt ut as en Speler.,Er sieht wie ein Spieler aus.
"Ut Angst, se kunn utglippen, güng se sinnig.","Aus Furcht, sie könnte ausrutschen, ging sie langsam."
In elk Immen kann dat man een Immenmoor geven.,In jedem Bienenstock kann es nur eine Bienenkönigin geben.
Hest du ropen?,Hast du gerufen?
He is mien besten Fründ. Wi sünd as twee Bröder.,Er ist mein bester Freund. Wie sind wie zwei Brüder.
Stell di nich jümmer op sien Sied.,Stell dich nicht immer auf seine Seite.
Wat is dien leevste Soort Snökerkraam?,Was ist deine Lieblingssüßigkeit?
"Wer sik nich sadd eten kann, kann sik ook nich sadd licken.","Wer sich nicht satt essen kann, der kann sich auch nicht satt lecken."
Nüms maakt dat beter.,Niemand macht es besser.
Dat hier is Japan.,Das hier ist Japan.
Hier is dien Hund. Woneem is mien?,Hier ist dein Hund. Wo ist meiner?
Vonavend lees ik en Book.,Heute Abend werde ich ein Buch lesen.
He deed Melk in sien Kaffe.,Er nimmt Milch in den Kaffee.
Ik will em wat frogen.,Ich will ihn etwas fragen.
He duuscht.,Er duscht gerade.
"En Born is en Oord, an den een Water kriegen kann.","Ein Brunnen ist ein Ort, an dem man Wasser bekommen kann."
Daak treckt över ’t Land.,Nebel zieht über das Land.
Jemehr Flagg hett mehr Klören.,Ihre Flagge ist mehrfarbig.
Löppst du elk Dag?,Läufst du jeden Tag?
He hett altied en blau Hemd an.,Er hat immer ein blaues Hemd an.
Se hebbt mi üm Middernacht anropen.,Sie haben mich um Mitternacht angerufen.
Wannehr büst du ankamen?,Wann bist du angekommen?
"As ik lütt weer, harr ik en Goldhamster.","Als ich klein war, hatte ich einen Goldhamster."
"Wi weet, dat Tom dat nich doon hett.","Wir wissen, dass Tom das nicht getan hat."
Ik will in New York wahnen.,Ich möchte in New York wohnen.
Do man noch en beten Melk in mien Tee.,Gib bitte noch ein bisschen mehr Milch in meinen Tee.
Miene Süster föhrt elk Johr na de Karpaten.,Meine Schwester fährt jedes Jahr in die Karpaten.
Dat kann he nich daan hebben.,Das kann er nicht getan haben.
Drink nich soveel Beer.,Trinke nicht so viel Bier.
Kannst du ehr ünnerscheden von ehr Süster?,Kannst du sie von ihrer Schwester unterscheiden?
Laat mi starven.,Lass mich sterben.
Mien Papa seed nee.,Mein Papa sagte nein.
"Professer Reinhard Selten, Nobelpriesdreger for Ökonomie, hett seggt, Esperanto is goot för den Brägen.","Prof. Reinhard Selten, Nobelpreisträger für Wirtschaft, sagte: Esperanto ist gut fürs Gehirn."
Kiekt se na uns?,Schauen sie nach uns?
"Maak dat, as di dat dücht.","Mach es, wie es dir gefällt."
’Keen singt dit Leed?,Wer singt dieses Lied?
"Sam, wat büst du an't Doon?","Samuel, was tust du gerade?"
"Sam, wat büst du an't Doon?","Samuel, was machst du gerade?"
Tom un Ria slaapt baven.,Tom und Maria schlafen oben.
De Katt is weglopen.,Die Katze ist weggelaufen.
Plaanst du na ’t Butenland to gahn?,Planst du ins Ausland zu gehen?
Ik heff dat för ähr schräven.,Ich habe das für sie geschrieben.
"Harr ik sien Anschrift wüsst, harr ik em schreven.","Hätte ich seine Anschrift gewusst, hätte ich ihm geschrieben."
"Ria wull nich, dat Tom se so süht.",Maria wollte von Tom nicht so gesehen werden.
De Ammel weer vull mit Water.,Der Eimer war voll mit Wasser.
Dat regent den ganze Dag sachten.,Es regnete ganz leise den ganzen Tag.
Appeldwatschen Kraam.,Quatsch.
De Mood von vör dörtig Johr is wedder Mood worrn.,Die Mode von vor dreißig Jahren ist erneut in Mode gekommen.
Jüst dat heff ik bruukt.,Gerade das habe ich gebraucht.
Mien Huus hett brennt.,Mein Haus brannte.
De Ünnerricht höört in ’n Juni op.,Der Unterricht endet im Juni.
Wullt du en Tass Melk?,Möchtest du eine Tasse Milch?
He güng op ’n Bahnstieg op un dal.,Er ging auf dem Bahnsteig auf und ab.
"Allens, wat du doon musst, is schrieven.","Alles, was du tun musst, ist schreiben."
Ik kann so wat nich maken.,Ich kann so etwas nicht machen.
Ik bün al in Sapporo wesen.,Ich bin schon mal in Sapporo gewesen.
Lincoln Park is en Naverschop in ’ Noorden von Chicago.,Lincoln Park ist ein Stadtviertel im Norden Chicagos.
Wees still oder du flüggst rut.,Ruhe oder du fliegst raus.
Vör en poor Sekunnen hett een den 111.111. Satz in Esperanto schreven.,Vor ein paar Sekunden hat jemand den 111111. Satz in Esperanto geschrieben.
Vör en poor Sekunnen hett een den 111.111. Satz in Esperanto schreven.,Vor ein paar Sekunden hat einer den hundertelftausendeinhundertelften Satz in Esperanto geschrieben.
Worüm lücht de Maand in ’e Nacht?,Wieso scheint der Mond in der Nacht?
Ik heff Tom leef un kann em togliek nich lieden.,Ich liebe Tom und hasse ihn zugleich.
Ik heff Tom leef un kann em togliek nich lieden.,Ich habe Tom lieb und kann ihn gleichzeitig nicht leiden.
Wat schall ik äten?,Was soll ich essen?
Wat hest du dor ünnen maakt?,Was hast du da unten gemacht?
Du kummst Klock söss op?,Du stehst um sechs Uhr auf?
Legg dat Kootenspeel op ’n Ekendisch.,Lege das Kartenspiel auf den Eichentisch.
He smit met de Wuost naon Schinken.,Er wirft mit der Wurst nach dem Schinken.
He smit met de Wuost naon Schinken.,Er geht aufs Ganze.
"Ook wenn all mitmaakt, ik nich.","Auch wenn alle mitmachen, ich nicht."
Worüm hest du lagen?,Warum hast du gelogen?
Ik heff nix to verleren.,Ich habe nichts zu verlieren.
Hest du den Tower of London besöcht?,Hast du den Tower von London besucht?
Büst du wöterig?,Bist du wütend?
He hett keen Frünnen.,Er hat keine Freunde.
He hett en Roos in’e Hand.,Er hat eine Rose in der Hand.
Disse Kleder sünd ut 100% Wull.,Diese Kleider sind aus 100 % Wolle.
He is krank.,Er ist krank.
Wat hett he di daan?,Was hat er dir getan?
Tom hett nich veel Boorgeld dorbi.,Tom hat nicht viel Bargeld dabei.
Dat Leven is to kort üm sik to argern.,"Das Leben ist zu kurz, um sich zu ärgern."
Se liggt op ’n Disch.,Sie liegen auf dem Tisch.
Wat maakst du na de School?,Was machst du nach der Schule?
"Un ik weet, dat du dat nich för mi daan hest.","Und ich weiß, dass du es nicht für mich getan hast."
Jane is lang still bleven.,Jane blieb lange still.
Ik heff dat in ’t Radio höört.,Ich habe das im Radio gehört.
He is vör een Stünn gahn.,Er ist vor einer Stunde gegangen.
Woneem wahnt Iain?,Wo wohnt Iain?
Goden Dag. Büst du Jackie Scott?,Guten Tag. Bist du Jackie Scott?
Nüms kunn disse Opgaav lösen.,Keiner konnte diese Aufgabe lösen.
Kiek di dissen hogen Barg an.,Schaue dir diesen hohen Berg an.
Du musst Klock söss opstahn.,Du musst um sechs aufstehen.
Reist ji veel?,Reist ihr viel?
Wat du seggst is wohr.,Was du sagst ist wahr.
Duuk di!,Ducke dich!
In ’n Februar is he söventeihn worrn.,Im Februar ist er siebzehn geworden.
"Dat is nich jümmer licht, Japaners un Chinesen uteneentohollen.","Es ist nicht immer einfach, Japaner und Chinesen zu unterscheiden."
Tom is 2009 doodbleven.,Tom starb 2009.
He hett mi nix to eten geven.,Er hat mir nichts zu essen gegeben.
Se hett mi disse CD geven.,Sie gab mir diese CD.
Ik heff mien Brill verloren.,Ich habe meine Brille verloren.
"As wi ut ’n Golf von Otranto föhren, weren wi dörtig Mann; man as wi in Cadiz ankemen weren wi mit teihn.",Als wir aus dem Golf von Otranto fuhren waren wir dreißig Mann; aber als wir in Cadiz ankamen waren wir zu zehnt.
De Böker sünd miene besten Frünnen.,Die Bücher sind meine besten Freunde.
"Wenn de Katt muust, maut se nich.","Wenn die Katze maust, miaut sie nicht."
Se hett mi en Geschenk geven.,Sie gab mir ein Geschenk.
Wat weer loos?,Was war los?
"Tom is na Boston föhrt, üm sik mit en Fründ to dräpen.","Tom ist nach Boston gefahren, um sich mit einem Freund zu treffen."
Ik snack en beten Düütsch.,Ich spreche ein bisschen Deutsch.
De Eer is lütter as de Sünn.,Die Erde ist kleiner als die Sonne.
Ik mag de School nich.,Ich mag die Schule nicht.
Dor is wenig Water in ’t Glas.,Es ist wenig Wasser in dem Glas.
He leed sik in ’t Bedd.,Er legte sich ins Bett.
He deed dat Glas mit Wien vullschenken.,Er füllte das Glas mit Wein.
Sünd ji mit düssen Ideen inverstohn?,Seid ihr mit diesen Ideen einverstanden?
He reist geern mit ’n Fleger na ’t Butenland.,Er reist gerne mit dem Flugzeug ins Ausland.
"Bill schall woll winnen, nich wohr?","Bill wird wohl gewinnen, nicht wahr?"
Ik rönn so hart as ik kann üm em intohalen.,"Ich renne, so schnell ich kann, um ihn einzuholen."
Woveel Kinner hest du?,Wie viele Kinder hast du?
Sünd ji al maal in ’t Utland wesen?,Wart ihr schon mal im Ausland?
Dat is al meist halvig twölv.,Es ist fast halb zwölf.
Dröff ik mit di dansen?,Darf ich mit dir tanzen?
He hett opgeven.,Er gab auf.
Wao is din Huus?,Wo ist dein Haus?
Allens appeldwatschen Kraam!,Alles alberner Kram!
He häw twe Döchter.,Er hat zwei Töchter.
Ik bün klöker as du.,Ich bin klüger als du.
Dat denkt nüms.,Das denkt niemand.
Wat denkst du över disse Saak?,Was denkst du über diese Angelegenheit?
He hett tonahmen.,Er hat zugenommen.
En wunner kann ehr nu man noch redden.,Nur noch ein Wunder kann sie jetzt retten.
De Heven is vull mit Steerns.,Der Himmel ist voller Sterne.
Ik heff dat köfft.,Ich habe es gekauft.
Holl ut!,Harre aus!
Wo lang kennt wi us al?,Wie lange kennen wir uns schon?
Harrst du em kennt! Denn weer dat anners kamen un dat deed beter üm em stahn.,"Hättest du ihn gekannt! Dann wäre es anders gekommen, und es täte besser um ihn stehen."
Laat mi dor rut!,Lass mich aus dem Spiel!
Ik tööv ungedüllig op dit Wekenenn.,Ich warte ungeduldig auf dieses Wochenende.
Op ’n Weg na Huus drööp ik opmaal en Hund.,Auf dem Heimweg traf ich plötzlich einen Hund.
"Roop mi an, wenn du em drapen hest.","Ruf mich an, sobald du ihn getroffen hast."
Hier sünd wi!,Hier sind wir!
Wi sünd hier.,Wir sind hier.
De Klock sleiht veer.,Die Turmuhr schlägt vier.
Tom is nich bang vör Hunnen.,Tom hat keine Angst vor Hunden.
"Du kannst allens eten, wat du wullt.","Du kannst alles essen, was du willst."
"Wat hess du seggt? ""Nix heff ik seggt.""",„Was hast du gesagt?“ – „Ich habe nichts gesagt.“
"Ik weet nich, wat ik nu doon schall.","Ich weiß nicht, was ich nun tun soll."
Mien Mann leest jümmer in ’t Bedd.,Mein Mann liest immer im Bett.
De Dokter hett mien Brägen ünnersocht.,Der Arzt untersuchte mein Gehirn.
Ik wasch mi vör ’t Middageten de Hannen.,Ich wasche mir vor dem Mittagessen die Hände.
Sünd Tom un Ria al hier wäsen?,Sind Tom und Maria schon hier gewesen?
De Lehrer hett mi dat längste Kapittel todeelt.,Der Lehrer hat mir das längste Kapitel zugeteilt.
Männigmaal kann he en snaakschen Jung wesen.,Manchmal kann er ein seltsamer Junge sein.
Helgoland liggt in de Düütsche Bucht.,Helgoland liegt in der Deutschen Bucht.
Hest du afnahmen?,Hast du abgenommen?
Dat is ieskoold.,Es ist eiskalt.
Dat Museum liggt glieks üm ’e Eck.,Das Museum liegt gleich um die Ecke.
Hest du gode Narichten?,Hast du gute Neuigkeiten?
Hest du gode Narichten?,Hast du gute Nachrichten?
In ’n Harvst treckt veel Vagels na Süden.,Im Herbst ziehen viele Vögel in den Süden.
"Se will nich, dat he Poker speelt.","Sie will nicht, dass er pokert."
"Se will nich, dat he Poker speelt.","Sie will nicht, dass er am Pokern teilnimmt."
Ik heff keen brede Huffen.,Ich habe keine breiten Hüften.
He deed opmaal loospruuschen.,Er brach in Gelächter aus.
Kenji speelt Tennis.,Kenji spielt Tennis.
"Ik kunn jüstso good dat Geld to ’t Finster rutsmieten, as em dat to geven.","Ich könnte genauso gut das Geld zum Fenster rauswerfen, als es ihm zu geben."
Dat köönt wi maken.,Das können wir machen.
En Müür geiht üm de Ooldstad.,Eine Mauer umgibt die Altstadt.
De Aap keem raf.,Der Affe kam herunter.
Du büst to froh kamen.,Du bist zu früh gekommen.
Gah beter na ’n Dokter.,Gehe besser zum Arzt.
Disse Droom schall wohr warrn.,Dieser Traum wird wahr werden.
Disse Bangbüxen sünd glieks utknepen.,Diese Angsthasen haben sich gleich aus dem Staub gemacht.
"Worüm künnt Se em nich seggen, dat Se em leefhefft?","Warum können Sie ihm nicht sagen, dass Sie ihn lieben?"
De Hund is nich in’n Goorn.,Der Hund ist nicht im Garten.
Gah af!,Hau ab!
"Tom schert sik dor nich üm, wat de Lüüd vun Maria seggt.","Tom kümmert sich nicht darum, was die Leute von Maria sagen."
"Du hest jümmer seggt, dat du Lehrer warrn wullt.","Du sagtest immer, du wollest Lehrer werden."
He snackt ook Franzöösch.,Er spricht auch Französisch.
Ik will ehr nich wehdoon.,Ich will ihr nicht weh tun.
"He kunn nich kamen, ümdat he krank was.","Er konnte nicht kommen, weil er krank war."
Wi sünd na Middernacht opstahn.,Wir sind nach Mitternacht aufgestanden.
Se hebbt Godd dankt.,Sie haben Gott gedankt.
"Ik fraag mi, wat de Klock seggt.","Ich frage mich, wie spät es ist."
Wat hest du Tom seggt?,Was hast du Tom gesagt?
Ik hör Stimmen in mien Kopp.,Ich höre Stimmen in meinem Kopf.
"Ik heff en Hamer un bün dor nich bang vör, em to bruken!","Ich habe einen Hammer und ich habe keine Angst davor, Gebrauch von ihm zu machen!"
Ik heff den Sommer bi mien Unkel verbröcht.,Ich habe den Sommer bei meinem Onkel verbracht.
Pandas leevt in ’n Bambusbusch.,Pandas leben im Bambusgebüsch.
Ik snack en beten Spaansch.,Ich spreche ein wenig Spanisch.
"Ik hööp, du hest en gode Exküüs.","Ich hoffe, du hast eine gute Ausrede."
Ik toog mi an.,Ich zog mich an.
Ik toog mi an.,Ich habe mich angezogen.
Ik bün Schandarm.,Ich bin von Beruf Polizist.
Ik bün Schandarm.,Ich bin Polizist.
Ik heff jüst mien Waterbuddel över mien Reekner utschüddt.,Ich habe gerade meine Wasserflasche über meinen Computer verschüttet.
De Schuuv von ’n Schrievdisch is apen.,Die Schublade des Schreibtischs ist offen.
Se hett ehr Kinner verlaten.,Sie hat ihre Kinder verlassen.
He hett Vehtucht lehrt.,Er lernte Viehzüchtung.
He hett Vehtucht lehrt.,Er lernte Viehzucht.
"Ik kann dat Tom nich verdenken, dat he mi nich afkann.","Ich kann es Tom nicht verdenken, dass er mich hasst."
He hett an ’n Bahnhoff ans nüms sehn.,Er hat am Bahnhof niemanden sonst gesehen.
Wi levt in Freden.,Wir leben in Frieden.
"Ik harr nienich dacht, dat ik em hier sehn schull.","Niemals habe ich erwartet, dass ich ihn hier sehen würde."
"Wi hopet, dat de Hallebotts ümmer we’er tau üsch komet.","Wir hoffen, dass die Störche immer wieder zu uns kommen."
Hest du dien Föhrerschien?,Hast du deinen Führerschein?
John hett 200 Arbeiders anstellt.,John beschäftigt 200 Arbeiter.
Ik heff ehr in Frankriek kennenlehrt.,Ich habe sie in Frankreich kennengelernt.
Wi hebbt jüst över di snackt.,Wir haben gerade über dich gesprochen.
Deed di dat gefallen to freen un Kinner to hebben?,"Würde es dir gefallen, zu heiraten und Kinder zu haben?"
Wo kennt ji jo von?,Von wo kennt ihr euch?
Wo kennt ji jo von?,Woher kennt ihr euch?
Worüm is he füünsch?,Warum ist er wütend?
De Riesoorn is al inföhrt.,Die Reisernte ist schon eingebracht.
De Riesoorn is al inföhrt.,Die Reisernte ist eingefahren.
Se köönt singen.,Sie können singen.
He gneiset aos en Daiw en Peerstalle.,Er grinst wie ein Dieb im Pferdestall.
Wat hest du mit mien Kugelschriever maakt?,Was hast du mit meinem Kugelschreiber gemacht?
Mien Knee blöddt.,Mein Knie blutet.
De Kolibri is de lüttste Vagel op de Welt.,Der Kolibri ist der kleinste Vogel der Welt.
Ik heff keen Geld.,Ich habe kein Geld.
De Jung itt Brood.,Der Junge isst Brot.
"Ria reep Tom an, aver he wull nich mit ehr kören.","Maria rief Tom an, doch er wollte nicht mit ihr reden."
"De Hund is bruun, lütt un dünn.","Der Hund ist braun, klein und dünn."
Villicht heff ik den Bahnhoff verslapen.,Möglicherweise habe ich den Bahnhof verschlafen.
"Weetst du, ’keen siene Schrift dat is?","Weißt du, wessen Schrift das ist?"
Ik stah jüst buten de Kark.,Ich stehe gerade außerhalb von der Kirche.
De Fohrrääd in Peking hebbt all Nummernschiller.,Die Fahrräder in Peking haben alle Nummernschilder.
Worüm will Tom Ria nich helpen?,Warum will Tom Maria nicht helfen?
Ahn dat Licht von de Sünn kunnen wi nix sehn.,Ohne das Sonnenlicht können wir nichts sehen.
He hett veel Geld togeven.,Er schoss viel Geld zu.
De Boom is ümfullen.,Der Baum ist umgefallen.
"Papa, kööp mi en Vuvuzela!","Papa, kaufe mir eine Vuvuzela!"
Ik mook toveel Tippfehlers.,Ich mache zu viele Tippfehler.
Ohneeohnee! Ik heff de Autoslötels verloren.,Du meine Güte! Ich habe die Autoschlüssel verloren.
Ria weer mien Fründin.,Maria war meine Freundin.
Ehr Fründ is ut Ceará.,Ihr Freund ist aus Ceará.
De Laden is ’n ganzen Dag apen.,Der Laden ist den ganzen Tag offen.
De Laden is ’n ganzen Dag apen.,Das Geschäft hat den ganzen Tag geöffnet.
Dat kann elkeen mallören.,Es kann jedem passieren.
"Wi mööt rutfinnen, of Tom Franzöösch snacken kann.","Wir müssen herausfinden, ob Tom Französisch sprechen kann."
Se warrt tokamen Johr 17.,Sie wird 17 nächstes Jahr.
Is de Arbeid daan?,Ist die Arbeit getan?
Wat för en Grött driggst du?,Welche Größe trägst du?
Du süst mööd ut. Du schusst di en beten utrohn.,Du siehst müde aus. Du solltest dich ein bisschen ausruhen.
Se höört op em.,Sie gehorcht ihm.
En Imm flöög ut dat Finster.,Eine Biene flog aus dem Fenster.
Siene Frünn hebbt em Ted nöömt.,Er wurde von seinen Freunden Ted genannt.
Wat is dien leevst Steernteken?,Was ist dein liebstes Sternzeichen?
Dit Schipp leggt in Hongkong an.,Dieses Schiff legt in Hongkong an.
"Ik heff Tom opfeddert, Gitarr to spelen.","Ich forderte Tom auf, Gitarre zu spielen."
"Ik weet nich, wo laat dat is.","Ich weiß nicht, wie spät es ist."
Hebbt ji en Koort?,Habt ihr eine Karte?
De Köning hett veertig Johr över sien Volk regeert.,Der König hat vierzig Jahre sein Volk regiert.
All Dören von dat Huus sünd dicht.,Alle Türen des Hauses sind geschlossen.
"Na, denn bedank ick mi ok.","Gut, dann bedanke ich mich auch."
De Pohl hett en Dörmeter von 100 Meter.,Der Teich hat einen Durchmesser von 100 Metern.
Du musst vör Klock teihn trüggwesen.,Du musst vor zehn Uhr zurück sein.
Ik snack keen Düütsch.,Ich spreche kein Deutsch.
He söcht Arbeid.,Er sucht Arbeit.
Ik bün in ’n Huus.,Ich bin im Haus.
Ick freu mi mit dat Weder!,Ich freue mich über das Wetter!
"Wo kannst du dat wagen, so to snacken?","Wie kannst du es wagen, so zu reden?"
Du bruukst nich na ’n Tähndokter gahn.,Du brauchst nicht zum Zahnarzt gehen.
Hest du en Websteed?,Hast du eine Website?
Ik deed geern mit Kreditkoort betahlen.,Ich möchte gern per Kreditkarte zahlen.
Dröff ik gahn?,Darf ich gehen?
"Du kannst nich verwachten, dat he de Geschicht kennt, du süst doch, dat he ehr noch nich leest hett.","Wie kannst du erwarten, dass er die Geschichte kennt, wo er sie doch gar nicht gelesen hat?"
Wat hest du mit mien Brill maakt?,Was hast du mit meiner Brille gemacht?
Du schasst gau gesund warrn.,Du wirst schnell gesund werden.
"Wat vörbi is, is vörbi.","Was vorbei ist, ist vorbei."
Ik bün vör nix bang.,Ich fürchte mich vor nichts.
Is dat Geschenk von Laura?,Ist das Geschenk von Laura?
"Ik heff dacht, du müchst mi nich lieden.","Ich dachte, du möchtest mich nicht leiden."
Du kannst nu na Huus gahn.,Du kannst jetzt nach Hause gehen.
"Passt op, wat ji doot!","Passt auf, was ihr tut!"
Ik weer dor faken.,Ich war oft da.
In de Supp fehlt noch en beten Solt.,In dieser Suppe fehlt noch ein wenig Salz.
Woneem is dat Daagbladd?,Wo ist die Zeitung?
Bambus böögt sik in ’n Wind.,Bambus biegt sich im Wind.
Seep helpt gegen den Dreck.,Seife hilft gegen den Schmutz.
Ik bün geern mit di tohoop.,Ich bin gerne mit dir zusammen.
Ik mag Katten.,Ich mag Katzen.
Worüm sünd ji so trurig?,Warum seid ihr denn so traurig?
Disse Insel hett in ’t 19. Johrhunnert to Frankriek höört.,Diese Insel gehörte im 19. Jahrhundert zu Frankreich.
Ji arbeidt toveel.,Ihr arbeitet zu viel.
"Ik heff mi jüst fraagt, wat för Spraken ji snacken köönt.","Ich fragte mich gerade, welche Sprachen Sie sprechen können."
Jo. De Luft is temlich fuchtig.,Ja. Die Luft ist sehr feucht.
Se hett dröög Hoor.,Sie hat trockene Haare.
Ik will di en Geheemnis verraden.,Ich werde dir ein Geheimnis verraten.
He hett mehr Geld as he bruken kann.,Er hat mehr Geld als notwendig.
Ik söök Arbeid.,Ich suche Arbeit.
Du kannst mien Wöörbook bruken.,Du kannst mein Wörterbuch benutzen.
Seep hett de spezielle Egenschop Dreck wegtomaken.,"Seife hat die spezielle Eigenschaft, Schmutz zu entfernen."
Wies mi noch en annere Kamera.,Zeige mir noch eine andere Kamera.
De Spraakkenner kennt Esperanto faken för Spaansch.,Die Spracherkennung hält Esperanto oft für Spanisch.
He drinkt sien Kaffe jümmer swart.,Er trinkt seinen Kaffee immer schwarz.
He drinkt sien Kaffe jümmer swart.,Er trinkt seinen Kaffee immer ohne Milch oder Sahne.
Wi köönt nix maken.,Wir können nichts machen.
De Bodden lett natt.,Der Boden scheint nass zu sein.
He keem twee Stünnen later trügg.,Er kam zwei Stunden später zurück.
Wo lang sneet dat al?,Wie lange schneit es schon?
"Ik fraag mi, ’keen dat utfunnen hett.","Ich frage mich, wer das erfunden hat."
"Se hett versöcht, ehr sülvs ümtobringen.","Sie versuchte, sich umzubringen."
"Se hett versöcht, ehr sülvs ümtobringen.","Sie hat versucht, sich selbst umzubringen."
Tööv op mi vör dat Huus von mien Groot-Grootkind.,Erwarte mich vor dem Hause meines Urenkels.
Ik heff en dröög Slunk.,Ich habe eine trockene Kehle.
Maak to!,Beeil dich!
Maak to!,Mach hin!
Maak to!,Mach zu!
"Weetst du, woneem he leevt?","Weißt du, wo er lebt?"
Se hett em en Naricht tostüürt.,Sie hat ihm eine Nachricht gesandt.
Ik bün dor jüst bi en Book to schrieven.,Ich bin gerade dabei ein Buch zu schreiben.
Ik heff Water in ’n Ammel gaten.,Ich goss Wasser in den Eimer.
Ji seht liek ut.,Ihr seht gleich aus.
He is duun un en beten anschaten.,Er ist betrunken und etwas angeheitert.
"Se will dat, aver bruukt dat nich.","Sie will es, aber braucht es nicht."
De Ogen sünd grötter as de Mund.,Die Augen sind größer als der Mund.
Dat Middageten steiht op ’n Disch.,Das Mittagessen steht auf dem Tisch.
Se drinkt Tee in ’e Stuuv.,Sie trinken Tee im Wohnzimmer.
Se hett dat Book nich leest.,Sie hat das Buch nicht gelesen.
Wi hebbt dat Leven na uns egen Bild schapen.,Wir haben das Leben nach unserem eigenen Abbild erschaffen.
"In Singapur musst du en Bröök betahlen, wenn du Affall op de Straat smittst.","In Singapur musst du eine Geldstrafe bezahlen, wenn du Abfall auf die Straße wirfst."
Ik warr tokamen Johr söventeihn.,Ich werde nächstes Jahr siebzehn.
Is dat echt?,Ist das echt?
Ik bün Student.,Ich bin Student.
Ik leet de Katt in miene Kamer.,Ich ließ die Katze in mein Zimmer.
Dat weer an ’n eersten Mai.,Das war an einem ersten Mai.
Dat is mien Fots.,Das ist meine Muschi.
Wi sünd vörgen Sommer op ’n Fuji stegen.,Wir sind vorigen Sommer auf den Fuji gestiegen.
"Wenn dien Tähn kellt, denn schusst du na ’n Tähndokter gahn.","Wenn dein Zahn wehtut, solltest du zum Zahnarzt gehen."
He schüffelt sik sien egen Graff.,Er schaufelt sich sein eigenes Grab.
Inge hett en dicken Pöter.,Inge hat einen dicken Hintern.
Disse Pohl is dree Meter deep.,Dieser Teich ist drei Meter tief.
Dat Slott is op de anner Sied von ’n Stroom.,Das Schloss ist auf der anderen Seite des Flusses.
Uns Volk döst na Unafhängigkeit.,Unser Volk dürstet nach Unabhängigkeit.
Füll Water in de Blomenvaas.,Füll Wasser in die Blumenvase.
"Du kannst mien Schrievmaschien bruken, wenn du wullt.","Du kannst meine Schreibmaschine benutzen, wenn du möchtest."
Wo laat is dat nu in London?,Wie spät ist es jetzt in London?
Melk warrt licht suur.,Milch wird leicht sauer.
De Fisch fangt dat rüken bi ’n Kopp an.,Der Fisch stinkt zuerst am Kopf.
He snackt würklich good.,Er spricht wirklich gut.
Hör op dien Hart!,Höre auf dein Herz!
Wat hett Tom mit de Saak to doon?,Was hat Tom mit der Sache zu tun?
He wull partu en anner Speel spelen.,"Er beharrte darauf, ein anderes Spiel zu spielen."
Tom bunn sik den Pullover üm’e Talje.,Tom band sich den Pullover um die Taille.
De Zitronen sünd suur.,Die Zitronen sind sauer.
Di will ik ook noch kriegen.,Dich werde ich auch noch bekommen.
Ik wies di en poor Biller.,Ich zeige dir mal ein paar Bilder.
Wannehr is düsse Boom plant worrn?,Wann wurde dieser Baum gepflanzt?
Wokeen kann för Malheur?,Kann jemand etwas für das Pech?
Ik deed di so geern sehn.,Ich würde dich so gerne sehen.
Roop mi nich so laat an ’n Avend an.,Ruft mich nicht so spät am Abend an.
Disse School hett 1650 apen maakt.,Diese Schule wurde 1650 eröffnet.
He is en Sturrkopp.,Er ist ein Dickschädel.
"Wenn de Keks nich so dull verbrennt wesen weren, harrn villicht en poor Lüüd jem eten.","Wenn die Kekse nicht gar so verbrannt gewesen wären, hätten sie vielleicht ein paar Leute gegessen."
He hett mien Kusine freet.,Er hat meine Cousine geheiratet.
Laat de Kinner nich op de Straat spelen.,Lasse die Kinder nicht auf der Straße spielen.
Woans kann ik em looswarrn?,Wie kann ich ihn loswerden?
"Disse Tafel is nich swart, man gröön.","Diese Tafel ist nicht schwarz, sondern grün."
He deed sien Speelkraam ünner dat Bedd versteken.,Er versteckte seine Spielsachen unter dem Bett.
"Ik kann di en beten Geld lehnen, wenn du dat bruukst.","Ich kann dir etwas Geld leihen, wenn du es brauchst."
Se hebbt ehr den Kopp raseert.,Man rasierte ihr den Kopf.
Dat will ik nich weten.,Das will ich nicht wissen.
He füng dat Singen an.,Er fing an zu singen.
Se hett en Bloom in ’e Hand.,Sie hat eine Blume in der Hand.
Dat is allens witt.,Es ist alles weiß.
De Bläder von ’n Eukalyptus sünd dünn un lang.,Die Blätter des Eukalyptus sind dünn und lang.
De Präsident von de USA is jüst in Japan.,Der Präsident der USA ist gerade in Japan.
Peerschen smeckt sööt.,Pfirsiche schmecken süß.
Wo hest du op henwiest?,Worauf hast du hingewiesen?
De Summ von de Winkels von en Dreeeck is 180 Graad.,Die Summe der Winkel eines Dreiecks ist 180 Grad.
Kann ik den Koken eten?,Kann ich den Kuchen essen?
Ik will di dat Book geven.,Ich werde dir ein Buch geben.
"He hett mi to dat maakt, wat ik bün.","Er hat mich zu dem gemacht, was ich bin."
Ik heff em 5 Dollar betahlt.,Ich bezahlte ihm 5 Dollar.
Ik heff em 5 Dollar betahlt.,Ich zahlte ihm fünf Dollar.
Ik gah nu in ’n Park.,Ich gehe jetzt in den Park.
De eerste Fleger flöög 1903 twölv Sekunnen.,Das erste Flugzeug flog 1903 zwölf Sekunden lang.
"Taro, dat Eten is trech.","Tarō, das Essen ist fertig."
"Dat is fein Weder, nech?","Es ist schönes Wetter, nicht wahr?"
Wi hebbt twee Johr lang Chineesch lehrt.,Wir haben zwei Jahre lang Chinesisch gelernt.
Wasch dien Fööt.,Wasche deine Füße.
Wasch dien Fööt.,Wasch deine Füße.
In ’n Winter barst uns Lippen.,Im Winter springen uns die Lippen auf.
Ik kann di nich mehr vertellen. Ik heff al toveel seggt.,Ich kann dir nicht mehr erzählen. Ich habe schon zu viel gesagt.
Ik speel lever Tennis as Baseball.,Ich spiele lieber Tennis als Baseball.
Ik leev in de Verenigten Staten.,Ich lebe in den Vereinigten Staaten.
"Wat schehn is, is schehn.","Was geschehen ist, ist geschehen."
Mi steiht dat Water bet an ’n Hals.,Mir steht das Wasser bis zum Hals.
Woneem wahnt dien Opa?,Wo wohnt dein Opa?
Spaansch is ehr Moderspraak.,Spanisch ist ihre Muttersprache.
"Ik weet noch nich, wat ik na Japan flegen schall oder nich.","Ich bin unentschlossen, ob ich nach Japan fliegen soll oder nicht."
"Ik dä mi wunnern, wenn Tom un Ria heiroden dæn.","Es würde mich überraschen, wenn Tom und Maria heirateten."
Se schöölt sik dor an wennen.,Sie werden sich daran gewöhnen.
Dat warrt jeden Dag jümmer köller.,Es wird Tag für Tag immer kälter.
Du hest dat överdreven.,Da hast du übertrieben.
Du hest dat överdreven.,Das hast du übertrieben.
Du hest dat överdreven.,Da hast du des Guten zu viel getan.
Ik heff ehr op ’n eersten Blick kennt.,Ich erkannte sie auf den ersten Blick.
"Dat is goor nich roor, länger as negentig Johr to leven.","Es ist überhaupt nicht selten, länger als neunzig Jahre zu leben."
Noch is de Sommer nich toenn!,Noch ist der Sommer nicht zu Ende!
Woveel Lüdd sünd op dat Schipp?,Wie viele Menschen sind an Bord des Schiffs?
"He weent jümmer, wenn he duun is.","Er weint immer, wenn er betrunken ist."
Wannehr fröhstückt ji?,Wann frühstückt ihr?
Dat deed von Dag to Dag köller warrn.,Es wurde von Tag zu Tag kälter.
Wo lang kennst du Jack al?,Wie lange kennst du schon Jack?
Sien lütte Süster is fickbor.,Seine kleine Schwester ist fickbar.
’Keen sien Dochter is Julia?,Wessen Tochter ist Julia?
"Ik kaam, wenn dat nödig is.","Ich werde kommen, falls nötig."
De Snieder deed de Stoffstücken mit Nadeln tohoopsteken.,Der Schneider steckte die Stoffstücke mit Nadeln zusammen.
De Winter is vörbi und dat Vörjohr is dor.,"Der Winter ist vorbei, und der Frühling ist gekommen."
Wi bruukt en Verdrag.,Wir brauchen einen Vertrag.
De Premierminister füll in de Donau un versööp.,Der Premierminister fiel in die Donau und ertrank.
Wi möögt uns Navers nich un se möögt uns ook nich.,Wir mögen unsere Nachbarn nicht und sie mögen uns auch nicht.
Se hett mi lang töven laten.,Sie hat mich lange warten lassen.
He hett sik sien Tung mit ’n hitten Tee verbrennt.,Er hat sich an dem heißen Tee die Zunge verbrüht.
Ehr Fööt sünd smuddelig.,Ihre Füße sind schmutzig.
Se slöpen in ’ne Schüün.,Sie schliefen in einer Scheune.
Worüm heet opmaal all Lüüd Tom?,Wieso heißen plötzlich alle Tom?
Ik drink elk Dag en Schaal Melk.,Ich trinke täglich eine Schale Milch.
De Amazonas is en Stroom.,Der Amazonas ist ein Strom.
De Amazonas is en Stroom.,Der Amazonas ist ein Fluss.
"Wi wüllt in Tokyo wesen, ehr dat düüster warrt.","Wir wollen in Tokio sein, bevor es dunkel wird."
Ji sünd all to gau.,Ihr seid alle zu schnell.
De Disch is gröön.,Der Tisch ist grün.
Wat för Länner hest du besöcht?,Welche Länder hast du besucht?
De Ünnereerdschen sünd gode Smeedlüüd.,Die Zwerge sind gute Schmiede.
De Maand Feberwoor hett man 28 Daag.,Der Monat Februar hat nur 28 Tage.
De Grött von dat Universum is unvörstellbor.,Die Größe des Universums ist unvorstellbar.
In de USA warr ik faken för en Chinesen hollen.,In den USA werde ich oft für einen Chinesen gehalten.
Kann ik dat Finster apenmaken?,Kann ich das Fenster öffnen?
He seet blangen mi.,Er saß neben mir.
Lehr!,Lerne!
Köönt wi en Gavel hebben?,Könnten wir eine Gabel haben?
Tom is de Fründ vun mien Söhn.,Tom ist der Freund meines Sohnes.
He wull mi nich de Hand schüdden.,Er wollte mir nicht die Hand schütteln.
Weent de Heven?,Weint der Himmel?
"Dat Passwoord is ""Muiriel"".","Das Passwort ist ""Muiriel""."
He hett sik den Snappen in ’n Mau smeert.,Er hat sich den Rotz an den Ärmel geschmiert.
"Ik heff dacht, du wöörst to Huus un lihrst.","Ich dachte, du wärest zu Hause am Lernen."
Ik deed geern üm de Welt seilen.,Ich würde gerne um die Welt segeln.
Dat water is miegewarm.,Das Wasser ist lauwarm.
De See levert Water för dat Dörp.,Der See liefert Wasser für das Dorf.
Wat is dat dor?,Was ist das da?
"Toeerst harr ik Malesch, de Lüüd to verstahn, de to gau snackt hebbt.","Anfangs hatte ich Schwierigkeiten, Leute zu verstehen, die zu schnell sprachen."
Hest du düssen Satz sülvst schreven?,Hast du diesen Satz selbst geschrieben?
"Ik bün mi dösig vörkomen, as ik verseukt heff, Tom bi sien Huusopgaven to helpen.","Ich kam mir dumm vor, als ich versuchte, Tom bei seinen Hausaufgaben zu helfen."
Veel Lüüd sünd na Amerika utwannert.,Zahlreiche Menschen wanderten nach Amerika aus.
De Klocken von de Kark lüüdt.,Die Kirchenglocken läuten.
Hest du em in ’e Universität drapen?,Hast du ihn in der Universität getroffen?
Schiet!,Scheiße!
Schiet!,Mist!
Ik eet jüst en Appel.,Ich esse gerade einen Apfel.
Süst du de Klock nich?,Siehst du die Uhr nicht?
Tom bedüdt mi nix.,Tom bedeutet mir nichts.
He is ut Mangel an Suurstoff doodbleven.,Er starb aus Mangel an Sauerstoff.
De Laden is dat ganze Johr lang apen.,Der Laden ist das ganze Jahr lang geöffnet.
Hebbt ji düssen Satz sülvst schreven?,Haben Sie diesen Satz selbst geschrieben?
Ik heff keen Geld in ’e Tasch.,Ich habe kein Geld in der Tasche.
Disse Schoh sünd to lütt.,Diese Schuhe sind zu klein.
De Storm hett en Boom ümsmeten.,Der Sturm hat einen Baum umgehauen.
Tom wöör meud.,Tom war müde.
Dat Kind hett ’n Besöker en Bloom anbaden.,Das Kind bot dem Besucher eine Blume an.
De Tall sichtbore Steerns is temlich groot.,Die Anzahl der sichtbaren Sterne ist sehr groß.
Dat geiht eerst halvig negen loos.,Es fängt erst um 20:30 Uhr an.
Uns School hett dree Amerikaners as Uttuuschschölers opnahmen.,Unsere Schule hat drei Amerikaner als Austauschschüler aufgenommen.
Se güngen Arm in Arm de Straat langs.,Sie gingen Arm in Arm die Straße entlang.
"Hier is dat Book, na dat du söchst.","Hier ist das Buch, nach dem du suchst."
Wi hebbt jümmer noog to doon.,Wir haben immer genug zu tun.
Von ’keen sünd disse Biller?,Von wem sind diese Bilder?
He harr en witte Katt.,Er hatte eine weiße Katze.
Ik will na Huus.,Ich will nach Hause.
"Wat geiht di dat an, wat anner Lüüd in jemehr Freetied maakt?","Was geht es dich an, was andere in ihrer Freizeit tun?"
In ’n Feberwoor slacht wi dat fette Swien.,Im Februar schlachten wir das fette Schwein.
"De Hoot passt di nich good, de is to lütt.","Der Hut passt dir nicht gut, er ist zu klein."
Wat hebbt ji mit miene Büx maakt?,Was habt ihr mit meiner Hose gemacht?
He liggt op de Bank.,Er liegt auf der Bank.
Wi sünd an ’e Reeg mit Lachen.,Wir sind dran mit Lachen.
"Se kunn em nich övertügen, en Reed to hollen.","Sie konnte ihn nicht überzeugen, eine Rede zu halten."
Ik heff ehr Cathy nöömt.,Ich nannte sie Cathy.
An brune Koken un Klaven höört Kommuum.,In braune Kuchen und Stollen gehört Kardamom.
"He is gahn un ik weet nich worüm un ook nich, wat he noch wedderkummt.","Er ist gegangen und ich weiß weder, warum, noch, ob er zurückkommen wird."
Dorup kann ick nich mit di tostimmen.,Hier kann ich dir nicht zustimmen.
Ik wull ehr geern kennenlehren.,Ich würde sie gerne kennenlernen.
"De Schoolmeester deed uns wohrschauen, dat de Test swoor warrn schull.","Der Lehrer warnte uns, dass der Test schwer werden würde."
Vörig Johr harr he lang Hoor.,Voriges Jahr hatte er lange Haare.
Du süst krank ut.,Du siehst krank aus.
"He will, dat du hier bliffst.","Er will, dass du hier bleibst."
Ik bün na London afreist.,Ich bin nach London abgereist.
Ik gah kuum in Bökereen.,Ich gehe selten in Büchereien.
En Android is en Soort Roboter.,Ein Android ist eine Art Roboter.
En Android is en Soort Roboter.,Ein Kunstmensch ist eine Art Roboter.
Ik bün keen goden Satz-Utdenker.,Ich bin kein guter Satz-Ausdenker.
Tom hett Steen na dien Hund smäten.,Tom hat Steine nach deinem Hund geworfen.
Ik heff twee Böker.,Ich habe zwei Bücher.
’keen sien Fründ büst du?,Wessen Freund bist du?
’keen sien Fründ büst du?,Wes Freund bist du?
Dat weer so sien Snack.,Das war so seine Redensart.
In ’n Köhlschapp is Kraanbeernsaft.,Im Kühlschrank ist Moosbeerensaft.
Ööl un Water mengt sik nich.,Öl und Wasser mischen sich nicht.
He gefüll ehr von Anfang an.,Er gefiel ihr von Anfang an.
Mudder is jüst inköpen gahn.,Mutter ist gerade Einkaufen gegangen.
De Reinmakerfroo deed dat Gespreek ünnerbreken.,Die Putzfrau unterbrach das Gespräch.
Ik will miene Saken afhalen.,Ich möchte meine Sachen abholen.
In ’t Café kriggt een Kaffe.,Im Café bekommt man Kaffee.
Se hebbt al freet.,Sie haben schon geheiratet.
Ehr Söhn is vergangen Johr doodbleven.,Ihr Sohn starb vergangenes Jahr.
Se is en Fründin von mi.,Sie ist eine Freundin von mir.
Wi sünd buten Gefohr.,Wir sind außer Gefahr.
Se mag korte Röck.,Sie mag kurze Röcke.
Du büst en boren Dichter.,Du bist ein geborener Dichter.
Wat seggst du?,Was sagst du?
He deed mi op ’n Vörkopp küssen.,Er küsste mich auf die Stirn.
He hett ehr mit slaten Ogen küsst.,Er küsste sie mit geschlossenen Augen.
Ik weet dat.,Ich weiß das.
"Wi verkööpt Tellers ut Metall, ut Poppeer un ut Holt.","Wir verkaufen Teller aus Metall, aus Papier und aus Holz."
Dat Licht geiht nich.,Das Licht funktioniert nicht.
Ik bruuk nu nix.,Ich brauche jetzt nichts.
Rieke un arme Lüüd hebbt en annere Sicht op Saken.,Reiche und arme Menschen haben eine andere Sichtweise.
Ehr Idee is beter as dien.,Ihre Idee ist besser als deine.
Kann ik wat doon?,Kann ich irgendetwas tun?
Dor steckt mehr achter.,Da steckt mehr dahinter.
Tom schenk Ria Blomen.,Tom schenkte Maria Blumen.
Dat schusst du beter nich doon!,Das solltest du besser nicht tun!
Ik drink nienich Tee mit Zitroon.,Ich trinke niemals Tee mit Zitrone.
Twee plus twee is veer.,Zwei plus zwei ist vier.
Ik heff en Droom.,Ich habe einen Traum.
Astronomie hannelt von Steerns un Planeten.,Astronomie handelt von Sternen und Planeten.
"Vergeet nich, mi to schrieven!","Vergiss nicht, mir zu schreiben!"
Disse Hoot köst üm un bi 50 Dollar.,Dieser Hut kostet um die 50 Dollar.
Wi sünd Tom sien Söhns.,Wir sind Toms Söhne.
All in ’t Dörp kennen em.,Alle im Dorf kannten ihn.
De Sood is dröögfullen.,Der Brunnen ist trockengefallen.
De Autodöör geiht nich önnig to.,Die Autotüre geht nicht richtig zu.
He harr en good Alibi.,Er hatte ein starkes Alibi.
"Frünn winnt een nich mit wohre, man mit bikamern Wöör.","Freunde gewinnt man nicht mit wahren, sondern mit schmeichelnden Worten."
Se deed gau snacken.,Sie sprach schnell.
Is dat ut Frankriek?,Ist das aus Frankreich?
Mien Papa is jüst nich tohuus.,Mein Papa ist gerade nicht zu Hause.
"Wi hebbt en Dochter, de mit en Franzoos verheiraadt is.","Wir haben eine Tochter, die mit einem Franzosen verheiratet ist."
Den eersten Pries hett Janet wunnen.,Den ersten Preis gewann Janet.
Sien Stemm höört sik na puren Sex an.,Seine Stimme klingt wie reiner Sex.
Büst du vör oder gegen uns Plaan?,Bist du für oder gegen unseren Plan?
Ik heff jüst dit Book leest.,Ich habe gerade dieses Buch gelesen.
In ’n Ünnerscheed to Eerdbeern smeckt Ananas ook ut de Doos.,Im Unterschied zu Erdbeeren schmeckt Ananas auch aus der Dose.
Ik verstah dor nich veel von.,Ich verstehe nicht viel davon.
Bill is mien besten Fründ.,Bill ist mein bester Freund.
De Eer dreiht sik in 365 Daag üm de Sünn.,Die Erde umrundet die Sonne in 365 Tagen.
Poppeer warrt von Holt maakt.,Papier wird aus Holz hergestellt.
Ik bün wichtig.,Ich bin wichtig.
De Sommerfeern sünd vörbi.,Die Sommerferien sind vorbei.
Ik nehm mi en poor Daag free.,Ich nehme mir ein paar Tage frei.
Ik nehm mi en poor Daag free.,Ich nehme mir einige Tage frei.
De Eer besteiht ut See un Land.,Die Erde besteht aus Meer und Land.
"Dat regent, aver se hett keen Mantel an.","Es regnet, aber sie trägt keinen Mantel."
Mien Rügg deit jümmer noch weh.,Mein Rücken schmerzt immer noch.
De Buur deed in ’n April Mest seihn.,Der Bauer breitet im April den Mist aus.
Wat hett se mit all dat Geld maakt?,Was hat sie mit dem ganzen Geld gemacht?
Wult ji en Köpken Kofi?,Möchten Sie eine Tasse Kaffee?
Dat Bild lett mi an miene Kindheid denken.,Das Bild erinnert mich an meine Kindheit.
De lütte Steern dor is de hellst.,Der kleine Stern da ist der hellste.
Wat maakt joon Söhn?,Was macht euer Sohn?
He snackt gresig uckerwendsch.,Er spricht ein schreckliches Kauderwelsch.
Wat för en Steernteken hest du?,Was bist du für ein Sternzeichen?
Ik leev in Mailand.,Ich lebe in Mailand.
Binn dien Schoh to.,Binde deinen Schuh zu.
Exküsen bringt nix.,Entschuldigungen sind nutzlos.
Ik harr geern Appelsienensaft.,Ich hätte gerne einen Orangensaft.
Wo hannelt dat Book von?,Wovon handelt das Buch?
Kaam her.,Komm her!
Kaam her!,Komm her!
"Wi hebbt dat, wat wi bruken, nich kregen.","Wir haben das, was wir brauchten, nicht gekriegt."
Wat schall ik doon? Ik heff to nix Lust!,Was soll ich tun? Ich habe zu nichts Lust!
Dat Klima an de middellandsche See is temlich liedsaam.,Das mediterrane Klima ist sehr angenehm.
Tom is al jümmer anners as de anneren Kinner wäsen.,Tom war schon immer anders als die anderen Kinder.
De See is groot.,Der See ist groß.
Hier sünd fiev Dollar.,Hier sind fünf Dollar.
"Jo, dat is Anthony.","Ja, das ist Anthony."
"Ik nehm allens trügg, wat ik seggt heff.","Ich nehme alles zurück, was ich gesagt habe."
Tom is vun sien Peerd bäten worrn.,Tom ist von seinem Pferd gebissen worden.
Tom melk de Koh.,Tom melkte die Kuh.
Dat is schöön.,Es ist schön.
Ik bün Antonio.,Ich bin Antonio.
Woveel köst en halv Kilo?,Wie viel kostet ein halbes Kilo?
Dor sünd mehr as 50.000 Böker in disse Bökeree.,Es sind mehr als 50000 Bücher in dieser Bibliothek.
"Dat gefallt nüms, wenn achter sien Rügg slecht över em snackt warrt.","Niemandem gefällt es, wenn man hinter seinem Rücken schlecht über ihn redet."
Laat uns nu gahn!,Lasst uns jetzt gehen!
Inge hett en dicken Noors.,Inge hat einen dicken Hintern.
Du büst mien besten Fründ!,Du bist mein bester Freund!
Du büst mien besten Fründ.,Du bist mein bester Freund.
Ik wohn in Maastricht.,Ich wohne in Maastricht.
"Du musst ophören, di so dumm to beren.","Du musst aufhören, dich so dumm zu benehmen."
Ik laad di to ’n Sushi eten in.,Ich lade dich zum Sushiessen ein.
Se vertroot em mit ehr Geld.,Sie vertraut ihm mit ihrem Geld.
De Krieg weer toenn.,Der Krieg war zu Ende.
Ji snackt toveel.,Ihr redet zu viel.
"De Eer is en Planeet, keen Steern.","Die Erde ist ein Planet, kein Stern."
"Ik bün dat nich wennt, Kaffe ahn Sucker to drinken.","Ich bin es nicht gewohnt, Kaffee ohne Zucker zu trinken."
"Ik mag dat, Maschienen tohooptosetten.","Ich mag es, Maschinen zusammenzubauen."
Hett de Supp smeckt?,Hat die Suppe geschmeckt?
"Se hett em rümsnackt, ehr en Demantring to köpen.","Sie hat auf ihn eingeredet, ihr einen Diamantring zu kaufen."
Wo groot de Fleger is.,Wie groß das Flugzeug ist.
Se is maandags faken to laat in ’e School.,Montags kommt sie oft zu spät zur Schule.
En Reis na ’n Maand in en Ruumschipp is keen Droom mehr.,Eine Reise zum Mond in einem Raumschiff ist kein Traum mehr.
Dat Kind is mien Süster.,Das Kind ist meine Schwester.
Schriev em foorts!,Schreib sofort an ihn!
Ittst du Fleesch oder büst du Vegetarier?,"Isst du Fleisch, oder bist du Vegetarier?"
Du süst trurig ut.,Du siehst traurig aus.
"He wull ehr begööschen, aver se wull un wull nich opholen to wenen.","Er versuchte sie zu trösten, aber sie hörte nicht auf zu weinen."
Dat warrt sik nie ännern.,Das wird sich nie ändern.
Wi seht uns Klock dree.,Wir sehen uns um drei Uhr.
Ik heet Andrea.,Ich heiße Andrea.
’Keen höört disse Brill to?,Wem gehört diese Brille?
Kann ik dat sehn?,Kann ich das sehen?
Ria teek en Huus un en Boom.,Maria zeichnete ein Haus und einen Baum.
"Roop mi an, wenn ji wat finnt.","Ruf mich an, wenn ihr etwas findet."
Ik kaam nich good mit em ut.,Ich komme nicht gut mit ihm aus.
Wo geiht di dat?,Wie geht es dir?
Wo geiht di dat?,Wie geht’s dir?
Wat mookt de Kinner? Sloopt or speelt se?,Was machen die Kinder? Schlafen oder spielen sie?
De lüttste Kontinent is Australien.,Der kleinste Kontinent ist Australien.
De lüttste Kontinent is Australien.,Der kleinste Erdteil ist Australien.
In ’n Winter warrt dat fröh düüster.,Im Winter wird es früh dunkel.
De Naricht von sien Dood deed sik utspreden.,Die Information über seinen Tod verbreitete sich.
"Roop mi foorts an, wenn du em drapen hest.","Ruf mich sofort an, wenn Du ihn getroffen hast."
Em höört veer grote Buursteden in ’t Binnenland von ’n Staat São Paulo.,Ihm gehören vier große Bauernhöfe im Inneren des Staates São Paulo.
Wo faken foderst du de Fisch?,Wie häufig fütterst du die Fische?
Wo faken foderst du de Fisch?,Wie oft fütterst du die Fische?
Ik höör wat.,Ich höre etwas.
Ik heff all Böker wegsmeten.,Ich habe alle Bücher entsorgt.
Leevt disse Fisch noch?,Lebt dieser Fisch noch?
He hett sien Land för Geld verköfft.,Er hat für Geld sein Land verkauft.
Ik heff en Granaatappel.,Ich habe einen Granatapfel.
Ik bün praat to starven.,Ich bin bereit zu sterben.
Ik bün praat to starven.,Ich bin zu sterben bereit.
Wat meenst du dor mit?,Was meinst du damit?
Se deed em glieks kennen.,Sie hat ihn sofort erkannt.
He möök en Weltreis.,Er unternahm eine Weltreise.
Ik bün in Matsuyama boren un opwussen.,Ich bin in Matsuyama geboren und aufgewachsen.
Ik mag keen Sushi.,Ich mag kein Sushi.
De Bus is teihn Minuten to laat ankamen.,Der Bus hatte zehn Minuten Verspätung.
Dit Kniev hett mi good deent.,Das Messer hat mir gute Dienste geleistet.
En Roos is en Bloom un en Duuv is en Vagel.,Eine Rose ist eine Blume und eine Taube ist ein Vogel.
He is na ’t Stadion wesen.,Ich bin im Stadion gewesen.
"Tom is de gröttste Keerl, den ik miendaag sehn heff.","Tom ist der größte Mann, den ich jemals gesehen habe."
Wahnst du alleen?,Wohnst du allein?
Wi sünd Studenten.,Wir sind Studenten.
"Een is rood, dat annere witt.","Eins ist rot, das andere weiß."
Mien Dochter geiht to School.,Meine Tochter geht zur Schule.
Mien Dochter geiht to School.,Meine Tochter geht in die Schule.
Een kann keen twee Saken opmaal doon.,Man kann nicht zwei Dinge gleichzeitig tun.
Een kann keen twee Saken opmaal doon.,Man kann nicht zwei Dinge auf einmal tun.
Du büst ja keen lütten Tüffel!,Du bist ja kein kleiner Dummkopf!
Wat hett ehr so füünsch maakt?,Was hat sie so wütend gemacht?
He is ganz un gornich perfekt.,Er ist bei Weitem nicht perfekt.
Denn hebbt se SOS funkt.,Dann haben sie SOS gefunkt.
Wullt du noch en Appel?,Möchtest du noch einen Apfel?
Tom leed sik op ’n Rügg.,Tom legte sich auf den Rücken.
Se weer mit Knütten togang.,Sie war mit Stricken beschäftigt.
Se hebbt wi lang töven laten.,Sie haben mich lange warten lassen.
Büst du na ’n Dokter wesen?,Bist du beim Doktor gewesen?
Maak dat Licht an. Ik kann nix sehn.,Mach das Licht an! Ich kann sonst nichts sehen.
Ik bün vonmorgen Klock fiev opwaakt.,Ich bin heute früh um fünf Uhr aufgewacht.
Goden Dag!,Guten Tag!
Ik eet jüst Krabben.,Ich esse gerade Krabben.
Ik bün nich gegen Tetanus empt.,Ich bin nicht gegen Tetanus geimpft.
"Ik weer ganz vermöödt, kunn aver liekers nich toslapen.","Ich war todmüde, konnte aber trotzdem nicht einschlafen."
Tom is keen Englänner.,Tom ist kein Engländer.
He rückt den ganzen Dag na Schokolaad.,Er riecht den ganzen Tag Schokolade.
Wat büst du so gnatterig?,Was bist du so mürrisch?
Se hett en Geheemnis.,Sie hat ein Geheimnis.
Disse Pass gellt fiev Johr lang.,Dieser Pass ist fünf Jahre gültig.
"Hollywood is nich mehr, wat dat maal weer.","Hollywood ist nicht mehr, was es mal war."
Dröff ik en Foto von jo maken?,Darf ich ein Foto von euch machen?
Use Nauber hett sich en smucket Peerd kofft.,Unser Nachbar hat sich ein hübsches Pferd gekauft.
De Mann is naakd.,Der Mann ist nackt.
Is se weg?,Ist sie weg?
Se is mit em verlöövt.,Sie ist mit ihm verlobt.
Laat dat Eten nich anbrennen.,Lass das Essen nicht anbrennen.
He höllt sik för en groten Dichter.,Er hält sich für einen großen Dichter.
Kiekt jo de Weltkoort an.,Schaut die Weltkarte an.
Worüm büst du gnatterig?,Warum bist du so mürrisch?
He lehrt Dag un Nacht.,Er lernt Tag und Nacht.
Ik heff keen Bewies för dat Gegendeel.,Ich habe keinen Beweis für das Gegenteil.
"De Keller is dreckig, düüster un he stinkt.","Der Keller ist dreckig, dunkel, und er stinkt."
"Kann ik dat kriegen, wenn du dat nich mihr bruukst?","Kann ich das kriegen, wenn du das nicht mehr brauchst?"
"Se wull nich, dat he noch länger blifft.","Sie wollte nicht, dass er noch länger bleibt."
Wat is dien leevsten Romaan?,Was ist dein Lieblingsroman?
In mien Kopp hett dat jüst noch Sinn maakt!,In meinem Kopf hat es gerade noch Sinn gemacht!
"De Hand hett fiev Fingers: den Dumen, den Wiesfinger, den Middelfinger, den Ringfinger un den lütten Finger.","Die Hand hat fünf Finger: den Daumen, den Zeigefinger, den Mittelfinger, den Ringfinger und den kleinen Finger."
De Froonslüüd speelt Tennis.,Die Frauen spielen Tennis.
Ann hett en Barg Frünnen.,Ann hat eine Menge Freunde.
Is dat allens?,Ist das alles?
Dat is allens?,Das ist alles?
Dat is allens.,Das ist alles.
"Ik kenn een, de good Russ’sch snackt.","Ich kenne jemanden, der gut Russisch spricht."
Jane sütt önnig blied ut.,Jane sieht sehr glücklich aus.
"Denkt dor an, dat wi de Folgen von joon Hanneln arvt.","Denkt daran, dass ihr uns die Folgen eures Handelns hinterlasst."
Ik will na ’n Maand flegen.,Ich möchte zum Mond fliegen.
Ik heff nich alltoveel Geld.,Ich habe nicht zu viel Geld.
Verbaden Frücht smeckt good.,Verbotene Früchte schmecken süß.
Du schusst dat glieks doon.,Du solltest es sofort tun.
Du schusst dat glieks doon.,Du solltest das gleich machen.
Uns Ünnerricht fangt Viddel na söven an.,Unser Unterricht beginnt um 7:15 Uhr.
Dat sünd miene Böker.,Das sind meine Bücher.
Se kann em good namaken.,Sie kann ihn gut nachmachen.
Se kann em good namaken.,Sie kann ihn gut imitieren.
Ik heff mien Arbeid al trech.,Ich habe meine Arbeit schon erledigt.
"He weet, wat he seggt.","Er weiß, was er sagt."
Ik will dansen.,Ich will tanzen.
Ik heff en Termin bi ’n Dokter.,Ich habe einen Termin beim Arzt.
Dat weer en Löög.,Das war eine Lüge.
De pers’sche Spraak schall leven!,Es lebe die persische Sprache!
Se is en gode Melkkoh!,Sie ist eine gute Milchkuh!
Froonslüüd toeerst.,Die Frauen zuerst.
Wat snackst du för ’n Narrnkraam?,Was sprichst du für ein dummes Zeug?
Disse Stoffsuger maakt veel Larm.,Dieser Staubsauger macht viel Lärm.
Ik warr jo al heimlüchten.,Ich werde euch schon heimleuchten.
De Verenigten Staten sünd en groot Land.,Die Vereinigten Staaten sind ein großes Land.
Du musst mit dat Smöken ophören.,Du musst mit dem Rauchen aufhören.
Kummst du hier elk Dag her?,Kommst du hier jeden Tag her?
Mi is Water in’t Ohr kamen.,Mir ist Wasser ins Ohr gekommen.
De Dokter hett mien Strott ünnersöcht.,Der Arzt untersuchte meinen Rachen.
Elkeen hett dat Leed kennt.,Jeder kannte das Lied.
Hest du en Vörslag?,Hast du einen Vorschlag?
"Ik dach, he deed kamen.","Ich dachte, er würde kommen."
Deit Jüm dat leed?,Tut es Ihnen leid?
Verkehrt.,Falsch.
He kunn sowat nich doon.,Er konnte so etwas nicht tun.
Dat sünd söss Stünnen Fohrt von Sofia na Varna.,Es ist eine sechsstündige Fahrt von Sofia nach Varna.
Ik bün krank.,Ich bin krank.
Nüms kann vör ’n Dood utkniepen.,Niemand kann den Tod vermeiden.
Nüms kann vör ’n Dood utkniepen.,Niemand kann vor dem Tod kneifen.
Jessie hett de Inladen glieks annahmen.,Jessie nahm die Einladung gleich an.
"Se hett em all dat Geld geven, wat se harr.","Sie hat ihm all das Geld gegeben, was sie hatte."
He bekeek em in ’n Spegel.,Er betrachtete ihn im Spiegel.
He güng dor wöterig von af.,Er ging wütend fort.
En Banaan smeckt lecker.,Eine Banane ist köstlich.
Du heckst wat ut.,Du heckst etwas aus.
Hest du von Tom sien Unfall höört?,Hast du von Toms Unfall gehört?
"Botter, Brood un grönen Kees; ’keen dat nich seggen kann, is keen rechten Frees.","Butter, Brot und grüner Käse: wer das nicht sagen kann, ist kein echter Friese."
"Laat mi loos, du drückst mi de Luft af.","Lasse mich los, du erstickst mich."
"Ik heff fiev Söhns. Twee sünd Inschenör, een Schoolmeester un de annern beiden sünd Studenten.","Ich habe fünf Söhne. Zwei sind Ingenieure, einer ist Lehrer und die restlichen beiden sind Studenten."
"Ik kann mien Hannen op ’n Bodden leggen, ahn mien Knee to bögen.","Ich kann meine Handflächen auf den Boden setzen, ohne meine Knie zu beugen."
Willkamen op de Websteed von ’t Tatoeba-Projekt.,Willkommen auf der Webseite des Tatoeba-Projekts.
Is he jüst an ’t Lehren?,Ist er gerade am Lernen?
Du büst en beten lütter as Tom.,Du bist etwas kleiner als Tom.
Kannst du üm negen kamen?,Kannst du um neun kommen?
"Ik keem to laat, üm sien Reed to hören.","Ich kam zu spät, um seine Rede zu hören."
Ik lehr Koreaansch.,Ich lerne Koreanisch.
Hest du dat ook in annere Klören?,Hast du das auch in anderen Farben?
Se hett keen Antwoord von em kregen.,Sie hat keine Antwort von ihm bekommen.
"He harr Fleesch, ik harr man en Knaken.","Er hatte Fleisch, ich hatte nur einen Knochen."
Wi harrn unverwacht Besöök.,Wir hatten unerwarteten Besuch.
"Ach, dat Enn gefüll mi gornich.","Ach, das Ende gefiel mir gar nicht."
Dor geiht de Welt nich von ünner.,Davon geht die Welt nicht unter.
Normalerwies gah ik to Foot na School.,In der Regel gehe ich zu Fuß zur Schule.
Wo faken süst du ehr?,Wie oft siehst du sie?
Ik kööp mien Söcken jümmer poorwies.,Ich kaufe meine Socken immer paarweise.
Sett jem op de Backplaat un smeer jem mit Eiwitt in.,Lege sie auf ein Backblech und schmiere sie mit Eiweiß an.
Ik kann so nich leven.,Ich kann so nicht leben.
So kann ik nich leven.,So kann ich nicht leben.
Wi sünd mööd un hebbt Döst.,Wir sind müde und haben Durst.
Ik heff den Schoolmeester över de Straat gahn sehn.,Ich sah den Lehrer über die Straße gehen.
"Vergitt nich, Melk to köpen!","Vergiss nicht, Milch zu kaufen!"
"Dat is jüst dat, wat ik wull.","Das ist genau das, was ich wollte."
Ik harr geern wat to drinken.,Ich hätte gern etwas zu trinken.
Ria hett ehr Süster en Gaav köfft.,Maria hat ihrer Schwester ein Geschenk gekauft.
"Enn good, allens good.","Ende gut, alles gut."
He is twee Toll grötter as ik.,Er ist fünf Zentimeter größer als ich.
Woneem is dat Museum?,Wo ist das Museum?
Wo goot hest du Tom kennt?,Wie gut kanntest du Tom?
Dröff ik den Kiekschapp anmaken?,Darf ich den Fernseher anschalten?
Dit Gebüüd is ook en Bank.,Das Gebäude ist auch eine Bank.
Wo good kennst du Tom?,Wie gut kennst du Tom?
All wüllt blangen ehr sitten.,Alle wollen neben ihr sitzen.
Frankriek harr veel Kolonien in Afrika.,Frankreich hatte zahlreiche Kolonien in Afrika.
Ik heff in Koenji wahnt.,Ich habe in Koenji gewohnt.
Ik weer krank.,Ich war krank.
Ik heff de Kinner singen höört.,Ich habe die Kinder singen hören.
De Mantel hett keen Taschen.,Der Mantel hat keine Taschen.
Se smöökt veel.,Sie raucht viel.
Se leed dat Kind sachten dal.,Sie legte das Kind sanft hin.
Nadem hebbt wi em nich mehr sehn.,Seitdem haben wir ihn nicht mehr gesehen.
Loop nich so hart.,Lauf nicht so schnell.
Loop nich so hart.,Rennen Sie nicht so schnell!
Wi hebbt noch nix ännert.,Wir haben noch nichts geändert.
"Se deed in Tranen utbreken, as se de Naricht hören deed.","Sie brach in Tränen aus, als sie die Nachricht hörte."
Wannehr kann ik di besöken?,Wann kann ich dich besuchen?
He föhrt faken na ’t Butenland.,Er fährt oft ins Ausland.
He leevt ganz alleen in ’n Woold.,Er lebt ganz allein im Wald.
Se eet Botterbrood.,Sie essen Butterbrote.
"’Keen slöppt, de hungert nich.","Wer schläft, der hungert nicht."
Footballspelers verdeent veel Geld.,Fußballspieler verdienen viel Geld.
Ik seh nix!,Ich sehe nichts!
Wat hest du mit miene Brill maakt? De weer vör een Minuut noch hier.,Was hast du mit meiner Brille gemacht? Sie war vor einer Minute noch hier.
De Mann keek mi an.,Der Mann blickte mich an.
Et hät en lange Niërsen.,Sie hat eine lange Nase.
He hett lang in Iesland wahnt.,Er hat lange in Island gewohnt.
Se hett dor in ehr Daagbook över schreven.,Sie hat in ihrem Tagebuch darüber geschrieben.
Tom is vör en poor Daag starven.,Tom ist vor ein paar Tagen gestorben.
Den Knuust hebbt wi jümmer in ’e Melksupp brockt.,Den Brotkanten haben wir immer in eine Milchsuppe eingebrockt.
Ik mag lege Kinner nich.,Ungezogene Kinder mag ich nicht.
"Bet du dor wedder büst, bün ik al weg.","Bis du wieder zurück bist, bin ich schon gegangen."
De Plant wasst överall von ’n Noorden bet na ’n Süden von Europa.,Diese Pflanze wächst sowohl in Nord- als auch in Südeuropa.
He hett kuum Utsichten to winnen.,Er hat kaum Aussichten zu gewinnen.
Miene Mudder kaakt temlich good.,Meine Mutter ist eine sehr gute Köchin.
"Ik bün dat so wennt, vör ’t Fröhstück en Spazeergang to maken.","Ich habe die Angewohnheit, vor dem Frühstück einen Spaziergang zu machen."
Ik heff dat för teihn Dollar köfft.,Ich habe es für zehn Dollar gekauft.
Ik heff dat för teihn Dollar köfft.,Ich habe das für zehn Dollar gekauft.
Hebbt ji ehr sehn?,Habt ihr sie gesehen?
De Teeketel kaakt.,Der Teekessel kocht.
Ik bün en Künstler.,Ich bin ein Künstler.
En Snurrboort wasst op ’t Övermuul.,Auf seiner Oberlippe wächst ein Schnurrbart.
Disse Jung itt keen Snökerkraam.,Dieser Junge isst keine Süßigkeiten.
Mien Swager is vergangen Freedag doodbleven.,Mein Schwager ist vergangenen Freitag gestorben.
Ik bün Maat in ’n Swemmvereen.,Ich bin Mitglied im Schwimmverein.
Weten is Macht.,Wissen ist Macht.
Snack mit mi!,Sprich mit mir!
Ik heff di kregen!,Hab dich!
Vör 200 Johr is Mozart doodbleven.,Vor 200 Jahren ist Mozart gestorben.
Mozart is vör 200 Johr doodbleven.,Mozart ist vor 200 Jahren gestorben.
Sünd ji mööd?,Seid ihr müde?
He hett sik mit ’n Dag verdaan.,Er hat sich im Datum geirrt.
Se hett keen Bröder.,Sie hat keine Brüder.
He hett mi üm Middernacht anropen.,Er hat mich um Mitternacht angerufen.
"Kolumbus hett glöövt, dat he in Indien is.","Columbus glaubte, in Indien zu sein."
Se mag Jazz un ik ook.,"Sie mag Jazz, und ich auch."
De Engelsch-Ünnerricht füng halvig negen an.,Der Englischunterricht begann um 8:30 Uhr.
Ik heff meist keen Geld bi mi.,Ich habe so gut wie kein Geld bei mir.
Ik heff dat al köfft.,Ich habe es schon gekauft.
Dit Book höört Ali to.,Dieses Buch gehört Ali.
De Nacht is noch jung.,Die Nacht ist noch jung.
Ik draag bi.,Ich trage bei.
Röög di nich.,Beweg dich nicht.
Un nu?,Und jetzt?
"Towielen is dat Leven de eenzigst Lehrer oder Optrecker, de wat helpt.",Zuweilen ist das Leben der einzige erfolgreiche Lehrer oder Erzieher.
Een Minuut hett sösstig Sekunnen.,Eine Minute hat sechzig Sekunden.
"Ik verstah nich, worüm as dat allens nödig is.",Ich verstehe nicht warum all das nötig ist.
In de Zitroon is Zitronensüür in.,Die Zitrone enthält Zitronensäure.
In de Zitroon is Zitronensüür in.,In der Zitrone ist Zitronensäure drin.
De eerste Utgaav is vör teihn Johr rutkamen.,Die erste Auflage wurde vor zehn Jahren herausgegeben.
De eerste Utgaav is vör teihn Johr rutkamen.,Die erste Ausgabe ist vor zehn Jahren herausgekommen.
He föhrt temlich hart.,Er fährt sehr schnell.
Worüm hebbt ji blomen köfft?,Warum habt ihr Blumen gekauft?
Mien Grootvader hett sneewitt Hoor.,Mein Großvater hat schneeweißes Haar.
En Major steiht över en Koptein.,Ein Major ist mehr als ein Hauptmann.
In de Feern föhr ik na Frankriek.,In den Ferien fahre ich nach Frankreich.
"De Krankmakers sünd to lütt, dat uns Ogen jem sehn köönt.","Die Erreger sind zu klein, um von unseren Augen gesehen werden zu können."
Nehm en Bad un gah denn na Bedd.,Nimm ein Bad und gehe dann ins Bett.
Wis maol.,Zeig mal.
Ik kaam ut ’n Goorn.,Ich komme aus dem Garten.
Susan is vör een Stünn gahn.,Susan ist vor einer Stunde gegangen.
"Du schasst di noch de Hannen verbrennen, wenn du keen Pottlappen oder Potthanschen bruukst!","Du wirst dir die Hände verbrennen, wenn du nicht einen Topflappen oder Topfhandschuhe verwendest!"
"De nix deit, de deit ok nix verkehrt.","Wer nichts macht, macht auch nichts falsch."
Vörsicht! Beetschen Hund!,Vorsichtig! Bissiger Hund!
Deist du mi en Gefallen?,Tust du mir einen Gefallen?
"Du hest so’n grotten Kopp, un dor is nix drin!","Du hast so einen großen Kopf, und da ist nichts drin!"
Leevd is Schiet.,Liebe ist scheiße.
Bring mi de Tiedschriften.,Bringe mir die Zeitschriften.
Dat Land nüült sacht na ’n Stroom dal.,Das Land neigt sich sanft zum Fluss hinab.
"As Marcus ankeem, deed ik slapen.","Als Markus ankam, schlief ich."
De beiden Bröder sünd doodbleven.,Die beiden Brüder starben.
He hau en Telg von ’n Boom af.,Er schlug einen Ast vom Baum ab.
Woneem is de Busbahnhoff?,Wo ist der Busbahnhof?
"De Sünn schient an ’n Dag, de Maand in ’e Nacht.","Die Sonne scheint tagsüber, der Mond nachts."
"Nee, dat will ik nich.","Nein, das möchte ich nicht."
Du wullt na’e Ukraine.,Du willst in die Ukraine.
"Se fröög em, woneem Jessie weer.","Sie fragte ihn, wo Jessie war."
Tom tövt buten op Ria.,Tom wartet draußen auf Maria.
Sei het uppemucket.,Sie haben aufgemuckt.
Sei het uppemucket.,Sie haben aufbegehrt.
Mien Tähn deit weh.,Mein Zahn tut weh.
Disse Klock hett mi teihndusend Yen köst.,Diese Uhr kostete mich zehntausend Yen.
Laat uns den Wiehnachtsboom dor henstellen.,Lass uns den Weihnachtsbaum dort hinstellen.
Se hett en Musiker freet.,Sie hat einen Musiker geheiratet.
Hebbt ji Kinner?,Habt ihr Kinder?
Du musst op de Fraag antern.,Du musst die Frage beantworten.
Köönt wi to Amerika nee seggen?,Können wir zu Amerika nein sagen?
"He wüss nich, wat he seggen schull, un sweeg.","Weil er nicht wusste, was er sagen sollte, schwieg er."
Elkeen Android is en Roboter.,Jeder Android ist ein Roboter.
Wullt du mitkamen?,Möchtest du mitkommen?
En Kind speelt Harp.,Ein Kind spielt Harfe.
Hier is nix.,Hier ist nichts.
Snackst du Spaansch?,Sprichst du Spanisch?
Wi hebbt keen Tee.,Wir haben keinen Tee.
"Kiek good to. Ik wies di, wo dat geiht.","Sieh genau hin! Ich zeige dir, wie es geht."
Gummistevel sünd männigmaal wichtig.,Gummistiefel sind manchmal wichtig.
Jümmer snackt een.,Immer redet irgendwer.
"He beed ehr, to vertellen, wo se dat Geld bruukt hett.","Er bat sie zu erzählen, wie sie das Geld ausgegeben hat."
Ik estemeer ehr temlich.,Ich schätze sie sehr.
"Ik weet, dat du nee seggen warrst.","Ich weiß, dass du nein sagen wirst."
Breng mi en Glas Water.,Bring mir ein Glas Wasser.
Ik heff Tom to’n Middag inloden.,Ich habe Tom zum Mittagessen eingeladen.
Du süst good ut mit korte Hoor.,Du siehst gut aus mit kurzen Haaren.
He is as en Zebra mank Peer.,Er ist wie ein Zebra unter Pferden.
Se is nich beter as en Deev.,Sie ist nicht besser als ein Dieb.
Ik bün Engelsch-Lehrer.,Ich bin Englischlehrer.
Wat schall ik nu doon?,Was soll ich nun machen?
"Se is neeschierig, ’keen ehr de Blomen tostüürt hett.","Sie ist neugierig, wer die Blumen gesandt hat."
Worüm weent ji?,Warum weint ihr?
Ik verlaat mi op Tom.,Ich zähle auf Tom.
An den Dag weer dat temlich störmsch.,An jenem Tag war es sehr stürmisch.
Een Jung is grötter as de annern.,Ein Junge ist größer als die anderen.
Dit Maal will ik en Oog todrücken.,Dieses Mal werde ich ein Auge zudrücken.
He deed de Katt Melk geven.,Er gab der Katze Milch.
Use Nauberske was al weer bi n Frisör!,Unsere Nachbarin war schon wieder beim Friseur.
"Ik heff nich höört, wat du seggt hest.","Ich habe nicht gehört, was du gesagt hast."
Hebbt wi al Dingsdag?,Haben wir schon Dienstag?
"De Katt mag Müüs, ik mag jem nich.","Die Katze mag Mäuse, ich mag sie nicht."
Ik heff de ganze Nacht waakt.,Ich war die ganze Nacht wach.
Ik weer nülich in ’t Museum.,Ich war neulich im Museum.
Ik heff en Satz an de Tofel schreven.,Ich habe einen Satz an die Tafel geschrieben.
De Gedank tellt.,Der Gedanke zählt.
Wi hebbt minner Snee as ans.,Wir haben weniger Schnee als sonst.
Ik will den gröttern Koken.,Ich will den größeren Kuchen.
Ik will den gröttern Koken.,Ich möchte den größeren Kuchen.
Worüm sünd de Lüüd nich liekut?,Warum sind die Leute nicht geradeheraus?
En Reis na ’n Maand in en Ruumschipp is nich länger en Droom.,Eine Reise zum Mond in einem Raumschiff ist nicht länger ein Traum.
Woneem finn ik disse Steen?,Wo finde ich diese Steine?
Mi is dor nich na tomood.,Mir ist nicht danach zumute.
Se hebbt den Hund Shiro dööpt.,Sie haben den Hund auf Shiro getauft.
Wees bedankt för dat Geschenk.,Danke für das Geschenk.
Wören de Finstern tau?,Waren die Fenster geschlossen?
"Planeten sünd licht to kennen, denn de glinstert nich so as Steerns.","Planeten sind leicht zu erkennen, denn sie funkeln nicht wie Sterne."
"He seed, wi schullen de Snuut hollen.","Er sagte, wir sollen den Mund halten."
Wo laat steihst du op?,Wie spät stehst du auf?
De wichtigste Opgaav von en Pastoor is de Preddig in ’e Kark.,Die Hauptaufgabe eines Pfarrers ist die Predigt in der Kirche.
En Katteker baadt in ’n Diek.,Ein Eichhörnchen badet im Teich.
Du kannst keen Peerd rieden.,Du kannst kein Pferd reiten.
Wannehr hest du em tolest sehn?,Wann hast du ihn zum letzten Mal gesehen?
Wannehr hest du em tolest sehn?,Wann hast du ihn zuletzt gesehen?
"Man to, eet en beten Hummer!","Auf, iss etwas Hummer!"
Ik güng na ’t Krankenhuus üm na sien Gesundheit to fragen.,"Ich ging ins Krankenhaus, um nach seinem Gesundheitszustand zu fragen."
He is in Frankriek tohuus.,Er ist zu Hause in Frankreich.
Sett ehr keen Grappen in ’n Kopp.,Setz ihr keine Flausen in den Kopf.
"Du schusst man na Huus gahn, ehr dat düüster warrt.","Du solltest nach Hause gehen, bevor es dunkel wird."
We hebbt grade teemlich veel to doon.,Wir sind gerade ziemlich beschäftigt.
We hebbt grade teemlich veel to doon.,Wir haben gerade ziemlich viel zu tun.
De Wulken warrt düüsterer.,Die Wolken werden schwärzer.
Mike hett twee Fründinnen.,Mike hat zwei Freundinnen.
"He hett twee Süstern, de all beid in Kyoto leevt.","Er hat zwei Schwestern, die alle beide in Kyoto leben."
Ik heff meist nix kregen.,Ich habe fast nichts bekommen.
Ik harr nix mit ehr to doon.,Ich hatte nichts mit ihr zu tun.
Kannst du en Peerd rieden?,Kannst du ein Pferd reiten?
Wat hest du dor denn mit vör?,Was hast du denn damit vor?
Wi wullen geern en Sofa köpen.,Wir würden gerne ein Sofa kaufen.
Tee sünner Ies.,Tee ohne Eis.
He weer lieks achter mi.,Er war direkt hinter mir.
De Mann besöcht Moskau.,Der Mann besucht Moskau.
Woveel köst de Wuddeln?,Wie viel kosten die Möhren?
He hett ehr en Hund köfft.,Er hat ihr einen Hund gekauft.
Ik mag helle Klören.,Ich mag helle Farben.
Dat Speel is wegen Regen afseggt worrn.,Das Spiel wurde wegen des Regens abgesagt.
Wi bliebt bi uns Unkel.,Wir bleiben bei unserem Onkel.
Ik will mit di utgahn.,Ich möchte mit dir ausgehen.
"Wenn du dat nächste Maal bi mi kummst, denn wies ik di dat Book.","Wenn du das nächste Mal zu mir kommst, zeige ich dir das Buch."
Op dat Schild steiht „Utgang“.,"Auf dem Schild steht ""Ausgang""."
En Botterlicker is en utwussen Ruup.,Ein Schmetterling ist eine erwachsene Raupe.
Dat maakt mi neeschierig.,Das macht mich neugierig.
Du bruukst diene Schoh nich uttrecken.,Du brauchst deine Schuhe nicht auszuziehen.
"Ik gah op ’n Ball, ook wenn di dat nich gefallt.","Ich werde auf den Ball gehen, auch wenn dir das nicht gefällt."
Politik röögt em nich an.,Politik lässt ihn kalt.
Passt di dat?,Passt dir das?
Se küsst em.,Sie küsst ihn.
Ehr Huud is so witt as Snee.,Ihre Haut ist so weiß wie Schnee.
Dor schall ik Tom und Ria nich bi helpen.,Ich soll Tom und Maria nicht dabei helfen.
"Nee, Dank ok.","Nein, vielen Dank."
Ik heff den Satz ännert un bedanke mi.,Ich habe den Satz geändert und bedanke mich.
Du büs en laigen Jungen.,Du bist ein böser Junge.
He tekent lieke Lienen.,Er zeichnet gerade Linien.
Vonmorgen hett dat bi uns sneet.,Heute Morgen hat es bei uns geschneit.
Wo groot schall de Koken denn wesen?,Wie groß soll der Kuchen denn sein?
Mien Hobby is Inköpen.,Mein Hobby ist shoppen.
De Dezember hett eenundörtig Daag.,Der Dezember hat einunddreißig Tage.
De Dezember hett eenundörtig Daag.,Der Dezember hat 31 Tage.
"Dat is en kolen Dag, also knööp dien Mantel to.","Es ist ein kalter Tag, also knöpf deinen Mantel zu."
Hest du keen Aptiet?,Hast du keinen Appetit?
Ik heff dat Schild nich sehn.,Ich habe das Schild nicht gesehen.
"Och je, den Dummbüdel harr ik vergeten!","Ach ja, den Blödmann hatte ich vergessen!"
He speelt geern Football.,Er spielt gerne Fußball.
"De Präsident weer wiss, dat dat en Krieg geven schull.","Der Präsident war sicher, dass es Krieg geben würde."
"Nehm, wat du wullt.","Nimm, was du willst."
"Ik weet nich, worüm Tom keen Fleesch itt.","Ich weiß nicht, warum Tom kein Fleisch isst."
Een deed mi von achtern packen.,Jemand packte mich von hinten.
Se deed jümmer froh opkamen.,Sie stand immer früh auf.
Wat is dien leevst Bedrievssysteem?,Was ist dein liebstes Betriebssystem?
"Ik frei mi, dat di de Satz gefallt.","Ich freue mich, dass dir der Satz gefällt."
„Worüm hest du dat nich mookt?“ – „Wiel ik Fever harr.“,„Warum hast du das nicht gemacht?“ – „Weil ich Fieber hatte.“
"Se is bang, Geld to verleren.","Sie hat Angst, Geld zu verlieren."
Oh! Ik kenn den Mann.,Oh! Ich kenne den Mann.
De Feern sünd vörbi.,Die Ferien sind jetzt vorbei.
Eerdfarken graavt op de Söök na Foder.,Erdferkel graben auf der Suche nach Nahrung.
Dit Hotel is beter as dat Hotel.,Dieses Hotel ist besser als jenes Hotel.
Se höllt ehr Baby in ’e Arms.,Sie hält ihr Baby in den Armen.
"Wies mi, woneem du Wehdaag hest.","Zeigen Sie mir, wo Sie Schmerzen haben."
"Ik heff nich noog Kraft, den Steen to lüchten.","Ich habe nicht genügend Kraft, den Stein zu heben."
Ik bün Klock teihn wedder dor.,Ich werde um zehn Uhr wiederkommen.
"Dat is gediegen, dat uns nüms kennt.","Es ist komisch, dass uns niemand kennt."
Wo in Japan büst du henföhrt?,Wohin in Japan bist du gefahren?
De Mann hett Brood eten.,Der Mann hat Brot gegessen.
Wi maakt ut Melk Kees un Botter.,Wir machen aus Milch Käse und Butter.
Gau harrn wi all Woren verköfft.,Schnell hatten wir alle Waren verkauft.
Gau harrn wi all Woren verköfft.,Schnell haben wir alle Waren verkauft.
Höörst du mi to?,Hörst du mir zu?
In dissen Laden warrt keen Alkohol verköfft.,In diesem Laden wird Alkohol nicht verkauft.
In dissen Laden warrt keen Alkohol verköfft.,In diesem Laden wird kein Alkohol verkauft.
Dat hett Taro Akagawa schreven.,Das hat Taro Akagawa geschrieben.
Wi seilt Maandag na San Francisco.,Wir segeln am Montag nach San Francisco.
Gefallt di San Francisco?,Gefällt dir San Francisco?
He keem na twee Daag trügg.,Er kam nach zwei Tagen zurück.
"Wenn ik dit Leed höör, denn denk ik an di un miss di.","Wenn ich dieses Lied höre, denke ich an dich und vermisse dich."
He hett sik en Stoot verpuust.,Er hat sich einen Moment ausgeruht.
"Wenn dien Tung swart warrt, schusst du woll lever na ’n Dokter gahn.","Wenn deine Zunge schwarz wird, solltest du wohl lieber einen Arzt aufsuchen."
De Laden verköfft Grööntüüg.,Der Laden verkauft Gemüse.
Ik heff Mattias in Spanien drapen.,Ich habe Mathias in Spanien getroffen.
De Jöögd in uns Land hett keen Intress an Politik.,Die Jugend in unserem Land hat kein Interesse an Politik.
Kann ik helpen?,Kann ich helfen?
Du büst temlich plietsch.,Du bist sehr pfiffig.
De Sünn schient an ’n Dag.,Die Sonne scheint tagsüber.
"Worüm hett mi keeneen seggt, wat ik doon schall?","Warum hat mir niemand gesagt, was ich tun soll?"
He sütt en beten mööd ut.,Er sieht etwas müde aus.
He sütt en beten mööd ut.,Er sieht ein bisschen müde aus.
Denk dor över na.,Denk darüber nach.
De Straat is glitschig.,Die Straße ist glitschig.
Allens Gode hett en Enn.,Alles Gute hat ein Ende.
De Scharrkatt trünnelt en Mestboll na sien Lock.,Der Mistkäfer rollt eine Dungkugel in sein Loch.
Dat musselt al den ganzen Dag.,Es nieselt bereits den ganzen Tag.
He hett en Weltreis maakt.,Er hat eine Weltreise gemacht.
Woneem weren ji?,Wo wart ihr?
He will ehr geern wedder drapen.,Er will sie gerne wieder treffen.
Worüm blarrst du?,Wieso heulst du?
He is kaputt un ik ook.,"Er ist erschöpft, und ich auch."
Kees lett sik licht mit ’t Mest snieden.,Käse lässt sich leicht mit dem Messer schneiden.
Mien Sünnbrand deit weh.,Mein Sonnenbrand tut weh.
"Ik weet nich, wo ik na em seuken schall.","Ich weiß nicht, wo ich nach ihm suchen soll."
Ik kenn em.,Ich kenne ihn.
Hör op to sabbeln un fang an to arbeiden!,Hör auf zu reden und fang an zu arbeiten!
De Kist is leddig.,Die Kiste ist leer.
Tom wöör buten.,Tom war draußen.
Ik heff en Leed för di schreven.,Ich habe ein Lied für dich geschrieben.
Se störven för de Freeheid.,Sie starben für die Freiheit.
"Ik harr geern, dat du dit Book leest.","Ich möchte, dass du dieses Buch liest."
Siene beiden Süstern sünd smuck.,Seine Schwestern sind sind alle beide hübsch.
Wat maakt ji?,Was macht ihr?
Wat maakt ji?,Was tut ihr?
Wullt du mit uns Football spelen?,Willst du mit uns Fußball spielen?
"Se wull nich, dat he de Kinner verpimpelt.","Sie wollte nicht, dass er die Kinder verzärtelt."
In wat för en Johr is Amerika opdeckt worrn?,In welchem Jahr wurde Amerika entdeckt?
Ik heff hiut nacht nich slapen.,Ich habe heute Nacht nicht geschlafen.
De sünd jümmer so laat...,Die verspäten sich immer so!
En Japaner harr sowat nich seggt.,Ein Japaner hätte so was nicht gesagt.
Ik bün de Köning von de Welt!,Ich bin der König der Welt!
’Keen hett disse Gedichten schreven?,Wer hat diese Gedichte geschrieben?
He nöhm den Hoot af.,Er nahm den Hut ab.
Se is sien Fründin.,Sie ist seine Freundin.
Ööl dat Fohrrad.,Öle dieses Fahrrad.
He deed siene natten Klamotten an ’t Füür drögen.,Er hat seine nassen Kleider am Feuer getrocknet.
Se sünd Christen.,Sie sind Christen.
Hebbt ji en Landkoort?,Habt ihr eine Landkarte?
Häng den Mantel an ’n Haken.,Häng den Mantel an den Haken.
"Sarah, kannst du de Finsterluken dichtmaken?","Sarah, kannst du die Fensterläden zumachen?"
Ann speelt faken Tennis na de School.,Ann spielt oft nach der Schule Tennis.
"He meen, dat he al op Hawaii wesen is.","Er meinte, er sei bereits auf Hawaii gewesen."
Woneem wahnt he?,Wo lebt er?
Woneem wahnt he?,Wo wohnt er?
’Keen hett den Appel stahlen?,Wer hat den Apfel gestohlen?
Mien Huus hett twee Treppen.,Mein Haus hat zwei Treppen.
Wat is de Oorsaak?,Was ist die Ursache?
He schall sik echt frein.,Er wird sich echt freuen.
Hest du mi vermisst?,Hast du mich vermisst?
He deed nienich mit sien Spood dickdoon.,Er prahlte nie mit seinem Erfolg.
He harr sik en bruukten Wagen köpen schullt.,Er hätte sich einen Gebrauchtwagen kaufen sollen.
"Wenn du en Stift bruukst, lehn ik di een.","Wenn du einen Stift brauchst, leihe ich dir einen."
En Weetfroo harr twee Döchter.,Eine Witwe hatte zwei Töchter.
Worüm fraagst du nich dien Lehrer üm Raad?,Warum fragst du nicht deinen Lehrer um Rat?
Dat Kind deed en Katt straken.,Das Kind streichelte eine Katze.
"Ik heff ehr seggt, wat to doon is.","Ich habe ihr gesagt, was zu tun ist."
Ik tööv al Stünnen.,Ich warte schon seit Stunden.
Ik bün ganz tofreden mit di.,Ich bin ganz zufrieden mit dir.
He is en poor Maal in Europa wesen.,Er war mehrere Male in Europa gewesen.
Drinkst du Kaffe?,Trinkst du Kaffee?
He leed den Kopp op dat Küssen.,Er legte den Kopf auf das Kissen.
Se hett dree Johr brummt.,Sie hat drei Jahre eingesessen.
Is Tom hiut in de School wäsen?,War Tom heute in der Schule?
He weer so fründlich uns to helpen.,"Er war so freundlich, uns zu helfen."
Höör dor mit op!,Hör damit auf!
Elkeen deed sien Idee tostimmen.,Jeder stimmte seiner Idee zu.
Se hebbt veel verpasst.,Sie haben viel verpasst.
Mama lett mi faken in ’n Supermarkt inköpen.,Mama lässt mich oft im Supermarkt einkaufen.
Ik wüss nich woneem ik hengahn schull.,"Ich wusste nicht, wohin ich gehen soll."
Ik heff em tofällig op de Straat drapen.,Ich hab ihn zufällig auf der Straße getroffen.
Dat is ook wohr.,Das ist auch wahr.
Toletzt hebbt wi den Topp von ’n Fuji raakt.,Schließlich erreichten wir die Spitze des Fuji.
Godd hett ehr en smuck Gesicht un en söte Stimm geven.,Gott hat ihr ein hübsches Gesicht und eine süße Stimme gegeben.
Mien neet Kleed is rood.,Mein neues Kleid ist rot.
Du bruukst di dor keen Sorgen över to maken.,Darüber brauchst du dir keine Sorgen machen.
Ik harr vergangen Nacht en gresigen Droom.,Ich hatte letzte Nacht einen schrecklichen Traum.
Ik harr vergangen Nacht en gresigen Droom.,Ich hatte letzte Nacht einen furchtbaren Traum.
"Dat höört glieks op to sneen,denn warrt dat Weder wedder beter.","Es hört gleich auf zu schneien, dann wird das Wetter wieder besser."
He plöget ne graode Fuor.,Er pflügt eine gerade Furche.
He plöget ne graode Fuor.,Er ist geradlinig.
"Ik heff nich wullt, dat dit geböhrt.","Ich habe nicht gewollt, dass das passiert."
To Göttwust höört jümmer ook Kartuffeln to.,Zu Grützwurst gehören immer Kartoffeln dazu.
Se kann sowat nich seggt hebben.,Sie kann sowas nicht gesagt haben.
Se kann sowat nich seggt hebben.,Sie kann so etwas nicht gesagt haben.
"Fraag ehr, wat se inköfft hett.","Frag sie, was sie eingekauft hat."
Worüm heff ik dat nich sehn?,Warum habe ich das nicht gesehen?
Ik kaam.,Ich komme.
De Diutschen drinken giern Bier.,Die Deutschen trinken gerne Bier.
Ik gah mit di bet na ’n Bahnhoff.,Ich begleite dich bis zum Bahnhof.
"Wi hebbt dat noch wedder versöcht, aver kunnen dat nich doon.","Wir versuchten es noch einmal, aber konnten es nicht tun."
Miene Süster speelt mit Poppen.,Meine Schwester spielt mit Puppen.
"Ik warr so doon, as of ik dat nich sehn heff.","Ich werde so tun, als hätte ich es nicht gesehen."
In ’t Schummerlicht weer ehr Gesicht nich düüdlich to kennen.,Im dämmrigen Licht war ihr Gesicht nicht deutlich zu sehen.
Ik kann nich ahn di leven.,Ich kann nicht ohne dich leben.
Ik kann nich ahn di leven.,Ich kann ohne dich nicht leben.
Ik kann nich ahn di leven.,Ohne dich kann ich nicht leben.
Wi fleegt över de Wulken.,Wir fliegen über den Wolken.
"To, to, seed de Voss to ’n Hasen, höörst du nich den Jäger blasen?","Auf, auf, sprach der Fuchs zum Hasen, hörst du nicht den Jäger blasen?"
Wi all wüllt winnen.,Wir alle wollen gewinnen.
He hett en Hümpel Geld op de Bank.,Er hat einen Haufen Geld auf der Bank.
He hett en Hümpel Geld op de Bank.,Er hat eine Menge Geld auf der Bank.
Ik heet Wang Jiaming.,Ich heiße Wang Jiaming.
Ik heff en Visum.,Ich habe ein Visum.
Ik eet geern Beern.,Ich esse gerne Birnen.
He is dat Gesett.,Er ist das Gesetz.
Wi bööt noch mit Köhlen.,Wir heizten noch mit Kohle.
’Keen is dor Schuld an?,Wer ist schuld daran?
Kinner sünd en Segen.,Kinder sind ein Segen.
Ik kaam ut Saitama.,Ich komme aus Saitama.
Ik kaam ut Saitama.,Ich komme aus der Stadt Saitama.
Disse Hunnen sünd groot.,Diese Hunde sind groß.
"Wenn se keen Brood hebbt, denn laat jem doch Koken eten!","Wenn sie kein Brot haben, dann sollen sie eben Kuchen essen!"
"Wenn se keen Brood hebbt, denn laat jem doch Koken eten!","Wenn sie kein Brot haben, sollen sie halt Kuchen essen."
He maal sien Fohrrad rood an.,Er malte sein Fahrrad rot an.
Ik eet en Gurk.,Ich esse eine Gurke.
He quatert gau.,Er spricht schnell.
"He is nich sau dum, äs he uutsüt.","Er ist nicht so dumm, wie er aussieht."
Se hett en gesund Baby kregen.,Sie hat ein gesundes Baby geboren.
Se hett en gesund Baby kregen.,Sie hat ein gesundes Kind zur Welt gebracht.
Ik mag keeneen von de twee.,Ich mag keinen der beiden.
Wo lang schall dat so duren?,Ungefähr wie lange soll das so dauern?
Beter en Luus in ’n Kohl as gorkeen Fett.,"Besser eine Laus im Kohl, als gar kein Fett."
"Se fröög mi, woveel Spraken ik snack.","Sie fragte mich, wie viele Sprachen ich spräche."
Wi sünd alltohoop föffteihn Lüüd.,Wir sind insgesamt fünfzehn Personen.
Wo kickst du na?,Wonach schaust du?
Wi sünd dat Volk.,Wir sind das Volk.
Ik hör nie wat.,Ich höre nie etwas.
Ik heff man een Wunsch.,Ich habe nur einen Wunsch.
De Schoh sünd to lütt.,Die Schuhe sind zu klein.
"Mi maakt dat blied, wenn ik Geld för Böker utgeven kann.","Mich macht das glücklich, wenn ich Geld für Bücher ausgeben kann."
Lincoln hett de Wahl wunnen.,Lincoln gewann die Wahl.
He deed noch wedder fragen.,Er wiederholte seine Frage.
Woneem hebbt ji Düütsch lehrt?,Wo haben Sie Deutsch gelernt?
"He seggt, he kennt di.","Er sagt, er kenne dich."
Wi hebbt twee Kassbeerbööm in uns Goorn.,Wir haben zwei Kirschbäume in unserem Garten.
Wat hett Tom över mi seggt?,Was hat Tom über mich gesagt?
He hett uns en smucken Hoot wiest.,Er zeigte uns einen hübschen Hut.
’Keen schall ik dat mellen?,Wem soll ich das melden?
Se kuhlt en Lock ut.,Sie graben ein Loch.
"Nee, gornich.","Nein, gar nicht."
Ik müss ünner ’n Boom schulen gahn vör ’n Regen.,"Ich musste unter einen Baum gehen, um mich vor dem Regen zu schützen."
"Ik wull em an sien Arbeidssteed besöken, aver kunn nich.","Ich wollte ihn an seinem Arbeitsplatz besuchen, aber konnte nicht."
"Ik heff gornich wusst, dat ji ook Japaansch lehrt.","Ich habe gar nicht gewusst, dass Sie auch Japanisch lernen."
Ik heff al lang nix mehr von em höört.,Ich habe schon lange nichts mehr von ihm gehört.
"As ik vonmorgen opkamen bün, harr ik Koppwehdaag.","Als ich heute Morgen aufgestanden bin, hatte ich Kopfschmerzen."
Hest du dat nich wüsst?,Hast du das nicht gewusst?
"Wo Licht is, is ook Schadden.","Wo Licht ist, ist auch Schatten."
"He is en kloken Jung, ganz wiss.","Er ist ein kluger Junge, ganz gewiss."
In Japan fangt dat Schooljohr in ’n April an.,In Japan beginnt das Schuljahr im April.
Ik heff en Picasso köfft.,Ich habe einen Picasso gekauft.
Ik mag Kummedies.,Ich liebe Komödien.
Hebbt ji dat op Lager?,Haben Sie das auf Lager?
Wullt du noch wat Tee?,Möchtest du noch etwas Tee?
De Klock geiht een Minuut vör.,Die Uhr geht eine Minute vor.
"Nehm diene suddeligen Poten von mi weg, du Basterd!","Nimm deine dreckigen Griffel von mir, du Bastard!"
En Peerd hett Tom träden.,Ein Pferd hat Tom getreten.
Datt Wicht sütt gaut ut.,Das Mädchen ist schön.
De Schauspeler hett en grote Jacht.,Der Schauspieler hat eine große Jacht.
"Dat kann angahn, dat dat sneet.","Es könnte sein, dass es schneit."
Se wüllt riek warrn.,Sie wollen reich werden.
Büst du je vun dien Hund beten worrn?,Wurdest du je von deinem Hund gebissen?
Dat Kind hett de Katt bi ’n Steert kregen.,Das Kind erwischte die Katze am Schwanz.
Ik schriev jeden Dag in mien Dagbook.,Ich schreibe jeden Tag in mein Tagebuch.
Ik will stracks mit mien Avkaat snacken.,Ich will sofort meinen Anwalt sprechen.
Se hett em op ’n Vörkopp küsst.,Sie hat ihn auf die Stirn geküsst.
"Gah nich na buten, dat regent.","Gehe nicht nach draußen, es regnet."
"Dat is nödig, de Regeln to folgen.",Die Regeln müssen befolgt werden.
Sien Slips passt good to sien Antog.,Seine Krawatte passt gut zu seinem Anzug.
Dat stimmt.,Das stimmt.
Stimmt dat?,Stimmt das?
"Dat is swoor, en Vagel to drepen, de flüggt.","Es ist schwierig, einen fliegenden Vogel zu treffen."
Dat is doch allens Weeswark.,Das ist doch alles Wissenschaft.
Se möök veel Sucker in ’n Kaffe.,Sie gab viel Zucker in den Kaffee.
Villicht schull ik Düütsch lehren.,Vielleicht sollte ich Deutsch lernen.
"Wat heff ik mi verjaagt, as opmaal een achter mi stünn!","Was habe ich mich erschreckt, als plötzlich jemand hinter mir stand."
Wies mi noch en Bispeel.,Zeig mir noch ein Beispiel.
Wies mi noch en Bispeel.,Zeig mir ein weiteres Beispiel.
Wies mi noch en Bispeel.,Gib mir noch ein Beispiel.
Do dien Hart apen.,Öffne dein Herz.
Ik seh en Book.,Ich sehe ein Buch.
"Is di dat sworfallen to seggen, wo dull leef du mi hest?","Ist es dir schwergefallen zu sagen, wie sehr du mich liebst?"
Wo dull dat blaast!,Wie das bläst!
„Woneem wullt du giern arbeiden?“ – „In Australien.“,„Wo möchten Sie gerne arbeiten?“ – „In Australien.“
Ik bün na ’n Putzbüdel wesen.,Ich war beim Friseur.
Ik bün mit mien Wagen na Erfurt föhrt.,Ich fuhr mit meinem Auto nach Erfurt.
Mit Eliana snacken is as wenn een mit en Wand snackt.,"Mit Eliana zu sprechen ist so, als wenn du mit einer Wand sprichst."
He is dor von de Rebellers angrepen worrn.,Er wurde dort von den Rebellen attackiert.
Wi hebbt ehr in de Minschenmeng ut de Ogen verloren.,Wir haben sie in der Menschenmenge aus den Augen verloren.
Wat för en Film hebbt ji keken?,Welchen Film habt ihr angeschaut?
Wat för en Film hebbt ji keken?,Was für einen Film habt ihr angeschaut?
De sture Held wull winnen oder doodblieven.,Der stolze Held wollte entweder siegen oder sterben.
Spinoza weer en Pantheist.,Spinoza war ein Pantheist.
Kann ik ook to Foot kamen?,Kann ich auch zu Fuß kommen?
"Japaners, weest spreeksch!","Japaner, seid gesprächig!"
Ik seh den Hund meist elk Dag.,Ich sehe den Hund fast jeden Tag.
"Tom un Ria säen, dat se dat nich mihr dröfft.","Tom und Maria sagten, sie dürften das nicht mehr."
Dat schall üm un bi föffteihn Dollar kösten.,Es wird ungefähr fünfzehn Dollar kosten.
Se sitt bi em.,Sie sitzt bei ihm.
En Magnet tücht Iesen an.,Ein Magnet zieht Eisen an.
Tom hett mi verstahn.,Tom hat mich verstanden.
Kummst du mit?,Kommst du mit?
Sit ut vi Latien iss et aver net.,"Sieht aus wie Latein, ist es aber nicht."
He is jüst trüggkamen.,Er ist gerade zurückgekommen.
"Dat hett nich lang duurt, dat Radels to lösen.","Es hat nicht lange gedauert, das Rätsel zu lösen."
Se löövt an en Leven na ’n Dood.,Sie glauben an ein Leben nach dem Tod.
He peddt den Padd langs.,Er läuft den Pfad entlang.
Ik slo en Ännerung vör.,Ich schlage eine Änderung vor.
He is Tennisspeler.,Er ist Tennisspieler.
He is Tennisspeler.,Er ist ein Tennisspieler.
Good is uns nich good noog.,Gut ist uns nicht gut genug.
Köönt ji dat noch wedder maken?,Könnt ihr das noch mal machen?
Ik maak den Afwasch.,Ich wasche ab.
He is grötter as ik.,Er ist größer als ich.
Dor sitt en Monster ünner mien Bedd.,Da ist ein Ungeheuer unter meinem Bett.
De Hund deit di nix.,Der Hund tut dir nichts.
Opmaal höllen miene Fööt an.,Plötzlich hielten meine Füße an.
"Opmaal deed de Prinz marken, dat sien Lievwacht nich mehr an sien Sied weer.","Plötzlich bemerkte der Prinz, dass sein Leibwächter nicht mehr an seiner Seite war."
"Dat speelt keen Rull, wat se seggt hett.","Es spielt keine Rolle, was sie gesagt hat."
"Nadat ik TV keken harr, güng ik na Bedd.","Nachdem ich Fernsehen geschaut habe, ging ing ins Bett."
Von Kaffe ahn Melk krieg ik Soorbrennen.,Von Kaffee ohne Milch bekomme ich Sodbrennen.
Ut disse Rupp warrt maal en smucken Botterlicker.,Aus dieser Raupe wird einmal ein schöner Schmetterling.
Disse Klub hett föfftig Maten.,Dieser Klub hat fünfzig Mitglieder.
Mi drüppt de Sweet dal.,Mir tropft der Schweiß herunter.
Wat för Ennsülven hett dit Verb in de Nutied?,Welche Endungen hat dieses Verb in der Gegenwart?
Ik heff twee Bröder un een Süster.,Ich habe zwei Brüder und eine Schwester.
Se is en Kopp lütter as ik.,Sie ist einen Kopf kleiner als ich.
Dat Poppeer is witt.,Das Papier ist weiß.
Dat Huus is verköfft worrn.,Das Haus wurde verkauft.
Dat Huus is verköfft worrn.,Das Haus wurde gekauft.
Büst du mall worrn?,Bist du verrückt geworden?
Ik bün nich mehr bang.,Ich habe keine Angst mehr.
Wi bruukt Geld.,Wir brauchen Geld.
Se is bang vör Katten.,Sie hat Angst vor Katzen.
"Wenn ik wat nich utstahn kann, denn is dat, de Huusslötels to verleren.","Wenn ich eins hasse, ist es, die Hausschlüssel zu verlieren."
Kannst du dat noch wedder seggen?,Kannst du das noch einmal sagen?
Wat för en Farv hebbt de Wannen in joon Kamer?,Welche Farbe haben die Wände in eurem Zimmer?
Dat hebbt wi hatt.,Die Sache ist gelaufen.
He steiht froh op.,Er steht früh auf.
Swemm nich in ’n Diek.,Schwimme nicht im Teich.
De Söcken rüükt slecht.,Die Socken stinken.
Ik kunn em kuum hören.,Ich konnte ihn kaum hören.
He is depressiv.,Er ist depressiv.
Haal mi hier rut.,Hol mich hier raus.
Un se röögt sik doch!,Und sie bewegt sich doch!
Tom nömde Ria en Dummbüdel.,Tom bezeichnete Maria als Idiotin.
Maak dat so as ik di dat segg.,"Mach es so, wie ich es dir sage."
Wo lang sünd ji al in ’t Butenland?,Wie lange seid ihr schon im Ausland?
He is jümmer twüschen Klock fiev un söss hier.,Er ist immer zwischen 5 und 6 Uhr hier.
Se hett jo weckt.,Sie hat euch geweckt.
"Mi dücht, dat he di nich helpen kann.","Ich denke, dass er dir nicht helfen kann."
Ik heff toveel slapen.,Ich habe zu viel geschlafen.
Dat heff ik würklich nich von di verwacht.,Das habe ich wirklich nicht von dir erwartet.
Worüm bruukst du Lüttgeld?,Warum brauchst du Kleingeld?
"He hett so dull afnahmen, dat du em nich mehr kennen warrst.","Er hat so stark abgenommen, dass du ihn nicht mehr erkennen wirst."
Dat is joon Huus.,Das ist euer Haus.
In dat Kleed sütt se smuck ut.,In dem Kleid sieht sie hübsch aus.
"Sogoor en Kind weet, wat dat heet, keen Frünnen to hebben.","Selbst ein Kind weiß, was es bedeutet, keine Freunde zu haben."
"Ik heff de Opgaav kregen, dat Büro reintomaken.","Mir wurde die Aufgabe zugeteilt, das Büro zu putzen."
Ik heff mien Plaans opgeven.,Ich habe meine Pläne aufgegeben.
Wat is ut sien Hund worrn?,Was ist aus seinem Hund geworden?
All Sucker is sööt.,Jeder Zucker ist süß.
"Pass op, wat du deist!","Pass auf, was du tust!"
"Pass op, wat du deist!","Gib acht, was du tust!"
Snack nich so luud!,Sprich nicht so laut!
Wo ja ook nix gegen sprickt.,Wogegen ja auch nichts spricht.
Mien leevsten Sport is Football.,Mein Lieblingssport ist Fußball.
Mien leevsten Sport is Football.,Mein liebster Sport ist Fußball.
Ik verstah dat nich.,Ich verstehe es nicht.
Se hebbt mi behannelt as so ’n Kind.,Sie haben mich wie ein kleines Kind behandelt.
"Tom will weten, worüm ji dat doon hebbt.","Tom möchte wissen, warum ihr das getan habt."
Wi hebbt över jo snackt.,Wir haben über euch geredet.
Se harr en smucke Popp.,Sie hat eine hübsche Puppe.
Ik heff elk Book in de Bibliotheek leest.,Ich habe jedes Buch in der Bibliothek gelesen.
He is na Grootbritannien gahn.,Er ist nach Großbritannien gegangen.
’Keen höört disse Kuffer hier to?,Wem gehört dieser Koffer hier?
Tom harr en goden Lehrer.,Tom hatte einen guten Lehrer.
Verwessel nich en Komeet mit en Asteroid.,Verwechsle nicht einen Kometen mit einem Asteroiden.
Ria hett teemlich lange Hoor.,Maria hat sehr langes Haar.
He maakt geern ut en Mügg en Elefant.,"Er liebt es, aus einer Mücke einen Elefanten zu machen."
Tom hett den Verstand verloren.,Tom hat den Verstand verloren.
Tom is nich kamen un Jane ook nich.,"Tom ist nicht gekommen, und Jane auch nicht."
Sien Huus is för teihndusend Dollar verköfft worrn.,Sein Haus wurde für zehntausend Dollar verkauft.
Ik föhr mit di mit.,Ich fahre mit dir mit.
Se sint bange vüör em.,Sie haben Angst vor ihm.
De Schandarm weer duun.,Der Polizist war besoffen.
Sünd dat dien?,Gehören die dir?
He hett den helen Appel opeten.,Er aß den ganzen Apfel.
"Wat höllst du dor von, wenn wi vonavend buten eet?","Was hältst du davon, wenn wir heute Abend draußen essen?"
Worüm hest du ophöört?,Warum hast du aufgehört?
All disse Böker höört mi to.,Alle diese Bücher gehören mir.
Keeneen versteiht mi.,Niemand versteht mich.
Woveel Blomen hest du köfft?,Wie viele Blumen hast du gekauft?
Smöök nich to veel.,Rauch nicht zu viel.
De Rosen in ’n Goorn blöht.,Die Rosen im Garten blühen.
Nu wees doch nich so hibbelig.,Nun sei doch nicht so hippelig.
Dat is ehr Huus.,Das ist ihr Haus.
Se kann temlich good Tennis spelen. Ik aver ook.,"Sie kann sehr gut Tennis spielen, aber ich auch."
Miene Hand is in warm Water.,Meine Hand ist in warmem Wasser.
Dor is en Monster ünner mien Bedd.,Da ist ein Scheusal unter meinem Bett.
Dor is en Monster ünner mien Bedd.,Da ist ein Monster unter meinem Bett.
"Se schell em ut, dat he den Rasen nich meiht harr.","Sie schimpfte ihn aus, weil er den Rasen nicht gemäht hat."
He keem üm un bi Klock veer.,Er kam um etwa vier Uhr.
Hest du al fröhstückt?,Hast du schon gefrühstückt?
De Wesselkurs för butenlandsche Geldsoorten ännert sik jeden Dag.,Der Wechselkurs für ausländische Währungen ändert sich täglich.
"Se seed, dat ik dat nüms vertellen schull. Dorüm heff ik mien Mund hollen.","Sie sagte, dass ich das nirgends erzählen soll. Deshalb habe ich meinen Mund gehalten."
"Jem gefüll vör allen sien Plaan, de Stüürn daltosetten.","Ihnen gefiel vor allem sein Plan, die Steuern zu senken."
De Schriever arbeidt an sien nee Book.,Der Schreiber arbeitet an seinem neuen Buch.
"Loop, ans kummst du to laat.","Lauf, sonst verspätest du dich."
"Ik harr nich dacht, dat ik maal „Viagra“ in ’e Wikipedia nakieken schull.","Ich hätte nicht gedacht, dass ich eines Tages bei Wikipedia ""Viagra"" nachschauen würde."
Ik will di.,Ich will dich.
Worüm hest du en Pulli an?,Warum hast du einen Pulli an?
"Ik freu mi dor al up, di hiut ovend singen to heuren.","Ich freue mich schon darauf, dich heute Abend singen zu hören."
He snackt temlich goot Hebrääsch.,Er spricht sehr gut Hebräisch.
Dat warrt duller un duller.,Es wird immer heftiger.
Ik kunn veel vertellen över dat Thema...,Ich könnte viel erzählen über das Thema.
He is en övertüügt Demokraat.,Er ist ein überzeugter Demokrat.
Wannehr is de Ünnerricht vörbi?,Wann ist der Unterricht vorbei?
Ik lehr twee Frömdspraken.,Ich lerne zwei Fremdsprachen.
Ik bün ut Shizuoka.,Ich komme aus Shizuoka.
Wat weet ji dorvon?,Was wisst ihr davon?
Dat is en Noodfall.,Dies ist ein Notfall.
Ik denk an di.,Ich denke an dich.
Tom muß ganz nödig up’n Pott.,Tom musste dringend aufs Klo.
Elkeen von uns schull sien Best geven.,Jeder von uns sollte sein Bestes geben.
Wat för en fein Weder!,Was für ein schönes Wetter!
"Von em warrt seggt, dat he temlich arm is.","Von ihm wird gesagt, er sei sehr arm."
All Lüüd in dissen Ruum sünd Mannslüüd.,Alle Leute in diesem Raum sind Männer.
"Kannst du verstahn, wat he seggen will?","Verstehst du, was er sagen will?"
He möök sien Glas leddig.,Er leerte sein Glas.
Wat ’n smucke Bloom!,Was für eine schöne Blume!
Wees nich dumm.,Sei nicht dumm.
Wees nich dumm!,Sei nicht dumm!
Wat deist du dor?,Was machst du da?
Wat deist du dor?,Was tust du da?
Worüm hest du en Swien mit?,Warum hast du ein Schwein dabei?
Se lüggt!,Sie lügt!
He hett en swart Hemd.,Er hat ein schwarzes Hemd.
"Jo, ik heff dat kregen!","Ja, ich habe es bekommen!"
Nu heff ik twee Verlaavte.,Nun habe ich zwei Bräute.
"'n Lojban snackende Robotter, de to Kraftwerk-Musiek dansen deit, schüll 'n coole Saak wesen.","Ein Roboter, der Lojban spricht und zu Musik von „Kraftwerk“ tanzt, wäre eine coole Sache."
Laat ehr snacken!,Lass sie reden!
Wat hest du eten?,Was hast du gegessen?
Ik wahn in’e Neeg vun’n Diek.,Ich wohne in der Nähe vom Deich.
Ik wahn in’e Neeg vun’n Diek.,Ich wohne in der Nähe des Deiches.
Ik kenn ehr Adress.,Ich kenne ihre Adresse.
Ik heff al faken von di höört.,Ich habe oft von dir gehört.
En Elefant hett en lange Nees.,Ein Elefant hat eine lange Nase.
Ik bün trech mit em.,Ich bin fertig mit ihm.
"Kennst du den Keerl, de di ankickt?","Kennst du den Mann, der dich anschaut?"
Ut Schiet Geld maken,Aus Scheiße Geld machen.
De Schoh sünd utpeddt.,Die Schuhe sind ausgetreten.
’keen hett düssen Satz schreven?,Wer hat diesen Satz geschrieben?
Hier is en Foto von ehr.,Hier ist ein Foto von ihr.
Verlaat di nich to dull op anner Lüüd.,Verlass dich nicht zu sehr auf andere Leute.
Büst du mit düssen Ideen inverstohn?,Bist du mit diesen Ideen einverstanden?
Bi teihn Lüüd töövt.,Ungefähr zehn Leute warten.
Drinkst du Wien?,Trinkst du Wein?
"Dat hett en Stroomutfall geven, man nu is de Stroom wedder dor.","Es gab einen Stromausfall, aber jetzt ist der Strom wieder da."
"Ik maak wiede Reisen, besöök feerne Länner, do Saken, de ik noch nie daan heff.","Ich mache weite Reisen, besuche ferne Länder, mache Dinge, die ich noch nie gemacht habe."
Ik heff wat in de Slaapkamer höört.,Ich hörte etwas im Schlafzimmer.
Wat warrt op Japaansch to dit Deert seggt?,Wie heißt dieses Tier auf Japanisch?
"Man seggt, dat he temlich riek is.","Man sagt, er ist sehr reich."
Dat gröttste Teleskoop op de Welt is op de Kanaren.,Das größte Teleskop der Welt befindet sich auf den Kanaren.
Dat liggt op dat Sofa.,Es liegt auf dem Sofa.
Se hett dat Licht utmaakt.,Sie schaltete das Licht aus.
"Wi denkt, dat dat slimmste vörbi is.","Wir denken, dass das Schlimmste vorbei ist."
Uns Lehrersch sütt heel jung ut.,Unsere Lehrerin sieht sehr jung aus.
Ik heff Tom mien Fohrrad verköfft.,Ich habe mein Fahrrad an Tom verkauft.
Ik heff mi vergangen Maand verköhlt hatt.,Ich habe mich letzten Monat erkältet.
Laat em snacken!,Lass ihn reden!
Miene Tante leevt in New York.,Meine Tante lebt in New York.
Teken mi en Schaap.,Zeichne mir ein Schaf.
Opmaal güngen de Lichten ut.,Auf einmal gingen die Lichter aus.
Wat büst du för ’n utverschaamten Bengel!,Was bist du für ein unverschämter Bengel!
He is in sien Gedanken fungen.,Er ist in seinen Gedanken gefangen.
En dunen Keerl slööp op de Bank.,Ein betrunkener Mann schlief auf der Bank.
"Wo kannst du seggen, dat uns Soldaten för nix storven sünd?","Wie kannst du sagen, dass unsere Soldaten für nichts gestorben sind."
„Wo denkst du an?“ – „Ik denk an di.“,„An was denkst du?“ – „Ich denke an dich.“
„Wo denkst du an?“ – „Ik denk an di.“,„Woran denkst du?“ – „Ich denke an dich.“
He harr wat gegen Joden.,Er hat eine Abneigung gegenüber Juden.
Du hest jüst en 50-Cent-Stück verloren.,Du hast gerade ein 50-Cent-Stück verloren.
Se hett em küsst.,Sie hat ihn geküsst.
Se hett em küsst.,Sie küsste ihn.
Du kannst mi nix vörmaken!,Du kannst mir nichts vormachen!
Wi nöömt uns Hund Pochi.,Wir nennen unseren Hund Pochi.
Hest du veel drunken?,Hast du viel getrunken?
Dat Ies bröök ünner dat Wicht.,Das Eis zerbrach unter dem Gewicht.
He graavt sien egen Graff.,Er gräbt sein eigenes Grab.
To Kumfermatschoon keem veel Fründschop.,Zur Konfirmation kamen viele Verwandte.
He hett keen Huusdeerten.,Er hat keine Haustiere.
Du schasst di gau an dat Klima hier wennen.,Du wirst dich bald an das hiesige Klima gewöhnt haben.
De Bröder sünd all beid Musikers.,Die Brüder sind beide Musiker.
Un miene Hannen hebbt bevert.,Und meine Hände haben gezittert.
Dat Dack is leck.,Das Dach ist undicht.
"’T warrt seggt, dat mit de Methood von de Injakulation Mannslüüd multiple Orgasmen hebben köönt.",Angeblich ermöglicht die Methode der Injakulation Männern multiple Orgasmen.
Woneem is dat versteken?,Wo ist es versteckt?
"Bi de Rieken lehrt een sporen, bi de Armen kaken.","Bei den Reichen lernt man sparen, bei den Armen kochen."
Hest du dat Book toenn leest?,Hast du das Buch zu Ende gelesen?
Lacht ji över mi?,Lacht ihr über mich?
Büst du froh mi to drepen?,Bist du froh mich zu treffen?
Se nöhm en Taxi na ’t Krankenhuus.,Sie nahm ein Taxi zum Krankenhaus.
Woveel köst en Kamer?,Wie viel kostet ein Zimmer?
Mien Mobieltje geiht nich.,Mein Mobiltelefon geht nicht.
De Hund will rut.,Der Hund will raus.
Tom harr en poor Fragen.,Tom hatte einige Fragen.
Ik bün keen Kind mehr.,Ich bin kein Kind mehr.
Weer dat Vullmaand oder Neemaand?,War es Vollmond oder Neumond?
’Keen is Alvar Aalto?,Wer ist Alvar Aalto?
Se leevt in en lütt Dörp in England.,Sie leben in einem kleinen Dorf in England.
"Ik mag de Oord lieden, wo du smüüsterst.","Ich mag die Art, wie du lachst."
Mark hett mien Book.,Mark hat mein Buch.
"He lüggt faken, dorüm löövt em nüms.","Da er oft lügt, glaubt ihm niemand."
Ik gah elk Maand na ’n Putzbüdel.,Ich gehe jeden Monat zum Frisör.
Se slöög mit de Fuust op ’n Disch.,Sie schlug mit der Faust auf den Tisch.
Du schasst nich weddersnacken!,Du sollst nicht widerreden!
De See is ruug.,Die See ist rau.
Ik will keen Düütsch lehren.,Ich will kein Deutsch lernen.
Ned höll de Fahn hoog.,Ned hielt die Fahne hoch.
Du fraagst de verkehrte Persoon.,Du fragst die falsche Person.
Baven de 2000-Meter-Lien wasst keen Bööm.,Oberhalb der 2000-Meter-Grenze wachsen keine Bäume.
De Hund hett gau sien Knaken in ’n Goorn inbuddelt.,"Der Hund war eifrig damit beschäftigt, seinen Knochen im Garten zu vergraben."
Na ’n Storm weer de See wedder rohig.,Nach dem Sturm war die See wieder ruhig.
Wat för en lange Gurk!,Was für eine lange Gurke!
Tom föhrt nich giern mit’n Bus.,Tom fährt nicht gern mit dem Bus.
De Brügg twischen Däänmark un Sweden is meist acht Kilometer lang.,Die Brücke zwischen Dänemark und Schweden ist fast acht Kilometer lang.
He hett en witte Katt.,Er hat eine weiße Katze.
Dat hett vör een Stünn ophöört to sneen.,Es hat vor einer Stunde aufgehört zu schneien.
Ik bruuk negen Stünnen Slaap.,Ich brauche neun Stunden Schlaf.
Du dröffst nich spelen.,Du darfst nicht spielen.
Dat Baby hett en nüüdlich Gesicht.,Das Baby hat ein niedliches Gesicht.
Wüllt ji vonavend mit mi slapen?,Wollt ihr heute Abend mit mir schlafen?
"He sprüng nich hoog noog, üm en Pries to winnen.","Er sprang nicht hoch genug, um einen Preis zu gewinnen."
De Schruuv weer ganz utjackelt.,Die Schraube war ganz ausgeleiert.
"Du kannst di hensetten, wo du wullt.","Du kannst dich hinsetzen, wo du magst."
Ik heff en groten Hund.,Ich habe einen großen Hund.
Dat mööt woll Amerikaners wesen.,Das müssen wohl Amerikaner sein.
"He seggt, ik schall mit ehr na Boston föhren.","Er sagt, ich soll mit ihr nach Boston fahren."
"He seggt, ik schall mit ehr na Boston föhren.","Er sagt, dass ich mit ihr nach Boston fahren soll."
He is Baas von ’t Verkoopsafdeel.,Er ist Leiter der Verkaufsabteilung.
"He is mien Naver, man ik kenn em nich all to good.","Er ist mein Nachbar, aber ich kenne ihn nicht allzu gut."
De Vagels süngen.,Die Vögel sangen.
De Vagels süngen.,Die Vögel singen.
"Kannst du mi seggen, wo du över simmeleerst?",Kannst du mir sagen worüber du nachdenkst?
Wo smuck se is!,Wie schön sie ist!
Se hett en dick Jüdder.,Sie hat dicke Titten.
Nu weet ik dat wedder.,Jetzt fällt es mir wieder ein.
"Un op en gröne Bank, de rood anstreken weer, seet en Jungkeerl mit blonne Krüllen un pickswart Hoor.","Und auf einer grünen Bank, die rot angestrichen war, saß ein blondgelockter Jüngling mit kohlrabenschwarzem Haar."
Ik wull dat nakieken.,Ich wollte es nachschlagen.
De Vagel söch na Kevers.,Der Vogel suchte nach Käfern.
"Ik weet, woneem du wahnst.","Ich weiß, wo du wohnst."
Disse Katt is bruun.,Diese Katze ist braun.
"Wenn dat üm Mathematik geiht, is he all de annern in sien Klass över.","Wenn es um Mathematik geht, ist er in seiner Klasse allen überlegen."
Ik heff dat för di daan.,Ich habe das für dich getan.
He keem de Trepp dal.,Er kam die Treppe herunter.
Mit ehr will ik na ’t Enn von de Welt reisen.,Mit ihr möchte ich bis an das Ende der Welt reisen.
Ik will inhalen gahn.,Ich will einkaufen gehen.
De Flegerhaven weer vonwegen Daak sparrt.,Der Flughafen war auf Grund des Nebels gesperrt.
Sien Hoot seeg temlich grappig ut.,Sein Hut sieht ziemlich lustig aus.
Wüllt wi en lütten Kööm drinken?,Wollen wir noch einen kleinen Schnaps trinken?
Blee lett sik licht bögen.,Blei lässt sich einfach biegen.
Dat ji joon Geld man nich vergeet.,Vergesst euer Geld nicht.
"Ik heff en List mit Eten opstellt, dat ik nich eten dröff.","Ich habe eine Liste von Speisen erstellt, die ich nicht essen kann."
Een von mien leevste Schrievers is Herman Melville.,Einer meiner Lieblingsschriftsteller ist Herman Melville.
"Wenn ik du weer, deed ik glieks na Huus gahn.","Wenn ich du wäre, würde ich sofort heimgehen."
"Wenn ik du weer, deed ik glieks na Huus gahn.","Wenn ich du wäre, würde ich gleich nach Hause gehen."
"Wenn ik du weer, deed ik glieks na Huus gahn.",An deiner Stelle ginge ich sofort nach Hause.
He hett Botterbrood eten.,Er aß ein Butterbrot.
Robert weer siet över een Johr mit Marie verlöövt.,Robert war seit über einem Jahr mit Marie verlobt.
Ik bün so boren!,Ich bin so geboren!
Wo lang bliffst du hier?,Wie lange bleibst du hier?
Ik heff dat Bild för 20.000 Yen verköfft.,Ich habe das Bild für 20000 Yen verkauft.
Ik heff hier dörtig Johr wahnt.,Ich habe hier dreißig Jahre lang gelebt.
Ik heff hier dörtig Johr wahnt.,Ich habe hier dreißig Jahre lang gewohnt.
Ik heff hier dörtig Johr wahnt.,Ich habe hier dreißig Jahre gewohnt.
Ik heff hier dörtig Johr wahnt.,Ich habe hier dreißig Jahre gelebt.
Tom is grötter as ik.,Tom ist größer als ich.
"Ik heff gornich wüsst, dat du so good kaken kannst.","Ich wusste gar nicht, dass du so gut kochen kannst."
Ik bün jüst trüggkamen.,Ich bin gerade zurückgekehrt.
De School fangt in ’n April an.,Die Schule fängt im April an.
Ik heff dissen Sommer twee Kilo tonahmen.,Ich habe diesen Sommer zwei Kilo zugenommen.
Dissen Sommer heff ik twee Kilo tonahmen.,Diesen Sommer habe ich zwei Kilo zugenommen.
Dissen Sommer heff ik twee Kilo tonahmen.,Diesen Sommer habe ich zwei Kilogramm zugenommen.
He stell mi en Fraag.,Er stellte mir eine Frage.
Se hett en grote Dochter.,"Sie hat eine Tochter, die groß ist."
Is dat en allgemeen Bruuk in dien Land?,Ist das ein allgemeiner Brauch in deinem Land?
Se mööt vörsichtiger wesen.,Sie müssen vorsichtiger sein.
He hett mit ’n Escher en Lock utkuhlt.,Er hat mit dem Spaten ein Loch gegraben.
En Katt slöppt op ’n Stohl.,Eine Katze schläft auf einem Stuhl.
Dat Fatt is vull.,Das Gefäß ist voll.
Dat Fatt is vull.,Das Fass ist voll.
Ik will noch en Beer.,Ich möchte noch ein Bier.
Ik will noch en Beer.,Ich will noch eine Beere.
Ik will noch en Beer.,Ich will noch eine Birne.
Ik will noch en Beer.,Ich will noch einen Eber.
Ik will noch en Beer.,Ich möchte noch eine Birne.
Ik will noch en Beer.,Ich möchte noch eine Beere.
Ik will noch en Beer.,Ich möchte noch einen Eber.
Ik will noch en Beer.,Ich will noch ein Bier.
De Maand is achter de Wulken.,Der Mond ist hinter den Wolken.
Miene Huud warrt an ’e Sünn gau bruun.,Meine Haut wird in der Sonne schnell braun.
"Ik hööp, dat höört op to regen.","Ich hoffe, es hört auf zu regnen."
"Tatoeba: Sätz, Sätz un noch mehr Sätz.","Tatoeba: Sätze, Sätze und noch mehr Sätze."
"Wenn een in Room is, denn schull een dat doon, as de Römers dat doot.","Wenn man in Rom ist, sollte man sich wie ein Römer verhalten."
Dt geiht di nix an.,Das geht dich nichts an.
Dat rückt lecker! Wat kaakst du jüst?,Das riecht ja lecker! Was kochst du gerade?
"Ik weet, wat ik seggt heff.","Ich weiß, was ich gesagt habe."
Tom is in’t Kino inslopen.,Tom ist im Kino eingeschlafen.
Dat Fröhstück is trech.,Das Frühstück ist fertig.
"Wenn du de Schäuhe nich wutt smeren, sau kannst du den Schauster den Büel smeren.","Wenn du die Schuhe nicht pflegen willst, so pflegst du des Schusters Geldbeutel."
Wat maakst du denn dor för en Narrnkraam?,Was machst du denn da für einen Blödsinn?
Ik bün mit mien Lohn tofreden.,Ich bin mit meinem Gehalt zufrieden.
Ik bün mit mien Lohn tofreden.,Ich bin mit meinem Lohn zufrieden.
Dat is mi schietegal.,Das ist mir völlig egal.
Dat is mi schietegal.,Das ist mir scheißegal.
Wi hebbt dat Shampoo opbruukt.,Wir haben das Shampoo aufgebraucht.
Dat warrt bilütten Nacht.,Es wird langsam Nacht.
"Ik hööp, mien Baas stimmt mien Plaan to.","Ich hoffe, mein Chef stimmt meinem Plan zu."
He hett dat för Geld maakt.,Er hat das für Geld gemacht.
Du büst en beten besett.,Du bist ein bisschen dick.
Du büst en beten besett.,Du bist ein bisschen hüftig.
Disse Kamer kriggt nich veel Sünn af.,Dieses Zimmer bekommt nicht viel Sonne ab.
De Kever is dörstig.,Der Käfer ist durstig.
Use Scheff heff en Överkoppbildsmieter köfft.,Unser Chef hat einen Tageslichtprojektor gekauft.
Se deed in ’n Bus blangen em sitten.,Sie saß neben ihm im Bus.
Dat weer temlich knapp.,Es war sehr knapp.
Latien is en dode Spraak.,Latein ist eine tote Sprache.
Do dat noch wedder.,Mach es noch einmal.
"Segg mi, worüm as du mi bi ’n Schoolmeester anscheten hest.","Sag mir, warum du mich beim Lehrer verpetzt hast."
Kan ik met di kwatern?,Kann ich mit dir schwatzen?
De beiden weren unbannig riek.,Die beiden waren extrem reich.
Loos!,Los!
Sünd ji inverstahn?,Seid ihr einverstanden?
Büst du mit dien Utsehn tofreden?,Bist du mit deinem Aussehen zufrieden?
Dat Baby deed sien Mund apen.,Das Baby öffnete seinen Mund.
So gau as en Plinken.,So schnell wie ein Blinzeln.
Ik lööp för mien Leven.,Ich lief um mein Leben.
Dat Taxi hett twee Fohrgäst afhaalt.,Das Taxi holte zwei Fahrgäste ab.
De Schaap graast op de Weid.,Die Schafe grasen auf der Weide.
Nu mag ik keen Beer.,Jetzt mag ich kein Bier.
In ’n Harvst warrt dat Loov rood un geel.,Im Herbst wird das Laub rot und gelb.
Mi gefallt de Klöör Geel.,Mir gefällt die Farbe Gelb.
De Kaffe smeckt gresig.,Der Kaffee schmeckt scheußlich.
Tom un Ria seukt ehr Söhn.,Tom und Maria suchen ihren Sohn.
He arbeidt bi en Bank.,Er arbeitet bei einer Bank.
Doot wi dat!,Tun wir's!
Worüm weenst du?,Wieso weinst du?
Worüm weenst du?,Warum weinst du?
"Se seden, dat de Lagerkösten to hoog weren.","Sie sagten, die Lagerkosten seien zu hoch."
Se hett mi jümmer anropen.,Sie rief mich ständig an.
"Wenn du ans nix to doon hest, denn tell de greekschen Eilannen!","Wenn du nichts anderes zu tun hast, dann zähl die griechischen Inseln!"
Ik will nich spelen.,Ich will nicht spielen.
Roop foorts den Dokter an.,Ruf sofort den Arzt an.
De Typ is ganz un gor mall!,Der Typ ist total verrückt!
Wat för en CD wullt du anhören?,Welche CD willst du anhören?
"Sütt ut, as wenn dat to regen anfangt.","Es sieht aus, als ob es zu regnen beginnt."
"Oh, miene witte Büx! De weer nee.","Oh, meine weiße Hose! Sie war neu."
Is de woll en echten Dokter? De küert so normaal.,Ist der wohl ein richtiger Arzt? Der spricht so normal.
Ik bruuk Frünn.,Ich brauche Freunde.
Ik heff kene Süster.,Ich habe keine Schwester.
Se hett em för sien Geld heiraadt.,Sie hat ihn für sein Geld geheiratet.
Wat köst dat?,Wie viel kostet es?
Wat köst dat?,Was kostet das?
He is sien Fründ.,Er ist sein Freund.
He is vör Klock acht na Huus kamen.,Er ist vor 8 Uhr nach Hause gekommen.
Wi hebbt uns mit jen anfrünnt.,Wir befreundeten uns mit ihnen.
"Leevst du noch, Sysko?","Lebst du noch, Sysko?"
Du büst so en Dummbüdel!,Du bist so ein Blödmann!
He weer temlich mödig.,Er war ziemlich müde.
Ik heff nix in mien Tasch.,Ich habe nichts in meiner Tasche.
Ick dörv studeren.,Ich darf studieren.
"Jimmy deed dull hoosten, vonwegen dat he sik verköhlt harr.","Jimmy hat starken Husten, denn er ist erkältet."
He deed Esperanto mit en dullen russ’schen Akzent snacken.,Er sprach Esperanto mit starkem russischem Akzent.
Ik treck mi an un denn will ik fröhstücken.,Ich ziehe mich an und dann möchte ich frühstücken.
Mehr as twintig Jungs güngen dor hen.,Mehr als zwanzig Jungen gingen da hin.
Worüm hest du dat so hild?,Warum bist du so in Eile?
Se hett mien Geboortsdag vergeten.,Sie hat meinen Geburtstag vergessen.
Ik mook dat nich so.,Ich mache das nicht so.
Bring mi mien Brill.,Bring mir meine Brille.
Se hett em en Hund köfft.,Sie hat ihm einen Hund gekauft.
Disse Soort Fisch harr ik bet dorhen noch nich sehn.,Diese Fischart hatte ich bis dahin noch nie gesehen.
Ik heff mien Fingerdopp verbrennt.,Ich habe meine Fingerkuppe verbrannt.
Wat bruuk ik?,Was brauche ich?
"Wenn ik Tom seh, segg ik em, dat du em söcht hest.","Wenn ich Tom sehe, sage ich ihm, dass du ihn gesucht hast."
Nu överdriffst du.,Jetzt übertreibst du.
Ik verdeen dubbelt so veel as du.,Ich verdiene doppelt so viel wie du.
An ’n Heven fleegt twee Kreihn.,Am Himmel fliegen zwei Krähen.
Gissen is missen.,Vermuten ist danebenliegen.
Yamamoto is een von mien Frünnen.,Yamamoto ist einer von meinen Freunden.
Häng dien Hoot op ’n Haak.,Hänge deinen Hut auf den Haken.
"Ik weer verplext, as ik mitkregen heff, dat jümmer minner junge Lüüd Schrievschrift schrieven köönt.","Ich war verblüfft, als ich erfuhr, dass immer weniger junge Menschen Schreibschrift schreiben können."
Du bruukst dat nich glieks maken.,Du musst das nicht sofort machen.
He düker een Stünn later op.,Er tauchte eine Stunde später auf.
„Hest du mien Mobieltje sehn?“ „Dat liggt op ’n Disch.“,"Hast du mein Handy gesehen? ""Es liegt auf dem Tisch."""
„Hest du mien Mobieltje sehn?“ „Dat liggt op ’n Disch.“,„Hast du mein Mobiltelefon gesehen?“ – „Das liegt auf dem Tisch.“
Du büst en goden Jung.,Du bist ein guter Junge.
Ik heff hüüt mit Tom kört.,Ich habe heute mit Tom gesprochen.
Ik meen dat ook so.,Ich meine das auch so.
"Dat deit weh, wenn ik mieg.","Es tut weh, wenn ich pinkle."
Se kann Russ’sch snacken.,Sie kann Russisch sprechen.
Wullt du mit mi dansen?,Willst du mit mir tanzen?
Worüm in Clermont-Ferrand?,Warum in Clermont-Ferrand?
Se hebbt al eten.,Sie haben schon gegessen.
Wi schullen den Dokter ropen.,Wir sollten den Doktor rufen.
"Dr. Schmidt hett twee Döchter, de een is Krankenswester, de anner Griepsch.","Dr. Schmidt hat zwei Töchter, die eine ist Krankenschwester und die andere Hebamme."
"Jümmer wenn dat regent, leekt dat Dack.","Immer wenn es regnet, leckt das Dach."
"Dat is mien Droom, en Nobelpries to winnen.","Es ist mein Traum, einen Nobelpreis zu gewinnen."
Ik kann Bangbüxen nich utstahn.,Ich kann Feiglinge nicht ausstehen.
Laat mi tofreden!,Lass mich in Ruhe!
Ik heff en Turistenvisum.,Ich habe ein Touristenvisum.
"Tom hett mi noch nich seggt, wat ik doon schall.","Tom hat mir noch nicht gesagt, was ich tun soll."
Du singst jümmer.,Du singst immer.
Bün ik toslapen?,Bin ich eingeschlafen?
Ik bün toslapen.,Ich bin eingeschlafen.
Se hett em Teken geven sitten to gahn.,"Sie hat ihm ein Zeichen gegeben, sich zu setzen."
Dat Füür güng ut.,Das Feuer ging aus.
"Ik weet noch, wat he seggt hett.","Ich weiß noch, was er gesagt hat."
Phillesoferen bedüüdt lehren to starven.,Philosophieren bedeutet lernen zu sterben.
Se hebbt mit mit „Dokter“ ansnackt.,"Sie sprachen mich mit ""Doktor"" an."
Ik heff twee Tassen Kaffe nahmen.,Ich nahm zwei Tassen Kaffee.
Is dat in ’n April jümmer so gresig?,Ist es im April immer so furchtbar?
Geiht di dat good?,Geht's dir gut?
Dat hett en Eerdbeven geven un denn noch en Tsunami.,Es gab ein Erdbeben und zusätzlich noch einen Tsunami.
De Vereenigten Staten sünd en heel groot Land.,Die Vereinigten Staaten sind ein sehr großes Land.
Disse Larm is nich uttohollen.,Dieser Krach ist nicht auszuhalten.
Ik tööv al en halve Stünn op di.,Ich warte schon eine halbe Stunde auf dich.
Ik heff Tennis speelt.,Ich spielte Tennis.
Tom wœr nich in de Kœk.,Tom war nicht in der Küche.
In de Kœk wœr Tom nich.,In der Küche war Tom nicht.
De Aap kladder op en Boom.,Der Affe kletterte auf einen Baum.
Wi mööt wat doon.,Wir müssen etwas unternehmen.
Wi mööt wat doon.,Wir müssen etwas tun.
Roker odder Nichroker?,Raucher oder Nichtraucher?
Lehr toeerst de Formel butenkopps.,Lern zunächst die Formel auswendig.
Slah Sied negen op.,Schlag Seite neun auf.
’Keen magst du lever: de Giants oder de Dragons?,Wen magst du lieber: die Giants oder die Dragons?
Tom siene ierste Fru keem ut Boston.,Toms erste Frau kam aus Boston.
Ik kunn vergangen Nacht nich slapen.,Ich konnte letzte Nacht nicht schlafen.
Wo laat is dat jüst in San Francisco?,Wie spät ist es gerade in San Francisco?
Wo laat is dat jüst in San Francisco?,Wie spät ist es jetzt in San Francisco?
Winterdaag gaht froh toenn.,Wintertage enden früh.
Ik seet blangen John.,Ich saß neben John.
He grööv en Lock.,Er grub ein Loch.
He grööv en Lock.,Er hob ein Loch aus.
"Se weet nich, wat se mit dat Geld maken schöölt.","Sie wissen nicht, was sie mit dem Geld machen sollen."
Ik kann ehr nix afsloon.,Ich kann ihr nichts abschlagen.
Kannst du dat nochmaal seggen?,Kannst du das noch einmal sagen?
Se harr gneterswarte Ogen.,Sie hatte kohlpechrabenschwarze Augen.
Worüm driggst du keen Kuntaktlinsen?,Warum trägst du keine Kontaktlinsen?
Dröff ik mi vörstellen?,Darf ich mich vorstellen?
Anne hett kene Süster.,Anne hat keine Schwester.
Se hett em mit en Küssen stickt.,Sie hat ihn mit einem Kissen erstickt.
Wi süngen bi ’t Wannern.,Wir sangen beim Wandern.
Dat Kunzert fangt glieks an.,Das Konzert fängt gleich an.
"As ik dat höört heff, bün ik noch truriger worrn.","Als ich das hörte, wurde ich noch trauriger."
Hier stinkt wat.,Hier stinkt irgendetwas.
Se is stark.,Sie ist stark.
In China heff ik faken Jasmintee kregen.,In China habe ich oft Jasmintee bekommen.
Woveel Kauken kannst du äten?,Wie viel Kuchen kannst du essen?
Se maakt dat Finster op.,Sie macht das Fenster auf.
Dat Kind kann bet twintig tellen.,Das Kind kann bis zwanzig zählen.
Wat is ’n dat för ’n Schiet?,Was ist das denn für eine Scheiße?
Du harrst en beten ehrder kamen schullt.,Du hättest ein bisschen früher kommen sollen.
Ik gah in ’n Goorn.,Ich gehe in den Garten.
"Juliana hett mi vertellt, dat du ut São Paulo büst.","Juliana hat mir erzählt, dass du aus São Paulo bist."
De Sünn geiht in ’n Oosten op un in ’n Westen ünner.,Die Sonne geht im Osten auf und im Westen unter.
Ik bün so mööd!,Ich bin so müde!
"Een is Japaner, de annern Italieners.","Einer ist Japaner, der andere Italiener."
"Wenn de Rüe griäst, giëwt Riängen.","Wenn der Hund grast, gibt es Regen."
Laat uns singen un dansen.,Lasst uns singen und tanzen.
Ken löppt an Krücken.,Ken läuft an Krücken.
De Morales sünd in de Stuuv.,Die Morales sind im Wohnzimmer.
Snackst du Chineesch?,Sprichst du Chinesisch?
Wi kaamt na dat Gräffnis.,Wir nehmen an der Beerdigung teil.
Wi draapt uns Klock dree.,Wir treffen uns um 15 Uhr.
Lynn rönnt gau.,Lynn rennt schnell.
Ik geet jüst de Blomen.,Ich gieße gerade die Blumen.
Donnerslach! Dat is nich slecht!,Donnerwetter! Das ist nicht schlecht!
Dat is mien Book.,Das ist mein Buch.
Dat Leven is nich gerecht.,Das Leben ist nicht gerecht.
Ik bün twee Maal in Paris wesen.,Ich war zwei Mal in Paris.
Ik bün twee Maal in Paris wesen.,Ich bin zweimal in Paris gewesen.
Mien Mann is Dokter.,Mein Mann ist Arzt.
Wo blifft denn dor de Logik?,Wo bleibt denn da die Logik?
Ik kenn dissen Jung.,Ich kenne diesen Jungen.
Freit mi!,Freut mich!
Ik kann dat nich sehn.,Ich kann es nicht sehen.
Middweken fröh heff ik mi mit mien Frünnen drapen.,Mittwoch früh habe ich mich mit meinen Freunden getroffen.
Ik mag Fisch lever as Fleesch.,Ich mag Fisch lieber als Fleisch.
"Dat is en lütt Land, von dat de mehrsten Lüüd noch nie nix höört hebbt.","Es ist ein kleines Land, von dem die meisten Leute noch nie gehört haben."
Ik schall so bi Middag mit de Arbeid trech wesen.,Ich werde gegen Mittag mit der Arbeit fertig sein.
Sien Huus is kumplett dalbrennt.,Sein Haus brannte vollständig ab.
Dat Slimmste an ’n Harvst sünd de Loff-Turisten.,Das Schlimmste am Herbst sind die Laub-Touristen.
Bruukt wi en Weltspraak?,Brauchen wir eine Weltsprache?
Disse Hoot steiht mi good.,Dieser Hut steht mir gut.
De Lüüd weren nich praat för den Storm.,Die Leute waren nicht auf den Sturm vorbereitet.
De April maakt wat he will.,"Der April macht, was er will."
Riekdömer sünd to ’n Utgeven dor.,Reichtümer sind zum Ausgeben da.
Gah man sitten.,Setz dich hin!
An de Frücht kennt ’n den Boom.,An den Früchten erkennt man den Baum.
Disse Mann is dood.,Dieser Mann ist tot.
"Se deed so, as wenn se mi nich höört harr.","Sie gab vor, mich nicht gehört zu haben."
Jüst heff ik em drapen!,Gerade habe ich ihn getroffen!
"Dat weer meist Middag, as ik opwaken deed.","Es war fast Mittag, als ich aufwachte."
Gold is veel sworer as Water.,Gold ist viel schwerer als Wasser.
Deit di dien Kopp weh?,Tut dir dein Kopf weh?
Wo büst du hen ünnerwegens?,Wohin bist du unterwegs?
Ik kann dat nich mehr uthollen.,Ich ertrage das nicht mehr.
He müss den Verdrag gegen sien Willen ünnerschrieven.,Er musste den Vertrag gegen seinen Willen unterschreiben.
Se hett em foppt.,Sie hat ihn gefoppt.
Disse Tog höllt von Nakano af an an elk Station.,Dieser Zug hält von Nakano ab an jeder Station.
"Ik weer dat nich, Kommissar!","Ich war's nicht, Kommissar!"
Ik äät keen Fisch.,Ich esse keinen Fisch.
Julia hett veel Rosen un veel Lelen in ehren Goorn.,Julia hat viele Rosen und viele Lilien in ihrem Garten.
De Studenten hebbt dit Gedicht butenkopps lehrt.,Die Studenten lernten dieses Gedicht auswendig.
Sünd de all egaal?,Sind sie alle gleich?
In'n Westen nix Nigget.,Im Westen nichts Neues.
"En Kind, dat slöppt, is as en Engel.","Ein Kind, das schläft, ist wie ein Engel."
"Tom deed alleen eten, ofschoonst he hööpt harr, tohoop mit Mary to eten.","Tom aß allein, obwohl er gehofft hatte, gemeinsam mit Mary zu essen."
"Nich allens, wat twee Backen hett, is en Gesicht.","Nicht alles, was zwei Backen hat, ist ein Gesicht."
"Se hett em rümsnackt, en neet Huus to köpen.","Sie hat auf ihn eingeredet, ein neues Haus zu kaufen."
Du kannst di dor noch beter op besinnen as ik.,Du erinnerst dich besser daran als ich.
Kumiko is so groot as Tom.,Kumiko ist so groß wie Tom.
Dat duurt nich mehr lang bet to ’t Vörjohr.,Es dauert nicht mehr lange bis zum Frühling.
Woans hett he dat daan?,Wie hat er das gemacht?
"Glöövt ji, dat he dood is?","Glaubt ihr, dass er tot ist?"
Ik besöök ehr all twee Daag.,Ich besuche sie alle zwei Tage.
Ik gah jeden Avend Klock teihn na Bedd.,Ich gehe jeden Abend um zehn Uhr schlafen.
Ik gah jeden Avend Klock teihn na Bedd.,Ich gehe jeden Abend um zehn zu Bett.
